Epoch,Train_Loss,Test_Loss,Train_RMSE,Test_RMSE,Train_R2,Test_R2,Train_MAE,Test_MAE
1,0.09559821015731855,0.06459549069404602,0.3103415,0.25415644,-0.2951728105545044,0.1352042555809021,0.23890410363674164,0.19510850310325623
2,0.048329008065841415,0.035764146596193314,0.22026815,0.1891141,0.3475438952445984,0.5211944580078125,0.1699078381061554,0.1479390561580658
3,0.031756697222590446,0.027603456750512123,0.17864044,0.16614288,0.5708516240119934,0.6304486393928528,0.1371302753686905,0.12879499793052673
4,0.02377366740256548,0.01710113324224949,0.15456177,0.1307713,0.6787433624267578,0.771052360534668,0.11531708389520645,0.09784906357526779
5,0.017879124265164137,0.023441104218363762,0.13381872,0.15310489,0.7591860294342041,0.686173677444458,0.10024832934141159,0.11773830652236938
6,0.016627441287379374,0.013650763779878616,0.12902476,0.11683648,0.7761309146881104,0.8172454237937927,0.09890507906675339,0.09077156335115433
7,0.013909767889841036,0.012322412803769112,0.11787977,0.111006364,0.8131356239318848,0.8350291848182678,0.0887196809053421,0.08299323171377182
8,0.012976328673010523,0.012178918346762657,0.113718845,0.110358134,0.8260946869850159,0.8369503021240234,0.08467306941747665,0.08391038328409195
9,0.013104580258103933,0.009280933067202568,0.114148185,0.0963376,0.8247790932655334,0.8757480978965759,0.08408904820680618,0.07331592589616776
10,0.01027397936294702,0.008904391899704933,0.10164992,0.09436309,0.8610488772392273,0.8807891607284546,0.07665207237005234,0.06978306919336319
11,0.009255211271176284,0.008470357395708561,0.09620512,0.09203454,0.875535786151886,0.8866000175476074,0.07054554671049118,0.06901845335960388
12,0.008638626387850805,0.009876369498670101,0.09288949,0.099379934,0.8839671015739441,0.8677765130996704,0.07041627168655396,0.07377175241708755
13,0.008104632989588108,0.010365425609052181,0.09013747,0.10181074,0.8907406330108643,0.8612290620803833,0.06789782643318176,0.0776946023106575
14,0.008730825333094055,0.008290124125778675,0.0931782,0.09105012,0.8832446932792664,0.8890129327774048,0.0700637549161911,0.06831611692905426
15,0.007495509016073563,0.009347648359835148,0.08679934,0.09668324,0.8986833691596985,0.8748549222946167,0.0650075152516365,0.07209917902946472
16,0.007516492687335069,0.00793032068759203,0.086885266,0.08905235,0.8984826803207397,0.8938299417495728,0.06559068709611893,0.06649786978960037
17,0.006436055462638085,0.008572190068662167,0.08008122,0.09258612,0.9137598872184753,0.8852366805076599,0.059979356825351715,0.06786302477121353
18,0.007325896845114502,0.0071939630433917046,0.08538903,0.08481723,0.9019489884376526,0.9036881923675537,0.06434374302625656,0.06338252872228622
19,0.0064522106920114975,0.006488440092653036,0.080142885,0.08055086,0.913627028465271,0.9131336212158203,0.059721946716308594,0.05979118496179581
20,0.006498473675244234,0.00761000532656908,0.07950373,0.08723535,0.9149991869926453,0.898118257522583,0.05918026342988014,0.0661708265542984
21,0.007055739766325463,0.009516878984868526,0.084022045,0.09755449,0.9050632119178772,0.8725892901420593,0.063950315117836,0.07447554916143417
22,0.006432833636856892,0.00627755094319582,0.08023789,0.079230994,0.9134221076965332,0.915956974029541,0.06072322651743889,0.05922779440879822
23,0.005490774765018035,0.006592557765543461,0.074253276,0.081194565,0.9258554577827454,0.911739706993103,0.05606386810541153,0.06112731248140335
24,0.004940925536423244,0.006250636652112007,0.07046817,0.079060964,0.9332219362258911,0.916317343711853,0.05295723304152489,0.05913954973220825
25,0.004267427318898792,0.0059735821560025215,0.06543655,0.077288955,0.9424177408218384,0.9200264811515808,0.04960261285305023,0.05872659385204315
26,0.004092230694368482,0.005379124544560909,0.063936606,0.07334252,0.9450272917747498,0.9279850125312805,0.048519134521484375,0.0541975237429142
27,0.003867906497114084,0.004998962394893169,0.062209465,0.070703335,0.9479571580886841,0.9330745935440063,0.04666631668806076,0.051204267889261246
28,0.004249168464659967,0.004810427315533161,0.06511233,0.069357246,0.9429869055747986,0.9355986714363098,0.049013927578926086,0.05275722220540047
29,0.004112945160489868,0.0055544693022966385,0.06393339,0.074528314,0.9450328350067139,0.9256374835968018,0.048343949019908905,0.055081915110349655
30,0.0038970496336167507,0.005822116509079933,0.062363822,0.0763028,0.9476985931396484,0.9220542907714844,0.047229792922735214,0.0581340529024601
31,0.0036702730735255914,0.004839610308408737,0.060626645,0.06956731,0.9505717754364014,0.9352079629898071,0.0468108169734478,0.05247877538204193
32,0.003956683488054709,0.004986749030649662,0.06286966,0.070616916,0.9468467235565186,0.9332380890846252,0.04749366268515587,0.05235179513692856
33,0.004670092306861823,0.0053337435238063335,0.06837132,0.07303248,0.9371368885040283,0.9285925626754761,0.05138405039906502,0.055141471326351166
34,0.0040543162877756085,0.004662652034312487,0.06373273,0.06828362,0.9453772902488708,0.9375770688056946,0.048736561089754105,0.05041377246379852
35,0.0037064581834287806,0.004692332819104195,0.06067468,0.06850061,0.9504933953285217,0.937179684638977,0.045719876885414124,0.05203547328710556
36,0.003783130880699239,0.004612423479557037,0.061062127,0.06791483,0.9498591423034668,0.9382494688034058,0.04719994217157364,0.050565581768751144
37,0.0030854827703230762,0.004528162069618702,0.055599067,0.06729162,0.9584296941757202,0.9393775463104248,0.04234955087304115,0.04935767501592636
38,0.003368238008327105,0.004647761583328247,0.057888303,0.0681745,0.9549360275268555,0.9377763867378235,0.04327652230858803,0.05132319778203964
39,0.003350783647461371,0.004383163992315531,0.057929754,0.06620547,0.9548714756965637,0.9413188099861145,0.04415750131011009,0.048036523163318634
40,0.0028315992253324525,0.004315762780606747,0.053106382,0.065694466,0.9620736241340637,0.9422211647033691,0.040866293013095856,0.04877545312047005
41,0.0026741818874143064,0.003994808532297611,0.051721733,0.0632045,0.9640255570411682,0.946518063545227,0.039511773735284805,0.046463385224342346
42,0.002922680218365382,0.00480568828061223,0.053689133,0.06932308,0.9612367153167725,0.9356620907783508,0.04058147221803665,0.051475636661052704
43,0.0048595773458311505,0.004946200177073479,0.06942748,0.07032923,0.9351797103881836,0.9337809681892395,0.05213651433587074,0.05215997248888016
44,0.003961482138203626,0.003986807074397802,0.062916845,0.063141175,0.9467669129371643,0.9466251730918884,0.04790297895669937,0.04630960151553154
45,0.002732538628730584,0.00383545458316803,0.052518785,0.061931048,0.9629082679748535,0.9486514329910278,0.03985495865345001,0.0450582355260849
46,0.002791358845901083,0.004358489997684956,0.052721824,0.066018865,0.9626209139823914,0.9416491389274597,0.039666932076215744,0.04757366329431534
47,0.0025672724851491776,0.004536171443760395,0.050754037,0.0673511,0.965359091758728,0.9392703771591187,0.03876056522130966,0.05075816437602043
48,0.0032272875753485346,0.00510078901425004,0.056750316,0.07141981,0.9566903710365295,0.9317113161087036,0.042601995170116425,0.05365387350320816
49,0.0030641623518683696,0.003769761184230447,0.055424705,0.06139838,0.9586900472640991,0.9495309591293335,0.0421702116727829,0.04565534368157387
50,0.0028267795304683123,0.0042672050185501575,0.05328334,0.065323845,0.9618204236030579,0.9428712129592896,0.04068246856331825,0.04847117140889168
51,0.0026875190616754644,0.0040138461627066135,0.051802993,0.063354924,0.9639124274253845,0.9462631940841675,0.03990040346980095,0.046443838626146317
52,0.0023557285630059514,0.003528429428115487,0.048426207,0.059400585,0.9684638381004333,0.9527618885040283,0.03684752434492111,0.04408084601163864
53,0.002368587026880546,0.003346710931509733,0.04872152,0.057850763,0.9680780172348022,0.9551947116851807,0.03667183592915535,0.042430367320775986
54,0.002729277216448364,0.004073243122547865,0.051940843,0.06382197,0.9637200832366943,0.9454679489135742,0.03989317640662193,0.046917811036109924
55,0.0030319903903132813,0.003988313488662243,0.05479942,0.063153096,0.9596168994903564,0.9466050267219543,0.04064382612705231,0.04694627225399017
56,0.002671103024939922,0.0038258861750364304,0.05140576,0.061853748,0.9644637703895569,0.9487795829772949,0.039100512862205505,0.04614757373929024
57,0.0025473866738717666,0.0038226270116865635,0.05061257,0.0618274,0.9655519723892212,0.9488232135772705,0.03896251320838928,0.045585259795188904
58,0.002358468159482899,0.0033486243337392807,0.048599523,0.057867296,0.9682376980781555,0.9551690816879272,0.03657342493534088,0.04230685532093048
59,0.00219159178562801,0.0036028472241014242,0.046892047,0.06002372,0.970430314540863,0.9517655968666077,0.03549967333674431,0.043233487755060196
60,0.002353110160170631,0.00364294252358377,0.048561756,0.060356796,0.9682870507240295,0.9512287974357605,0.036568913608789444,0.044200681149959564
61,0.002391964271241291,0.003786239540204406,0.048805702,0.06153243,0.9679676294326782,0.949310302734375,0.03671099990606308,0.04548076167702675
62,0.002459868492389267,0.004907044116407633,0.049497396,0.0700503,0.967053234577179,0.9343051910400391,0.037445634603500366,0.051432427018880844
63,0.00264439495830712,0.004735104739665985,0.051291183,0.068812095,0.9646220207214355,0.9366070628166199,0.03907739371061325,0.05136936157941818
64,0.0032843428780324757,0.004280311521142721,0.05758035,0.06542409,0.9554141759872437,0.9426957368850708,0.04364175349473953,0.046683236956596375
65,0.0028748605453239925,0.003901886520907283,0.05343985,0.06246508,0.9615958333015442,0.9477620720863342,0.039465419948101044,0.04543006792664528
66,0.0022032634111713956,0.0038697603158652782,0.046881307,0.0622074,0.9704439043998718,0.9481921792030334,0.035871151834726334,0.044798072427511215
67,0.002197103469039906,0.0037705409340560436,0.047014136,0.06140473,0.9702761769294739,0.9495205283164978,0.03556971624493599,0.044814083725214005
68,0.0021395164869979703,0.003820928977802396,0.04615914,0.06181366,0.971347451210022,0.9488459229469299,0.034939851611852646,0.04482864588499069
69,0.001963705999184061,0.003875077934935689,0.044371378,0.062250126,0.9735239148139954,0.9481209516525269,0.033783208578825,0.0455588698387146
70,0.0028920851764269173,0.004440172575414181,0.053917184,0.06663462,0.9609066843986511,0.9405555725097656,0.040465131402015686,0.05008265748620033
71,0.0025928576360456645,0.0036257808096706867,0.051062465,0.060214456,0.9649367928504944,0.9514585137367249,0.038629207760095596,0.045365188270807266
72,0.002217366852247241,0.003711622441187501,0.04705495,0.060923085,0.9702244997024536,0.9503092765808105,0.03506557643413544,0.045153070241212845
73,0.0020159978832287543,0.0036493949592113495,0.04479456,0.06041022,0.9730165004730225,0.9511423707008362,0.033739231526851654,0.044095855206251144
74,0.0020932650394653056,0.0031820673029869795,0.04586514,0.056409817,0.971711277961731,0.9573988914489746,0.03476414829492569,0.04076344519853592
75,0.0017647475311109288,0.002998610492795706,0.04183144,0.05475957,0.9764682650566101,0.9598550200462341,0.031597450375556946,0.039783068001270294
76,0.0020795016845857554,0.003255003597587347,0.04538355,0.057052642,0.9723021984100342,0.9564224481582642,0.03382093831896782,0.04093443974852562
77,0.0017756663728505373,0.0033341655507683754,0.042216375,0.057742234,0.9760332107543945,0.9553626179695129,0.032065462321043015,0.04210555553436279
78,0.0016436027521690862,0.003402117872610688,0.040441997,0.058327682,0.9780055284500122,0.9544528722763062,0.030865980312228203,0.043256793171167374
79,0.0017055050596933472,0.0035450123250484467,0.041154817,0.059540007,0.9772233963012695,0.95253986120224,0.030820496380329132,0.04264269396662712
80,0.0015958441601304169,0.0030569713562726974,0.039970487,0.055289887,0.9785154461860657,0.9590736627578735,0.030337069183588028,0.040493469685316086
81,0.001743037486448884,0.0031753284856677055,0.04163138,0.056350056,0.9766928553581238,0.9574891328811646,0.03164328262209892,0.04095975682139397
82,0.0020426658394915812,0.0033180699683725834,0.044847365,0.057602692,0.9729528427124023,0.9555781483650208,0.03349411115050316,0.041405510157346725
83,0.002252426601692357,0.003920336719602346,0.047490135,0.06261259,0.9696712493896484,0.947515070438385,0.035834308713674545,0.04721105843782425
84,0.002076449655843052,0.0033017382957041264,0.045724202,0.057460755,0.9718848466873169,0.9557967782020569,0.035150736570358276,0.04204664006829262
85,0.0017370572260750289,0.002748253522440791,0.041670173,0.052423786,0.9766494035720825,0.9632067680358887,0.03184376284480095,0.037502970546483994
86,0.0017341377520510418,0.003165890695527196,0.041713953,0.05626625,0.9766002893447876,0.9576154947280884,0.03170265257358551,0.04030409827828407
87,0.0016513209451328623,0.0038259155116975307,0.040600844,0.061853986,0.9778324365615845,0.9487791657447815,0.030451245605945587,0.04538486897945404
88,0.002233728311363269,0.0037521114572882652,0.047396574,0.061254483,0.9697906374931335,0.9497672319412231,0.03540824353694916,0.04504174739122391
89,0.0017075572289865124,0.003146660514175892,0.0412615,0.056095105,0.9771051406860352,0.9578729271888733,0.031518153846263885,0.04081909358501434
90,0.0014462104696907443,0.002936153905466199,0.03794663,0.05418629,0.9806360006332397,0.9606911540031433,0.028753357008099556,0.03899483010172844
91,0.0018537426605524327,0.0038706690538674593,0.043123834,0.062214702,0.9749917984008789,0.9481800198554993,0.032633643597364426,0.04597653076052666
92,0.0017438205276531253,0.0033453600481152534,0.041480236,0.05783909,0.9768617749214172,0.9552127718925476,0.03155777230858803,0.041855428367853165
93,0.001995190152559768,0.003187047317624092,0.044812355,0.05645394,0.9729950428009033,0.9573322534561157,0.034195903688669205,0.040134888142347336
94,0.0017201220299201932,0.0031508952379226685,0.041202523,0.056132834,0.9771705269813538,0.9578162431716919,0.031083445996046066,0.04200604930520058
95,0.0015329441468400712,0.002707173116505146,0.039142054,0.0520305,0.9793967604637146,0.9637567400932312,0.029716607183218002,0.03691384568810463
96,0.0015357113019986587,0.0029450049623847008,0.039226394,0.0542679,0.9793078899383545,0.9605726599693298,0.030026046559214592,0.039923883974552155
97,0.0017880609322508628,0.0030584523919969797,0.042056605,0.055303276,0.9762142896652222,0.9590538740158081,0.03186793252825737,0.0403117910027504
98,0.0016134772502647882,0.002888039918616414,0.040183637,0.05374049,0.9782856702804565,0.961335301399231,0.030487192794680595,0.03879382088780403
99,0.001403686079852791,0.0031543702352792025,0.037463084,0.05616378,0.9811263680458069,0.9577696919441223,0.028478285297751427,0.04130178689956665
100,0.0014639968549917367,0.0029282737523317337,0.038259428,0.054113526,0.9803154468536377,0.9607966542243958,0.0292424988001585,0.040127165615558624
101,0.0012208681834057313,0.0028535386081784964,0.03499981,0.053418525,0.9835267663002014,0.9617972373962402,0.026890462264418602,0.038686905056238174
102,0.0013445611693896353,0.003020481439307332,0.036454506,0.05495891,0.982128918170929,0.9595621824264526,0.027592062950134277,0.04009421169757843
103,0.0014586709201632236,0.0028777809347957373,0.038251787,0.053644955,0.980323314666748,0.9614726305007935,0.02865733951330185,0.0393785685300827
104,0.0014786416961049492,0.002822399837896228,0.03840053,0.053126264,0.9801700115203857,0.9622141122817993,0.029288411140441895,0.0389353446662426
105,0.001412773020671342,0.0027079677674919367,0.037638597,0.052038137,0.9809491038322449,0.9637460708618164,0.02876749448478222,0.03753068670630455
106,0.0011308298007034782,0.002871224656701088,0.033407547,0.05358381,0.9849914908409119,0.9615604281425476,0.025188231840729713,0.03830549865961075
107,0.0012314397608861327,0.0036849589087069035,0.03504881,0.060703862,0.9834805727005005,0.9506662487983704,0.026388367637991905,0.04500100016593933
108,0.0012829783346122977,0.0028014816343784332,0.035764933,0.052929025,0.9827986359596252,0.9624941349029541,0.027377745136618614,0.03696247562766075
109,0.0012330203793350268,0.003220280399546027,0.035117637,0.056747515,0.9834156632423401,0.9568873047828674,0.02645878493785858,0.04227503389120102
110,0.0015347045422954993,0.002703536069020629,0.03916153,0.05199554,0.9793762564659119,0.9638054370880127,0.029399044811725616,0.03764422982931137
111,0.0014915360741063275,0.0029016188345849514,0.038676508,0.053866677,0.9798839688301086,0.961153507232666,0.02976500242948532,0.03852866590023041
112,0.0012795278506184166,0.0025953298900276423,0.035760116,0.050944377,0.9828032851219177,0.9652540683746338,0.027288345620036125,0.035838063806295395
113,0.001181511660847305,0.0028497546445578337,0.034279037,0.053383097,0.984198272228241,0.9618478417396545,0.026071693748235703,0.037939704954624176
114,0.0013674281653948128,0.0025301165878772736,0.03694492,0.050300267,0.981644868850708,0.9661271572113037,0.028098376467823982,0.036333996802568436
115,0.0012649592403745787,0.0027241818606853485,0.0355569,0.052193694,0.9829981923103333,0.9635289907455444,0.02745210751891136,0.03677627071738243
116,0.0012001665732399983,0.0030093409586697817,0.03469615,0.05485746,0.9838113784790039,0.9597113728523254,0.026020677760243416,0.03903123736381531
117,0.0017101968987844884,0.0025971245486289263,0.041274663,0.050961994,0.9770905375480652,0.9652300477027893,0.030726680532097816,0.03741070255637169
118,0.0017370243281634016,0.0031670620664954185,0.04158587,0.056276657,0.976743757724762,0.9575998187065125,0.031642165035009384,0.04098672792315483
119,0.0013761930326423185,0.003249023575335741,0.03715852,0.057000205,0.9814320206642151,0.9565024971961975,0.027906622737646103,0.04187631607055664
120,0.0013339623957025733,0.0032397143077105284,0.036588453,0.056918487,0.9819973707199097,0.9566271305084229,0.028062446042895317,0.040305089205503464
121,0.0013887302034576846,0.003127573523670435,0.037344243,0.055924714,0.9812459349632263,0.9581284523010254,0.02823030576109886,0.03971826657652855
122,0.0012322459449271926,0.0032072297763079405,0.035016898,0.05663241,0.9835106730461121,0.9570620656013489,0.026386955752968788,0.0403091162443161
123,0.001280988296705552,0.003065472235903144,0.035761878,0.055366706,0.9828015565872192,0.9589598774909973,0.02693457342684269,0.039250604808330536
124,0.0012228703867136078,0.0027117233257740736,0.03488007,0.05207421,0.9836392998695374,0.9636958241462708,0.026194676756858826,0.03706801310181618
125,0.0011358398848890581,0.0029208119958639145,0.03381048,0.054044537,0.9846273064613342,0.9608965516090393,0.025572115555405617,0.039179183542728424
126,0.0015665612485132772,0.0028255090583115816,0.039644163,0.05315552,0.9788647890090942,0.9621724486351013,0.029587890952825546,0.03742966800928116
127,0.0013271934744393961,0.002922406420111656,0.036474194,0.054059286,0.9821096062660217,0.9608752131462097,0.027939725667238235,0.03929104283452034
128,0.0012258361675776541,0.002848271047696471,0.034986988,0.053369194,0.983538806438446,0.9618677496910095,0.026781026273965836,0.038167282938957214
129,0.0011183909029403533,0.0031032590195536613,0.03335305,0.055706903,0.9850404262542725,0.9584540128707886,0.025333616882562637,0.040634509176015854
130,0.0013065326810729775,0.002815595595166087,0.03611287,0.053062186,0.9824623465538025,0.9623051881790161,0.02769935503602028,0.0374782532453537
131,0.0013113552281125026,0.0028055692091584206,0.03619268,0.052967623,0.9823847413063049,0.9624394178390503,0.02759120985865593,0.03774447739124298
132,0.001268717243378474,0.0028835483826696873,0.035620883,0.05369868,0.9829369187355042,0.9613954424858093,0.026586022228002548,0.039358071982860565
133,0.0013272293303585188,0.0028690772596746683,0.036317665,0.05356377,0.9822628498077393,0.9615891575813293,0.02766016125679016,0.038099054247140884
134,0.001171867879086428,0.0030516833066940308,0.03405727,0.05524204,0.984402060508728,0.9591444730758667,0.02577328495681286,0.03922785073518753
135,0.001141607642321932,0.00264294957742095,0.033824805,0.051409625,0.9846142530441284,0.9646165370941162,0.02558605745434761,0.03658284619450569
136,0.0012183268422218548,0.00274919462390244,0.03488227,0.052432764,0.9836372137069702,0.9631941318511963,0.02597721666097641,0.03769749402999878
137,0.001031759179154919,0.002744800178334117,0.032086316,0.05239084,0.9861551523208618,0.9632529616355896,0.02447201870381832,0.038245659321546555
138,0.0012140999765093015,0.0026341909542679787,0.034915462,0.05132437,0.9836060404777527,0.9647337794303894,0.02630714513361454,0.03668518364429474
139,0.0010341739319053224,0.0027350487653166056,0.032077104,0.052297696,0.9861631393432617,0.9633835554122925,0.024163518100976944,0.03823387995362282
140,0.001239689662311734,0.0025643527042120695,0.03525712,0.05063944,0.9832836389541626,0.965668797492981,0.027030719444155693,0.03746359795331955
141,0.0010736860276665539,0.002507057273760438,0.032652397,0.050070524,0.9856623411178589,0.9664358496665955,0.025285808369517326,0.035253509879112244
142,0.0012567154613365842,0.0032494114711880684,0.03556588,0.05700361,0.9829895496368408,0.956497311592102,0.027198554947972298,0.0432310625910759
143,0.0011453275060789151,0.0024999945890158415,0.033902884,0.049999945,0.9845431447029114,0.966530442237854,0.026301931589841843,0.03624401241540909
144,0.0012939684992571447,0.0032796068117022514,0.03596353,0.057267852,0.9826070666313171,0.9560930728912354,0.027598358690738678,0.04284609109163284
145,0.0015989730071107094,0.003303027246147394,0.0398823,0.05747197,0.978610098361969,0.955779492855072,0.029480457305908203,0.04282267391681671
146,0.0015486509020609612,0.002654999028891325,0.039417747,0.051526684,0.979105532169342,0.964455246925354,0.029473649337887764,0.036715906113386154
147,0.0012596951723522084,0.0027822053525596857,0.035433274,0.052746616,0.9831162095069885,0.9627522230148315,0.02587299980223179,0.038149554282426834
148,0.0014137102301571179,0.0032939864322543144,0.037544552,0.057393264,0.9810442328453064,0.9559005498886108,0.028041085228323936,0.04180845245718956
149,0.0016077670416879382,0.003060367424041033,0.040189754,0.055320587,0.9782790541648865,0.9590282440185547,0.03023970127105713,0.03903654217720032
150,0.0014356018721380017,0.0026328132953494787,0.03778564,0.051310945,0.9807999730110168,0.9647522568702698,0.02833118662238121,0.03675871714949608
151,0.0011870928468521345,0.0030150343663990498,0.034347177,0.05490933,0.9841353893280029,0.9596351385116577,0.025833796709775925,0.039977576583623886
152,0.0011510137701407075,0.0026558656245470047,0.03386035,0.051535092,0.9845818877220154,0.9644436240196228,0.025348318740725517,0.03733646497130394
153,0.001006459817290306,0.002808514516800642,0.031696435,0.05299542,0.9864895939826965,0.962399959564209,0.024221856147050858,0.038030385971069336
154,0.0011869847975586626,0.0036718184128403664,0.034210045,0.060595527,0.9842618107795715,0.9508422017097473,0.025904323905706406,0.04379481077194214
155,0.0014784850010817702,0.0034259797539561987,0.038274802,0.05853187,0.9802996516227722,0.9541334509849548,0.02890118770301342,0.04235861077904701
156,0.0010810319694097746,0.0029139204416424036,0.032747682,0.05398074,0.9855785369873047,0.9609888195991516,0.024579009041190147,0.03770778700709343
157,0.0011065872862342405,0.0025328139308840036,0.033108223,0.05032707,0.9852592349052429,0.9660910367965698,0.02508609928190708,0.03675801679491997
158,0.0010939912436614659,0.0026622910518199205,0.033175502,0.051597394,0.9851992726325989,0.9643576145172119,0.024838844314217567,0.03577662259340286
159,0.001090850808065046,0.0028373028617352247,0.032888807,0.053266343,0.9854539632797241,0.9620145559310913,0.024685584008693695,0.03811117634177208
160,0.0012138036783488299,0.0030272873118519783,0.03483038,0.05502079,0.9836858510971069,0.9594711065292358,0.025774536654353142,0.039186663925647736
161,0.0016573126115624539,0.0032297612633556128,0.04008045,0.056830987,0.9783970713615417,0.9567604064941406,0.028898606076836586,0.03976297378540039
162,0.001438965637300333,0.0025008241645991802,0.037920836,0.050008245,0.9806623458862305,0.966519296169281,0.02822624333202839,0.03643010929226875
163,0.0013198208550668576,0.00274132308550179,0.03640861,0.052357644,0.9821739196777344,0.9632995128631592,0.02723492868244648,0.03832161799073219
164,0.0014389931483575228,0.0026861056685447693,0.037984945,0.051827658,0.9805968999862671,0.9640387892723083,0.02909490466117859,0.03701657056808472
165,0.0012782757297496903,0.002839877037331462,0.035814345,0.053290498,0.9827510714530945,0.9619801044464111,0.027009114623069763,0.036835264414548874
166,0.0011032356176821684,0.002433618064969778,0.03322398,0.049331713,0.9851559996604919,0.9674190282821655,0.025170790031552315,0.03501595929265022
167,0.000946097597162324,0.0026402270887047052,0.030424692,0.05138314,0.9875519871711731,0.9646530151367188,0.02291710302233696,0.03671884909272194
168,0.0010831716724417427,0.00298846373334527,0.032818105,0.054666843,0.9855164289474487,0.9599908590316772,0.024617690593004227,0.04050915315747261
169,0.0010296582053838806,0.0024959868751466274,0.032105662,0.04995985,0.9861384630203247,0.9665840864181519,0.024008257314562798,0.03529111668467522
170,0.0009785178223286164,0.002811252139508724,0.031257022,0.05302124,0.9868615865707397,0.9623633623123169,0.02351468987762928,0.03748418763279915
171,0.0009240260723427954,0.002532657701522112,0.030447282,0.050325517,0.9875335097312927,0.966093122959137,0.023424264043569565,0.036667898297309875
172,0.0009147516102530062,0.002983302576467395,0.030259334,0.054619618,0.9876869320869446,0.9600599408149719,0.02292468212544918,0.03899100050330162
173,0.0010141823229125955,0.002838755026459694,0.031838875,0.053279966,0.9863678812980652,0.9619951248168945,0.024018436670303345,0.037513989955186844
174,0.000984979698180475,0.0024636180605739355,0.03125277,0.049634848,0.9868651628494263,0.967017412185669,0.02378876693546772,0.03477146476507187
175,0.0008649299429221587,0.002702291589230299,0.029409325,0.05198357,0.9883689880371094,0.963822066783905,0.02183845266699791,0.0358576774597168
176,0.0009013639487834139,0.0026889899745583534,0.029981403,0.05185547,0.9879120588302612,0.9640001654624939,0.022287096828222275,0.03643631562590599
177,0.0015027281135024334,0.002885008230805397,0.038785227,0.053712267,0.9797707200050354,0.961375892162323,0.02764550782740116,0.037852343171834946
178,0.0016894097868564793,0.0031123070511966944,0.04072362,0.055788055,0.9776981472969055,0.9583328366279602,0.02867443487048149,0.039647046476602554
179,0.002091858398423276,0.003589267609640956,0.04575966,0.0599105,0.9718412160873413,0.9519473910331726,0.033244967460632324,0.043358203023672104
180,0.00198444401295009,0.0031357458792626858,0.04400798,0.055997733,0.9739558100700378,0.9580190777778625,0.03181217610836029,0.040332499891519547
181,0.0020421917804262853,0.003246842883527279,0.04524509,0.05698108,0.9724709987640381,0.9565317034721375,0.033062342554330826,0.03969898819923401
182,0.0018482568081129682,0.004099662881344557,0.04303409,0.06402861,0.9750957489013672,0.945114254951477,0.031361911445856094,0.04301609471440315
183,0.0017792790895327926,0.002922622486948967,0.042186655,0.054061286,0.9760669469833374,0.9608723521232605,0.03120744228363037,0.0388345867395401
184,0.001595420291943645,0.0030880903359502554,0.03992717,0.055570588,0.9785619378089905,0.9586570858955383,0.029725145548582077,0.03946911543607712
185,0.0012589430103120817,0.0030499869026243687,0.035535928,0.055226687,0.9830182194709778,0.9591671824455261,0.02675602212548256,0.04001758247613907
186,0.0015021751645359802,0.0033417788799852133,0.038499918,0.05780812,0.980067253112793,0.955260694026947,0.028130611404776573,0.04258675500750542
187,0.0012448785366194154,0.0024938646238297224,0.03537573,0.049938608,0.9831709861755371,0.9666124582290649,0.026856577023863792,0.03522845730185509
188,0.0012304604910737412,0.0029262318275868893,0.03502827,0.054094657,0.9834999442100525,0.9608240127563477,0.025676783174276352,0.03838549554347992
189,0.001425973629176786,0.002768796170130372,0.037736055,0.052619353,0.980850338935852,0.962931752204895,0.028642598539590836,0.03771480172872543
190,0.001149168216877363,0.002376955235376954,0.03387531,0.04875403,0.9845682978630066,0.9681776165962219,0.025484198704361916,0.035505060106515884
191,0.0011045480443334038,0.002388930879533291,0.033111528,0.04887669,0.9852563142776489,0.9680173397064209,0.02480768784880638,0.03489391505718231
192,0.0012716283434366976,0.0027052871882915497,0.03570355,0.052012373,0.9828576445579529,0.9637819528579712,0.026907633990049362,0.035867154598236084
193,0.0010374436969868839,0.0026346060913056135,0.03227307,0.051328413,0.9859935641288757,0.9647282361984253,0.02424587681889534,0.037462662905454636
194,0.0013090939001730558,0.0027241951320320368,0.036239315,0.052193824,0.9823393225669861,0.9635288715362549,0.02772396057844162,0.03790879249572754
195,0.0012637157501144843,0.002661120845004916,0.03556661,0.051586054,0.9829888939857483,0.9643732905387878,0.026319164782762527,0.03627506643533707
196,0.0009977084568659352,0.0024887172039598227,0.031464405,0.049887046,0.986686646938324,0.9666813611984253,0.0233210027217865,0.035887446254491806
197,0.0009177253602749922,0.0023306116927415133,0.030262882,0.04827641,0.9876840114593506,0.9687981009483337,0.02280385047197342,0.034530557692050934
198,0.0010650987758047202,0.0023738606832921505,0.032581307,0.04872228,0.985724687576294,0.9682191014289856,0.024341048672795296,0.03473172336816788
199,0.0010859776388811456,0.002373529365286231,0.033007056,0.04871888,0.985349178314209,0.968223512172699,0.025087805464863777,0.03460303694009781
200,0.0008525036365344105,0.002253775717690587,0.029232845,0.04747395,0.9885081648826599,0.9698267579078674,0.022076154127717018,0.03394308686256409
201,0.0009843526164662433,0.0027099931612610817,0.03133278,0.052057598,0.9867978096008301,0.9637189507484436,0.02368231676518917,0.03707364574074745
202,0.0010566246822815049,0.002911353250965476,0.03254878,0.05395696,0.9857531785964966,0.961023211479187,0.024612799286842346,0.03779502958059311
203,0.001044273260049522,0.002284328220412135,0.03229192,0.04779465,0.9859771728515625,0.9694176912307739,0.024282874539494514,0.034496407955884933
204,0.0009238811233610085,0.0025686819572001696,0.03037671,0.050682165,0.9875912070274353,0.9656108617782593,0.022521959617733955,0.035630982369184494
205,0.0009106189853892746,0.0025725597515702248,0.030216005,0.05072041,0.9877221584320068,0.9655588865280151,0.022800983861088753,0.03531206026673317
206,0.0008514706939670511,0.002219558460637927,0.029240021,0.04711219,0.9885025024414062,0.9702848792076111,0.02236497960984707,0.03361288830637932
207,0.0008356261585669762,0.002508272882550955,0.028777609,0.05008266,0.9888632893562317,0.9664195775985718,0.021813560277223587,0.03581983596086502
208,0.0009965478450546718,0.00241505797021091,0.03159698,0.04914324,0.9865742325782776,0.9676675200462341,0.023827316239476204,0.03498653694987297
209,0.0007543045133140615,0.0023417335469275713,0.027281133,0.04839146,0.9899914264678955,0.9686492085456848,0.0206146240234375,0.033976566046476364
210,0.0007417718377175995,0.0024600529577583075,0.027134083,0.049598925,0.9900990128517151,0.967065155506134,0.020694060251116753,0.03485165163874626
211,0.000789505751030943,0.0024569155648350716,0.028090194,0.049567282,0.9893889427185059,0.9671071767807007,0.021126218140125275,0.03529670834541321
212,0.000863264328059317,0.002327793510630727,0.029351873,0.048247214,0.9884143471717834,0.9688358306884766,0.021803002804517746,0.0338982455432415
213,0.0006988606077026237,0.002324822125956416,0.02642005,0.04821641,0.9906132221221924,0.9688755869865417,0.0197591595351696,0.03342393413186073
214,0.000787127662492408,0.002683186437934637,0.027994245,0.051799484,0.989461362361908,0.964077889919281,0.021131638437509537,0.03583144769072533
215,0.0009497903996485878,0.0032678283751010895,0.030703252,0.057164922,0.987322986125946,0.956250786781311,0.022824125364422798,0.04095188528299332
216,0.0013833434019364756,0.0029602483846247196,0.036995903,0.054408163,0.9815942049026489,0.9603685736656189,0.027174443006515503,0.04056302830576897
217,0.0008927729478190569,0.002572616096585989,0.02984072,0.050720964,0.9880252480506897,0.9655581712722778,0.02269170992076397,0.03563588857650757
218,0.0007618042053019798,0.0024340373929589987,0.0275997,0.04933596,0.9897562861442566,0.9674134254455566,0.021014858037233353,0.034687481820583344
219,0.0007721737413455478,0.0026265019550919533,0.027839297,0.05124941,0.9895776510238647,0.9648367166519165,0.020939862355589867,0.03614361956715584
220,0.0009512504475424066,0.00264269532635808,0.030798336,0.05140715,0.9872443675994873,0.9646199345588684,0.023221740499138832,0.036494940519332886
221,0.0008812206559179521,0.0022907948587089777,0.029700639,0.04786225,0.988137423992157,0.9693311452865601,0.022245462983846664,0.03361700847744942
222,0.0006874412594532424,0.00222798646427691,0.026258111,0.047201548,0.990727961063385,0.9701720476150513,0.020171284675598145,0.033608414232730865
223,0.0008559123459483751,0.0023097426164895296,0.029053232,0.04805978,0.9886489510536194,0.969077467918396,0.022157341241836548,0.03325115144252777
224,0.0008267510989257557,0.0027884605806320906,0.028569464,0.05280588,0.9890238046646118,0.9626684784889221,0.021629977971315384,0.03704087436199188
225,0.0010775883221702481,0.0027622361667454243,0.032914743,0.05255698,0.9854310154914856,0.9630195498466492,0.02469039149582386,0.036402881145477295
226,0.0009753196367951618,0.0025311806239187717,0.031226328,0.05031084,0.9868873953819275,0.9661129117012024,0.023546556010842323,0.03415805101394653
227,0.0009711725288070738,0.0024324250407516956,0.03078792,0.04931962,0.987252950668335,0.9674350023269653,0.022960776463150978,0.03434139862656593
228,0.0008940020343288779,0.0024832789786159992,0.029943256,0.049832508,0.9879428148269653,0.9667541980743408,0.022784607484936714,0.03437734395265579
229,0.0006904419741741466,0.002408234402537346,0.026092947,0.049073767,0.9908442497253418,0.9677588939666748,0.019755911082029343,0.034471865743398666
230,0.0007185984749495136,0.0023966399021446705,0.026846934,0.04895549,0.9903074502944946,0.9679141044616699,0.020528631284832954,0.033856481313705444
231,0.0008320136641321534,0.0026983751449733973,0.028677078,0.051945888,0.988940954208374,0.9638745188713074,0.02156699262559414,0.03624200075864792
232,0.0007364505383355373,0.0023427552077919245,0.027193135,0.048402015,0.9900558590888977,0.9686354994773865,0.020557668060064316,0.033875346183776855
233,0.0007340484364910728,0.0024084364995360374,0.027058125,0.049075823,0.9901543855667114,0.9677561521530151,0.020565057173371315,0.03427809849381447
234,0.0007135098752438684,0.0024373428896069527,0.026742453,0.049369454,0.9903827905654907,0.9673691987991333,0.020117178559303284,0.034486521035432816
235,0.0007165084058545868,0.0022899366449564695,0.026754383,0.047853284,0.9903742074966431,0.9693426489830017,0.020367175340652466,0.03309810906648636
236,0.000715440361421894,0.002438612747937441,0.026790537,0.04938231,0.9903481602668762,0.9673522114753723,0.01988232135772705,0.0346689336001873
237,0.0007677083327011628,0.002605449641123414,0.027601697,0.051043604,0.9897547960281372,0.9651185870170593,0.020750001072883606,0.035651929676532745
238,0.0008151816145982593,0.002501275623217225,0.02851985,0.050012756,0.9890618920326233,0.9665132761001587,0.021762071177363396,0.035289566963911057
239,0.0007789731277047064,0.0023110290057957172,0.028041963,0.04807316,0.9894253611564636,0.9690602421760559,0.02095680497586727,0.033509835600852966
240,0.0007921715150587261,0.002525452757254243,0.028212395,0.050253887,0.9892964363098145,0.9661895632743835,0.02147503010928631,0.03617472946643829
241,0.0007078690991461785,0.0024093138054013252,0.026392553,0.049084764,0.9906327724456787,0.9677444100379944,0.020095329731702805,0.034586772322654724
242,0.0006726307183271274,0.002449839375913143,0.025853848,0.049495853,0.9910112619400024,0.9672018885612488,0.019582221284508705,0.034412022680044174
243,0.000766037616730583,0.0022078691981732845,0.027647356,0.04698797,0.98972088098526,0.9704413414001465,0.020731957629323006,0.03429238125681877
244,0.0007765851809050549,0.002553587080910802,0.02782572,0.05053303,0.9895878434181213,0.9658129215240479,0.020749671384692192,0.035632725805044174
245,0.0006216691531748934,0.002184937009587884,0.02495669,0.04674331,0.9916242957115173,0.9707483649253845,0.01884470134973526,0.0331471785902977
246,0.0005965844770385461,0.002216203371062875,0.024443483,0.047076568,0.9919652342796326,0.970329761505127,0.018554234877228737,0.032288651913404465
247,0.0007696313140596347,0.0024431790225207806,0.02769928,0.049428523,0.9896822571754456,0.9672910571098328,0.020755119621753693,0.03343239799141884
248,0.0006275814481672238,0.0022272353526204824,0.02504692,0.047193598,0.991563618183136,0.9701820611953735,0.019016636535525322,0.032625626772642136
249,0.0006672481064346026,0.002166149904951453,0.025793094,0.046541914,0.9910534620285034,0.9709998965263367,0.019656112417578697,0.03203888237476349
250,0.0007080067192542959,0.0024539418518543243,0.026668254,0.04953728,0.9904360771179199,0.9671469330787659,0.019917672500014305,0.03391463682055473
251,0.0006329444917024706,0.002335176570340991,0.025052434,0.048323665,0.9915599226951599,0.9687369465827942,0.01903591863811016,0.03392079845070839
252,0.0006468548076968132,0.0023150139022618532,0.025377415,0.04811459,0.9913395047187805,0.9690068960189819,0.019101884216070175,0.03421781584620476
253,0.0007244350338375873,0.0026094468776136637,0.02686301,0.051082745,0.9902958273887634,0.965065062046051,0.0203547403216362,0.035626187920570374
254,0.0007285986410517415,0.002271970035508275,0.027024673,0.047665186,0.9901787042617798,0.9695831537246704,0.02027658000588417,0.03424583747982979
255,0.000759713523703712,0.0024076576810330153,0.027611157,0.049067892,0.9897478222846985,0.9677665829658508,0.02104107290506363,0.03549165278673172
256,0.0006097854387586598,0.0021253791637718678,0.024693534,0.04610184,0.9918000102043152,0.9715456962585449,0.01896853744983673,0.03311266005039215
257,0.000618044879626144,0.0024530086666345596,0.024823701,0.049527857,0.991713285446167,0.9671594500541687,0.01866096630692482,0.0340142697095871
258,0.0006953073911559345,0.002674482064321637,0.026182296,0.051715396,0.9907814264297485,0.9641944169998169,0.01978112757205963,0.03652524575591087
259,0.001119164337234741,0.0030084827449172735,0.03345294,0.054849636,0.9849507212638855,0.9597228169441223,0.024687455967068672,0.03917849436402321
260,0.0007763328559866005,0.002338576130568981,0.027842898,0.048358828,0.9895749688148499,0.9686914682388306,0.0208895280957222,0.03363971412181854
261,0.0008428675712573088,0.0023877292405813932,0.029040601,0.0488644,0.9886587858200073,0.9680334329605103,0.021656811237335205,0.03458491340279579
262,0.0007478529640304095,0.0027287802658975124,0.027346522,0.052237727,0.9899433851242065,0.9634674787521362,0.020515201613307,0.036690853536129
263,0.0011441778862552549,0.0031567681580781937,0.033607163,0.056185126,0.9848116040229797,0.9577376246452332,0.024311307817697525,0.039911869913339615
264,0.0010983681263910098,0.0029267927166074514,0.032924715,0.05409984,0.9854221940040588,0.960816502571106,0.023506605997681618,0.03827780485153198
265,0.001516624594594098,0.0036125739570707083,0.03890211,0.060104694,0.9796485900878906,0.9516353607177734,0.026266079396009445,0.039320506155490875
266,0.0013535898152357813,0.0032131935004144907,0.036495484,0.056685038,0.9820887446403503,0.9569821953773499,0.025748776271939278,0.03853682428598404
267,0.0024150027258490973,0.004563139285892248,0.049218442,0.06755102,0.9674235582351685,0.9389092922210693,0.034083858132362366,0.04818413034081459
268,0.002052907683801922,0.003256196156144142,0.045300353,0.057063088,0.9724037051200867,0.9564064741134644,0.03222423046827316,0.04006259888410568
269,0.0018364615574352104,0.0032929417211562395,0.04305571,0.05738416,0.9750707149505615,0.9559145569801331,0.031398531049489975,0.04148310050368309
270,0.001982363803439181,0.0036068344488739967,0.04408501,0.06005693,0.9738645553588867,0.9517121911048889,0.03208863362669945,0.042521413415670395
271,0.0015853037211028013,0.002964757150039077,0.039932966,0.054449588,0.9785557389259338,0.9603082537651062,0.029535576701164246,0.039226919412612915
272,0.0015387205745686185,0.0031458574812859297,0.039111845,0.056087945,0.9794285893440247,0.9578836560249329,0.0291904266923666,0.04027235507965088
273,0.001570857455424795,0.003216464538127184,0.039589085,0.056713887,0.978923499584198,0.9569383859634399,0.028987592086195946,0.040061190724372864
274,0.0014335670196239582,0.00282261217944324,0.03797035,0.053128265,0.9806118011474609,0.9622112512588501,0.028193892911076546,0.03781532868742943
275,0.0012336970592679625,0.0025025808718055487,0.035186768,0.050025806,0.9833502769470215,0.9664958119392395,0.02618587575852871,0.036500848829746246
276,0.0011061423495200208,0.003395172068849206,0.033201482,0.058268104,0.9851760864257812,0.9545459151268005,0.025012092664837837,0.04360704869031906
277,0.0012080261367373168,0.002369500230997801,0.034779422,0.04867751,0.9837335348129272,0.9682774543762207,0.025851283222436905,0.035028621554374695
278,0.0009081955649890006,0.002540124114602804,0.030129697,0.050399642,0.9877921938896179,0.9659931659698486,0.022386975586414337,0.03495059534907341
279,0.0010874675724401393,0.0026041625533252954,0.03299765,0.051030993,0.9853575229644775,0.9651358127593994,0.02463945560157299,0.0368175283074379
280,0.0012151254870166833,0.0028962979558855295,0.03472853,0.053817265,0.983781099319458,0.9612247347831726,0.025788279250264168,0.038500722497701645
281,0.0012230521454264156,0.002379108453169465,0.03499871,0.048776105,0.9835277795791626,0.9681488275527954,0.02581915259361267,0.034428671002388
282,0.0007834629002238878,0.002351460512727499,0.027867893,0.04849186,0.9895562529563904,0.9685189723968506,0.020991338416934013,0.03378613293170929
283,0.0009150775969663465,0.002198942471295595,0.03010076,0.046892885,0.9878156185150146,0.9705608487129211,0.022419355809688568,0.033020514994859695
284,0.0009673044524705884,0.0026286349166184664,0.031203939,0.051270213,0.9869061708450317,0.9648081660270691,0.023423142731189728,0.036377742886543274
285,0.0007342939114261588,0.0021610050462186337,0.026940487,0.046486612,0.9902397990226746,0.9710687398910522,0.019805841147899628,0.032954830676317215
286,0.000700159302637489,0.002199111506342888,0.026412701,0.046894684,0.9906184673309326,0.9705585837364197,0.01969105191528797,0.03231451287865639
287,0.0007094577965538272,0.0025417448487132788,0.026636768,0.05041572,0.990458607673645,0.9659714698791504,0.019924983382225037,0.03474757820367813
288,0.0008379049461588941,0.0023631337098777294,0.028939404,0.048612073,0.9887377023696899,0.9683626890182495,0.02199701964855194,0.03360183164477348
289,0.0007464659707197411,0.002516979817301035,0.027107652,0.050169513,0.9901183247566223,0.9663029909133911,0.020338697358965874,0.0364314429461956
290,0.0008143480438527397,0.002692275680601597,0.028485185,0.051887147,0.9890884757041931,0.9639561772346497,0.021284323185682297,0.037033047527074814
291,0.0008237985682419755,0.0024102518800646067,0.028654782,0.049094316,0.9889581203460693,0.9677318930625916,0.021346183493733406,0.033842187374830246
292,0.0007081358741164546,0.0023984152358025312,0.026607098,0.04897362,0.9904798865318298,0.9678903222084045,0.02026394009590149,0.03378240764141083
293,0.0006576810251730917,0.002410094952210784,0.025597895,0.04909272,0.9911883473396301,0.9677339792251587,0.019393805414438248,0.03346094861626625
294,0.0006899246972435238,0.002147010527551174,0.02630029,0.046335846,0.9906981587409973,0.9712561368942261,0.019884398207068443,0.033037398010492325
295,0.0006025687431577932,0.002332019852474332,0.02453921,0.04829099,0.9919021725654602,0.9687792062759399,0.01830102689564228,0.033669039607048035
296,0.0006032791861798614,0.002728521591052413,0.024445342,0.052235253,0.9919639825820923,0.9634709358215332,0.018367299810051918,0.03608094900846481
297,0.0006531308132583614,0.0021081343293190002,0.02560765,0.045914423,0.9911816716194153,0.9717766046524048,0.019160056486725807,0.03300894796848297
298,0.0005261518764944577,0.0019862684421241283,0.022884484,0.044567574,0.9929574728012085,0.9734081029891968,0.017244992777705193,0.03143436461687088
299,0.000485113344356333,0.002347302157431841,0.02200732,0.048448965,0.9934870004653931,0.9685746431350708,0.016505874693393707,0.03352035954594612
300,0.0006099772224181586,0.002123928628861904,0.02467632,0.0460861,0.9918113946914673,0.9715651273727417,0.018875760957598686,0.03226132690906525
301,0.0005816340470284393,0.0024793418124318123,0.02392661,0.04979299,0.9923014044761658,0.9668068885803223,0.017967088147997856,0.03450643643736839
302,0.0005562553243097765,0.0022111227735877037,0.023601394,0.047022577,0.9925093054771423,0.9703977704048157,0.01740143820643425,0.03234033286571503
303,0.0005374727691312066,0.0019105500541627407,0.0231895,0.04370984,0.9927684664726257,0.9744217991828918,0.01762390322983265,0.031109636649489403
304,0.0005684935842344368,0.002049981616437435,0.02373885,0.045276724,0.9924218058586121,0.9725551009178162,0.017835915088653564,0.032038018107414246
305,0.000638642140653577,0.0021763204131275415,0.025114609,0.04665105,0.991517961025238,0.9708636999130249,0.019270338118076324,0.0328780896961689
306,0.0006234689538938586,0.00225653313100338,0.024946759,0.04750298,0.9916309714317322,0.9697898626327515,0.018568072468042374,0.03247951343655586
307,0.000753975245805288,0.00247194548137486,0.027561428,0.049718663,0.9897847175598145,0.966905951499939,0.020319411531090736,0.03473858907818794
308,0.0006242988879834725,0.002242729300633073,0.02495246,0.047357462,0.9916270971298218,0.9699746370315552,0.018788032233715057,0.03256814926862717
309,0.0006048468084455552,0.002323657739907503,0.024616303,0.048204336,0.9918512105941772,0.9688912034034729,0.01858639344573021,0.033007875084877014
310,0.0005971488294149326,0.0022555876057595015,0.024332872,0.047493026,0.9920377731323242,0.9698024988174438,0.018163951113820076,0.032623812556266785
311,0.0005231239073592322,0.0021948893554508686,0.022846015,0.046849646,0.9929810762405396,0.9706151485443115,0.017448844388127327,0.03190327435731888
312,0.0005296508408553729,0.0022413788828998804,0.022985158,0.047343202,0.9928953647613525,0.9699926972389221,0.017359279096126556,0.03285398706793785
313,0.000515003836798397,0.001990183722227812,0.022642296,0.044611476,0.9931057095527649,0.9733557105064392,0.01690734177827835,0.03091767057776451
314,0.00047607575305102563,0.0020096071530133486,0.021816902,0.044828646,0.9935991764068604,0.9730956554412842,0.01661209762096405,0.031186576932668686
315,0.0005654497852612457,0.0022087455727159977,0.023701154,0.046997294,0.9924458265304565,0.9704295992851257,0.01780802756547928,0.03248325735330582
316,0.000480246378257024,0.0023141135461628437,0.02191715,0.048105236,0.9935402274131775,0.9690189361572266,0.016641508787870407,0.03238791599869728
317,0.000496215110284869,0.0020521255210042,0.02230411,0.04530039,0.9933101534843445,0.9725264310836792,0.016917888075113297,0.03154073655605316
318,0.0005158061010826549,0.002310446696355939,0.022608055,0.048067104,0.9931265711784363,0.9690680503845215,0.017043234780430794,0.033643193542957306
319,0.000549640502537262,0.0022379010915756226,0.023499487,0.047306463,0.9925738573074341,0.9700393080711365,0.01775330863893032,0.032404616475105286
320,0.0005068614568286152,0.0023990978952497244,0.022517031,0.048980586,0.9931817650794983,0.9678812026977539,0.016944890841841698,0.03515045717358589
321,0.0005183505841573192,0.002090641763061285,0.022707703,0.045723535,0.9930658340454102,0.9720107913017273,0.01733260229229927,0.03184611350297928
322,0.0004895291812400418,0.002094632014632225,0.022133498,0.04576715,0.9934120774269104,0.9719573259353638,0.01670170947909355,0.03170565515756607
323,0.0004937779872720553,0.0020428302232176065,0.022185309,0.04519768,0.9933812022209167,0.9726508855819702,0.016615519300103188,0.03132887929677963
324,0.0005748400779504499,0.0021342127583920956,0.023933265,0.046197545,0.9922971725463867,0.9714274406433105,0.017857840284705162,0.03237208351492882
325,0.0006149964756332338,0.0020736746955662966,0.024790494,0.04553762,0.9917354583740234,0.9722379446029663,0.01871231570839882,0.03172299265861511
326,0.0005712280452082103,0.002213082043454051,0.023831276,0.04704341,0.9923626780509949,0.9703715443611145,0.01788266748189926,0.0329667292535305
327,0.0005878834834385833,0.002147156046703458,0.02426994,0.046337415,0.9920789003372192,0.9712541699409485,0.018379561603069305,0.03191288560628891
328,0.0005433425010943955,0.0021427604369819164,0.02326034,0.04628996,0.9927242398262024,0.9713129997253418,0.017555849626660347,0.03296469897031784
329,0.000572761492962441,0.002190651372075081,0.023811193,0.046804395,0.9923754930496216,0.9706718325614929,0.01789703592658043,0.03319695219397545
330,0.0006812678978101096,0.00226957886479795,0.026116729,0.0476401,0.9908275604248047,0.9696151614189148,0.018984753638505936,0.03298869729042053
331,0.0006031972694803368,0.0021817409433424473,0.024420189,0.046709117,0.9919805526733398,0.9707911610603333,0.01816656067967415,0.03269979730248451
332,0.0006821410656398671,0.002606093417853117,0.026035532,0.05104991,0.9908844828605652,0.9651099443435669,0.019592642784118652,0.03516538813710213
333,0.0005647795333061367,0.001959701534360647,0.023752896,0.044268515,0.992412805557251,0.9737637639045715,0.01787872053682804,0.03157781437039375
334,0.0005251086166192016,0.002570086857303977,0.022859808,0.050696027,0.9929726123809814,0.9655920267105103,0.017018279060721397,0.03601250797510147
335,0.0006040787623285062,0.0021006534807384014,0.024591358,0.045832887,0.99186772108078,0.9718767404556274,0.01874074712395668,0.03203780949115753
336,0.0006186215005899695,0.002175673143938184,0.024892343,0.04664411,0.9916673898696899,0.9708724021911621,0.018269604071974754,0.03287725895643234
337,0.0005595810534115034,0.002270543947815895,0.023605721,0.04765023,0.9925065636634827,0.9696022868156433,0.017365874722599983,0.032127685844898224
338,0.0005944938351273198,0.002255316125229001,0.024359895,0.04749017,0.9920200705528259,0.9698061347007751,0.018233370035886765,0.03252589702606201
339,0.0006255735537375916,0.002358095021918416,0.024994178,0.04856022,0.9915990829467773,0.9684301614761353,0.018559513613581657,0.03256012871861458
340,0.0005456056718354706,0.002112571382895112,0.023392862,0.045962717,0.9926410913467407,0.9717171788215637,0.017338287085294724,0.032281968742609024
341,0.0005881210474233905,0.0026584891602396965,0.024247287,0.05156054,0.9920936822891235,0.9644085168838501,0.018345223739743233,0.036878801882267
342,0.0006243765833046796,0.0020485760178416967,0.02505513,0.045261197,0.9915580749511719,0.9725739359855652,0.018682517111301422,0.03170197457075119
343,0.0004711370288119228,0.0022019247990101576,0.021729603,0.046924673,0.9936503171920776,0.9705209136009216,0.01655958779156208,0.032188065350055695
344,0.0004861760826315731,0.0019531778525561094,0.021992033,0.04419477,0.9934960007667542,0.9738511443138123,0.01666918583214283,0.03068789280951023
345,0.0005561788460578431,0.002234844956547022,0.022973413,0.04727415,0.9929025769233704,0.9700801968574524,0.016723237931728363,0.032791391015052795
346,0.0008725131867157126,0.0022711874917149544,0.029571129,0.04765698,0.988240659236908,0.9695936441421509,0.02218061313033104,0.03316439315676689
347,0.0008751355780987069,0.00261802040040493,0.029602034,0.051166598,0.9882160425186157,0.9649503231048584,0.022256452590227127,0.03538507968187332
348,0.0006599101920569824,0.002179915551096201,0.025655253,0.04668957,0.991148829460144,0.9708155989646912,0.018984556198120117,0.03209659084677696
349,0.000710076821798628,0.0024814163334667683,0.026578998,0.04981382,0.9904999732971191,0.9667791128158569,0.01958536170423031,0.034277431666851044
350,0.0005933537322562188,0.0023196658585220575,0.02426147,0.04816291,0.9920844435691833,0.9689446091651917,0.01821245066821575,0.033094920217990875
351,0.0005713456656931984,0.00231227558106184,0.02390842,0.048086125,0.9923131465911865,0.9690435528755188,0.01780584640800953,0.032996535301208496
352,0.0004973329566630789,0.0023287367075681686,0.022272091,0.048256986,0.9933293461799622,0.9688231945037842,0.016847610473632812,0.03322157263755798
353,0.0006261251970003782,0.002341745188459754,0.024695074,0.04839158,0.9917989373207092,0.9686490297317505,0.0183287151157856,0.032690562307834625
354,0.0007242151504297825,0.0024719592183828354,0.026920807,0.049718797,0.9902540445327759,0.9669057726860046,0.0192712415009737,0.035228922963142395
355,0.0006370139837434346,0.00221769860945642,0.025310516,0.04709245,0.9913851022720337,0.9703097343444824,0.01899363473057747,0.033256061375141144
356,0.0006048096269792454,0.0020845101680606604,0.024397133,0.045656435,0.991995632648468,0.972092866897583,0.017991259694099426,0.031240275129675865
357,0.0006269448045217855,0.0025055722799152136,0.02496766,0.05005569,0.9916169047355652,0.9664557576179504,0.018691448494791985,0.034225113689899445
358,0.0005553699355170301,0.0022893822751939297,0.023501417,0.04784749,0.9925726056098938,0.9693500399589539,0.017771486192941666,0.032470908015966415
359,0.0005314476822439411,0.002348128007724881,0.023069145,0.04845749,0.9928433299064636,0.9685635566711426,0.017374347895383835,0.03249984607100487
360,0.0005713876043128865,0.0028220813255757093,0.023878494,0.053123266,0.9923323392868042,0.9622183442115784,0.01758473739027977,0.03470754250884056
361,0.0005810277097308161,0.0022998256608843803,0.024102218,0.0479565,0.9921879768371582,0.9692102670669556,0.017989331856369972,0.033642493188381195
362,0.0005121661577670073,0.002204538555815816,0.022579001,0.046952512,0.9931442141532898,0.9704859256744385,0.01714516431093216,0.032283052802085876
363,0.0005219150413970717,0.002415172988548875,0.0228426,0.049144406,0.9929832220077515,0.96766597032547,0.016904320567846298,0.03395049273967743
364,0.0006235490965826267,0.0023238856811076403,0.024904154,0.0482067,0.9916595220565796,0.9688881039619446,0.01868891902267933,0.03265735134482384
365,0.0005704050206325271,0.0021501302253454924,0.023644185,0.046369497,0.9924821257591248,0.9712143540382385,0.017598630860447884,0.031733665615320206
366,0.0006581011125077071,0.0022871873807162046,0.025545103,0.047824547,0.9912246465682983,0.9693794250488281,0.01905897818505764,0.033778779208660126
367,0.0006399893397677013,0.0024813110940158367,0.025349151,0.049812756,0.991358757019043,0.9667805433273315,0.019016116857528687,0.03348061814904213
368,0.0007143841529878872,0.0023111309856176376,0.026216954,0.048074223,0.9907569885253906,0.9690588712692261,0.019514234736561775,0.03308217227458954
369,0.0005339813849952242,0.0019643823616206646,0.0231307,0.044321354,0.9928050637245178,0.9737011194229126,0.01736331172287464,0.030959822237491608
370,0.0005210141587833112,0.0020257311407476664,0.022787757,0.045008123,0.9930168390274048,0.9728797674179077,0.017355602234601974,0.03220799192786217
371,0.00047405360435897654,0.0021469860803335905,0.021742953,0.04633558,0.9936425089836121,0.97125643491745,0.016501985490322113,0.0324026383459568
372,0.0004420406052800403,0.0021877994295209646,0.020964311,0.04677392,0.9940897226333618,0.970710039138794,0.01590389385819435,0.03230671212077141
373,0.0005536415939621458,0.0022710079792886972,0.023539156,0.047655094,0.9925487637519836,0.9695960283279419,0.01767302304506302,0.03302779048681259
374,0.0007112604322504591,0.0022736929822713137,0.026627043,0.047683258,0.9904655814170837,0.9695600867271423,0.019680051133036613,0.03226562589406967
375,0.0005750979365653951,0.002280227607116103,0.02391018,0.04775173,0.9923120141029358,0.9694726467132568,0.017720451578497887,0.033266909420490265
376,0.0005722206128253179,0.0021071278024464846,0.023888724,0.045903463,0.9923257827758789,0.971790075302124,0.017995186150074005,0.03167868033051491
377,0.0005205400957493111,0.002413873327895999,0.022483887,0.049131185,0.9932018518447876,0.9676833748817444,0.016665063798427582,0.03334205597639084
378,0.0006381607910787517,0.002330911811441183,0.02513738,0.048279516,0.991502583026886,0.968794047832489,0.01869472675025463,0.032965924590826035
379,0.0005786853527586737,0.0021973764523863792,0.024108013,0.046876185,0.9921842217445374,0.9705818295478821,0.01799515262246132,0.03198317810893059
380,0.0006514698272274637,0.0021123457700014114,0.025420303,0.04596026,0.991310179233551,0.9717202186584473,0.0190707016736269,0.032237663865089417
381,0.0006241240440762009,0.0020894682966172695,0.024979092,0.0457107,0.9916092157363892,0.9720264673233032,0.018858931958675385,0.03232355788350105
382,0.0006828007330609994,0.0023049619048833847,0.026100399,0.048010018,0.9908390045166016,0.9691414833068848,0.01930929906666279,0.03283616155385971
383,0.0005603785208553414,0.002324508735910058,0.023640757,0.048213158,0.9924842715263367,0.9688798189163208,0.01791340485215187,0.03351307660341263
384,0.0005034730592425066,0.002041255123913288,0.022394933,0.04518025,0.9932555556297302,0.9726719260215759,0.016748929396271706,0.0319865345954895
385,0.0006786970651856708,0.0024065321777015924,0.026109666,0.049056415,0.990832507610321,0.967781662940979,0.01932067796587944,0.03412402421236038
386,0.000533746429771947,0.00222623348236084,0.023057897,0.047182977,0.9928503036499023,0.970195472240448,0.017101559787988663,0.031765539199113846
387,0.0004719303039812737,0.0021773630287498236,0.02176593,0.046662223,0.9936290979385376,0.9708497524261475,0.01653563603758812,0.03121592104434967
388,0.0005144841310208325,0.002232030965387821,0.022525704,0.047244374,0.9931765198707581,0.9701178669929504,0.016948824748396873,0.032901864498853683
389,0.0005096604251196947,0.002135818125680089,0.022531416,0.046214916,0.9931730628013611,0.9714059829711914,0.01698029227554798,0.032521333545446396
390,0.0004954677860951051,0.002197601832449436,0.022069372,0.046878587,0.9934502243995667,0.9705787897109985,0.01651766337454319,0.03228597342967987
391,0.000438577438630587,0.0019494931912049651,0.020941688,0.04415307,0.9941024780273438,0.9739004373550415,0.015795495361089706,0.031317077577114105
392,0.00040283399919809943,0.0019842900801450014,0.02006049,0.04454537,0.994588315486908,0.973434567451477,0.015168236568570137,0.030862465500831604
393,0.0004407362456814471,0.0020888703875243664,0.020996928,0.04570416,0.9940713047981262,0.9720345139503479,0.015862874686717987,0.0327887088060379
394,0.0005727452318586239,0.0020909446757286787,0.023789506,0.04572685,0.9923893809318542,0.9720067381858826,0.017780831083655357,0.03166789934039116
395,0.0005858853844322518,0.0023863085079938173,0.024137178,0.04884986,0.9921653270721436,0.9680524468421936,0.017800534144043922,0.034896496683359146
396,0.0005907602846326137,0.0021670074202120304,0.024313658,0.04655113,0.9920503497123718,0.970988392829895,0.01814163848757744,0.031688984483480453
397,0.0005262544502990997,0.0022563135717064142,0.022945955,0.04750067,0.9929195642471313,0.9697927832603455,0.01755201257765293,0.03150815889239311
398,0.0005024806966751137,0.0024225194938480854,0.022428557,0.049219098,0.9932352900505066,0.9675676226615906,0.016729844734072685,0.033197950571775436
399,0.0007970605564134365,0.0033009005710482597,0.028082294,0.05745346,0.9893949627876282,0.9558079838752747,0.019353637471795082,0.03847081959247589
400,0.0015803731856232678,0.0032526133581995964,0.039821148,0.05703169,0.9786756634712219,0.9564544558525085,0.026734082028269768,0.037774983793497086
401,0.001192191234705123,0.00288797402754426,0.034485776,0.053739876,0.9840070605278015,0.9613361954689026,0.02460469864308834,0.038607873022556305
402,0.0010973112022673542,0.0026463931426405907,0.033152953,0.051443107,0.9852193593978882,0.9645704627037048,0.02403043769299984,0.036849312484264374
403,0.0011134166111746295,0.002576636616140604,0.033208508,0.050760582,0.9851698279380798,0.9655043482780457,0.024515990167856216,0.03603588044643402
404,0.0009951553868383846,0.0022632298059761524,0.03137486,0.047573414,0.9867623448371887,0.9697001576423645,0.02345573529601097,0.03460211306810379
405,0.0007809126492991874,0.0023631087969988585,0.027984696,0.048611816,0.989468514919281,0.9683630466461182,0.020528344437479973,0.034473635256290436
406,0.0007098374057518827,0.0024933565873652697,0.026646776,0.049933523,0.990451455116272,0.9666192531585693,0.019562186673283577,0.03383268043398857
407,0.0006480538643452085,0.002095238771289587,0.025505727,0.04577378,0.9912517070770264,0.9719492197036743,0.01895376667380333,0.03130417317152023
408,0.0006002902413125743,0.0025125700049102306,0.024443107,0.050125543,0.9919654726982117,0.9663620591163635,0.018403485417366028,0.03325597941875458
409,0.0005614956078881568,0.00231982977129519,0.023641622,0.04816461,0.9924837350845337,0.968942403793335,0.017367415130138397,0.0332658551633358
410,0.0004754263420843265,0.0023407908156514168,0.021823157,0.04838172,0.993595540523529,0.9686617851257324,0.01614573784172535,0.03421920910477638
411,0.00048190720157105136,0.002219815505668521,0.021999592,0.04711492,0.993491530418396,0.9702814221382141,0.016576750203967094,0.031866393983364105
412,0.0004352754185674712,0.0020933367777615786,0.020839982,0.045753,0.9941595792770386,0.9719746708869934,0.015615767799317837,0.031063588336110115
413,0.00043022113624663854,0.00233243266120553,0.020765325,0.048295267,0.9942013621330261,0.9687737226486206,0.015501752495765686,0.033008694648742676
414,0.0005130384723253718,0.002148678293451667,0.0227114,0.04635384,0.9930635690689087,0.9712337851524353,0.0172781590372324,0.032472219318151474
415,0.00043346017694354737,0.0019966214895248413,0.02081945,0.044683572,0.9941710829734802,0.973269522190094,0.015789519995450974,0.03112773597240448
416,0.00044783001993147826,0.002109474502503872,0.021120109,0.045929015,0.9940015077590942,0.9717586636543274,0.01579652540385723,0.03181606903672218
417,0.0005160791280848736,0.0021886243484914303,0.02264374,0.046782736,0.9931048154830933,0.9706990122795105,0.01692809909582138,0.03207734227180481
418,0.0005446552373045547,0.00220514670945704,0.02328929,0.046958987,0.9927060604095459,0.970477819442749,0.017257999628782272,0.032534390687942505
419,0.00047445708531251347,0.0023000652436167,0.021699846,0.047958996,0.993667721748352,0.9692070484161377,0.016383692622184753,0.03261849656701088
420,0.0005144210339164023,0.0022957604378461838,0.022667872,0.047914095,0.9930901527404785,0.9692646861076355,0.016772450879216194,0.032990962266922
421,0.0004704168664333834,0.002152437111362815,0.021645645,0.046394367,0.993699312210083,0.9711834788322449,0.01632087677717209,0.03161903843283653
422,0.0004291128306332129,0.002103328239172697,0.020673346,0.045862056,0.994252622127533,0.9718409180641174,0.01559824775904417,0.031029269099235535
423,0.00044156699600121516,0.0021230035927146673,0.0210376,0.046076063,0.9940482974052429,0.971577525138855,0.01589861698448658,0.03207894787192345
424,0.00045067000411853024,0.0020454986952245235,0.021319104,0.04522719,0.9938879609107971,0.972615122795105,0.015861492604017258,0.03150997310876846
425,0.0003773031216538088,0.0022152222227305174,0.019396469,0.04706615,0.9949406385421753,0.9703428745269775,0.0145550686866045,0.03261888399720192
426,0.0004398644840958613,0.0019892563577741385,0.0209929,0.04460108,0.9940735697746277,0.9733681082725525,0.01594591699540615,0.03097701258957386
427,0.00039947587753307414,0.0019226415315642953,0.019829579,0.043847937,0.9947121739387512,0.9742599129676819,0.014922220259904861,0.030670933425426483
428,0.00042080220935696906,0.0022545133251696825,0.020503636,0.047481716,0.9943466186523438,0.9698168635368347,0.01553691178560257,0.0330134779214859
429,0.0004150718000759794,0.002176176756620407,0.020344608,0.04664951,0.9944339394569397,0.9708656668663025,0.01523074135184288,0.03183501958847046
430,0.00041897342519157314,0.0020427044946700335,0.020485902,0.045196287,0.9943563938140869,0.9726525545120239,0.015216058120131493,0.030743416398763657
431,0.00043606270496225494,0.0020961391273885965,0.02094822,0.045783613,0.9940987825393677,0.9719371795654297,0.015812458470463753,0.031484514474868774
432,0.00040884726066988975,0.0018677490297704935,0.020269046,0.04321746,0.994475245475769,0.9749948382377625,0.015188674442470074,0.03007625602185726
433,0.00041553189790151504,0.0019055022858083248,0.020159489,0.043652054,0.9945347905158997,0.9744893908500671,0.01487165130674839,0.030814195051789284
434,0.00041002342318692666,0.0020136688835918903,0.02026041,0.044873923,0.9944799542427063,0.973041296005249,0.014805827289819717,0.03119799867272377
435,0.0006802623512075198,0.00272335484623909,0.025848394,0.052185774,0.9910150766372681,0.9635400772094727,0.01734619215130806,0.03595560044050217
436,0.000897195383334871,0.0023331758566200733,0.030049328,0.048302956,0.9878572225570679,0.9687637686729431,0.021234996616840363,0.03374793007969856
437,0.0008742443949978968,0.0026724112685769796,0.029599134,0.05169537,0.988218367099762,0.9642221331596375,0.021069040521979332,0.03615086153149605
438,0.0009220322522609918,0.0027143366169184446,0.030283364,0.0520993,0.9876673817634583,0.9636608362197876,0.021161464974284172,0.03606083616614342
439,0.0009159806967628273,0.002871998120099306,0.030274969,0.053591028,0.9876741766929626,0.9615500569343567,0.021312102675437927,0.03699226304888725
440,0.0010772812079680575,0.0027639444451779127,0.032938436,0.05257323,0.9854100346565247,0.9629966616630554,0.02295520529150963,0.03607765585184097
441,0.0009441964661660181,0.002589639974758029,0.030816557,0.05088851,0.9872292280197144,0.9653302431106567,0.02151082456111908,0.03526200354099274
442,0.0011792138181838461,0.003275826806202531,0.034398545,0.05723484,0.9840878844261169,0.9561436772346497,0.02289346233010292,0.03813595697283745
443,0.0015577632663983175,0.0032830804120749235,0.039213564,0.057298172,0.9793214201927185,0.9560465812683105,0.02655797265470028,0.03935947269201279
444,0.0018592906681905415,0.0027848149184137583,0.043005243,0.052771345,0.9751291275024414,0.9627172946929932,0.028912579640746117,0.03740488365292549
445,0.0015656457663598385,0.0025444324128329754,0.039401066,0.050442368,0.9791231751441956,0.965935468673706,0.02815798856317997,0.03495379909873009
446,0.001156769893978807,0.0029978062957525253,0.03405997,0.054752223,0.9843995571136475,0.9598658084869385,0.024434177204966545,0.03939785435795784
447,0.001244629701514813,0.0025792880915105343,0.035255276,0.050786693,0.9832853674888611,0.9654688239097595,0.025542907416820526,0.03580427169799805
448,0.0009867412577891214,0.002613356336951256,0.031354383,0.051121,0.9867796301841736,0.9650127291679382,0.023019256070256233,0.03532068803906441
449,0.0007704451934180477,0.0023046156857162714,0.027685553,0.04800641,0.9896924495697021,0.9691461324691772,0.02065766416490078,0.033225372433662415
450,0.0007946031863949346,0.002410212066024542,0.02828975,0.04909391,0.9892376661300659,0.9677324295043945,0.020706837996840477,0.035009801387786865
451,0.0007241305918961933,0.0018700329819694161,0.026680911,0.043243878,0.9904269576072693,0.9749642610549927,0.019742267206311226,0.030102495104074478
452,0.0006353753243192015,0.002262198831886053,0.025154155,0.047562577,0.9914911985397339,0.9697139859199524,0.018565883859992027,0.03372589498758316
453,0.0006073581700382584,0.0021646933164447546,0.024544198,0.046526264,0.9918988943099976,0.9710193872451782,0.018157988786697388,0.03235287219285965
454,0.0007198946881213818,0.0022483605425804853,0.026831003,0.047416877,0.9903189539909363,0.9698992371559143,0.019385790452361107,0.032611921429634094
455,0.0005678119553274221,0.002176024718210101,0.023801006,0.04664788,0.9923820495605469,0.9708676934242249,0.01771906018257141,0.03227970376610756
456,0.0005888372900451279,0.00200504157692194,0.024179934,0.04477769,0.9921375513076782,0.973156750202179,0.01748708263039589,0.031657855957746506
457,0.0005968455225229263,0.0022035688161849976,0.024429623,0.046942186,0.9919743537902832,0.9704989194869995,0.017695121467113495,0.033210959285497665
458,0.0005309838425918398,0.0021514135878533125,0.023035984,0.046383336,0.9928638935089111,0.9711971879005432,0.01726948283612728,0.03291346877813339
459,0.0005036534791791134,0.0019268178148195148,0.022438575,0.04389553,0.9932292103767395,0.9742040038108826,0.016790322959423065,0.03109540045261383
460,0.0004796266717180102,0.0019336666446179152,0.021838645,0.043973476,0.9935864210128784,0.974112331867218,0.016445541754364967,0.030964309349656105
461,0.00039627849764656276,0.001785459229722619,0.019829337,0.042254698,0.9947123527526855,0.976096510887146,0.014670322649180889,0.030317002907395363
462,0.0004668203116373413,0.00196518050506711,0.02161708,0.044330355,0.9937159419059753,0.9736904501914978,0.016321223229169846,0.031043652445077896
463,0.00042650655483488333,0.0018359828973188996,0.020604491,0.04284837,0.994290828704834,0.9754201173782349,0.015298496000468731,0.02997884526848793
464,0.000393442284389907,0.0018843201687559485,0.019840542,0.04340876,0.9947063326835632,0.9747729897499084,0.01482414547353983,0.03070082888007164
465,0.00036228468392933297,0.0018689441494643688,0.019055657,0.043231286,0.9951168894767761,0.9749788045883179,0.014396095648407936,0.030914103612303734
466,0.00046489389205817133,0.00226167356595397,0.021571042,0.047557056,0.9937426447868347,0.9697210192680359,0.0164231788367033,0.03364555910229683
467,0.00048260130014651537,0.0019323840970173478,0.021883227,0.04395889,0.993560254573822,0.9741294980049133,0.016277922317385674,0.030830049887299538
468,0.0004955885537624868,0.0020371468272060156,0.022332685,0.045134764,0.9932929873466492,0.9727269411087036,0.016673149541020393,0.03094431571662426
469,0.000369241172765297,0.0018395037623122334,0.019235477,0.04288944,0.9950243234634399,0.9753729701042175,0.014471183530986309,0.03032125160098076
470,0.0003405728877458552,0.0019488153047859669,0.01848484,0.04414539,0.9954050779342651,0.9739094972610474,0.013898390345275402,0.0306467954069376
471,0.0003778787425041876,0.0019344977336004376,0.01943932,0.043982923,0.9949182868003845,0.974101185798645,0.014646374620497227,0.030844800174236298
472,0.0003730694310930134,0.0017560824053362012,0.019364696,0.041905638,0.9949572086334229,0.976489782333374,0.01467027235776186,0.030136795714497566
473,0.0004206083963667466,0.0020850461442023516,0.020492624,0.045662306,0.9943526983261108,0.97208571434021,0.015459749847650528,0.03243657201528549
474,0.00038540163156788117,0.0019311679061502218,0.01967632,0.04394506,0.9947935938835144,0.974145770072937,0.0148154366761446,0.029865888878703117
475,0.00032033461056099355,0.001953336177393794,0.01781616,0.044196565,0.9957314729690552,0.9738489985466003,0.013282351195812225,0.031135398894548416
476,0.0004779978057327257,0.00185915466863662,0.021812722,0.043117918,0.9936016798019409,0.975109875202179,0.016402048990130424,0.030251456424593925
477,0.0004681138234445825,0.001954969484359026,0.021604298,0.04421504,0.9937233328819275,0.9738271236419678,0.015906166285276413,0.03077547997236252
478,0.00040324528857705775,0.002232818165794015,0.020084914,0.047252707,0.9945751428604126,0.9701073169708252,0.015409165993332863,0.03346314653754234
479,0.00035824380822966555,0.001749858958646655,0.018989235,0.041831315,0.9951508641242981,0.97657310962677,0.014280790463089943,0.029298648238182068
480,0.0003612189413450489,0.0017624953761696815,0.01902813,0.041982085,0.9951310157775879,0.9764039516448975,0.01431234460324049,0.029585333541035652
481,0.0003686225364535031,0.001903882366605103,0.01914619,0.043633502,0.9950703978538513,0.9745110869407654,0.014364072121679783,0.031342584639787674
482,0.00033062980285401204,0.0020719515159726143,0.018119033,0.045518693,0.9955851435661316,0.9722610116004944,0.013659671880304813,0.03212923929095268
483,0.0003420012620732781,0.0019802276510745287,0.018306712,0.044499747,0.9954931735992432,0.973488986492157,0.013718911446630955,0.03049655444920063
484,0.00033733854070305824,0.002084109466522932,0.01836814,0.045652047,0.9954628944396973,0.9720982313156128,0.013928275555372238,0.031529445201158524
485,0.00032500214795370334,0.001906468067318201,0.017989017,0.04366312,0.9956482648849487,0.9744764566421509,0.01354898326098919,0.030706070363521576
486,0.00036344998410310257,0.0018609025282785296,0.018964764,0.04313818,0.9951633810997009,0.975086510181427,0.0141473188996315,0.029311375692486763
487,0.00032934082462981513,0.0019523220835253596,0.01820939,0.044185087,0.995540976524353,0.9738625884056091,0.013722659088671207,0.030516671016812325
488,0.0003508940307338807,0.0019403697224333882,0.018681133,0.044049628,0.9953069686889648,0.9740225672721863,0.013974376954138279,0.029848357662558556
489,0.0002930061858602461,0.0019206313882023096,0.017139923,0.043825004,0.9960494041442871,0.9742868542671204,0.012931757606565952,0.030141327530145645
490,0.0002809340902868743,0.0018708916613832116,0.016738042,0.04325381,0.9962324500083923,0.974952757358551,0.012670916505157948,0.029807034879922867
491,0.0003051491439691745,0.001950498903170228,0.017442146,0.044164453,0.9959088563919067,0.9738869667053223,0.01306273601949215,0.030749384313821793
492,0.0003673924954703332,0.0020969524048268795,0.018964361,0.045792494,0.9951635599136353,0.9719262719154358,0.014534476213157177,0.03175816312432289
493,0.000471297898911871,0.0023264868650585413,0.021635668,0.04823367,0.9937050938606262,0.9688532948493958,0.016211939975619316,0.03352459520101547
494,0.00035307764747730374,0.0019297091057524085,0.018828478,0.043928456,0.9952326416969299,0.9741653203964233,0.014186454005539417,0.030664309859275818
495,0.0003923760285198858,0.0020842961966991425,0.019844532,0.045654096,0.9947042465209961,0.9720957279205322,0.01478811725974083,0.03181957080960274
496,0.00035131727252684703,0.002061977284029126,0.01874341,0.045409,0.995275616645813,0.9723945260047913,0.014339344576001167,0.03142200782895088
497,0.0003371239290572703,0.0021228294353932142,0.01837286,0.04607417,0.995460569858551,0.9715798497200012,0.013724694028496742,0.03178500384092331
498,0.00036324757026952943,0.0021560436580330133,0.019014489,0.046433218,0.9951379895210266,0.9711351990699768,0.014357594773173332,0.03250729292631149
499,0.0004449556548603472,0.0018754485063254833,0.020943213,0.043306448,0.9941015839576721,0.9748917818069458,0.015473619103431702,0.030735976994037628
500,0.00042112139040413734,0.0018599816830828786,0.020471642,0.043127503,0.9943642020225525,0.9750987887382507,0.015302195213735104,0.030540332198143005
501,0.00031882314942777157,0.0018546809442341328,0.01777579,0.04306601,0.9957507848739624,0.9751697778701782,0.013297946192324162,0.029882052913308144
502,0.00040412329227282583,0.0021123597398400307,0.02015719,0.04596041,0.9945360422134399,0.9717200398445129,0.014954742975533009,0.03239009529352188
503,0.00047292841852388597,0.001941507332958281,0.021493819,0.04406254,0.9937873482704163,0.9740073680877686,0.01598086580634117,0.03126494958996773
504,0.0003665568418165838,0.0019349742215126753,0.01915187,0.043988343,0.9950674772262573,0.974094808101654,0.014420579187572002,0.029915954917669296
505,0.0003750367064970884,0.002018683822825551,0.019382415,0.044929765,0.9949479699134827,0.9729741215705872,0.014346367679536343,0.03109975904226303
506,0.00033946605981327593,0.00200960086658597,0.018417256,0.044828568,0.9954385757446289,0.973095715045929,0.013691529631614685,0.03005102090537548
507,0.00038374839707764545,0.002154420828446746,0.019574264,0.046415742,0.9948474764823914,0.971156895160675,0.014653892256319523,0.03213929384946823
508,0.0002983543500621718,0.0019176341593265533,0.017295472,0.0437908,0.9959773421287537,0.9743269681930542,0.01308921817690134,0.029975363984704018
509,0.00030802264055554673,0.0020566077437251806,0.017492421,0.04534984,0.9958851933479309,0.9724664092063904,0.01334043312817812,0.03207933530211449
510,0.00036003659955564547,0.0021273894235491753,0.018858325,0.04612363,0.995217502117157,0.9715188145637512,0.01439647190272808,0.03073580004274845
511,0.0003172179726375775,0.0019356526900082827,0.017762441,0.04399605,0.9957572221755981,0.9740857481956482,0.013464810326695442,0.03081359528005123
512,0.00032246126184790313,0.002154598943889141,0.017918093,0.046417657,0.9956825375556946,0.971154510974884,0.013628240674734116,0.03131294623017311
513,0.00033919149030804294,0.002049088478088379,0.018264351,0.04526686,0.9955140352249146,0.972567081451416,0.013588928617537022,0.031143123283982277
514,0.00032504628589694306,0.002069117035716772,0.017998146,0.04548755,0.9956438541412354,0.9722989201545715,0.013593228533864021,0.031008977442979813
515,0.0003394536761334166,0.0021768403239548206,0.01834998,0.04665662,0.9954718947410583,0.970856785774231,0.013695262372493744,0.031463462859392166
516,0.00033988556639418346,0.0019514530431479216,0.01843743,0.044175252,0.9954286217689514,0.9738742113113403,0.01387240830808878,0.0297433752566576
517,0.0003496879197138531,0.0022247133310884237,0.01866329,0.047166865,0.9953159093856812,0.9702158570289612,0.013971630483865738,0.03298511356115341
518,0.0003109439950838516,0.0019596442580223083,0.017634217,0.044267867,0.9958182573318481,0.9737645387649536,0.013458998873829842,0.030193554237484932
519,0.0003598860699143684,0.002035492565482855,0.018671075,0.045116436,0.9953120350837708,0.9727491140365601,0.013912548311054707,0.030921518802642822
520,0.0004122305452421477,0.0017265391070395708,0.020326724,0.041551646,0.9944437146186829,0.9768853187561035,0.015264404006302357,0.028616495430469513
521,0.0003550639839059758,0.002063754480332136,0.018838428,0.045428563,0.995227575302124,0.9723707437515259,0.013884739950299263,0.031220311298966408
522,0.00034276443065292284,0.0020257378928363323,0.018573966,0.0450082,0.9953606724739075,0.9728797078132629,0.01385602355003357,0.030625391751527786
523,0.0003447868459096009,0.002050300594419241,0.018384963,0.045280248,0.9954546093940735,0.9725508689880371,0.013777066022157669,0.03143318369984627
524,0.0003773985299631022,0.001991261960938573,0.019416437,0.044623557,0.9949302673339844,0.9733412265777588,0.014398416504263878,0.03105389140546322
525,0.00034341317223152146,0.0019559527281671762,0.01853907,0.044226155,0.9953780770301819,0.9738139510154724,0.01380919199436903,0.030884839594364166
526,0.00036300733071667224,0.0021071014925837517,0.019050878,0.045903176,0.9951193332672119,0.9717904329299927,0.01433346327394247,0.031016027554869652
527,0.00035740735951218414,0.0019662301056087017,0.01893457,0.044342194,0.995178759098053,0.9736763834953308,0.014547793194651604,0.030894596129655838
528,0.0003506867241495374,0.0019143448444083333,0.018705413,0.043753225,0.9952947497367859,0.9743710160255432,0.014051929116249084,0.030474819242954254
529,0.0004139441681962291,0.001953888451680541,0.020320164,0.044202812,0.9944473505020142,0.9738416075706482,0.015089555643498898,0.029872363433241844
530,0.00036408599870893255,0.0020317556336522102,0.018995663,0.045075,0.9951475858688354,0.9727991223335266,0.014178069308400154,0.030043482780456543
531,0.00029707493310773066,0.0020254463888704777,0.017201908,0.04500496,0.9960207343101501,0.9728835821151733,0.01298866979777813,0.03141652047634125
532,0.0003002337557104924,0.0022038472816348076,0.017229777,0.04694515,0.9960078597068787,0.9704951643943787,0.013003122061491013,0.03151056915521622
533,0.00028761050899364903,0.0020255870185792446,0.016983291,0.045006525,0.9961212277412415,0.9728817343711853,0.012678722850978374,0.030118221417069435
534,0.0003561517838864926,0.0023949032183736563,0.018837042,0.04893775,0.9952282905578613,0.9679373502731323,0.013364615850150585,0.03326535224914551
535,0.0003438932610813274,0.0020964909344911575,0.018457891,0.045787457,0.9954184293746948,0.9719324707984924,0.013598209246993065,0.03111124038696289
536,0.0002821485223566097,0.0021640020422637463,0.016772779,0.046518836,0.9962168335914612,0.9710286259651184,0.012701671570539474,0.03065798617899418
537,0.0003629773418651894,0.002093089744448662,0.019045357,0.045750298,0.9951221942901611,0.9719780087471008,0.014098397456109524,0.03031112812459469
538,0.0003681092520392585,0.0019250811310485005,0.019002901,0.04387575,0.9951438903808594,0.974227249622345,0.014323446899652481,0.029231905937194824
539,0.00033841229676247826,0.002240759087726474,0.018349683,0.047336657,0.9954720139503479,0.9700010418891907,0.013936142437160015,0.03250392526388168
540,0.00030666202457558194,0.001959864515811205,0.017422924,0.04427036,0.9959178566932678,0.9737616181373596,0.013146484270691872,0.030165625736117363
541,0.000304164643404709,0.0020970033947378397,0.017490119,0.04579305,0.9958862662315369,0.9719256162643433,0.013177677057683468,0.03154154494404793
542,0.0003626312040565112,0.002322566695511341,0.019037884,0.04819302,0.9951260089874268,0.9689058065414429,0.014189822599291801,0.03292333334684372
543,0.0003322216858081943,0.0020572617650032043,0.018237378,0.04535705,0.9955272674560547,0.9724576473236084,0.01370265893638134,0.031074868515133858
544,0.0003429356425344436,0.001883355318568647,0.018485539,0.043397646,0.9954047203063965,0.9747858643531799,0.013936944305896759,0.029450029134750366
545,0.00037677656192417174,0.0021081147715449333,0.019354155,0.04591421,0.9949626922607422,0.9717768430709839,0.014441941864788532,0.031086325645446777
546,0.0003670358194292269,0.0021426386665552855,0.019173438,0.046288647,0.9950563311576843,0.9713146686553955,0.01439617108553648,0.03067071922123432
547,0.0002790392371190881,0.0021529323421418667,0.016686596,0.046399698,0.9962555766105652,0.9711768627166748,0.012505622580647469,0.03147478401660919
548,0.00028646870751717046,0.0020817634649574757,0.016907295,0.04562635,0.996155858039856,0.9721296429634094,0.012638119980692863,0.031022796407341957
549,0.0002893185770848173,0.0019841743633151054,0.017020198,0.04454407,0.99610435962677,0.9734361171722412,0.012937694787979126,0.03019203431904316
550,0.00036009432634190574,0.002019679406657815,0.018922893,0.044940844,0.9951847195625305,0.9729608297348022,0.013993912376463413,0.03087100200355053
551,0.00033534588080576873,0.001989981159567833,0.018360304,0.044609204,0.9954667687416077,0.9733583927154541,0.01366330310702324,0.031341299414634705
552,0.0003182918576798825,0.002043213229626417,0.017837005,0.045201913,0.9957215189933777,0.9726457595825195,0.013491397723555565,0.030909206718206406
553,0.00026884747851661154,0.0019908735994249582,0.016459037,0.044619206,0.9963570237159729,0.973346471786499,0.012353641912341118,0.030418042093515396
554,0.00033633412518115205,0.001946894684806466,0.01825846,0.04412363,0.9955168962478638,0.9739352464675903,0.013768063858151436,0.03007478453218937
555,0.0002622398923532191,0.001858654199168086,0.016217865,0.04311211,0.9964630007743835,0.9751166105270386,0.012127353809773922,0.029767083004117012
556,0.0002689827815629542,0.002064398257061839,0.016359057,0.04543565,0.9964011311531067,0.9723621010780334,0.012349685654044151,0.03137010335922241
557,0.0003157791725243442,0.0018544208724051714,0.017714608,0.04306299,0.9957799911499023,0.9751732349395752,0.013124278746545315,0.029776645824313164
558,0.0002932450072628192,0.0020552987698465586,0.01709281,0.045335405,0.9960710406303406,0.9724839329719543,0.01289213914424181,0.03110693208873272
559,0.00034295301884412766,0.0022522066719830036,0.018429726,0.047457416,0.995432436466217,0.9698477387428284,0.013580741360783577,0.031003737822175026
560,0.000321682161566886,0.002062627114355564,0.01793075,0.045416154,0.9956763982772827,0.972385823726654,0.013485517352819443,0.030445395037531853
561,0.00036298898538172415,0.002008324023336172,0.018948361,0.04481433,0.9951717257499695,0.9731128215789795,0.01427497062832117,0.030201414600014687
562,0.0003244758640490049,0.001852409914135933,0.018002698,0.043039627,0.9956416487693787,0.9752001762390137,0.013434655033051968,0.029640981927514076
563,0.00029959894229911947,0.0018903977470472455,0.017347204,0.043478705,0.9959532618522644,0.97469162940979,0.013090607710182667,0.02967696264386177
564,0.00030007098261690277,0.0018287093844264746,0.01735504,0.042763412,0.9959495663642883,0.9755175113677979,0.01302302349358797,0.029488282278180122
565,0.0002992623928796754,0.0018988827941939235,0.017234001,0.04357617,0.9960058927536011,0.9745780229568481,0.012720289640128613,0.029157308861613274
566,0.00032238037171985275,0.0019248565658926964,0.017968852,0.043873187,0.9956580400466919,0.9742302894592285,0.013329792767763138,0.0304921455681324
567,0.00034517696688205683,0.0020179373677819967,0.018472126,0.04492146,0.9954113960266113,0.9729841351509094,0.013866963796317577,0.030948542058467865
568,0.0003215545544993471,0.0018824586877599359,0.017955024,0.04338731,0.9956647157669067,0.9747979044914246,0.013642741367220879,0.028982697054743767
569,0.0003165099075307477,0.0017096602823585272,0.017806327,0.04134804,0.9957361817359924,0.977111279964447,0.013352212496101856,0.028969241306185722
570,0.0003340094196821817,0.0018635871820151806,0.018294197,0.043169286,0.9954993724822998,0.9750505685806274,0.013701102696359158,0.02976858615875244
571,0.0003391203261509707,0.002019562292844057,0.01848353,0.044939544,0.9954057335853577,0.9729623794555664,0.013928382657468319,0.03101382590830326
572,0.0003086176544787701,0.002016018610447645,0.017511155,0.044900097,0.9958763718605042,0.9730098247528076,0.012922179885208607,0.030795594677329063
573,0.0003025222183416852,0.0018734907498583198,0.017413434,0.04328384,0.9959222674369812,0.9749179482460022,0.013205013237893581,0.030044294893741608
574,0.00027135480526009235,0.001985599286854267,0.016488193,0.044560064,0.9963440895080566,0.9734170436859131,0.012378334067761898,0.030771462246775627
575,0.00032461423754946077,0.001809355802834034,0.017999317,0.04253652,0.9956432580947876,0.9757766127586365,0.01361429039388895,0.029582800343632698
576,0.00026771975138796154,0.0018974016420543194,0.016385049,0.04355917,0.9963896870613098,0.9745978713035583,0.01247589010745287,0.029781639575958252
577,0.0002388908244690604,0.0017699559684842825,0.015470485,0.042070847,0.9967814683914185,0.9763040542602539,0.011765306815505028,0.02881609834730625
578,0.00027501401068134743,0.0020020066294819117,0.016430205,0.04474379,0.9963697791099548,0.9731974005699158,0.012352352030575275,0.031101776286959648
579,0.0002931935602894307,0.0021584995556622744,0.01709411,0.046459656,0.9960704445838928,0.9711022973060608,0.012813499197363853,0.03209605813026428
580,0.0003279018591539088,0.0018753452459350228,0.018141175,0.043305255,0.9955743551254272,0.9748931527137756,0.013322193175554276,0.029571738094091415
581,0.000260812584284312,0.0019635879434645176,0.016094092,0.04431239,0.996516764163971,0.9737117290496826,0.012132852338254452,0.03098793886601925
582,0.0003712521151597188,0.0018931693630293012,0.01933026,0.043510567,0.9949751496315002,0.974654495716095,0.014408621937036514,0.030553417280316353
583,0.00029520791047781876,0.0020209692884236574,0.017185736,0.04495519,0.9960282444953918,0.9729435443878174,0.012823069468140602,0.030042145401239395
584,0.00027372615427752447,0.0019062338396906853,0.016502177,0.04366044,0.996337890625,0.974479615688324,0.012246349826455116,0.029506998136639595
585,0.0002730536196560768,0.002126733772456646,0.016486326,0.046116527,0.9963449239730835,0.9715275764465332,0.012465149164199829,0.031794141978025436
586,0.00028808436499358237,0.0019418600713834167,0.016999241,0.04406654,0.9961139559745789,0.9740026593208313,0.012587646953761578,0.029741596430540085
587,0.00026050120041790336,0.001935291918925941,0.016120773,0.043991953,0.9965052008628845,0.974090576171875,0.011928641237318516,0.029743140563368797
588,0.00026863182376308197,0.0019851515535265207,0.016377715,0.04455504,0.9963929057121277,0.9734230637550354,0.012324918992817402,0.030652271583676338
589,0.0002932987541002645,0.002185575198382139,0.017048595,0.046750136,0.996091365814209,0.9707398414611816,0.012865686789155006,0.031709544360637665
590,0.0003680092016690072,0.001963610528036952,0.01920834,0.044312645,0.9950383305549622,0.9737114310264587,0.013984853401780128,0.029876137152314186
591,0.0003227126045120795,0.002023805631324649,0.017986272,0.04498673,0.9956495761871338,0.9729055762290955,0.013375268317759037,0.0306209996342659
592,0.00033116360811453143,0.0019741773139685392,0.018229743,0.044431716,0.9955310225486755,0.9735699892044067,0.013409936800599098,0.030351100489497185
593,0.0003380383350304328,0.0022314605303108692,0.018332925,0.04723834,0.9954802989959717,0.9701254963874817,0.01372329331934452,0.03331228718161583
594,0.0003838837761908177,0.0020922403782606125,0.019647485,0.04574101,0.9948088526725769,0.9719893932342529,0.014679977670311928,0.03058110736310482
595,0.0003210103016251444,0.002017676830291748,0.017904337,0.04491856,0.9956891536712646,0.9729875922203064,0.013528726063668728,0.030731352046132088
596,0.0003214833923266269,0.0020068178419023752,0.017959114,0.044797525,0.9956626892089844,0.9731329679489136,0.0132646095007658,0.029784394428133965
597,0.0003346791001438925,0.0018893814412876964,0.01832106,0.043467015,0.9954861402511597,0.9747052192687988,0.013827982358634472,0.029510658234357834
598,0.00027650351826609534,0.0021050400100648403,0.016574757,0.045880716,0.9963055849075317,0.9718180298805237,0.012332571670413017,0.030435724183917046
599,0.0002773492272932675,0.0020010287407785654,0.016647914,0.04473286,0.9962729215621948,0.9732105135917664,0.012376691214740276,0.03010614402592182
600,0.00028927491935478014,0.002039965707808733,0.016963147,0.04516598,0.9961304664611816,0.9726892113685608,0.012660940177738667,0.03058517538011074
601,0.0003645227082994428,0.0020328962709754705,0.019085437,0.04508765,0.9951016306877136,0.9727838635444641,0.014383441768586636,0.03086039610207081
602,0.00034204331776973874,0.0019739517010748386,0.018466637,0.044429176,0.995414137840271,0.9735730290412903,0.013929223641753197,0.029875043779611588
603,0.0003785501281857829,0.0022074177395552397,0.01950444,0.046983164,0.994884192943573,0.9704473614692688,0.01440830621868372,0.03234955295920372
604,0.00047333174535941163,0.0025381301529705524,0.021792855,0.05037986,0.9936133027076721,0.966019868850708,0.016164634376764297,0.03658231720328331
605,0.0005584084997694431,0.002071425784379244,0.023694485,0.045512915,0.9924500584602356,0.9722680449485779,0.017517397180199623,0.03161221370100975
606,0.00039036965674974704,0.0021461842115968466,0.01977564,0.04632693,0.994740903377533,0.9712671637535095,0.014697177335619926,0.03189796954393387
607,0.0003476180903486569,0.002020451007410884,0.018638238,0.044949427,0.9953284859657288,0.9729504585266113,0.014048535376787186,0.031189626082777977
608,0.00030839203695491466,0.0020886119455099106,0.017495198,0.045701332,0.9958838820457458,0.9720379710197449,0.01299110148102045,0.03129174932837486
609,0.00041036687021418896,0.002059621037915349,0.020180508,0.04538305,0.9945234060287476,0.9724260568618774,0.015053252689540386,0.030897196382284164
610,0.00039429608362049544,0.002003213157877326,0.019924987,0.044757273,0.9946612119674683,0.9731812477111816,0.01443933229893446,0.03064178302884102
611,0.0004033460400850427,0.001993008889257908,0.02007369,0.044643126,0.9945812225341797,0.9733178615570068,0.015101809985935688,0.030916955322027206
612,0.00048246751909821546,0.001810801331885159,0.022013847,0.04255351,0.9934831261634827,0.9757572412490845,0.01654047891497612,0.029423708096146584
613,0.00035149482044454834,0.002080327132716775,0.018685026,0.045610603,0.9953050017356873,0.9721488356590271,0.01437271386384964,0.03185814619064331
614,0.00032567418781003323,0.0020547599997371435,0.018058658,0.04532946,0.9956145286560059,0.9724911451339722,0.013570781797170639,0.030142400413751602
615,0.00025999089716192844,0.002007029252126813,0.016136417,0.04479988,0.9964984059333801,0.9731301665306091,0.01224790420383215,0.03075084276497364
616,0.0002842867854104208,0.0019247820600867271,0.01683068,0.043872338,0.9961906671524048,0.9742313027381897,0.012765830382704735,0.029690679162740707
617,0.00023754489071011037,0.002064058557152748,0.015440614,0.045431912,0.9967939257621765,0.9723666906356812,0.011602479964494705,0.030187971889972687
618,0.000290383074157448,0.0019077720353379846,0.016979588,0.04367805,0.9961229562759399,0.9744589924812317,0.012567095458507538,0.02989048697054386
619,0.000328354960815473,0.0018990772077813745,0.018086063,0.0435784,0.9956011772155762,0.974575400352478,0.01357760839164257,0.030147220939397812
620,0.00030314426112454385,0.0018873469671234488,0.017423132,0.04344361,0.9959177374839783,0.9747324585914612,0.01299180556088686,0.0294197928160429
621,0.0003574711319577711,0.001990534132346511,0.01884035,0.044615403,0.9952266216278076,0.973351001739502,0.013916241936385632,0.030384497717022896
622,0.00032560161674733865,0.002011588541790843,0.018073361,0.044850737,0.9956073760986328,0.9730691313743591,0.013714037835597992,0.02987523376941681
623,0.0003023662185031836,0.0019363031024113297,0.017273959,0.044003446,0.9959873557090759,0.974077045917511,0.012854344211518764,0.029626263305544853
624,0.0003039466074286875,0.0019263795111328363,0.01714386,0.043890543,0.9960475564002991,0.9742099046707153,0.012728078290820122,0.029985222965478897
625,0.00035493608910738573,0.002021262887865305,0.018892119,0.044958454,0.9952003359794617,0.9729396104812622,0.013953949324786663,0.029638372361660004
626,0.00036428489891642874,0.0019535378087311983,0.019050492,0.04419885,0.995119571685791,0.9738463163375854,0.014039034023880959,0.03002975322306156
627,0.0003966978772289374,0.0021759802475571632,0.019904548,0.0466474,0.9946721196174622,0.9708682894706726,0.014936521649360657,0.03244988992810249
628,0.00037736773017307064,0.0024592173285782337,0.019427758,0.0495905,0.9949243068695068,0.967076301574707,0.01442134752869606,0.03169618919491768
629,0.0004020643827971071,0.0021638362668454647,0.019495578,0.046517055,0.9948888421058655,0.9710308313369751,0.01368020847439766,0.0315776951611042
630,0.0005903999527535317,0.0023782297503203154,0.024321247,0.0487671,0.9920454025268555,0.9681605696678162,0.017000917345285416,0.033834442496299744
631,0.0005328074251089922,0.002337748184800148,0.022950476,0.048350267,0.9929167628288269,0.9687025547027588,0.016837196424603462,0.03226232901215553
632,0.000532717287900265,0.0024814580101519823,0.022996519,0.049814235,0.992888331413269,0.966778576374054,0.01626216247677803,0.033800993114709854
633,0.0006192994505082341,0.0022315210662782192,0.02490496,0.04723898,0.9916589856147766,0.9701247215270996,0.01776166632771492,0.03305510804057121
634,0.0007926599527391689,0.002358894096687436,0.027443603,0.048568446,0.9898718595504761,0.9684194326400757,0.019116338342428207,0.033149752765893936
635,0.0010773271867285737,0.002777168294414878,0.032823686,0.052698847,0.9855115413665771,0.9628196358680725,0.02176368050277233,0.036671966314315796
636,0.001056039692643522,0.0027960403822362423,0.032028873,0.0528776,0.9862046837806702,0.9625669717788696,0.022212356328964233,0.03657907247543335
637,0.0010106937869832936,0.0025383061729371548,0.031783085,0.050381605,0.9864156246185303,0.966017484664917,0.02233203500509262,0.03480503335595131
638,0.0008892515377903527,0.002530597848817706,0.029925995,0.05030505,0.987956702709198,0.966120719909668,0.02145274169743061,0.033666204661130905
639,0.0007094367902027443,0.002468614373356104,0.0261143,0.049685154,0.9908292293548584,0.966950535774231,0.018097471445798874,0.03284597769379616
640,0.0007262495214077221,0.00269117159768939,0.026883788,0.051876504,0.9902808666229248,0.963970959186554,0.0190900769084692,0.03519698604941368
641,0.0008747948106081986,0.0026060864329338074,0.02944163,0.051049843,0.9883434176445007,0.9651100635528564,0.020884979516267776,0.035350557416677475
642,0.0006420293185246093,0.0021109553053975105,0.025395207,0.045945134,0.9913273453712463,0.9717388153076172,0.018696323037147522,0.03143180534243584
643,0.0004955701006110758,0.002286696108058095,0.022230847,0.047819413,0.9933540225028992,0.9693860411643982,0.016550596803426743,0.03233975172042847
644,0.0004227719632167877,0.0020628622733056545,0.020618085,0.045418743,0.9942833185195923,0.972382664680481,0.015221466310322285,0.031100939959287643
645,0.0003858862460633232,0.002083906903862953,0.019580916,0.04564983,0.9948439598083496,0.9721009135246277,0.01468166708946228,0.03148607164621353
646,0.0003976413632203317,0.0018613131251186132,0.01988469,0.043142937,0.994682788848877,0.9750809669494629,0.01483987271785736,0.029758861288428307
647,0.00045675520695195616,0.001948521938174963,0.021311784,0.044142067,0.9938921332359314,0.9739134311676025,0.015938596799969673,0.030444616451859474
648,0.0004513391481437297,0.0019878987222909927,0.021233035,0.044585854,0.9939371943473816,0.973386287689209,0.01575908064842224,0.03112764097750187
649,0.0004370365402957594,0.0021288248244673014,0.02086416,0.046139188,0.9941460490226746,0.9714995622634888,0.015497377142310143,0.030943822115659714
650,0.00034000947264509955,0.00191667047329247,0.018367272,0.043779794,0.9954633116722107,0.9743399024009705,0.013707180507481098,0.03027339279651642
651,0.00027803423422896725,0.0019305528840050101,0.016695429,0.04393806,0.99625164270401,0.974153995513916,0.012715769931674004,0.030307259410619736
652,0.00029038980706404385,0.001935016829520464,0.017033484,0.043988828,0.9960982799530029,0.9740942716598511,0.012750716879963875,0.030149361118674278
653,0.00031345881407932296,0.0018735671183094382,0.017679008,0.04328472,0.9957969784736633,0.974916934967041,0.013014486990869045,0.02966224029660225
654,0.00029136642842786387,0.001799933728761971,0.016995268,0.042425625,0.9961158037185669,0.9759027361869812,0.012523490935564041,0.029183678328990936
655,0.0002874055479134602,0.001978547777980566,0.016919125,0.04448087,0.9961504936218262,0.9735114574432373,0.012766619212925434,0.030613437294960022
656,0.00029062972978201947,0.0018638648325577378,0.017058702,0.0431725,0.9960867166519165,0.9750468134880066,0.012619716115295887,0.029361214488744736
657,0.0002502455126060258,0.001767659210599959,0.015788296,0.04204354,0.9966478943824768,0.976334810256958,0.011984786950051785,0.0286071989685297
658,0.0002444709058512341,0.0018990511307492852,0.015575394,0.043578103,0.9967376589775085,0.9745757579803467,0.011792068369686604,0.029653502628207207
659,0.0002605690487226556,0.0019491029670462012,0.016109847,0.044148646,0.9965099692344666,0.9739056825637817,0.012148231267929077,0.03051777184009552
660,0.00029362728607586837,0.0018649703124538064,0.016993593,0.043185305,0.9961165189743042,0.9750320315361023,0.012665102258324623,0.029244212433695793
661,0.000265032664174214,0.0018342544790357351,0.016291039,0.0428282,0.9964309930801392,0.9754432439804077,0.012278139591217041,0.02934885397553444
662,0.0002631177723577077,0.0019345993641763926,0.016169528,0.04398408,0.9964840412139893,0.97409987449646,0.012186501175165176,0.03048589639365673
663,0.0002472733546958559,0.002013247460126877,0.01569938,0.04486922,0.9966855645179749,0.9730468988418579,0.011676142923533916,0.030352266505360603
664,0.00022669146975121376,0.0018149914685636759,0.015073533,0.042602718,0.9969445466995239,0.9757011532783508,0.011399813927710056,0.029352987185120583
665,0.0002185402541230856,0.0018800460966303945,0.014804615,0.0433595,0.9970525503158569,0.9748302102088928,0.011035517789423466,0.029389038681983948
666,0.00027620363504287195,0.0017311382107436657,0.016632728,0.041606948,0.9962797164916992,0.9768237471580505,0.012308051809668541,0.02872777171432972
667,0.0002416551003327847,0.0019774821121245623,0.015469992,0.04446889,0.9967817068099976,0.9735257625579834,0.011598125100135803,0.03016936406493187
668,0.00028336743244753137,0.0019125617109239101,0.016765963,0.043732844,0.9962198734283447,0.9743948578834534,0.012713558971881866,0.030133286491036415
669,0.0002654659791997719,0.0020169056951999664,0.016293768,0.044909976,0.9964298009872437,0.9729979634284973,0.012130208313465118,0.03079850599169731
670,0.00023842153710905802,0.0019268362084403634,0.015425736,0.043895744,0.9968000650405884,0.9742037653923035,0.011805870570242405,0.029888799414038658
671,0.00024384613723007286,0.0019128713756799698,0.015626524,0.043736383,0.9967162013053894,0.9743907451629639,0.011781101115047932,0.029665406793355942
672,0.0002648423747318289,0.0019791724625974894,0.016159479,0.04448789,0.9964883923530579,0.9735031127929688,0.012073889374732971,0.030435627326369286
673,0.00023518435839584774,0.0018188247922807932,0.0152383465,0.042647682,0.9968773722648621,0.9756498336791992,0.011567673645913601,0.029813794419169426
674,0.0002489704599032517,0.0019151682499796152,0.015697233,0.043762635,0.9966864585876465,0.9743599891662598,0.01172106247395277,0.029565254226326942
675,0.00024730827333934775,0.001949279336258769,0.015672445,0.044150643,0.9966968894004822,0.9739032983779907,0.011885017156600952,0.03009120561182499
676,0.0003457949906905097,0.0018065411131829023,0.018616779,0.042503424,0.9953392148017883,0.9758142828941345,0.013884291052818298,0.029243916273117065
677,0.0002588109656988474,0.002016125712543726,0.016058905,0.044901293,0.9965320229530334,0.973008394241333,0.011878487654030323,0.03076174482703209
678,0.00024229427138131788,0.001922706956975162,0.015556428,0.043848682,0.9967456459999084,0.974259078502655,0.011919139884412289,0.03033440187573433
679,0.0002966465035569854,0.0018799651879817247,0.017173199,0.043358564,0.9960340261459351,0.9748312830924988,0.012654396705329418,0.029882509261369705
680,0.0002437724284721877,0.0019592628814280033,0.015602594,0.04426356,0.9967262744903564,0.9737696647644043,0.011633138172328472,0.03051278367638588
681,0.0002867005135737021,0.0017541596898809075,0.016854629,0.04188269,0.9961798191070557,0.976515531539917,0.012501196004450321,0.02902204915881157
682,0.00023852494698737493,0.001870820764452219,0.015377856,0.043252986,0.9968199133872986,0.9749537110328674,0.011762239038944244,0.029318079352378845
683,0.00022918987154050475,0.001943503855727613,0.015104404,0.04408519,0.9969320297241211,0.9739806056022644,0.011539057828485966,0.0297435000538826
684,0.000216846962840381,0.0016929261619225144,0.014697018,0.04114518,0.9970952868461609,0.9773353338241577,0.01116812601685524,0.028134474530816078
685,0.000205117644906171,0.0019334818935021758,0.014262081,0.043971375,0.9972646236419678,0.9741147756576538,0.010909798555076122,0.02915458008646965
686,0.000195646475979381,0.0019023416098207235,0.013878207,0.04361584,0.9974099397659302,0.9745317101478577,0.010470036417245865,0.029890207573771477
687,0.00026145761644742873,0.0019574505276978016,0.016157947,0.044243086,0.9964891076087952,0.9737939238548279,0.012267586775124073,0.03025326132774353
688,0.000255743724251674,0.0018109229858964682,0.015947865,0.04255494,0.9965797662734985,0.9757556319236755,0.012043315917253494,0.02899046242237091
689,0.00023500240190928295,0.0018167977686971426,0.015262937,0.04262391,0.9968672394752502,0.975676953792572,0.011534986086189747,0.02910565212368965
690,0.00020199884073173797,0.0018562199547886848,0.01422463,0.04308387,0.9972789883613586,0.9751491546630859,0.01078611146658659,0.029681650921702385
691,0.00020010635357307777,0.0018184897489845753,0.014058889,0.042643756,0.997342050075531,0.9756543040275574,0.01051245629787445,0.028798457235097885
692,0.00020073215538022023,0.0018514397088438272,0.014186856,0.043028362,0.9972934126853943,0.9752131700515747,0.010631218552589417,0.029325978830456734
693,0.00022185667330631986,0.0019014178542420268,0.014884238,0.043605253,0.9970207810401917,0.9745440483093262,0.01135327573865652,0.029466116800904274
694,0.00022797166457166895,0.0017493502236902714,0.0149254305,0.04182524,0.9970042705535889,0.9765799045562744,0.010963574051856995,0.02851826511323452
695,0.0003044004757116041,0.0020937661174684763,0.017431956,0.045757692,0.9959136247634888,0.971968948841095,0.013167157769203186,0.03082699328660965
696,0.00023035575908248904,0.001875746762380004,0.015186819,0.043309893,0.9968984127044678,0.9748877286911011,0.011309852823615074,0.029692642390727997
697,0.00022636656913991,0.0019269820768386126,0.014949068,0.043897405,0.9969947934150696,0.9742017984390259,0.011514414101839066,0.029416797682642937
698,0.0002509329688936387,0.0019523982191458344,0.015842065,0.04418595,0.9966250061988831,0.973861575126648,0.012033401988446712,0.029475674033164978
699,0.00026368957796049387,0.0017755716107785702,0.016265359,0.042137533,0.9964422583580017,0.9762288928031921,0.012035331688821316,0.0288254264742136
700,0.0002466643709340133,0.0018939449219033122,0.015543803,0.043519475,0.9967508912086487,0.974644124507904,0.011777243576943874,0.029318319633603096
701,0.00021427269993265244,0.001800574827939272,0.014645357,0.04243318,0.9971156716346741,0.9758941531181335,0.011135338805615902,0.02953457459807396
702,0.00024837861565174535,0.0017632483504712582,0.015749922,0.041991055,0.9966641664505005,0.9763938784599304,0.011853829957544804,0.02922564558684826
703,0.00023446560027712786,0.001941164257004857,0.015144013,0.044058647,0.996915876865387,0.9740119576454163,0.011557035148143768,0.02943999506533146
704,0.00023176809852223167,0.0018225894309580326,0.015213569,0.042691793,0.9968875050544739,0.9755994081497192,0.01135961152613163,0.029083386063575745
705,0.00022912219587438315,0.0018775392090901732,0.015087688,0.043330584,0.9969387650489807,0.9748637676239014,0.011403580196201801,0.029314305633306503
706,0.00018071237718686461,0.0018563218181952834,0.013471981,0.043085054,0.9975593090057373,0.9751478433609009,0.010232390835881233,0.02919537015259266
707,0.00021903246868698096,0.001806430285796523,0.014778132,0.042502124,0.9970631003379822,0.9758157730102539,0.011171981692314148,0.02930753119289875
708,0.0002100396615622396,0.0018600276671350002,0.014504092,0.043128036,0.9971710443496704,0.975098192691803,0.010973897762596607,0.0288174320012331
709,0.0002470446124789305,0.0019022839842364192,0.015736524,0.043615185,0.9966698288917542,0.9745324850082397,0.011919418349862099,0.030146826058626175
710,0.0002053868897333318,0.001897541107609868,0.014282241,0.043560777,0.9972569346427917,0.9745959639549255,0.010840049013495445,0.02966303378343582
711,0.00022528152344007552,0.001814536633901298,0.015021235,0.042597376,0.9969657063484192,0.9757072329521179,0.011309860274195671,0.029374614357948303
712,0.000218991225913421,0.0019699742551892996,0.014717994,0.044384394,0.9970869421958923,0.9736262559890747,0.011038929224014282,0.03055533394217491
713,0.0002357528540993702,0.0019246756564825773,0.015354914,0.043871127,0.9968293905258179,0.9742326736450195,0.011623749509453773,0.03056654892861843
714,0.00020297197095880455,0.0018883715383708477,0.014192715,0.043455396,0.9972912073135376,0.9747187495231628,0.010655702091753483,0.02913818135857582
715,0.00020176528579957613,0.0019182959804311395,0.014208171,0.043798357,0.9972853064537048,0.9743180871009827,0.010844605974853039,0.02936011552810669
716,0.00022412420366890728,0.0019545145332813263,0.01500968,0.04420989,0.9969703555107117,0.9738332033157349,0.011344186030328274,0.030668938532471657
717,0.00029155477055941117,0.0019340352155268192,0.017080141,0.043977667,0.9960768818855286,0.9741073846817017,0.012906074523925781,0.029701894149184227
718,0.0002917143065133132,0.0018445671303197742,0.017103942,0.042948425,0.9960659742355347,0.9753051996231079,0.012592431157827377,0.029353758320212364
719,0.00022890840575035492,0.0017936202930286527,0.015096105,0.042351153,0.9969353675842285,0.9759872555732727,0.011403394863009453,0.029642833396792412
720,0.00023934708720348269,0.0016875873552635312,0.01545535,0.04108026,0.9967877864837646,0.9774067997932434,0.011618525721132755,0.028156325221061707
721,0.00023621909018732947,0.0017787535907700658,0.015359687,0.04217527,0.9968274235725403,0.9761862754821777,0.011534685268998146,0.02990255318582058
722,0.00024070296190488577,0.0018654658924788237,0.015491271,0.043191038,0.996772825717926,0.9750254154205322,0.011688025668263435,0.02888508327305317
723,0.00026762658142781055,0.0016709439223632216,0.0163945,0.040877182,0.9963855147361755,0.9776296019554138,0.012344448827207088,0.028328154236078262
724,0.00021891566112489355,0.0016917446628212929,0.014829288,0.041130826,0.9970427751541138,0.9773511290550232,0.011130142956972122,0.028039541095495224
725,0.00019203317986631936,0.0017824594397097826,0.013785244,0.042219184,0.9974445104598999,0.9761366844177246,0.010602320544421673,0.029215946793556213
726,0.00023675461984980345,0.0017796374158933759,0.0153835965,0.04218575,0.9968175292015076,0.9761744737625122,0.011641320772469044,0.02972935326397419
727,0.00023131359061649576,0.0016459355829283595,0.015238273,0.040570132,0.9968773722648621,0.977964460849762,0.011589346453547478,0.02865714393556118
728,0.00019443039689742199,0.001777184079401195,0.013820976,0.04215666,0.997431218624115,0.9762073159217834,0.010357595980167389,0.028653543442487717
729,0.00018857206239111045,0.0018360249232500792,0.013721054,0.042848863,0.9974682331085205,0.9754195213317871,0.010344410315155983,0.028826603665947914
730,0.00020684477336048573,0.0017120498232543468,0.014368928,0.041376922,0.9972234964370728,0.9770793318748474,0.010875532403588295,0.02868298813700676
731,0.00020423476631880146,0.0017031349707394838,0.014181624,0.041269056,0.9972954392433167,0.9771986603736877,0.010712651535868645,0.028221648186445236
732,0.00020386650893752548,0.0017339094774797559,0.014262154,0.041640237,0.9972646236419678,0.9767866730690002,0.010757693089544773,0.0291071105748415
733,0.00021395540534285828,0.0017694715643301606,0.01463274,0.04206509,0.9971206188201904,0.9763105511665344,0.01090240478515625,0.028773074969649315
734,0.0001949160382950636,0.0018561684992164373,0.013931398,0.043083277,0.9973900318145752,0.9751498699188232,0.010625379160046577,0.028741559013724327
735,0.000247624732847643,0.0018952119862660766,0.015737822,0.043534033,0.9966692924499512,0.9746271371841431,0.011746578849852085,0.029144247993826866
736,0.0002494224853845398,0.001840989338234067,0.01564873,0.04290675,0.9967069029808044,0.9753530621528625,0.011574586853384972,0.02921561896800995
737,0.0002499040618369525,0.0019315441604703665,0.015804438,0.043949336,0.9966410398483276,0.9741407632827759,0.011704039759933949,0.030335964635014534
738,0.00023312338188671592,0.0017486799042671919,0.015043036,0.04181722,0.9969568848609924,0.9765889048576355,0.011130543425679207,0.028624530881643295
739,0.00027969587575750086,0.00180550548247993,0.016706625,0.04249124,0.9962465763092041,0.9758281111717224,0.012394646182656288,0.028770266100764275
740,0.00030340735644461927,0.0023895881604403257,0.017444719,0.048883416,0.9959076046943665,0.9680085182189941,0.012673202902078629,0.032465625554323196
741,0.00042148081212706694,0.0017125343438237906,0.020495843,0.041382775,0.9943509101867676,0.9770728349685669,0.01436026394367218,0.029109688475728035
742,0.00040542562915520233,0.002305602887645364,0.020049633,0.048016693,0.9945942163467407,0.9691329002380371,0.014449355192482471,0.03190538287162781
743,0.0004443963169416582,0.002241696696728468,0.021109471,0.047346562,0.9940075874328613,0.9699884653091431,0.015124950557947159,0.033316511660814285
744,0.0006733615975297818,0.002278458559885621,0.025989877,0.047733203,0.9909164309501648,0.9694963097572327,0.01661951094865799,0.03150395676493645
745,0.00044547654000449586,0.002147471299394965,0.021148328,0.046340816,0.9939854741096497,0.9712499380111694,0.014770884066820145,0.031033294275403023
746,0.00040149846410548145,0.002092598704621196,0.020092988,0.045744933,0.994570791721344,0.9719845652580261,0.013968215323984623,0.03169110044836998
747,0.0004235424130456522,0.002248160308226943,0.020524705,0.04741477,0.9943349957466125,0.9699019193649292,0.014707788825035095,0.032002441585063934
748,0.0003409252894925885,0.0021342020481824875,0.01830154,0.046197426,0.9954957365989685,0.9714275598526001,0.013557941652834415,0.031194470822811127
749,0.0003090762316291644,0.001816827105358243,0.01751975,0.042624254,0.9958723187446594,0.9756765365600586,0.013142023235559464,0.029191866517066956
750,0.00027470092225650495,0.002108155284076929,0.016528394,0.04591465,0.9963262677192688,0.9717763066291809,0.012300506234169006,0.031210502609610558
751,0.00030453581183048135,0.001986144343391061,0.01749696,0.04456618,0.995883047580719,0.9734097719192505,0.013098063878715038,0.030887465924024582
752,0.00027900250874650243,0.0018424221780151129,0.016749574,0.042923443,0.9962272644042969,0.9753339290618896,0.012695889919996262,0.029676606878638268
753,0.00024144230238479477,0.0020970224868506193,0.015545102,0.045793254,0.9967503547668457,0.9719253778457642,0.011797988787293434,0.031184954568743706
754,0.00023669875504724175,0.001923794043250382,0.015391826,0.043861076,0.9968141317367554,0.9742444753646851,0.011339771561324596,0.029265321791172028
755,0.00023005626743807542,0.002015616511926055,0.015142596,0.04489562,0.9969164729118347,0.9730151891708374,0.011495728977024555,0.02982492931187153
756,0.00024877062109722334,0.0019117573974654078,0.01582444,0.043723647,0.9966325163841248,0.9744056463241577,0.011873905546963215,0.02927950769662857
757,0.0002496500336829658,0.0018770828610286117,0.015636891,0.043325316,0.9967118501663208,0.9748698472976685,0.011422046460211277,0.02887725830078125
758,0.0002485474112538875,0.001950337435118854,0.015714869,0.044162624,0.9966790080070496,0.973889172077179,0.011735152453184128,0.02930109202861786
759,0.0003005162804832005,0.0018626154633238912,0.017347986,0.043158032,0.9959529042243958,0.9750635623931885,0.012952540069818497,0.029695823788642883
760,0.00023767195869533515,0.0018131732940673828,0.015329699,0.042581372,0.9968398213386536,0.9757254719734192,0.011402083560824394,0.02934708073735237
761,0.00021237989263185724,0.0019804234616458416,0.014583728,0.044501945,0.9971398711204529,0.9734863638877869,0.01115693524479866,0.02905404567718506
762,0.0002535869875414805,0.0017562552820891142,0.015901972,0.0419077,0.9965994358062744,0.9764875173568726,0.011864992789924145,0.028561649844050407
763,0.00021018492870180953,0.0018466347828507423,0.014421778,0.04297249,0.9972030520439148,0.9752774834632874,0.010852743871510029,0.028987955302000046
764,0.00018683591637950897,0.0019596884958446026,0.013650095,0.044268373,0.9974943399429321,0.9737639427185059,0.010301914066076279,0.03003770485520363
765,0.0002217323245448907,0.001969008008018136,0.014844171,0.04437351,0.9970368146896362,0.973639190196991,0.011296972632408142,0.029331525787711143
766,0.00024215763352747837,0.0018415708327665925,0.015587785,0.042913526,0.9967324733734131,0.9753453135490417,0.011815838515758514,0.02961522713303566
767,0.0001948462704604026,0.001973494188860059,0.013970473,0.044424027,0.9973753690719604,0.9735791087150574,0.010542786680161953,0.029523294419050217
768,0.0002251723073475825,0.001798188197426498,0.014822336,0.04240505,0.9970455169677734,0.9759261012077332,0.011161246336996555,0.02898475155234337
769,0.00021497867088659075,0.0018543134210631251,0.014565376,0.043061737,0.9971470832824707,0.9751747250556946,0.011073947884142399,0.028770556673407555
770,0.00023058290058873933,0.001832910580560565,0.015196708,0.042812504,0.996894359588623,0.9754612445831299,0.011435505002737045,0.02906825579702854
771,0.0002584327554690059,0.0019131136359646916,0.01606288,0.043739155,0.996530294418335,0.9743874669075012,0.012151258066296577,0.029183562844991684
772,0.00021525853530461475,0.0019061873899772763,0.014679757,0.043659907,0.9971020817756653,0.9744802117347717,0.011110792867839336,0.02921617589890957
773,0.00023914872872410342,0.0019434524001553655,0.0155149875,0.044084605,0.9967629313468933,0.9739813208580017,0.011563550680875778,0.02921137772500515
774,0.0002748731415274299,0.0018149815732613206,0.01660909,0.042602602,0.9962902665138245,0.9757012724876404,0.012501481920480728,0.028830446302890778
775,0.00025987377144205806,0.0018634006846696138,0.01613058,0.04316712,0.9965009689331055,0.975053071975708,0.011903860606253147,0.028550511226058006
776,0.00020592339635847813,0.0018878320697695017,0.014375009,0.043449193,0.9972211718559265,0.9747259616851807,0.010876859538257122,0.028966298326849937
777,0.00021098126308061182,0.0018902235897257924,0.014558993,0.043476705,0.9971495866775513,0.9746939539909363,0.010924085974693298,0.028999559581279755
778,0.00019855784921674058,0.0018374089850112796,0.014080767,0.042865008,0.9973337650299072,0.9754010438919067,0.0105874789878726,0.028344396501779556
779,0.00021999902409416708,0.002276604762300849,0.014846051,0.04771378,0.9970360398292542,0.9695211052894592,0.011236438527703285,0.03325822576880455
780,0.0002762068609378978,0.0018224908271804452,0.01662054,0.042690642,0.9962852001190186,0.9756007194519043,0.012442474253475666,0.02862049825489521
781,0.0002299961223880845,0.0019405960338190198,0.0152082695,0.044052195,0.9968896508216858,0.9740195870399475,0.011438424699008465,0.029900364577770233
782,0.00021586107984396884,0.0017560198903083801,0.014561896,0.041904893,0.9971484541893005,0.9764906167984009,0.010871833190321922,0.027851955965161324
783,0.00022266875219594857,0.0019245004514232278,0.014787257,0.043869127,0.9970594644546509,0.9742350578308105,0.01078834943473339,0.02904580533504486
784,0.00019800106780497697,0.001968702767044306,0.014052401,0.044370063,0.9973444938659668,0.9736433029174805,0.010533034801483154,0.0302013847976923
785,0.00022832976802336898,0.001881335861980915,0.015102195,0.043374367,0.9969329237937927,0.974812924861908,0.011274883523583412,0.028773397207260132
786,0.0002802663240634667,0.0019899464678019285,0.016762676,0.044608813,0.9962213635444641,0.9733588695526123,0.012371917255222797,0.02999548241496086
787,0.0002889614902828312,0.0017618073616176844,0.01703252,0.04197389,0.9960987567901611,0.9764131307601929,0.01278862077742815,0.02865750901401043
788,0.0002887549866996282,0.001980644417926669,0.017009262,0.044504434,0.9961093664169312,0.9734833836555481,0.012687785550951958,0.029808076098561287
789,0.0002184902821847407,0.0018453169614076614,0.014816425,0.042957157,0.9970479011535645,0.9752951264381409,0.011115347035229206,0.029712602496147156
790,0.00021204335379562426,0.0018917497945949435,0.014576124,0.04349425,0.9971428513526917,0.9746735095977783,0.0108097605407238,0.029488040134310722
791,0.00019608420420395717,0.0020972895435988903,0.013980285,0.04579618,0.9973716735839844,0.9719217419624329,0.010472155176103115,0.02989690750837326
792,0.00018686141464224255,0.0018863440491259098,0.013634038,0.04343206,0.9975002408027649,0.9747458696365356,0.01029992289841175,0.028912706300616264
793,0.0002396100578401026,0.0019377500284463167,0.015362456,0.04401988,0.9968262910842896,0.974057674407959,0.011297481134533882,0.03005155548453331
794,0.00024508351634722203,0.0019051246345043182,0.015662165,0.043647736,0.9967012405395508,0.974494457244873,0.011619357392191887,0.02949698083102703
795,0.00023700504177461633,0.0019107491243630648,0.015397381,0.04371212,0.9968118071556091,0.974419116973877,0.011554784141480923,0.02985750325024128
796,0.0001953851507013579,0.0019128458807244897,0.0138272885,0.043736093,0.9974288940429688,0.9743911027908325,0.010568791069090366,0.029300987720489502
797,0.00026347346548308536,0.0019857478328049183,0.016285472,0.04456173,0.996433436870575,0.9734150767326355,0.012185278348624706,0.030408702790737152
798,0.00025531336723361164,0.00192180962767452,0.015928349,0.043838453,0.9965881705284119,0.9742710590362549,0.012073586694896221,0.029107118025422096
799,0.0002563694618980993,0.001888760831207037,0.016027348,0.043459877,0.9965456128120422,0.9747135043144226,0.011980326846241951,0.029860906302928925
800,0.0002003856101179157,0.0017391026485711336,0.014097434,0.041702546,0.997327446937561,0.9767171144485474,0.010706761851906776,0.028602946549654007
801,0.00020223720837913623,0.001814022078178823,0.014243181,0.04259134,0.9972718954086304,0.9757140874862671,0.010848498903214931,0.02970452420413494
802,0.0002037030591798777,0.001726633752696216,0.014245891,0.041552782,0.9972708225250244,0.9768840670585632,0.010791458189487457,0.02867276221513748
803,0.0002579420113099993,0.0021530408412218094,0.016067307,0.04640087,0.9965283870697021,0.9711753726005554,0.012158021330833435,0.032948046922683716
804,0.0003086787374658425,0.0018560538301244378,0.017620424,0.043081943,0.9958247542381287,0.9751514196395874,0.013124951161444187,0.029795318841934204
805,0.00027438312231838194,0.0017618233105167747,0.01658213,0.04197408,0.9963023066520691,0.9764129519462585,0.01234824676066637,0.028927912935614586
806,0.00019724608600054952,0.0018490543588995934,0.014026034,0.04300063,0.9973544478416443,0.9752451181411743,0.010591521859169006,0.029001384973526
807,0.00019411664371463385,0.0018979554297402501,0.013915593,0.043565534,0.997395932674408,0.9745904207229614,0.010400156490504742,0.03000648505985737
808,0.00020769090902335435,0.001855796785093844,0.014395865,0.04307896,0.9972130656242371,0.9751548171043396,0.010467742569744587,0.02891731448471546
809,0.00019400197594553572,0.0018999289022758603,0.013951497,0.043588173,0.9973824620246887,0.9745640158653259,0.010534488596022129,0.029309073463082314
810,0.00018471591167988,0.0016107577830553055,0.013519407,0.040134247,0.9975420832633972,0.9784353971481323,0.010352046228945255,0.028072308748960495
811,0.0002448477131441574,0.0018613134743645787,0.015520947,0.043142945,0.9967604279518127,0.9750809669494629,0.011455477215349674,0.028878938406705856
812,0.00020204031369013882,0.0017002626555040479,0.014216522,0.041234244,0.997282087802887,0.9772371053695679,0.010628977790474892,0.02753777615725994
813,0.00024849695711798796,0.0018076173728331923,0.015802456,0.042516083,0.9966418743133545,0.9757998585700989,0.01171988807618618,0.029266318306326866
814,0.00018715705333637413,0.0018625013763085008,0.013668778,0.04315671,0.997487485408783,0.9750651121139526,0.010365664958953857,0.029681095853447914
815,0.00019054112503495574,0.0017925602151080966,0.013787513,0.042338636,0.997443675994873,0.9760014414787292,0.010418555699288845,0.028628913685679436
816,0.0001916381046281789,0.0018878158880397677,0.013841854,0.043449003,0.9974234700202942,0.9747262001037598,0.010384290479123592,0.029217900708317757
817,0.00019014524282697081,0.0017043141415342689,0.013705473,0.041283343,0.997473955154419,0.9771828651428223,0.010513567365705967,0.028092781081795692
818,0.0001913808965499894,0.0017764803487807512,0.0138582075,0.042148314,0.9974173903465271,0.976216733455658,0.010607331991195679,0.02832820825278759
819,0.00017671331476197918,0.001714356942102313,0.013281526,0.041404795,0.997627854347229,0.977048397064209,0.009985785000026226,0.02826051414012909
820,0.00021316901620593853,0.0017502668779343367,0.014560822,0.04183619,0.997148871421814,0.9765676856040955,0.010942683555185795,0.028714533895254135
821,0.0001748738299780102,0.0018127463990822434,0.013228557,0.04257636,0.9976467490196228,0.9757311940193176,0.010149800218641758,0.028640415519475937
822,0.0001647908221374647,0.001911165309138596,0.0127792945,0.043716878,0.9978038668632507,0.9744135737419128,0.009691603481769562,0.029717763885855675
823,0.00017585549490335822,0.0018276418559253216,0.013262621,0.04275093,0.9976345896720886,0.9755317568778992,0.01013303641229868,0.028783755376935005
824,0.0001766679038568823,0.001787296961992979,0.013210797,0.042276435,0.997653067111969,0.9760718941688538,0.009723681956529617,0.02877063676714897
825,0.0002050781695288606,0.001951230107806623,0.014288314,0.044172727,0.9972545504570007,0.9738771915435791,0.010706725530326366,0.029141105711460114
826,0.0001954260495205579,0.001930956612341106,0.013993476,0.043942653,0.997366726398468,0.9741486310958862,0.010490121319890022,0.029393430799245834
827,0.00020338766659154896,0.0019477594178169966,0.014202167,0.044133425,0.9972875714302063,0.9739236831665039,0.010728789493441582,0.029405737295746803
828,0.00017339065148421056,0.0018205189844593406,0.013165938,0.04266754,0.9976689219474792,0.9756271243095398,0.009838588535785675,0.028486957773566246
829,0.00015238675008400935,0.0018320464296266437,0.012342564,0.042802412,0.9979513883590698,0.9754728078842163,0.009369518607854843,0.028033852577209473
830,0.000264130352496233,0.0018657866166904569,0.016269144,0.043194752,0.996440589427948,0.9750211238861084,0.012349016964435577,0.029190678149461746
831,0.0001955333222709173,0.0018855415983125567,0.014000641,0.043422826,0.9973639845848083,0.9747565984725952,0.010810714215040207,0.02870827354490757
832,0.00020309833251469007,0.001877163420431316,0.014222564,0.043326244,0.9972797632217407,0.9748687744140625,0.01089057419449091,0.028842376545071602
833,0.0001552625266909176,0.0018912364030256867,0.012440161,0.043488346,0.9979188442230225,0.9746803641319275,0.009426334872841835,0.02872161753475666
834,0.00017169092660134828,0.0016326039331033826,0.013065836,0.040405497,0.997704267501831,0.9781429171562195,0.009971285238862038,0.027632758021354675
835,0.00020066926630203273,0.0018366662552580237,0.014128458,0.042856347,0.9973156452178955,0.9754109382629395,0.01070670410990715,0.02842683531343937
836,0.00017429002896692097,0.0017884132685139775,0.013202027,0.042289637,0.9976561665534973,0.9760569930076599,0.009702937677502632,0.028698677197098732
837,0.00023229877115227282,0.0018035774119198322,0.0152340485,0.042468548,0.9968791007995605,0.9758539199829102,0.011399637907743454,0.028623051941394806
838,0.00022335541209692812,0.0019313286757096648,0.014785427,0.043946885,0.997060239315033,0.9741436243057251,0.010992303490638733,0.029166992753744125
839,0.00018233893470923331,0.0018909589853137732,0.013451912,0.043485157,0.9975665807723999,0.9746841192245483,0.010189964435994625,0.029126927256584167
840,0.00020100549987877127,0.001660542911849916,0.014069851,0.04074976,0.9973378777503967,0.9777688980102539,0.01055597048252821,0.027526604011654854
841,0.00017994582131822509,0.0017989800544455647,0.013362385,0.042414386,0.9975988864898682,0.9759154915809631,0.010061247274279594,0.029317706823349
842,0.00017735609303186223,0.001663670758716762,0.013335847,0.04078812,0.9976084232330322,0.9777269959449768,0.010097001679241657,0.027938364073634148
843,0.00020302864206976003,0.0016816481947898865,0.014140087,0.041007902,0.9973112344741821,0.9774863123893738,0.010459871031343937,0.028147583827376366
844,0.00021913755666570398,0.001765791210345924,0.014687229,0.04202132,0.9970991611480713,0.9763598442077637,0.010951017029583454,0.029106898233294487
845,0.0002208894246988083,0.0017699218587949872,0.014933201,0.04207044,0.9970011711120605,0.9763045310974121,0.011102660559117794,0.028868969529867172
846,0.00018288030564277008,0.0019070093985646963,0.013504298,0.043669317,0.9975475668907166,0.9744692444801331,0.01010728906840086,0.029548073187470436
847,0.0001946962183865253,0.001639834139496088,0.013888243,0.040494867,0.9974061846733093,0.9780461192131042,0.010346541181206703,0.02802274376153946
848,0.0001913842362145343,0.0017105824081227183,0.013828848,0.041359186,0.997428297996521,0.9770989418029785,0.010481958277523518,0.027886291965842247
849,0.00015984247908239593,0.0017105552833527327,0.012651339,0.04135886,0.9978476166725159,0.9770992994308472,0.009585116058588028,0.028010789304971695
850,0.00015531847020611167,0.0017330017872154713,0.01247887,0.041629337,0.9979059100151062,0.9767988324165344,0.009369608014822006,0.027936046943068504
851,0.00015012744816803288,0.0016589355655014515,0.012266971,0.040730033,0.9979764223098755,0.9777904152870178,0.009237059392035007,0.027486680075526237
852,0.00016707946765977383,0.001664077746681869,0.012901987,0.04079311,0.9977614879608154,0.9777215719223022,0.00978511106222868,0.028077581897377968
853,0.00018973921892624773,0.0017834798200055957,0.01378621,0.042231265,0.9974441528320312,0.976123034954071,0.010240686126053333,0.028703870251774788
854,0.00015481253219397993,0.0019167092395946383,0.012431101,0.04378024,0.997921884059906,0.9743393659591675,0.009379811584949493,0.02874118648469448
855,0.0001858837829124902,0.0018627862446010113,0.013530321,0.043160006,0.997538149356842,0.975061297416687,0.010164392180740833,0.028829306364059448
856,0.00017717414051400158,0.0018063547322526574,0.013268383,0.042501234,0.9976325035095215,0.9758167862892151,0.010059371590614319,0.028127314522862434
857,0.0002250615556973075,0.00186530698556453,0.014987803,0.0431892,0.9969791769981384,0.9750275015830994,0.011088674888014793,0.030052335932850838
858,0.00024097259764940563,0.0018682560184970498,0.015364876,0.04322333,0.9968252778053284,0.9749880433082581,0.011360098607838154,0.02905353531241417
859,0.00035439183821753517,0.0018958747386932373,0.018796122,0.043541644,0.9952490329742432,0.9746182560920715,0.013538754545152187,0.030058497563004494
860,0.00038649727701505816,0.002198027679696679,0.01956596,0.04688313,0.9948518872261047,0.9705731272697449,0.013474508188664913,0.032470569014549255
861,0.00040355565645520323,0.0024009677581489086,0.020095149,0.048999675,0.9945695996284485,0.9678561687469482,0.014125443994998932,0.03154344856739044
862,0.0002840544098448432,0.001907275291159749,0.016892169,0.043672364,0.9961627721786499,0.9744656682014465,0.012251779437065125,0.029453929513692856
863,0.00026069628273200414,0.001965712523087859,0.016152103,0.04433636,0.9964916110038757,0.9736832976341248,0.012021631002426147,0.02945769391953945
864,0.0002879752950816923,0.0021932378876954317,0.016850578,0.04683202,0.9961816072463989,0.9706372022628784,0.01187114603817463,0.03103681467473507
865,0.0003219349065065299,0.0019472814165055752,0.017910687,0.044128012,0.9956860542297363,0.9739300608634949,0.013199237175285816,0.030138833448290825
866,0.00025600343955871227,0.001847315696068108,0.015969744,0.04298041,0.9965704083442688,0.9752683639526367,0.011789795942604542,0.028909973800182343
867,0.00024990817076865244,0.0018631742568686604,0.015849998,0.043164503,0.9966216087341309,0.9750560522079468,0.01190108060836792,0.029375171288847923
868,0.00022535370887701654,0.0019375293049961329,0.014907536,0.044017375,0.9970114827156067,0.974060595035553,0.011141342110931873,0.02896149642765522
869,0.000288115278553133,0.0019029746763408184,0.01699656,0.0436231,0.9961152076721191,0.9745232462882996,0.012820717878639698,0.02967521734535694
870,0.0002459130284312943,0.0018097067950293422,0.015683655,0.04254065,0.9966921806335449,0.9757719039916992,0.011700313538312912,0.029072148725390434
871,0.0002225221145305444,0.0019604309927672148,0.014884179,0.044276755,0.9970208406448364,0.9737539887428284,0.011152256280183792,0.030025938525795937
872,0.00024343515013408086,0.0018214789452031255,0.015630953,0.04267879,0.9967143535614014,0.9756143093109131,0.01169604528695345,0.02903437800705433
873,0.0002868863891556182,0.0018085991032421589,0.016855163,0.042527627,0.9961795806884766,0.9757867455482483,0.01265457458794117,0.0287807434797287
874,0.00036943518220637503,0.0018094575498253107,0.019252926,0.04253772,0.9950152635574341,0.9757752418518066,0.014123916625976562,0.02912554144859314
875,0.0002565188022510318,0.0018699315842241049,0.016034167,0.043242704,0.9965426921844482,0.9749656319618225,0.011864226311445236,0.02910323441028595
876,0.0002073413085203025,0.001833454123698175,0.014392278,0.04281885,0.9972144961357117,0.9754539728164673,0.010597143322229385,0.028635656461119652
877,0.0001838048020462421,0.0020753920543938875,0.013507834,0.04555647,0.9975463151931763,0.972214937210083,0.01013018749654293,0.030084772035479546
878,0.0001940093395453666,0.0018907912308350205,0.013907126,0.04348323,0.997399091720581,0.974686324596405,0.010456370189785957,0.02821575663983822
879,0.00020481538839786398,0.0018064826726913452,0.014274129,0.04250274,0.9972600340843201,0.9758150577545166,0.010782741010189056,0.028303112834692
880,0.00016455362988794647,0.0018563919002190232,0.01283318,0.043085866,0.9977852702140808,0.9751468896865845,0.009573784656822681,0.02868654951453209
881,0.00018033342381717046,0.001729874755255878,0.0134265805,0.041591763,0.9975757598876953,0.9768406748771667,0.009999225847423077,0.02851816825568676
882,0.0001949931594770698,0.0017952657071873546,0.01390716,0.042370576,0.997399091720581,0.9759652018547058,0.010385639034211636,0.02818155661225319
883,0.00024150367078784092,0.0018705768743529916,0.015582467,0.043250166,0.9967347383499146,0.9749569892883301,0.011330986395478249,0.028635717928409576
884,0.0002408085320811634,0.0018197610042989254,0.015432223,0.042658657,0.9967973828315735,0.9756372570991516,0.01164635643362999,0.028886087238788605
885,0.0002392320139651102,0.0019301720894873142,0.015480881,0.043933727,0.9967771768569946,0.9741591215133667,0.011520647443830967,0.02962464652955532
886,0.00020258385881210086,0.0017359266057610512,0.014257769,0.041664455,0.9972662925720215,0.976759672164917,0.010777403600513935,0.0283611211925745
887,0.00021885195482437584,0.0019624370615929365,0.014749819,0.044299405,0.9970743656158447,0.9737271666526794,0.011111099272966385,0.029805492609739304
888,0.00026449262341801926,0.0018490258371457458,0.016311774,0.0430003,0.9964219331741333,0.975245475769043,0.012155354954302311,0.029167046770453453
889,0.00023673056487248024,0.0016831005923449993,0.015311902,0.04102561,0.9968471527099609,0.977466881275177,0.011432326398789883,0.028224565088748932
890,0.0001884205379279923,0.0017184724565595388,0.013682301,0.041454464,0.9974825382232666,0.9769933223724365,0.010310436598956585,0.027675623074173927
891,0.0001786176878588528,0.0018547227373346686,0.013365397,0.043066494,0.9975978136062622,0.9751692414283752,0.010110857896506786,0.02949851006269455
892,0.00017819428334901616,0.0017867963761091232,0.013317834,0.042270515,0.997614860534668,0.9760786294937134,0.010123152285814285,0.02814396284520626
893,0.00015369149299327876,0.001674649422056973,0.012420496,0.04092248,0.9979254603385925,0.9775800108909607,0.009375960566103458,0.027775129303336143
894,0.00016365587692813608,0.001863213605247438,0.012687297,0.04316496,0.9978353381156921,0.9750555753707886,0.009626965038478374,0.02902071364223957
895,0.00020304579943926498,0.0017769633559510112,0.014249012,0.042154044,0.9972696304321289,0.9762102365493774,0.010699564591050148,0.02896210364997387
896,0.00019606866474284536,0.0018295682966709137,0.01400321,0.04277345,0.9973630309104919,0.9755060076713562,0.0105935949832201,0.02936892956495285
897,0.0001896985029981641,0.0017242820467799902,0.013753331,0.041524477,0.9974563121795654,0.9769155383110046,0.01034892350435257,0.02845306508243084
898,0.000158075284906028,0.0017971020424738526,0.0125908125,0.04239224,0.9978681802749634,0.9759406447410583,0.009571995586156845,0.028896162286400795
899,0.00017228270470778543,0.0018420552369207144,0.013143407,0.04291917,0.9976769089698792,0.9753388166427612,0.010003452189266682,0.028741059824824333
900,0.00017582272035228513,0.0018935741391032934,0.013183384,0.043515213,0.9976627826690674,0.9746490716934204,0.010006881318986416,0.029739046469330788
901,0.0001792406983440742,0.0017151900101453066,0.013408074,0.041414853,0.9975824356079102,0.977037250995636,0.0102402837947011,0.029271669685840607
902,0.0001573455715102186,0.001728341798298061,0.012554004,0.04157333,0.9978805780410767,0.9768611788749695,0.009494904428720474,0.027396084740757942
903,0.00013921511741831307,0.001783256884664297,0.01179713,0.042228628,0.9981284737586975,0.9761260151863098,0.009018102660775185,0.0285587590187788
904,0.0001372622437801593,0.0018666081596165895,0.011659226,0.04320426,0.9981719255447388,0.975010097026825,0.008808787912130356,0.028937548398971558
905,0.00017910952771093105,0.00188337336294353,0.013393051,0.04339785,0.9975878596305847,0.9747856259346008,0.01010839082300663,0.029832540079951286
906,0.00016916236861354926,0.0017503936542198062,0.012999475,0.041837707,0.9977275133132935,0.976565957069397,0.009953135624527931,0.028060391545295715
907,0.00018449731843165037,0.0019437398295849562,0.013521997,0.044087864,0.9975411891937256,0.9739774465560913,0.010042080655694008,0.029512137174606323
908,0.00015142485459694978,0.0017470057355239987,0.012287733,0.0417972,0.9979695677757263,0.976611316204071,0.0093856705352664,0.02796773426234722
909,0.0001516900986395988,0.0016739830607548356,0.012317216,0.040914338,0.9979597926139832,0.977588951587677,0.00927761010825634,0.02781856246292591
910,0.00013741023444295436,0.0016849510138854384,0.011638726,0.041048158,0.9981783628463745,0.9774420857429504,0.008800500072538853,0.027645329013466835
911,0.00015113311846190217,0.001730076503008604,0.012252079,0.04159419,0.9979813098907471,0.9768379926681519,0.009362869895994663,0.028396420180797577
912,0.00014273761520268056,0.0017833452438935637,0.011896732,0.04222967,0.9980967044830322,0.9761248230934143,0.009036402218043804,0.02861182764172554
913,0.00019388618304881013,0.0017746021039783955,0.013924241,0.042126026,0.9973927140235901,0.9762418866157532,0.010535028763115406,0.027848588302731514
914,0.00014904160641229035,0.0016373696271330118,0.012148577,0.040464427,0.998015284538269,0.9780791401863098,0.009164690971374512,0.0278386902064085
915,0.0001549967763077637,0.001695730141364038,0.012456989,0.041179243,0.9979132413864136,0.9772977828979492,0.009545794688165188,0.028394820168614388
916,0.00016237455334207468,0.0016851163236424327,0.0126918275,0.041050166,0.997833788394928,0.9774398803710938,0.00969503540545702,0.028224321082234383
917,0.00016135236563224515,0.0018458205740898848,0.012610528,0.042963013,0.9978614449501038,0.9752883911132812,0.009617291390895844,0.02952815406024456
918,0.0001893687903330746,0.0018229836132377386,0.013776896,0.042696413,0.9974476099014282,0.975594162940979,0.010675950907170773,0.029203137382864952
919,0.00019109741432740438,0.0016673303907737136,0.013839097,0.040832955,0.9974244832992554,0.9776780009269714,0.010397014208137989,0.028172243386507034
920,0.00016626712352841753,0.001736965263262391,0.012795917,0.041676916,0.9977981448173523,0.9767457246780396,0.00966413039714098,0.028081361204385757
921,0.0001968500030422795,0.0017101216362789273,0.0140083525,0.04135362,0.9973611235618591,0.9771051406860352,0.01058658305555582,0.02855820581316948
922,0.00019583243688843638,0.0018671400612220168,0.014044359,0.043210413,0.9973475337028503,0.9750030040740967,0.010360446758568287,0.029005305841565132
923,0.00017841667630074716,0.0017646782798692584,0.013331543,0.042008072,0.9976099133491516,0.9763747453689575,0.009964787401258945,0.02854185178875923
924,0.00018419117292399858,0.0017876301426440477,0.01350601,0.042280376,0.9975469708442688,0.9760674238204956,0.010014434345066547,0.028463538736104965
925,0.0001653196493200746,0.0018019892740994692,0.012759329,0.042449847,0.9978107213973999,0.975875198841095,0.009456825442612171,0.02870575524866581
926,0.0001939236644830089,0.0018450705101713538,0.013941393,0.042954285,0.9973862767219543,0.9752984642982483,0.010664761997759342,0.02900615520775318
927,0.00017469955524905924,0.001790262758731842,0.01318186,0.042311497,0.9976633191108704,0.9760321974754333,0.009868806228041649,0.029067793861031532
928,0.00022529943883207372,0.0018756778445094824,0.014723307,0.0433091,0.9970848560333252,0.9748886823654175,0.010989349335432053,0.028847601264715195
929,0.0002871559931505048,0.0018244452076032758,0.016974922,0.042713527,0.9961251020431519,0.9755745530128479,0.012372300960123539,0.02955341339111328
930,0.00017825834815580905,0.0018146148649975657,0.013371085,0.042598296,0.9975957274436951,0.975706160068512,0.010073516517877579,0.028591616079211235
931,0.00016618319469588724,0.0016231420449912548,0.012760663,0.04028824,0.9978102445602417,0.9782695770263672,0.009647919796407223,0.02741587907075882
932,0.0001570504513934297,0.0018825611332431436,0.012520897,0.04338849,0.9978917837142944,0.9747965335845947,0.009434862993657589,0.029479896649718285
933,0.00017938986572765069,0.001823419239372015,0.013397877,0.042701513,0.9975860714912415,0.975588321685791,0.010135230608284473,0.02891489677131176
934,0.00015933246256529608,0.0018552147084847093,0.012639536,0.043072205,0.9978516101837158,0.9751626253128052,0.009533094242215157,0.02873213030397892
935,0.00014026415804189375,0.0018790746107697487,0.011810877,0.043348297,0.9981240630149841,0.9748432040214539,0.008879270404577255,0.028228936716914177
936,0.00015543650442850776,0.0017629475332796574,0.012482888,0.041987468,0.9979045391082764,0.9763978719711304,0.009312592446804047,0.02856532484292984
937,0.00014198809433516792,0.0017335456795990467,0.011900436,0.041635875,0.9980955123901367,0.976791501045227,0.008950142189860344,0.02835693582892418
938,0.00015089857003080067,0.001693122205324471,0.0122716455,0.041147567,0.9979748725891113,0.9773327112197876,0.00915179681032896,0.02778138592839241
939,0.0001439345710836774,0.0018881489522755146,0.01198677,0.043452837,0.9980677962303162,0.9747217297554016,0.009024311788380146,0.02917911671102047
940,0.00014488564722176471,0.0018683773232623935,0.012043661,0.04322473,0.9980494379997253,0.9749864339828491,0.009195621125400066,0.02928723394870758
941,0.00015332134287084708,0.001886793994344771,0.012382356,0.043437243,0.9979381561279297,0.9747398495674133,0.00943815428763628,0.029255423694849014
942,0.0001549160307066896,0.0018335322383791208,0.012381187,0.04281977,0.9979385733604431,0.9754528999328613,0.009384644217789173,0.029027441516518593
943,0.00017436441802684303,0.0019051118288189173,0.01316543,0.043647587,0.9976691007614136,0.9744946360588074,0.009980414994060993,0.02970140241086483
944,0.00021851539812897417,0.0019569231662899256,0.014784526,0.044237126,0.9970605969429016,0.9738009572029114,0.01136415172368288,0.029871679842472076
945,0.00018243189135153608,0.0018130188109353185,0.013457251,0.042579554,0.9975646734237671,0.9757275581359863,0.010046279057860374,0.02901669591665268
946,0.0001679573569245721,0.001878151437267661,0.0129609965,0.043337647,0.9977409839630127,0.9748555421829224,0.009604766964912415,0.029297035187482834
947,0.00030932968895120376,0.0019726515747606754,0.017557438,0.044414543,0.9958545565605164,0.9735904335975647,0.010936770588159561,0.029964150860905647
948,0.0007472475917893462,0.0031370928045362234,0.02698183,0.056009762,0.9902098178863525,0.9580010175704956,0.016608182340860367,0.03944410756230354
949,0.0009430963440205563,0.002761554904282093,0.030744031,0.0525505,0.987289309501648,0.9630286693572998,0.02063841000199318,0.03546184301376343
950,0.000795408322698098,0.0024640276096761227,0.028154548,0.04963897,0.9893403053283691,0.9670119285583496,0.019326699897646904,0.03357372060418129
951,0.000668050176252357,0.0024110006634145975,0.025784705,0.049101945,0.9910593032836914,0.9677218198776245,0.017781725153326988,0.03282275050878525
952,0.0004908834539078684,0.0022843119222670794,0.022186287,0.047794476,0.993380606174469,0.969417929649353,0.015920549631118774,0.03361945226788521
953,0.0006378941417841071,0.0023440755903720856,0.025158422,0.048415653,0.9914883375167847,0.968617856502533,0.01850803941488266,0.03206202760338783
954,0.0005544797393006527,0.002621700055897236,0.023561949,0.05120254,0.9925342798233032,0.9649010300636292,0.01648838445544243,0.03498450294137001
955,0.0006606309391579337,0.0021390176843851805,0.025353009,0.046249516,0.9913561344146729,0.9713631272315979,0.017397627234458923,0.03172830864787102
956,0.0006862463064449416,0.002245762152597308,0.026230033,0.04738947,0.9907478094100952,0.9699340462684631,0.017666632309556007,0.03228224441409111
957,0.0005969592761671679,0.002039762679487467,0.024434233,0.045163732,0.9919713139533997,0.9726919531822205,0.01625053957104683,0.031272392719984055
958,0.00043422733936247164,0.001960769994184375,0.020898791,0.04428058,0.9941266179084778,0.9737494587898254,0.015218132175505161,0.03056938387453556
959,0.00034187600249424577,0.002304620109498501,0.01848408,0.04800646,0.9954054355621338,0.9691460728645325,0.013385416008532047,0.030794620513916016
960,0.00031815479319034654,0.0021244462113827467,0.017665034,0.046091717,0.9958035945892334,0.9715582132339478,0.012948257848620415,0.03021126799285412
961,0.000333063151629176,0.0018292994936928153,0.018285723,0.04277031,0.9955035448074341,0.9755095839500427,0.01290525309741497,0.02926063723862171
962,0.00028478965528351677,0.0021151788532733917,0.016885616,0.045991074,0.9961657524108887,0.9716822504997253,0.012454573065042496,0.030226437374949455
963,0.00026412385208955544,0.0018578201998025179,0.016230803,0.04310244,0.9964573383331299,0.9751277565956116,0.011846831999719143,0.02908843196928501
964,0.0002965185975137336,0.002022195141762495,0.017204635,0.04496883,0.9960194826126099,0.9729270935058594,0.01282803900539875,0.031329039484262466
965,0.00032067690930985424,0.0018441411666572094,0.01794751,0.042943466,0.9956682920455933,0.9753108620643616,0.013167189434170723,0.029709620401263237
966,0.0002559729129478166,0.0017879157094284892,0.016008418,0.042283755,0.9965537786483765,0.97606360912323,0.012078664265573025,0.02892441302537918
967,0.0002468401382264512,0.0018561275210231543,0.015735874,0.0430828,0.996670126914978,0.9751504063606262,0.011748155578970909,0.030158311128616333
968,0.0002720824923017062,0.0018860648851841688,0.016521895,0.04342885,0.996329128742218,0.9747496247291565,0.012475836090743542,0.028914673253893852
969,0.00021954002493823117,0.0016833869740366936,0.01478543,0.0410291,0.997060239315033,0.9774630665779114,0.011088422499597073,0.02809799648821354
970,0.0002248652106738353,0.0018008489860221744,0.015025552,0.042436413,0.9969639778137207,0.9758904576301575,0.01139956247061491,0.02849176526069641
971,0.00018947284181856296,0.00182591553311795,0.0137688,0.042730734,0.997450590133667,0.975554883480072,0.010381604544818401,0.02931438945233822
972,0.00020447414135560393,0.001753646181896329,0.014301854,0.04187656,0.9972493648529053,0.9765224456787109,0.010830326937139034,0.029082437977194786
973,0.00019812545393837024,0.001699640997685492,0.014138843,0.0412267,0.9973117113113403,0.9772454500198364,0.01054440252482891,0.027815744280815125
974,0.0002105666247767989,0.0017356834141537547,0.014537642,0.041661534,0.9971579313278198,0.9767628908157349,0.010697141289710999,0.028114421293139458
975,0.00017963383222443306,0.001785472733899951,0.013386336,0.042254854,0.9975902438163757,0.9760963320732117,0.010049557313323021,0.028349686414003372
976,0.0001659393125340681,0.0018187769455835223,0.012846294,0.042647123,0.9977807402610779,0.975650429725647,0.009753321297466755,0.02876237966120243
977,0.00019301773003958672,0.001677387859672308,0.013850653,0.040955923,0.9974201917648315,0.9775433540344238,0.01049893256276846,0.027780383825302124
978,0.0001921341615591452,0.001779023208655417,0.01381063,0.042178467,0.9974350929260254,0.9761826992034912,0.010299893096089363,0.028284216299653053
979,0.00019118244050663304,0.0020269437227398157,0.013845002,0.045021594,0.9974222779273987,0.9728635549545288,0.010412927716970444,0.031071554869413376
980,0.00020752595347320576,0.001936893560923636,0.014399894,0.044010155,0.9972115159034729,0.9740691184997559,0.010855428874492645,0.029832366853952408
981,0.00018857775781229563,0.0017750294646248221,0.013774457,0.0421311,0.9974485039710999,0.9762361645698547,0.010584085248410702,0.028712401166558266
982,0.00016900105964106677,0.0018222908256575465,0.012962753,0.0426883,0.9977403283119202,0.9756034016609192,0.009887868538498878,0.028666257858276367
983,0.00016387908015696502,0.0018152784323319793,0.012696518,0.042606086,0.9978322386741638,0.9756972789764404,0.009652039036154747,0.028574395924806595
984,0.00019043516195696694,0.00180878269020468,0.013819773,0.042529784,0.9974316954612732,0.9757842421531677,0.01054568961262703,0.028633330017328262
985,0.0001716834965257228,0.0017868666909635067,0.013034984,0.042271346,0.9977151155471802,0.976077675819397,0.009767853654921055,0.028600629419088364
986,0.0001638026167876722,0.0016900795744732022,0.0127762575,0.04111058,0.9978048801422119,0.9773734211921692,0.009753236547112465,0.027594590559601784
987,0.0001743857058251954,0.0018617230234667659,0.013227783,0.04314769,0.9976469874382019,0.9750754833221436,0.010031018406152725,0.029177645221352577
988,0.0001473734955652617,0.0019101460929960012,0.012118371,0.04370522,0.998025119304657,0.9744272232055664,0.009137769229710102,0.029667099937796593
989,0.00017271740481109273,0.0018350414466112852,0.0131372865,0.04283738,0.9976791143417358,0.9754326939582825,0.00987380463629961,0.029055923223495483
990,0.00017977475164860317,0.0017079008975997567,0.013399074,0.041326758,0.997585654258728,0.9771348237991333,0.010319382883608341,0.02772841975092888
991,0.00016586038856820034,0.0017202866729348898,0.01284306,0.04147634,0.9977818727493286,0.9769690632820129,0.009672638028860092,0.028243349865078926
992,0.00016175730905326253,0.0016924991505220532,0.012651041,0.041139994,0.9978477358818054,0.9773410558700562,0.00965338945388794,0.027890797704458237
993,0.00015605511428227393,0.0016636020736768842,0.012413957,0.040787276,0.9979276061058044,0.9777279496192932,0.009421330876648426,0.028240889310836792
994,0.00020378732006065547,0.0017549796029925346,0.014191953,0.041892476,0.9972915053367615,0.9765045642852783,0.010732246562838554,0.028531059622764587
995,0.00017586682687661695,0.0017006068956106901,0.013107512,0.041238416,0.9976896047592163,0.9772325158119202,0.009706872515380383,0.028045905753970146
996,0.0001503322759659072,0.0018252888694405556,0.012223578,0.0427234,0.9979907274246216,0.9755632877349854,0.00923200510442257,0.029331570491194725
997,0.00019211812931726772,0.0017034370684996247,0.013847829,0.041272715,0.9974212646484375,0.977194607257843,0.010475624352693558,0.027747709304094315
998,0.0001568141031549947,0.0018850015476346016,0.0125454515,0.043416604,0.9978834986686707,0.9747638702392578,0.009510760195553303,0.028831135481595993
999,0.00014330358515673487,0.0017793076112866402,0.0119752465,0.04218184,0.9980714917182922,0.9761788845062256,0.009097293950617313,0.02848825603723526
1000,0.0001452830183552578,0.001594119006767869,0.012059613,0.03992642,0.9980442523956299,0.978658139705658,0.00897758174687624,0.027580222114920616
1001,0.00013704592096143063,0.0017710203537717462,0.0117216315,0.042083494,0.9981523156166077,0.9762898087501526,0.00894283875823021,0.028345836326479912
1002,0.0001456073547491211,0.0016777856508269906,0.01205421,0.040960785,0.9980459809303284,0.9775380492210388,0.009121259674429893,0.02738899551331997
1003,0.00015535231300005265,0.001706547336652875,0.012434835,0.041310377,0.9979206323623657,0.9771530032157898,0.009335675276815891,0.02797381393611431
1004,0.0001488531878831881,0.0016959832282736897,0.012162778,0.041182317,0.9980106353759766,0.977294385433197,0.009096355177462101,0.028363129124045372
1005,0.00013485282265306026,0.0017608398338779807,0.011532476,0.041962363,0.9982115030288696,0.9764261245727539,0.008608883246779442,0.028711967170238495
1006,0.00016116822272041728,0.0016375670675188303,0.012701082,0.040466864,0.9978306293487549,0.9780764579772949,0.009431852959096432,0.027776183560490608
1007,0.00014279236777590333,0.0017014497425407171,0.011933655,0.041248634,0.9980849027633667,0.9772212505340576,0.008729973807930946,0.028774946928024292
1008,0.00015465706151603214,0.0017147059552371502,0.012466861,0.04140901,0.9979099035263062,0.9770437479019165,0.00935208611190319,0.027697164565324783
1009,0.0001491834994918794,0.0015310152666643262,0.012231118,0.03912819,0.997988224029541,0.9795029759407043,0.009258064441382885,0.02655484713613987
1010,0.0001644418705175419,0.0016433531418442726,0.012751386,0.040538292,0.9978134632110596,0.9779990315437317,0.009637494571506977,0.02738405019044876
1011,0.00017901727849014358,0.0016788281500339508,0.013343805,0.040973507,0.997605562210083,0.9775241017341614,0.010045669972896576,0.027874454855918884
1012,0.00014376004103475927,0.0017013655742630363,0.0119493585,0.041247614,0.9980798363685608,0.9772223234176636,0.00900715310126543,0.027750173583626747
1013,0.0001402960333507508,0.001788414898328483,0.011834253,0.042289656,0.998116672039032,0.9760569334030151,0.008948457427322865,0.02786591649055481
1014,0.00016537087636110797,0.0017951384652405977,0.012876074,0.04236908,0.9977704882621765,0.9759669303894043,0.009697215631604195,0.028837453573942184
1015,0.00017190797403931026,0.0016872077248990536,0.013081748,0.041075636,0.9976986646652222,0.9774118661880493,0.00977375078946352,0.028381457552313805
1016,0.00018380709893377073,0.001681363326497376,0.013264169,0.04100443,0.9976340532302856,0.9774901270866394,0.009644602425396442,0.027730993926525116
1017,0.000146176414670084,0.001781715895049274,0.012073756,0.042210378,0.9980396628379822,0.9761466383934021,0.009143936447799206,0.027662519365549088
1018,0.0001439189102463636,0.0017560767009854317,0.011955905,0.04190557,0.9980777502059937,0.9764899015426636,0.008940094150602818,0.02873305231332779
1019,0.00016862935477878307,0.0017100336262956262,0.012908955,0.041352548,0.9977590441703796,0.9771063327789307,0.009806882590055466,0.02789916656911373
1020,0.0001588408591818403,0.0016419829335063696,0.012546928,0.040521387,0.9978829622268677,0.9780173301696777,0.009502889588475227,0.027930615469813347
1021,0.00016418303328629753,0.0015931719681248069,0.012703043,0.03991456,0.9978299736976624,0.9786708354949951,0.009516004472970963,0.027092818170785904
1022,0.00018124699107085524,0.0016865971265360713,0.013446221,0.0410682,0.997568666934967,0.9774200916290283,0.010052226483821869,0.027932370081543922
1023,0.00015625562049205075,0.0016621100949123502,0.012434139,0.040768985,0.9979208707809448,0.977747917175293,0.009390805847942829,0.027960380539298058
1024,0.00013422221672954038,0.0016723575536161661,0.011581414,0.040894467,0.9981962442398071,0.97761070728302,0.008684249594807625,0.028109166771173477
1025,0.00016757199409767054,0.0019008751260116696,0.012946893,0.04359903,0.9977458715438843,0.9745513200759888,0.00988674070686102,0.029133901000022888
1026,0.0001467062674319922,0.001773884054273367,0.012040774,0.042117503,0.998050332069397,0.976251482963562,0.009193936362862587,0.028142021968960762
1027,0.00016475303544377147,0.0018057654378935695,0.012796207,0.042494297,0.9977980256080627,0.9758246541023254,0.009507675655186176,0.028532620519399643
1028,0.0001625611710716674,0.0016485409578308463,0.012655245,0.040602226,0.9978463053703308,0.9779295325279236,0.009399399161338806,0.02784590795636177
1029,0.0001736924016520127,0.0017490109894424677,0.013198619,0.041821178,0.9976573586463928,0.9765844941139221,0.009858004748821259,0.02824191004037857
1030,0.00015898604827022857,0.001639472902752459,0.012616253,0.040490404,0.997859537601471,0.978050947189331,0.009593619033694267,0.027596987783908844
1031,0.00016750377736488272,0.001782730221748352,0.012918202,0.04222239,0.9977558255195618,0.9761330485343933,0.009780828841030598,0.0282447449862957
1032,0.00015391051816881043,0.0016479495679959655,0.012417262,0.040594947,0.9979265332221985,0.9779374599456787,0.009376253932714462,0.027507200837135315
1033,0.0001674762577088338,0.0017826498951762915,0.0129489545,0.04222144,0.997745156288147,0.9761341214179993,0.009644939564168453,0.029196061193943024
1034,0.00014883511837317863,0.0017314872238785028,0.012241087,0.041611142,0.9979849457740784,0.9768190979957581,0.009289088658988476,0.027901239693164825
1035,0.00016707396868944423,0.0016898472094908357,0.012840677,0.04110775,0.9977827072143555,0.9773765802383423,0.009605818428099155,0.027400309219956398
1036,0.00013915463965862398,0.001657612156122923,0.011819387,0.040713783,0.9981213808059692,0.9778081178665161,0.008887156844139099,0.02771000564098358
1037,0.00016257987028273584,0.001791363931261003,0.012753353,0.042324506,0.9978127479553223,0.9760174751281738,0.00962595734745264,0.028696691617369652
1038,0.00014947049071038649,0.0018738715443760157,0.012171807,0.04328824,0.9980076551437378,0.9749128818511963,0.009240851737558842,0.029193833470344543
1039,0.00014069401467250745,0.0016379846492782235,0.011728137,0.040472023,0.9981502890586853,0.978070855140686,0.009033742360770702,0.02759886160492897
1040,0.00013872375777943736,0.0016988745192065835,0.0117608085,0.041217405,0.9981399774551392,0.9772557020187378,0.008856880478560925,0.028176553547382355
1041,0.000148979429385773,0.001864252844825387,0.012201013,0.043176997,0.9979981184005737,0.9750416278839111,0.009225523099303246,0.030247079208493233
1042,0.00013366453905208883,0.0017102191923186183,0.011598471,0.041354798,0.9981909394264221,0.9771038293838501,0.008928097784519196,0.02741977386176586
1043,0.00023925405416362494,0.0016748147318139672,0.015414703,0.0409245,0.9968046545982361,0.977577805519104,0.011412710882723331,0.027740677818655968
1044,0.00018533919997439213,0.0016928683035075665,0.013644187,0.04114448,0.9974965453147888,0.9773361086845398,0.010181530378758907,0.027374550700187683
1045,0.00016810335794368504,0.0017315031727775931,0.012938533,0.041611336,0.9977487921714783,0.976818859577179,0.009811711497604847,0.028613148257136345
1046,0.00017665186963065273,0.0018105072667822242,0.013127447,0.042550057,0.9976825714111328,0.9757611751556396,0.00990080926567316,0.028313826769590378
1047,0.00015943607815477827,0.0017525003058835864,0.012612289,0.041862875,0.997860848903656,0.9765377640724182,0.009579367935657501,0.027608780190348625
1048,0.00013641834382063033,0.001770469592884183,0.011637537,0.042076953,0.9981787204742432,0.9762971997261047,0.008816373534500599,0.028286773711442947
1049,0.0001437287286204413,0.0016490700654685497,0.011966394,0.040608745,0.9980743527412415,0.9779224991798401,0.008894290775060654,0.027147041633725166
1050,0.00015708922960171051,0.0016666835872456431,0.012498014,0.040825035,0.9978994727134705,0.9776866436004639,0.009606665000319481,0.027825912460684776
1051,0.00018067542590539563,0.0017852847231552005,0.013360104,0.04225263,0.9975996613502502,0.9760988354682922,0.01005249097943306,0.027902116999030113
1052,0.00026371833386788654,0.0017546715680509806,0.016313484,0.0418888,0.9964211583137512,0.9765086770057678,0.01147744245827198,0.028597889468073845
1053,0.00018760001165157354,0.0018671295838430524,0.0137281995,0.043210294,0.9974656105041504,0.9750031232833862,0.010173906572163105,0.02925599366426468
1054,0.00019125344955351795,0.001935508451424539,0.01385352,0.043994416,0.9974191188812256,0.974087655544281,0.010347473435103893,0.030012097209692
1055,0.000148657631308941,0.0017681194003671408,0.012162939,0.042049013,0.9980105757713318,0.9763286709785461,0.009233965538442135,0.02849760837852955
1056,0.00017176917985621415,0.0017855732003226876,0.013089613,0.042256042,0.9976959228515625,0.9760949611663818,0.009822133928537369,0.028825368732213974
1057,0.00015085542128707112,0.001675514504313469,0.012169505,0.04093305,0.9980084300041199,0.9775684475898743,0.009275907650589943,0.027711812406778336
1058,0.00015686680060091683,0.0016755155520513654,0.012469256,0.04093306,0.9979091286659241,0.9775684475898743,0.009637908078730106,0.027653688564896584
1059,0.00014817906842588192,0.001836836920119822,0.012181731,0.042858336,0.9980044364929199,0.975408673286438,0.009148906916379929,0.028912583366036415
1060,0.00012133652456792664,0.0018653953447937965,0.010997615,0.043190222,0.9983735084533691,0.9750263690948486,0.008315064013004303,0.029002832248806953
1061,0.00013655565470054915,0.001754782977513969,0.011662645,0.041890133,0.9981708526611328,0.9765071868896484,0.008875720202922821,0.027926849201321602
1062,0.00013944383615373889,0.0018967597279697657,0.011789607,0.043551806,0.9981308579444885,0.974606454372406,0.00891127809882164,0.028958601877093315
1063,0.000178108941327082,0.0018131631659343839,0.013305131,0.042581256,0.9976193904876709,0.9757255911827087,0.009921393357217312,0.028543945401906967
1064,0.00019428496770243245,0.0017229511868208647,0.013851496,0.041508447,0.9974198937416077,0.9769333600997925,0.0103203309699893,0.028073474764823914
1065,0.00015034574607852846,0.001791859744116664,0.012253607,0.042330366,0.9979808330535889,0.976010799407959,0.009170721285045147,0.02851860038936138
1066,0.0001380009727489034,0.001815172377973795,0.011684096,0.04260484,0.9981641173362732,0.975698709487915,0.008687799796462059,0.02837313897907734
1067,0.00015405488143600948,0.0017620972357690334,0.012383552,0.041977346,0.9979377388954163,0.9764092564582825,0.00917314924299717,0.028575804084539413
1068,0.0001501665002169003,0.001771350740455091,0.0120953275,0.042087417,0.9980326294898987,0.9762853980064392,0.008811757899820805,0.028683532029390335
1069,0.00014526250544639134,0.0018575030844658613,0.012025008,0.04309876,0.9980554580688477,0.9751319885253906,0.009052518755197525,0.028543435037136078
1070,0.00013971069678187962,0.001694369944743812,0.011777244,0.04116272,0.9981347322463989,0.9773160219192505,0.008971423842012882,0.027444584295153618
1071,0.00014111847419619815,0.0017443321412429214,0.011857716,0.0417652,0.9981091618537903,0.976647138595581,0.008919812738895416,0.028235604986548424
1072,0.00013002433479414321,0.0016804004553705454,0.011340269,0.040992685,0.9982706308364868,0.9775030016899109,0.008627251721918583,0.027392379939556122
1073,0.0001242726886465045,0.0017752619460225105,0.011163442,0.042133857,0.9983240962028503,0.9762330055236816,0.008576711639761925,0.02804429829120636
1074,0.00014832605302217416,0.0018029659986495972,0.011979759,0.042461347,0.9980700612068176,0.9758621454238892,0.009066140279173851,0.02805025689303875
1075,0.00013449268061032689,0.001807942520827055,0.011598764,0.04251991,0.9981908798217773,0.9757955074310303,0.008898444473743439,0.027662597596645355
1076,0.00017303963547667743,0.0017709813546389341,0.013206173,0.042083032,0.9976546764373779,0.9762903451919556,0.009844313375651836,0.028051476925611496
1077,0.0001559963056934066,0.0017712772823870182,0.012440713,0.042086545,0.9979186654090881,0.9762863516807556,0.009464921429753304,0.028015676885843277
1078,0.00013269491186788812,0.0017499091336503625,0.011492165,0.041831918,0.9982239603996277,0.9765724539756775,0.008591096848249435,0.027986226603388786
1079,0.00012697228984589773,0.00184323126450181,0.011270794,0.04293287,0.9982917308807373,0.9753230810165405,0.008631596341729164,0.028942644596099854
1080,0.00013937772647213106,0.0017697298899292946,0.011814245,0.04206816,0.9981229901313782,0.9763070940971375,0.008950685150921345,0.028592322021722794
1081,0.00014752227963816205,0.0017415137263014913,0.012129354,0.041731447,0.9980215430259705,0.9766848683357239,0.009316014125943184,0.02896541729569435
1082,0.00015578568259529263,0.00176849658600986,0.012468782,0.042053495,0.9979093074798584,0.9763236045837402,0.009303607977926731,0.028495820239186287
1083,0.00014026127180179836,0.0016950196586549282,0.011871737,0.041170616,0.9981046915054321,0.9773073196411133,0.009099263697862625,0.028247226029634476
1084,0.00013468465642125176,0.0015627940883859992,0.011588058,0.03953219,0.9981942176818848,0.9790775179862976,0.008846682496368885,0.02733231522142887
1085,0.0001442849173723847,0.0016166295390576124,0.01201556,0.040207334,0.9980584979057312,0.9783567786216736,0.009082133881747723,0.027442341670393944
1086,0.00014305882988000204,0.0017687416402623057,0.011892764,0.04205641,0.9980980157852173,0.9763203263282776,0.009046892635524273,0.028279269114136696
1087,0.00011764217726357111,0.0016465837834402919,0.010774161,0.04057812,0.9984389543533325,0.9779557585716248,0.008206026628613472,0.027053004130721092
1088,0.00011183216139959933,0.0016713988734409213,0.010558965,0.040882748,0.9985007047653198,0.9776235222816467,0.008038236759603024,0.0277580376714468
1089,0.00014091442327216183,0.0016176921781152487,0.011799647,0.040220547,0.9981276392936707,0.9783425331115723,0.008917666040360928,0.027406122535467148
1090,0.0001388996924189004,0.0017498140223324299,0.011776202,0.041830778,0.9981350898742676,0.9765737056732178,0.00874277576804161,0.028273964300751686
1091,0.00012858221254480833,0.0017552511999383569,0.011328211,0.041895717,0.9982742667198181,0.976500928401947,0.008486324921250343,0.02832885831594467
1092,0.0001284056802846449,0.0018134554848074913,0.011274488,0.042584687,0.9982905983924866,0.9757217168807983,0.008448469452559948,0.028495151549577713
1093,0.00012727743160212412,0.00169608264695853,0.011177769,0.041183524,0.9983198046684265,0.977293074131012,0.00832299143075943,0.027926936745643616
1094,0.0001842062907102941,0.001805541105568409,0.013390666,0.04249166,0.9975886940956116,0.9758276343345642,0.01007959246635437,0.029286392033100128
1095,0.00017566925552356142,0.0017179069109261036,0.013149086,0.041447643,0.9976749420166016,0.977000892162323,0.009729044511914253,0.028156766667962074
1096,0.0001706242956887846,0.0017899476224556565,0.013070681,0.04230777,0.9977025389671326,0.9760364294052124,0.009596485644578934,0.028271296992897987
1097,0.00021768239623104984,0.0019392002141103148,0.014579512,0.04403635,0.9971415400505066,0.9740382432937622,0.01064358651638031,0.029051102697849274
1098,0.00022112345521401784,0.0019236683147028089,0.0148945665,0.043859642,0.9970166683197021,0.9742462038993835,0.011031590402126312,0.0290656890720129
1099,0.0001900231780547818,0.0017248477088287473,0.013764912,0.041531287,0.9974520206451416,0.9769079685211182,0.009946185164153576,0.028553660959005356
1100,0.00016801729560194707,0.0017757803434506059,0.012931278,0.042140007,0.9977512955665588,0.9762260913848877,0.00966620072722435,0.02800782211124897
1101,0.00015529245204313403,0.0016460783081129193,0.012420327,0.04057189,0.9979255199432373,0.9779625535011292,0.009389312006533146,0.028009722009301186
1102,0.0001739463484475643,0.0017410792643204331,0.013179835,0.041726246,0.9976640343666077,0.9766906499862671,0.00993699673563242,0.028744325041770935
1103,0.00017313136215141805,0.0017564214067533612,0.013121199,0.04190968,0.9976847767829895,0.9764852523803711,0.009932217188179493,0.028001651167869568
1104,0.0001561926464174493,0.0018310101004317403,0.012486118,0.042790305,0.9979034662246704,0.975486695766449,0.009480875916779041,0.02956303022801876
1105,0.00012349003240656614,0.001850407337769866,0.011112788,0.043016363,0.9983392953872681,0.9752269983291626,0.00854557752609253,0.028165606781840324
1106,0.0001316537927777972,0.0016980415675789118,0.011455638,0.041207302,0.9982352256774902,0.9772668480873108,0.00866214744746685,0.02741132117807865
1107,0.00012316204447415657,0.0017614797689020634,0.011116747,0.04196999,0.9983381032943726,0.9764175415039062,0.008475874550640583,0.028334015980362892
1108,0.0001329026692308782,0.0017667800420895219,0.011544079,0.042033084,0.9982078671455383,0.9763466119766235,0.008747353218495846,0.027500081807374954
1109,0.00015412497801166452,0.001788242720067501,0.012244897,0.04228762,0.9979836940765381,0.9760592579841614,0.009175430051982403,0.028423139825463295
1110,0.00014434240934364922,0.0017596883699297905,0.011992114,0.041948635,0.9980660676956177,0.976441502571106,0.009012208320200443,0.02837417460978031
1111,0.0001441702119005971,0.001794497249647975,0.012004557,0.042361505,0.9980620741844177,0.975975513458252,0.008993104100227356,0.028702761977910995
1112,0.00017703904516317627,0.0018488408531993628,0.013289902,0.04299815,0.9976248741149902,0.9752479791641235,0.00981996487826109,0.02888665534555912
1113,0.00013727203391185455,0.001743058324791491,0.011602722,0.04174995,0.9981896281242371,0.9766641855239868,0.00883466936647892,0.02863476239144802
1114,0.00021122383160135624,0.0017761870985850692,0.014563645,0.042144835,0.9971477389335632,0.9762206673622131,0.011028171516954899,0.028146270662546158
1115,0.0001438815491961908,0.0017682864563539624,0.011990578,0.042051,0.9980665445327759,0.9763264060020447,0.009067738428711891,0.028888467699289322
1116,0.00012609415551361798,0.0017560311825945973,0.011247137,0.041905027,0.9982988834381104,0.9764904975891113,0.008643090724945068,0.028224386274814606
1117,0.00013874218447282064,0.00182209478225559,0.011727325,0.042686,0.9981505274772644,0.9756060242652893,0.008997532539069653,0.029013095423579216
1118,0.0001745216018620836,0.0018278545467182994,0.013244865,0.042753417,0.9976409077644348,0.9755289554595947,0.01007893867790699,0.028338631615042686
1119,0.00014039108811464922,0.0017720710020512342,0.01165201,0.042095974,0.9981741905212402,0.9762757420539856,0.008639885112643242,0.028127536177635193
1120,0.00013476564742053267,0.0017409749561920762,0.011604015,0.041724995,0.9981892108917236,0.9766920804977417,0.008691107854247093,0.027989385649561882
1121,0.0001232282510582908,0.0017379956552758813,0.011074609,0.041689277,0.9983506798744202,0.9767319560050964,0.008316786028444767,0.02820519730448723
1122,0.00014985115789882414,0.0017412883462384343,0.011925302,0.041728746,0.9980875849723816,0.9766878485679626,0.008848966099321842,0.027940694242715836
1123,0.0001692110953709661,0.0017052777111530304,0.012990507,0.041295007,0.9977306723594666,0.9771699905395508,0.009747869335114956,0.027665186673402786
1124,0.00015602159725279887,0.0017055521020665765,0.012266179,0.04129833,0.9979766607284546,0.9771662950515747,0.009092452004551888,0.02808990143239498
1125,0.0001550025084394623,0.001631016144528985,0.012405351,0.040385842,0.9979305267333984,0.9781641960144043,0.009253887459635735,0.028305305168032646
1126,0.00015581368180309337,0.0016576986527070403,0.012506753,0.04071485,0.9978965520858765,0.9778069257736206,0.009544997476041317,0.027382317930459976
1127,0.00013218248502446593,0.001520321355201304,0.011451185,0.0389913,0.9982365965843201,0.9796461462974548,0.008723052218556404,0.027247700840234756
1128,0.0001514671580066947,0.001613524043932557,0.012337994,0.040168695,0.997952938079834,0.9783983826637268,0.009349544532597065,0.027508769184350967
1129,0.00012598771453750405,0.0016749213682487607,0.011247689,0.040925805,0.998298704624176,0.9775763750076294,0.008604848757386208,0.0277801975607872
1130,0.0001373871458450925,0.001839911681599915,0.011728622,0.042894192,0.998150110244751,0.9753674864768982,0.008828815072774887,0.02864014357328415
1131,0.00012467585408806124,0.0016735581448301673,0.011128207,0.040909145,0.9983347058296204,0.9775946140289307,0.008400206454098225,0.027996081858873367
1132,0.00013917829082029957,0.0016559188952669501,0.01180007,0.040692985,0.9981275200843811,0.9778307676315308,0.008870886638760567,0.027321238070726395
1133,0.0001676595155996355,0.0018055118853226304,0.012612918,0.042491313,0.9978606700897217,0.9758280515670776,0.00953048374503851,0.028329484164714813
1134,0.00012641204441685906,0.0018202868523076177,0.011197721,0.04266482,0.9983137845993042,0.9756302237510681,0.008660316467285156,0.02872524969279766
1135,0.00013587703770926137,0.001695774495601654,0.011633188,0.041179784,0.998180091381073,0.9772971868515015,0.008686074055731297,0.027835221961140633
1136,0.00015452488415493545,0.0016094323946163058,0.012397824,0.040117733,0.997933030128479,0.9784531593322754,0.009293834678828716,0.027819188311696053
1137,0.0001310522228860381,0.0018138927407562733,0.011451366,0.04258982,0.9982365369796753,0.9757158756256104,0.008622403256595135,0.029362492263317108
1138,0.00016856276323034598,0.0018374574137851596,0.013028169,0.042865574,0.9977174997329712,0.9754003882408142,0.009865647181868553,0.028219465166330338
1139,0.0001193018155886834,0.0015721069648861885,0.010902479,0.039649803,0.9984015226364136,0.9789528250694275,0.008311845362186432,0.02709234692156315
1140,0.00013571936010107905,0.0016082419315353036,0.01166808,0.04010289,0.9981691837310791,0.9784690737724304,0.00892599206417799,0.027368340641260147
1141,0.00013839558001067914,0.001734658027999103,0.0117769325,0.041649226,0.9981348514556885,0.976776659488678,0.008918968960642815,0.02839907817542553
1142,0.00014058655440087685,0.0015947850188240409,0.0117328055,0.039934758,0.9981487989425659,0.9786492586135864,0.00879247859120369,0.026898816227912903
1143,0.00015012120771147735,0.001647760858759284,0.012149477,0.040592622,0.9980149865150452,0.977940022945404,0.008903727866709232,0.027898401021957397
1144,0.00015295786017139272,0.0016485545784235,0.012175615,0.040602397,0.9980064630508423,0.9779293537139893,0.009062999859452248,0.027539581060409546
1145,0.00015273927089186725,0.0016924826195463538,0.012239568,0.041139793,0.9979854226112366,0.9773412942886353,0.009167380630970001,0.028015902265906334
1146,0.00013181539179640822,0.001767599955201149,0.011494667,0.042042837,0.9982231855392456,0.9763355851173401,0.008684331551194191,0.027527842670679092
1147,0.00012421675406089477,0.001577138900756836,0.01109482,0.039713208,0.9983446598052979,0.9788854718208313,0.008217237889766693,0.026958132162690163
1148,0.00013132968822240153,0.001692533609457314,0.011458174,0.041140415,0.9982344508171082,0.977340579032898,0.008571350947022438,0.027837419882416725
1149,0.00013318405134751546,0.0018109162338078022,0.011524155,0.042554863,0.998214066028595,0.9757556915283203,0.008555943146348,0.029056835919618607
1150,0.00013805157637265935,0.0017725458601489663,0.011586474,0.042101614,0.998194694519043,0.9762693643569946,0.008718809112906456,0.028503388166427612
1151,0.00015068337597767822,0.001606256584636867,0.012276064,0.04007813,0.9979733824729919,0.9784956574440002,0.009385795332491398,0.027515137568116188
1152,0.00013691151318859986,0.0017229561926797032,0.011680476,0.04150851,0.9981653094291687,0.9769333004951477,0.00883554294705391,0.028903212398290634
1153,0.00014504744732138616,0.0016694661462679505,0.012040142,0.0408591,0.9980505704879761,0.9776493906974792,0.009083813987672329,0.02775118686258793
1154,0.00013914986530752768,0.0016659515677019954,0.011800964,0.040816072,0.9981272220611572,0.9776964783668518,0.00890824943780899,0.02778419479727745
1155,0.00012929672547298568,0.0017473932821303606,0.011370439,0.041801833,0.9982613921165466,0.9766061305999756,0.008717593736946583,0.02851579710841179
1156,0.0001397591668964279,0.0017276372527703643,0.011736575,0.041564856,0.9981476068496704,0.9768706560134888,0.008994988165795803,0.02886577881872654
1157,0.0001467910293616693,0.0016364357434213161,0.012032109,0.040452883,0.9980531334877014,0.9780915975570679,0.009187239222228527,0.02786068804562092
1158,0.00012840215442173013,0.0017691925168037415,0.011328895,0.042061772,0.9982740879058838,0.9763143062591553,0.008678421378135681,0.028241662308573723
1159,0.00014341959037913264,0.001663631177507341,0.011961972,0.040787637,0.9980757832527161,0.9777275323867798,0.009007217362523079,0.02726980857551098
1160,0.00011772898869821802,0.0017056165961548686,0.010809715,0.041299112,0.9984286427497864,0.9771654605865479,0.008137068711221218,0.02775409445166588
1161,0.00013414882249145938,0.0017426250269636512,0.011489778,0.041744757,0.998224675655365,0.97666996717453,0.008735076524317265,0.027711613103747368
1162,0.00012740614395376971,0.0016518512275069952,0.011301904,0.040642973,0.9982823133468628,0.9778852462768555,0.008538486436009407,0.027211042121052742
1163,0.00012266979948352937,0.0018272253219038248,0.011109141,0.042746052,0.998340368270874,0.9755373597145081,0.008363956585526466,0.02870802953839302
1164,0.00011584076392781836,0.0016870265826582909,0.010737224,0.04107343,0.9984496235847473,0.9774143099784851,0.008196540176868439,0.027784191071987152
1165,0.00012794664078021677,0.001753663644194603,0.011225355,0.041876767,0.9983054995536804,0.9765222072601318,0.008665932342410088,0.02801491878926754
1166,0.00012161432988994585,0.0018452078802511096,0.011000533,0.042955883,0.9983726739883423,0.9752966165542603,0.008360730484127998,0.02863806113600731
1167,0.00013726298857363872,0.001923422678373754,0.011559975,0.043856844,0.998202919960022,0.9742494821548462,0.008683632127940655,0.02978227660059929
1168,0.0002224530729687434,0.0017999074188992381,0.014936526,0.042425316,0.9969998002052307,0.9759030938148499,0.011045633815228939,0.029071303084492683
1169,0.00016736651807811788,0.0018297735368832946,0.012962402,0.04277585,0.9977404475212097,0.9755032658576965,0.009781170636415482,0.02836468070745468
1170,0.00013433875574264675,0.0018768245354294777,0.011595781,0.043322336,0.998191773891449,0.9748733043670654,0.008775662630796432,0.028332212939858437
1171,0.0001321937167879448,0.0016667047748342156,0.011425175,0.040825296,0.99824458360672,0.9776864051818848,0.008392089046537876,0.027659816667437553
1172,0.00014972347112647682,0.0016828455263748765,0.0122576775,0.041022502,0.997979462146759,0.9774702787399292,0.009162385948002338,0.027380090206861496
1173,0.0001218384895764757,0.001779358834028244,0.0110693835,0.042182446,0.9983522295951843,0.9761781692504883,0.008309013210237026,0.027864107862114906
1174,0.00016557758300967345,0.0018670307472348213,0.012871907,0.04320915,0.9977719187736511,0.9750044345855713,0.00946478359401226,0.029502373188734055
1175,0.00014728663088383408,0.0016309788916260004,0.012155263,0.04038538,0.9980130791664124,0.9781646728515625,0.009179264307022095,0.02758474089205265
1176,0.00013839228135607712,0.0017097099917009473,0.011734221,0.04134864,0.9981483817100525,0.9771106243133545,0.00888958852738142,0.02849433571100235
1177,0.00018159716538238254,0.0018333896296098828,0.013465255,0.0428181,0.9975617527961731,0.9754548072814941,0.010161942802369595,0.02818073332309723
1178,0.00016794653889850122,0.001858547329902649,0.012879118,0.043110874,0.9977694153785706,0.9751180410385132,0.009665527381002903,0.028785843402147293
1179,0.00019035789294073103,0.0019052483839914203,0.013823737,0.043649152,0.9974302053451538,0.9744927883148193,0.010409780777990818,0.028540577739477158
1180,0.00014957836108144627,0.0019425380742177367,0.012229153,0.044074234,0.9979888796806335,0.9739935398101807,0.009196254424750805,0.029826372861862183
1181,0.00014774416591866282,0.001723659224808216,0.012115653,0.041516975,0.9980260133743286,0.9769238829612732,0.009238678961992264,0.0277249813079834
1182,0.00013534761786683123,0.0017110607586801052,0.011608089,0.04136497,0.9981879591941833,0.9770925641059875,0.008811009116470814,0.027752919122576714
1183,0.00015657185113840652,0.0019305068999528885,0.012517363,0.043937538,0.9978929758071899,0.9741546511650085,0.009431236423552036,0.030159523710608482
1184,0.00021710802949118343,0.0017166993347927928,0.0147495745,0.04143307,0.9970744252204895,0.9770170450210571,0.011256246827542782,0.02841702662408352
1185,0.0001832407684890892,0.0016990533331409097,0.013565987,0.041219573,0.997525155544281,0.9772533178329468,0.010210507549345493,0.02801254577934742
1186,0.0001285784115184056,0.001529380795545876,0.011319772,0.0391073,0.9982768297195435,0.9795248508453369,0.008719278499484062,0.02683226205408573
1187,0.00013696587418301286,0.0018579628085717559,0.011702795,0.043104094,0.9981582760810852,0.9751258492469788,0.008790605701506138,0.028695326298475266
1188,0.00021937316738661718,0.0018160653999075294,0.014754893,0.04261532,0.9970723390579224,0.97568678855896,0.009844084270298481,0.029237905517220497
1189,0.0004195183266181795,0.0020156842656433582,0.020613018,0.04489637,0.9942861199378967,0.9730142951011658,0.012040043249726295,0.030303386971354485
1190,0.0003735526314068755,0.00211457721889019,0.019175887,0.045984533,0.995055079460144,0.97169029712677,0.011307023465633392,0.030131030827760696
1191,0.00031195060000754893,0.0018744657281786203,0.017519865,0.0432951,0.9958722591400146,0.9749048948287964,0.012269359081983566,0.02961862087249756
1192,0.0002605253222017464,0.0019104672828689218,0.016031368,0.04370889,0.9965438842773438,0.9744229316711426,0.011402023024857044,0.029509859159588814
1193,0.0002184719857971438,0.0019373681861907244,0.014819688,0.04401555,0.9970465898513794,0.9740628004074097,0.010619953274726868,0.02955572120845318
1194,0.00021763186106744053,0.0020604808814823627,0.014637003,0.04539252,0.9971189498901367,0.9724145531654358,0.010518873110413551,0.029276950284838676
1195,0.00019039553047729316,0.0018480962608009577,0.013812772,0.04298949,0.9974342584609985,0.975257933139801,0.010481654666364193,0.0295327827334404
1196,0.00016184939059629951,0.0017684290651232004,0.012729492,0.042052694,0.9978209137916565,0.9763244986534119,0.009558395482599735,0.027940427884459496
1197,0.00016511473288780755,0.001744218054227531,0.012876177,0.04176384,0.9977704286575317,0.9766486287117004,0.009627161547541618,0.028438786044716835
1198,0.00014802116129430942,0.0017284261994063854,0.012145356,0.041574344,0.998016357421875,0.9768600463867188,0.009145122021436691,0.02792549319565296
1199,0.00013860929605222984,0.0018362771952524781,0.011732449,0.042851806,0.9981489181518555,0.9754161834716797,0.00893179327249527,0.028451047837734222
1200,0.00015157622295770455,0.0019374772673472762,0.012315346,0.044016786,0.9979603886604309,0.9740613102912903,0.009147405624389648,0.028610100969672203
1201,0.00015720491236689585,0.0019299708073958755,0.012481779,0.043931436,0.997904896736145,0.9741618037223816,0.0092920558527112,0.02986164018511772
1202,0.00014386927564787172,0.0017823606031015515,0.01200911,0.042218015,0.9980605840682983,0.9761379957199097,0.008990664035081863,0.028520168736577034
1203,0.00013217333881501955,0.0018157900776714087,0.0114486255,0.042612087,0.9982373714447021,0.9756904244422913,0.008554057218134403,0.028752649202942848
1204,0.00016194625641219318,0.0017644396284595132,0.012716579,0.042005233,0.9978253245353699,0.9763779044151306,0.009522889740765095,0.028027581050992012
1205,0.00013640182805829681,0.0017007497372105718,0.01169452,0.041240145,0.9981608390808105,0.9772306084632874,0.008738839998841286,0.028562823310494423
1206,0.00014301017025983046,0.001957980915904045,0.011953104,0.044249076,0.9980786442756653,0.9737868309020996,0.009013037197291851,0.03064461052417755
1207,0.00016123431917301124,0.0016120794462040067,0.012702369,0.04015071,0.9978302121162415,0.978417694568634,0.009631245397031307,0.027793290093541145
1208,0.00016428839609778316,0.0018140466418117285,0.012758149,0.042591624,0.9978111386299133,0.9757137894630432,0.009625098668038845,0.0283405389636755
1209,0.00015089472832518038,0.001871319836936891,0.012232949,0.043258756,0.9979876279830933,0.9749470353126526,0.00917835347354412,0.029052039608359337
1210,0.00013942771924617276,0.001845074351876974,0.011715588,0.042954326,0.9981542229652405,0.9752984046936035,0.008873551152646542,0.028681358322501183
1211,0.0001271616740930106,0.0017378104384988546,0.011292764,0.041687056,0.9982850551605225,0.9767343997955322,0.008610056713223457,0.028425808995962143
1212,0.0001196150670611215,0.0017768082907423377,0.010913131,0.042152204,0.9983984231948853,0.9762123227119446,0.00820742268115282,0.029743017628788948
1213,0.00011772698648697273,0.001761406078003347,0.010827004,0.041969106,0.9984236359596252,0.9764185547828674,0.008260847069323063,0.028148069977760315
1214,0.00012052802908742292,0.0017990322085097432,0.010953872,0.042415,0.9983864426612854,0.9759147763252258,0.008276850916445255,0.028903549537062645
1215,0.00013534158742087047,0.0018206023378297687,0.011644829,0.042668518,0.9981764554977417,0.9756259918212891,0.00874740444123745,0.029200157150626183
1216,0.00012586873576351948,0.0018818473909050226,0.01123333,0.043380268,0.9983030557632446,0.9748060703277588,0.00841790996491909,0.029514025896787643
1217,0.00013856593233702534,0.0016763258026912808,0.011790772,0.04094296,0.9981304407119751,0.9775575995445251,0.008986378088593483,0.027626028284430504
1218,0.00011517246655950493,0.0016909465193748474,0.010652542,0.041121118,0.9984740018844604,0.9773618578910828,0.008243209682404995,0.027707980945706367
1219,0.00011445656888430345,0.0016872193664312363,0.010695162,0.041075777,0.9984617829322815,0.9774117469787598,0.008060401305556297,0.02785636857151985
1220,0.0001272625456542962,0.0018203541403636336,0.011078718,0.04266561,0.9983494281768799,0.9756293296813965,0.008019001223146915,0.02888515777885914
1221,0.0001345893496446396,0.0018091141246259212,0.011571833,0.04253368,0.9981992840766907,0.9757798314094543,0.008632877841591835,0.028763163834810257
1222,0.00011112153978584419,0.0017776741879060864,0.010526568,0.042162478,0.9985098838806152,0.9762007594108582,0.008004208095371723,0.02803182229399681
1223,0.00013007422636622903,0.001757476944476366,0.011408808,0.04192227,0.9982496500015259,0.9764711260795593,0.008646640926599503,0.028046971186995506
1224,0.00016655340302597986,0.001744631677865982,0.012761646,0.041768786,0.997809886932373,0.9766430854797363,0.00948437862098217,0.028531191870570183
1225,0.0001499498093008614,0.0016938424669206142,0.012227462,0.041156318,0.9979894161224365,0.977323055267334,0.009124758653342724,0.0274379700422287
1226,0.00016024415295264177,0.0018763182451948524,0.012659925,0.04331649,0.9978446960449219,0.9748800992965698,0.009529691189527512,0.02939717471599579
1227,0.00015927456743983467,0.0017974321963265538,0.012580152,0.042396136,0.9978717565536499,0.975936233997345,0.009619928896427155,0.028654854744672775
1228,0.00013930071013005957,0.0017042678082361817,0.011799876,0.041282777,0.9981275796890259,0.9771835207939148,0.008843901567161083,0.027541304007172585
1229,0.0001254414898787879,0.0016954734455794096,0.011169168,0.041176125,0.9983223676681519,0.9773012399673462,0.008499358780682087,0.028005443513393402
1230,0.0001378059056481685,0.0018738884245976806,0.011773211,0.043288436,0.998136043548584,0.9749126434326172,0.00888864230364561,0.028384843841195107
1231,0.00013462562393132512,0.0017065989086404443,0.011584193,0.041311003,0.9981954097747803,0.9771522879600525,0.008747384883463383,0.028466498479247093
1232,0.00012775182172349147,0.0018205877859145403,0.011252991,0.042668343,0.9982970952987671,0.9756262302398682,0.008460012264549732,0.028661025688052177
1233,0.0001770225188176317,0.0018421006388962269,0.013295885,0.0429197,0.9976227283477783,0.9753382205963135,0.010145636275410652,0.02888401970267296
1234,0.00012339417431080207,0.0017592848744243383,0.011110046,0.04194383,0.9983401298522949,0.9764469265937805,0.008402260951697826,0.028157774358987808
1235,0.00015445498667593876,0.0019446851219981909,0.012435503,0.044098586,0.9979204535484314,0.9739648103713989,0.009265752509236336,0.03000028245151043
1236,0.00012791064628717405,0.0017888881266117096,0.011326346,0.042295247,0.9982748627662659,0.976050615310669,0.00846156943589449,0.028144903481006622
1237,0.00013775286623223855,0.0017454959452152252,0.0117633,0.041779134,0.9981391429901123,0.9766315221786499,0.00884848553687334,0.028119556605815887
1238,0.00013244182198170827,0.0016530058346688747,0.011511156,0.040657174,0.9982181191444397,0.9778698086738586,0.008472167886793613,0.027419978752732277
1239,0.0001306590959509115,0.0018655640305951238,0.011353193,0.043192178,0.9982666373252869,0.9750241041183472,0.008524972014129162,0.028620192781090736
1240,0.0001749934993065174,0.0018189260736107826,0.013259181,0.04264887,0.9976358413696289,0.9756484627723694,0.009677905589342117,0.029408931732177734
1241,0.00017367361446800217,0.0018314130138605833,0.013159258,0.04279501,0.9976713061332703,0.9754812717437744,0.009609592147171497,0.028811722993850708
1242,0.00016383432772603226,0.0017941734986379743,0.012787611,0.042357683,0.9978010058403015,0.9759798645973206,0.009657514281570911,0.028622891753911972
1243,0.000125403270596342,0.0017032631440088153,0.011172555,0.04127061,0.9983213543891907,0.9771969318389893,0.008518438786268234,0.027802525088191032
1244,0.00012916474555492061,0.0017694837879389524,0.011358575,0.042065233,0.9982650279998779,0.9763103723526001,0.008598665706813335,0.028481056913733482
1245,0.00016986144096749328,0.0018525123596191406,0.013057981,0.043040823,0.9977070093154907,0.9751988053321838,0.009663225151598454,0.02954733371734619
1246,0.00015795305807841942,0.0016850343672558665,0.012528933,0.04104917,0.9978890419006348,0.9774410128593445,0.00947643257677555,0.027859872207045555
1247,0.00015658230867385018,0.0018732276512309909,0.012497819,0.0432808,0.9978995323181152,0.974921464920044,0.009537342935800552,0.029267823323607445
1248,0.00012928072961089626,0.0017686906503513455,0.01132046,0.042055804,0.9982766509056091,0.9763209819793701,0.00864045787602663,0.0285874642431736
1249,0.00015430042350834066,0.0017565659945830703,0.012441115,0.04191141,0.9979185461997986,0.9764833450317383,0.00935501977801323,0.028646904975175858
1250,0.0001777962150464935,0.001788196386769414,0.013322964,0.04228707,0.9976130127906799,0.9760598540306091,0.010082364082336426,0.028795577585697174
1251,0.00013228048059814185,0.0016634511994197965,0.011501712,0.040785428,0.9982210397720337,0.9777299165725708,0.008793160319328308,0.027462178841233253
1252,0.00011906295350689271,0.0016018314054235816,0.010904475,0.040022884,0.9984009861946106,0.978554904460907,0.008160126395523548,0.027346696704626083
1253,0.0001278860179974634,0.001640142174437642,0.011194447,0.04049867,0.9983147978782654,0.9780420064926147,0.008328353986144066,0.02749767154455185
1254,0.0001410135158618108,0.001718450803309679,0.011794925,0.0414542,0.99812912940979,0.9769936203956604,0.008834590204060078,0.0284698735922575
1255,0.00019908074384809217,0.0018994919955730438,0.014099566,0.043583162,0.9973266124725342,0.9745698571205139,0.010547581128776073,0.02983047626912594
1256,0.00013978865337611006,0.0017588192131370306,0.011813307,0.041938283,0.998123288154602,0.9764531850814819,0.008959201164543629,0.02861804887652397
1257,0.00011914012661277825,0.0017177893314510584,0.010918771,0.041446224,0.9983967542648315,0.9770024418830872,0.008417226374149323,0.02759447507560253
1258,0.00010356227771394929,0.001652959850616753,0.010122893,0.04065661,0.9986220002174377,0.9778704047203064,0.007678668014705181,0.028072074055671692
1259,0.00012631720727023838,0.0017967151943594217,0.01120864,0.042387675,0.9983105063438416,0.9759458303451538,0.008482390083372593,0.02921823412179947
1260,0.00014312629917350768,0.0016802133759483695,0.011954174,0.04099041,0.9980782866477966,0.9775055050849915,0.009105736389756203,0.028169026598334312
1261,0.00012202751432513733,0.0018264204263687134,0.011040945,0.042736642,0.9983606934547424,0.9755481481552124,0.00830739177763462,0.02861921116709709
1262,0.00010653464249282314,0.001678049098700285,0.010323151,0.040963996,0.9985669255256653,0.9775345325469971,0.007838553749024868,0.02765023708343506
1263,0.0001243594422042158,0.001724547240883112,0.011181827,0.04152767,0.998318612575531,0.9769120216369629,0.008576354943215847,0.02800540253520012
1264,0.00012096585553742692,0.001817800453864038,0.011009145,0.04263567,0.9983701109886169,0.9756635427474976,0.008344682864844799,0.029078565537929535
1265,0.00015889322590241633,0.00171465496532619,0.012519885,0.041408394,0.9978920817375183,0.977044403553009,0.009339967742562294,0.02909027971327305
1266,0.0001594636001259046,0.0017034834017977118,0.012598005,0.041273277,0.9978657364845276,0.9771940112113953,0.00938242394477129,0.027791811153292656
1267,0.0001306254654826427,0.0016566754784435034,0.011366976,0.04070228,0.9982624650001526,0.977820634841919,0.008667221292853355,0.027800021693110466
1268,0.0001259317825976971,0.0016749732894822955,0.011228376,0.040926438,0.998304545879364,0.9775756597518921,0.00857518520206213,0.028136905282735825
1269,0.00012662501103477553,0.0017667778301984072,0.011068868,0.042033058,0.9983524084091187,0.9763466119766235,0.008379229344427586,0.028656071051955223
1270,0.00014738099377030846,0.0016167208086699247,0.012092897,0.040208466,0.9980334043502808,0.9783555865287781,0.009225067682564259,0.02782963030040264
1271,0.0001700244505297054,0.0015806228620931506,0.013077496,0.03975705,0.9977001547813416,0.9788388609886169,0.00968065857887268,0.02734464406967163
1272,0.00015391828393066217,0.0017732522683218122,0.012405765,0.042110004,0.9979303479194641,0.9762599468231201,0.009294859133660793,0.02899317443370819
1273,0.00012750286160470833,0.0017072617774829268,0.011282213,0.041319024,0.9982882738113403,0.977143406867981,0.008526158519089222,0.027675030753016472
1274,0.00013037360556402498,0.0017126224702224135,0.011422063,0.041383844,0.9982455372810364,0.9770716428756714,0.008746998384594917,0.02798466384410858
1275,0.0001323332693242595,0.0017328636022284627,0.01149271,0.04162768,0.9982237815856934,0.9768006801605225,0.00857409555464983,0.027931775897741318
1276,0.00011008667206624523,0.0017178072594106197,0.01047243,0.04144644,0.9985251426696777,0.9770022034645081,0.00791244674474001,0.027993913739919662
1277,9.932041145723566e-05,0.0017814531456679106,0.009913955,0.042207263,0.9986782670021057,0.9761501550674438,0.007508815266191959,0.028297198936343193
1278,0.00011040018547315744,0.0017050025053322315,0.010510415,0.041291676,0.9985144734382629,0.9771736860275269,0.00795768853276968,0.027504876255989075
1279,0.00012695710955251178,0.0017163396114483476,0.011312303,0.041428726,0.9982790946960449,0.9770218729972839,0.008493618108332157,0.028126325458288193
1280,0.00010260164113291962,0.001756504992954433,0.010140964,0.04191068,0.9986170530319214,0.9764841794967651,0.0077884080819785595,0.028185270726680756
1281,0.00012768174995223737,0.0018872470827773213,0.011322603,0.043442458,0.9982759952545166,0.9747337698936462,0.008497784845530987,0.029866758733987808
1282,0.0001421759076368868,0.0016544874524697661,0.011928575,0.04067539,0.9980865120887756,0.9778499603271484,0.008801122196018696,0.027843426913022995
1283,0.00011384823962792076,0.0018131611868739128,0.010624195,0.042581234,0.9984821081161499,0.9757256507873535,0.008095125667750835,0.028304854407906532
1284,0.00013316061251151206,0.0017704454949125648,0.01140086,0.042076666,0.9982520937919617,0.9762974977493286,0.008494929410517216,0.028645213693380356
1285,0.00012065989457451823,0.001642716582864523,0.010986253,0.040530443,0.9983769059181213,0.9780075550079346,0.008229726925492287,0.027873987331986427
1286,0.0001251812748457517,0.0017255028942599893,0.01113687,0.04153917,0.9983320832252502,0.9768992066383362,0.008460263721644878,0.02793079800903797
1287,0.00013814214153998446,0.0018418728141114116,0.011693721,0.042917047,0.9981611371040344,0.975341260433197,0.008903848938643932,0.028482798486948013
1288,0.00012614810673932715,0.0017738337628543377,0.011153668,0.042116906,0.9983270764350891,0.9762521386146545,0.008331852033734322,0.02812368981540203
1289,0.00016388003099233504,0.0017561960266903043,0.012763375,0.041906994,0.9978092908859253,0.9764882922172546,0.008496993221342564,0.02807770110666752
1290,0.00017971261794710617,0.0017226730706170201,0.013286157,0.0415051,0.9976261854171753,0.9769370555877686,0.009242257103323936,0.0290505550801754
1291,0.00019222444494847548,0.0018103837501257658,0.013896607,0.042548604,0.9974030256271362,0.9757628440856934,0.009996170178055763,0.028673283755779266
1292,0.00019115423525694166,0.001772965886630118,0.013828242,0.0421066,0.9974285364151001,0.9762637615203857,0.010213569737970829,0.029516160488128662
1293,0.00015390743150915526,0.0015840234700590372,0.012395737,0.03979979,0.9979336857795715,0.9787933230400085,0.009293205104768276,0.027576584368944168
1294,0.00012717839986593887,0.0016212398186326027,0.011227375,0.04026462,0.9983048439025879,0.978295087814331,0.008584834635257721,0.027154428884387016
1295,0.00010746415269254199,0.0017362937796860933,0.010372362,0.041668862,0.9985532164573669,0.9767547249794006,0.00796437170356512,0.028100190684199333
1296,0.00011993762018391863,0.001615613466128707,0.010940692,0.040194694,0.9983903169631958,0.9783703684806824,0.008181841112673283,0.027286915108561516
1297,0.00011028623207080686,0.0016101411310955882,0.010449969,0.040126562,0.9985314607620239,0.9784436225891113,0.007981170900166035,0.027572471648454666
1298,9.577350647305138e-05,0.001655166270211339,0.009758757,0.04068374,0.998719334602356,0.9778408408164978,0.007525010034441948,0.027515672147274017
1299,0.00010311051995482889,0.0015856140526011586,0.010143623,0.03981977,0.9986163377761841,0.978771984577179,0.0076720514334738255,0.027071736752986908
1300,9.267103450838476e-05,0.0016470366390421987,0.009588785,0.0405837,0.9987635612487793,0.9779496788978577,0.007320455275475979,0.027515742927789688
1301,9.770950782694854e-05,0.0016723118023946881,0.009837946,0.04089391,0.9986984729766846,0.9776113033294678,0.007433116901665926,0.02801790088415146
1302,0.00010948991025956771,0.0016987855779007077,0.010418055,0.041216325,0.998540461063385,0.9772568941116333,0.007809577044099569,0.02793125808238983
1303,0.00017439723325713368,0.0016305370954796672,0.012930174,0.04037991,0.9977517127990723,0.9781705737113953,0.009581729769706726,0.027438998222351074
1304,0.00018964893256038934,0.0017620805883780122,0.013833737,0.041977145,0.9974265098571777,0.9764094948768616,0.010252082720398903,0.028604213148355484
1305,0.00015948086002026685,0.001685110735706985,0.012642984,0.0410501,0.9978504776954651,0.9774399399757385,0.009211067110300064,0.028212102130055428
1306,0.00020418109819398853,0.0018532470567151904,0.014330362,0.043049358,0.9972383975982666,0.9751889705657959,0.01055906806141138,0.029259074479341507
1307,0.0001455793459502853,0.001796193071641028,0.012008668,0.042381518,0.9980607032775879,0.9759528040885925,0.009108106605708599,0.02903854288160801
1308,0.00018486324783721514,0.0017915386706590652,0.013622166,0.042326573,0.9975045919418335,0.9760151505470276,0.010006995871663094,0.029209163039922714
1309,0.0003063035543494731,0.0018979520536959171,0.01758019,0.043565493,0.9958438277244568,0.9745904803276062,0.01267428882420063,0.029090899974107742
1310,0.0002831486152982424,0.0017792725702747703,0.016820753,0.04218143,0.9961951375007629,0.9761793613433838,0.011269341222941875,0.028419960290193558
1311,0.0001852564303341999,0.001898070564493537,0.013633619,0.04356685,0.9975004196166992,0.9745888710021973,0.010153708048164845,0.0293534304946661
1312,0.00015627048626563257,0.00184364162851125,0.012498211,0.042937648,0.9978994131088257,0.9753175973892212,0.009459279477596283,0.028969617560505867
1313,0.00016676205698538317,0.0017704963684082031,0.012910219,0.042077266,0.9977586269378662,0.9762968420982361,0.009480752982199192,0.028395431116223335
1314,0.00017313084754277952,0.001820791163481772,0.013161646,0.04267073,0.9976704716682434,0.9756234884262085,0.009762026369571686,0.029377713799476624
1315,0.00017292273564221844,0.0017101685516536236,0.0130691,0.041354187,0.9977031350135803,0.9771044850349426,0.009816423989832401,0.028170861303806305
1316,0.0001585592974813401,0.00170904363039881,0.012568167,0.04134058,0.9978758096694946,0.9771195650100708,0.009529056958854198,0.028308136388659477
1317,0.00016188615137996914,0.0018291601445525885,0.012739672,0.042768683,0.9978174567222595,0.9755114316940308,0.009583260864019394,0.028837643563747406
1318,0.00014933861927023497,0.0016489428235217929,0.012222183,0.040607177,0.997991144657135,0.9779241681098938,0.00919263157993555,0.028330227360129356
1319,0.00015373092041541398,0.0017050891183316708,0.012387793,0.041292723,0.9979363679885864,0.9771724939346313,0.009354135021567345,0.027921931818127632
1320,0.00012799620493420991,0.0017096094088628888,0.011309006,0.04134742,0.9982801079750061,0.9771119952201843,0.00854080356657505,0.028055313974618912
1321,0.00011903116121009754,0.0017080387333407998,0.010873069,0.041328426,0.998410165309906,0.97713303565979,0.00813621561974287,0.028935514390468597
1322,0.00013527355192557232,0.0017369544366374612,0.011613091,0.04167679,0.9981864094734192,0.9767459034919739,0.00875151064246893,0.02749612182378769
1323,0.00012238251921106976,0.0016475330339744687,0.011063142,0.040589813,0.9983540773391724,0.9779430627822876,0.008474398404359818,0.027793949469923973
1324,0.00011954694888448681,0.0016383541515097022,0.010942791,0.04047659,0.998389720916748,0.9780659079551697,0.008300559595227242,0.02738996595144272
1325,0.00010716583776890978,0.0016043477226048708,0.0103171365,0.040054306,0.998568594455719,0.9785212278366089,0.007668252568691969,0.02676897682249546
1326,0.0001108844381550708,0.0015648995758965611,0.010538766,0.039558813,0.9985064268112183,0.9790493249893188,0.007992088794708252,0.026893021538853645
1327,0.00011201777769284408,0.0016305038006976247,0.010602526,0.0403795,0.9984883069992065,0.9781710505485535,0.008006418123841286,0.02779652550816536
1328,0.00011604990504565649,0.0017563659930601716,0.010663009,0.04190902,0.9984710216522217,0.9764860272407532,0.008130942471325397,0.027856307104229927
1329,0.0001297151515741875,0.0017213326646015048,0.011383345,0.04148895,0.9982574582099915,0.9769550561904907,0.008563922718167305,0.028132328763604164
1330,0.0001016381806535223,0.0017233166145160794,0.010048506,0.041512847,0.9986421465873718,0.9769284725189209,0.007485818117856979,0.02722748927772045
1331,0.0001082747939190912,0.0017478535883128643,0.010395446,0.04180734,0.9985467791557312,0.9765999913215637,0.007951147854328156,0.027561338618397713
1332,0.00015295968246804975,0.0017889473820105195,0.01225585,0.04229595,0.9979800581932068,0.9760498404502869,0.009175180457532406,0.028289485722780228
1333,0.00011334247855384919,0.0016595759661868215,0.010643989,0.040737893,0.9984764456748962,0.9777818322181702,0.007997369393706322,0.02733696810901165
1334,0.0001382560823747719,0.001670438447035849,0.01164121,0.040870998,0.9981775879859924,0.9776363968849182,0.00866617914289236,0.027704747393727303
1335,0.00012032316557121125,0.0016400504391640425,0.010968411,0.040497538,0.9983821511268616,0.9780431985855103,0.008232470601797104,0.027616798877716064
1336,0.00013101263307775795,0.0017234762199223042,0.011266848,0.041514773,0.9982929229736328,0.976926326751709,0.008497529663145542,0.028375910595059395
1337,0.0001487473835533654,0.0016633248887956142,0.012184432,0.04078388,0.9980035424232483,0.9777316451072693,0.00910219270735979,0.0275530144572258
1338,0.0001255985926863187,0.0016468032263219357,0.011230248,0.04058082,0.998304009437561,0.9779528379440308,0.00850760843604803,0.0274985171854496
1339,0.00010555589919518256,0.0017960619879886508,0.010179504,0.04237997,0.9986065030097961,0.9759545922279358,0.007709800731390715,0.028011981397867203
1340,0.00013640128633017991,0.001647355267778039,0.011661523,0.040587623,0.9981712102890015,0.9779454469680786,0.00856568943709135,0.027876004576683044
1341,0.0001021242070154668,0.001690561417490244,0.010116692,0.04111644,0.9986236691474915,0.9773669838905334,0.007647685240954161,0.02835058979690075
1342,0.00012122965364886278,0.0017913595074787736,0.010967349,0.042324454,0.9983824491500854,0.9760175347328186,0.008403965272009373,0.027933314442634583
1343,0.00014338716507402503,0.0018403378780931234,0.011955851,0.04289916,0.9980777502059937,0.9753618240356445,0.009178616106510162,0.028985420241951942
1344,0.0001330647530928466,0.001849688240326941,0.011544377,0.043008003,0.9982078075408936,0.9752365946769714,0.008674796670675278,0.02894522249698639
1345,0.00016765524692759342,0.0017192618688568473,0.012915404,0.041463982,0.997756838798523,0.9769827723503113,0.009629596024751663,0.028472790494561195
1346,0.00016239996065533805,0.0017901426181197166,0.0127847325,0.042310078,0.9978019595146179,0.9760338068008423,0.009476512670516968,0.028548920527100563
1347,0.0001116532637917606,0.0017347699031233788,0.010554972,0.041650567,0.9985018372535706,0.9767751097679138,0.007940219715237617,0.027808353304862976
1348,0.00012800323813942006,0.0017487327568233013,0.01129348,0.04181785,0.9982848167419434,0.9765881896018982,0.00835865456610918,0.02791530266404152
1349,0.00011985510123353875,0.0017971881898120046,0.010954399,0.042393252,0.9983862638473511,0.9759395122528076,0.008198441937565804,0.028359558433294296
1350,0.00011908003844754685,0.0018068341305479407,0.010905299,0.042506874,0.9984007477760315,0.9758103489875793,0.008297787979245186,0.028933806344866753
1351,0.00013132837689640425,0.0017294983845204115,0.011384979,0.041587237,0.9982569217681885,0.9768456816673279,0.008689658716320992,0.027662506327033043
1352,0.00012708263801125048,0.00169692886993289,0.011268107,0.0411938,0.9982925653457642,0.9772817492485046,0.008423716761171818,0.027767712250351906
1353,0.00011904083360356957,0.0016380571760237217,0.010889386,0.04047292,0.998405396938324,0.9780699014663696,0.008161860518157482,0.027605155482888222
1354,0.00013818481370849028,0.0015699176583439112,0.011779035,0.039622188,0.998134195804596,0.978982150554657,0.008887290954589844,0.026837455108761787
1355,0.0001097452715674246,0.0016448880778625607,0.010426382,0.04055722,0.9985381364822388,0.9779784679412842,0.007974112406373024,0.0278523750603199
1356,0.00010740950826650739,0.0017195655964314938,0.010368075,0.041467648,0.9985544085502625,0.9769786596298218,0.007813045755028725,0.028235282748937607
1357,0.00010696130067861469,0.0017795945750549436,0.010326522,0.042185243,0.9985659718513489,0.9761750102043152,0.007792167365550995,0.028304986655712128
1358,0.0001079058985686226,0.001645995071157813,0.010280219,0.040570866,0.9985787868499756,0.9779636263847351,0.007882258854806423,0.027657609432935715
1359,9.807286485077135e-05,0.0017147568287327886,0.009877864,0.041409623,0.9986878633499146,0.977043092250824,0.007655838504433632,0.027733536437153816
1360,0.0001135335792655083,0.0017945731524378061,0.010583974,0.042362403,0.9984935522079468,0.9759745001792908,0.007724610157310963,0.02841026708483696
1361,0.0001182775287650822,0.0019021597690880299,0.0108729955,0.04361376,0.998410165309906,0.9745341539382935,0.008157570846378803,0.028637973591685295
1362,0.00012114256208984774,0.001729775918647647,0.011021721,0.041590575,0.9983664155006409,0.9768419861793518,0.008294879458844662,0.027950193732976913
1363,0.00010388209954147565,0.00162626919336617,0.010164411,0.040327027,0.9986106753349304,0.9782277345657349,0.0076237027533352375,0.02722853794693947
1364,0.00010541603610776788,0.0016838693991303444,0.010272499,0.041034978,0.9985809326171875,0.9774565696716309,0.007908370345830917,0.027575340121984482
1365,9.633276997853748e-05,0.0017170654609799385,0.0097883735,0.04143749,0.9987115263938904,0.9770121574401855,0.007414329797029495,0.0277330931276083
1366,0.00011181140342325142,0.001727218390442431,0.01056991,0.04155982,0.9984976053237915,0.9768762588500977,0.008049468509852886,0.0282587893307209
1367,0.00010489630916378123,0.0016920672496780753,0.010218214,0.041134745,0.9985958933830261,0.9773468375205994,0.007797128055244684,0.027941478416323662
1368,0.00010485624873333357,0.001749904709868133,0.0102578625,0.041831862,0.9985849857330322,0.9765725135803223,0.007829747162759304,0.02812369354069233
1369,0.00011321598603072661,0.001773375435732305,0.010635406,0.042111464,0.998478889465332,0.9762582778930664,0.008114657364785671,0.028902968391776085
1370,0.000105877044089456,0.001686377334408462,0.010310789,0.041065525,0.9985703229904175,0.9774230122566223,0.007928116247057915,0.027672000229358673
1371,0.00010352518405521882,0.0017662530299276114,0.010158237,0.042026818,0.9986123442649841,0.976353645324707,0.007770432159304619,0.02771449275314808
1372,8.323438007871367e-05,0.0017450955929234624,0.009134707,0.04177434,0.9988778829574585,0.9766368865966797,0.0069817653857171535,0.028224457055330276
1373,9.686471953913993e-05,0.0017549925250932574,0.009812403,0.04189263,0.9987052083015442,0.976504385471344,0.007515888195484877,0.028174906969070435
1374,0.00010372526627510193,0.0017320946790277958,0.010177702,0.041618444,0.9986070394515991,0.9768109321594238,0.007764946669340134,0.02835274301469326
1375,9.849400620706464e-05,0.0016941099893301725,0.009866565,0.041159566,0.9986909031867981,0.9773194789886475,0.007472029887139797,0.027639079838991165
1376,9.986485400242435e-05,0.001694093574769795,0.0099895345,0.04115937,0.9986580610275269,0.9773197174072266,0.007618486415594816,0.027737101539969444
1377,9.511080596976998e-05,0.001848326064646244,0.009719668,0.042992163,0.9987295866012573,0.9752548336982727,0.007426099386066198,0.02943611331284046
1378,0.00010850194832362996,0.0017631289083510637,0.010442134,0.04198963,0.9985336661338806,0.9763954877853394,0.007867743261158466,0.028229517862200737
1379,9.61767757623668e-05,0.0016447119414806366,0.009810527,0.04055505,0.9987056851387024,0.9779807925224304,0.007432014215737581,0.027628935873508453
1380,0.00010549272569319741,0.0017383253434672952,0.01010252,0.041693226,0.9986275434494019,0.9767275452613831,0.0075690713711082935,0.027765147387981415
1381,0.00010743109867855145,0.0016804602928459644,0.010337401,0.04099342,0.9985629320144653,0.9775022268295288,0.007713647093623877,0.02763286605477333
1382,0.00011323566518099555,0.0016561760567128658,0.010639943,0.04069614,0.998477578163147,0.9778273105621338,0.00799370463937521,0.02739209681749344
1383,0.0001009825417978308,0.0017865236150100827,0.0099999085,0.042267285,0.9986552596092224,0.9760822653770447,0.007644589990377426,0.028178390115499496
1384,9.09568106263495e-05,0.0016150897135958076,0.009411483,0.04018818,0.9988088607788086,0.9783774018287659,0.007217532489448786,0.02687223069369793
1385,0.00011372507089452648,0.0017362688668072224,0.010572085,0.04166856,0.998496949672699,0.9767550826072693,0.008054705336689949,0.028387093916535378
1386,0.00013752568140096793,0.0017087473534047604,0.011725405,0.041337,0.9981511235237122,0.977123498916626,0.008625336922705173,0.0285854060202837
1387,0.0001265699495640795,0.0017059196252375841,0.011207767,0.04130278,0.9983108043670654,0.9771614074707031,0.00843840278685093,0.02816295623779297
1388,9.871120147925632e-05,0.0016476743621751666,0.009921404,0.040591557,0.9986763000488281,0.9779411554336548,0.007470123935490847,0.027422087267041206
1389,0.00010399579266297884,0.0016475574811920524,0.0101749925,0.04059012,0.9986077547073364,0.977942705154419,0.00765583012253046,0.02768103778362274
1390,0.00010892574871170588,0.0018448882037773728,0.010374426,0.042952165,0.9985526204109192,0.9753009080886841,0.007833775132894516,0.02805919386446476
1391,0.00010580864777280526,0.0017211611848324537,0.010303795,0.041486878,0.9985722899436951,0.9769573211669922,0.007901761680841446,0.02835361286997795
1392,0.00012139752487366258,0.0017635428812354803,0.010978941,0.041994557,0.9983790516853333,0.9763899445533752,0.008309419266879559,0.0280433539301157
1393,0.00010531966571844268,0.0016841524047777057,0.010295239,0.041038428,0.9985746741294861,0.97745281457901,0.00781419686973095,0.027474278584122658
1394,0.00011264206213209863,0.0016977560007944703,0.010600911,0.041203834,0.9984887838363647,0.9772706627845764,0.007860648445785046,0.02766982838511467
1395,0.00010306031650874171,0.0017243589973077178,0.010166201,0.041525405,0.9986101388931274,0.9769145250320435,0.007616918999701738,0.027777938172221184
1396,9.661494120585054e-05,0.001738357008434832,0.00985265,0.04169361,0.9986945390701294,0.9767271280288696,0.007534886244684458,0.02816089242696762
1397,0.00010161958595166321,0.0017190770013257861,0.010095071,0.041461755,0.9986295104026794,0.9769852161407471,0.0077549307607114315,0.028224682435393333
1398,9.974650955965362e-05,0.001690652803517878,0.010001278,0.041117553,0.9986549019813538,0.9773657917976379,0.0075661661103367805,0.02800705097615719
1399,9.615471770468338e-05,0.0016668407479301095,0.009753703,0.04082696,0.998720645904541,0.9776845574378967,0.007387673947960138,0.02758372202515602
1400,0.00010922475749711421,0.0017371325520798564,0.0104840975,0.041678924,0.9985218644142151,0.9767435193061829,0.007899776101112366,0.027894528582692146
1401,0.00011611677291512024,0.0016778112621977925,0.01073163,0.040961094,0.9984512329101562,0.9775376915931702,0.007997296750545502,0.02742168679833412
1402,0.00014615700142299332,0.00171932193916291,0.012072373,0.04146471,0.9980400800704956,0.9769819378852844,0.00900844857096672,0.028072427958250046
1403,0.00011461590871807526,0.001635806867852807,0.010718942,0.04044511,0.9984549283981323,0.978100061416626,0.008205686695873737,0.027512792497873306
1404,9.620023047318682e-05,0.0016621301183477044,0.009804772,0.04076923,0.9987072348594666,0.9777476191520691,0.007487174589186907,0.027384307235479355
1405,0.00010472882885634053,0.0016828749794512987,0.010243175,0.04102286,0.998589038848877,0.9774699211120605,0.007779594976454973,0.027466777712106705
1406,0.0001173985662965358,0.0016613173065707088,0.010840303,0.04075926,0.9984197020530701,0.977758526802063,0.008183326572179794,0.02721259370446205
1407,0.00011507080258029005,0.0016473683062940836,0.01071515,0.040587787,0.9984560012817383,0.9779452681541443,0.008134189993143082,0.02744876779615879
1408,0.00012258712079280733,0.0018182045314460993,0.011037609,0.042640407,0.9983617067337036,0.975658118724823,0.0083643002435565,0.027977921068668365
1409,0.00010549237677795728,0.0017076436197385192,0.010279682,0.041323643,0.9985789656639099,0.9771382808685303,0.007724408991634846,0.028103524819016457
1410,0.00011002852889677425,0.0017386369872838259,0.010498685,0.04169697,0.9985177516937256,0.9767233729362488,0.00803721509873867,0.02814321033656597
1411,9.088862729682164e-05,0.0017511926125735044,0.009483965,0.041847255,0.998790442943573,0.9765552878379822,0.007250581867992878,0.02838057652115822
1412,9.745612756391479e-05,0.0017882658867165446,0.009848302,0.042287894,0.9986957311630249,0.9760589599609375,0.0075289481319487095,0.028706727549433708
1413,0.00010532218931819608,0.0017475109780207276,0.010211092,0.04180324,0.9985978603363037,0.9766045808792114,0.007743907626718283,0.028235750272870064
1414,0.00010061253917890347,0.0016736905090510845,0.010043115,0.040910766,0.9986436367034912,0.9775928854942322,0.007654218934476376,0.02783837914466858
1415,9.819670363371684e-05,0.0017962350975722075,0.009937006,0.042382013,0.9986721277236938,0.9759522676467896,0.007420406211167574,0.028646351769566536
1416,9.377195899353616e-05,0.0016427943482995033,0.009645105,0.0405314,0.9987489581108093,0.9780064821243286,0.00731686083599925,0.027051683515310287
1417,0.0001282151814931157,0.0016933921724557877,0.011268978,0.041150846,0.9982922673225403,0.9773290753364563,0.008442897349596024,0.027640389278531075
1418,0.00010810266625908712,0.0017449937295168638,0.010413552,0.04177312,0.9985417127609253,0.9766382575035095,0.007665772456675768,0.028537431731820107
1419,0.00012932197569170967,0.0017705889185890555,0.011340337,0.04207837,0.998270571231842,0.9762955904006958,0.008541669696569443,0.028627118095755577
1420,0.00013952586926858533,0.0017906640423461795,0.0117820995,0.04231624,0.9981332421302795,0.9760268330574036,0.008477562107145786,0.028112608939409256
1421,0.0001551639969958077,0.0018206944223493338,0.012419375,0.042669594,0.9979258179664612,0.9756247997283936,0.009238024242222309,0.02836504764854908
1422,0.00015233339251029645,0.0019075776217505336,0.012349482,0.043675825,0.9979491233825684,0.9744616150856018,0.008958674967288971,0.029141221195459366
1423,0.00022698442626278847,0.0019532234873622656,0.015030026,0.044195287,0.9969621300697327,0.9738504886627197,0.009866323322057724,0.02954043075442314
1424,0.00015199048952622846,0.0018889253260567784,0.012268259,0.04346177,0.9979760050773621,0.9747112989425659,0.00906967744231224,0.029939671978354454
1425,0.00014817079599279995,0.0017434543697163463,0.011992009,0.041754693,0.9980661273002625,0.9766588807106018,0.008789226412773132,0.027705693617463112
1426,0.00014261454734051685,0.0017206614138558507,0.011929376,0.041480854,0.9980862736701965,0.976963996887207,0.008951660245656967,0.028236614540219307
1427,0.00016429305337210693,0.0016471254639327526,0.012813583,0.040584795,0.9977920651435852,0.9779484868049622,0.009633971378207207,0.027519572526216507
1428,0.00016491418996751733,0.0017527726013213396,0.012774636,0.041866127,0.9978054761886597,0.9765341281890869,0.009552786126732826,0.027901705354452133
1429,0.00013662621991401963,0.0017199560534209013,0.011699209,0.041472353,0.9981594085693359,0.9769734740257263,0.008648956194519997,0.02796470932662487
1430,0.00011907257794518955,0.0017562132561579347,0.01088566,0.041907195,0.9984064698219299,0.9764880537986755,0.008137865923345089,0.02794450893998146
1431,0.0001290189132057342,0.0017777093453332782,0.011247413,0.042162895,0.9982988238334656,0.9762002825737,0.008182581514120102,0.02884024940431118
1432,0.00011317917266172695,0.0017474914202466607,0.010637212,0.04180301,0.9984784126281738,0.9766048192977905,0.00799479614943266,0.028599688783288002
1433,0.00016519083543574777,0.0017903411062434316,0.012856261,0.04231242,0.9977773427963257,0.9760311841964722,0.008765186183154583,0.028433384373784065
1434,0.00016371284337682565,0.0018290742300450802,0.012745753,0.042767677,0.9978153705596924,0.9755126237869263,0.009169432334601879,0.02904735505580902
1435,0.00019295810522056524,0.0018010959029197693,0.013824339,0.04243932,0.9974299669265747,0.9758871793746948,0.010286628268659115,0.02835683338344097
1436,0.0001681881552609742,0.001667072530835867,0.013011472,0.0408298,0.9977233409881592,0.9776814579963684,0.00964022520929575,0.027598470449447632
1437,0.00011986794098365036,0.0015886927722021937,0.010904699,0.039858412,0.9984009265899658,0.9787307977676392,0.008155535906553268,0.027772175148129463
1438,0.00012775632190327585,0.0017980400007218122,0.01127463,0.042403303,0.9982905387878418,0.9759280681610107,0.008234880864620209,0.02798531949520111
1439,0.00014189766013507986,0.0019153086468577385,0.011935165,0.043764237,0.9980844259262085,0.974358081817627,0.008738704025745392,0.029442090541124344
1440,0.00014854834609485062,0.001724666333757341,0.012153915,0.0415291,0.9980135560035706,0.976910412311554,0.008662484586238861,0.028388511389493942
1441,0.00011371720657652159,0.0016225436702370644,0.01067448,0.04028081,0.9984676837921143,0.9782776236534119,0.008093263022601604,0.027665849775075912
1442,0.00010957400577767244,0.0016847843071445823,0.010415576,0.041046124,0.9985411167144775,0.9774443507194519,0.007872805930674076,0.02795422449707985
1443,0.00011979933763293296,0.0017702095210552216,0.010933,0.042073853,0.9983925819396973,0.9763006567955017,0.008345956914126873,0.027798008173704147
1444,0.00011245654340283099,0.0017376367468386889,0.0106167,0.04168497,0.9984842538833618,0.9767367839813232,0.008032106794416904,0.027981849387288094
1445,9.662798484813803e-05,0.0017166744219139218,0.009812218,0.041432768,0.998705267906189,0.9770174026489258,0.007492279168218374,0.02795378677546978
1446,0.00012917883511611515,0.0017294473946094513,0.01134058,0.041586626,0.9982705116271973,0.9768463969230652,0.008403502404689789,0.02833029441535473
1447,0.000118631619526158,0.0017779043409973383,0.0108766975,0.042165205,0.9984090924263,0.9761976599693298,0.008326156996190548,0.0280609093606472
1448,0.00010976537735339001,0.001720947097055614,0.0104783345,0.0414843,0.998523473739624,0.9769601821899414,0.007919262163341045,0.028038349002599716
1449,0.0001166963431222195,0.001737817539833486,0.010753548,0.04168714,0.9984449148178101,0.9767343401908875,0.008127397857606411,0.028239795938134193
1450,0.00011791871557678942,0.0016158978687599301,0.010848983,0.040198233,0.9984171986579895,0.9783665537834167,0.008233703672885895,0.027135036885738373
1451,9.401866951851513e-05,0.0015422672731801867,0.009713536,0.039271712,0.9987311959266663,0.9793523550033569,0.007351259235292673,0.026904910802841187
1452,9.55383412391794e-05,0.0015878862468525767,0.009763556,0.03984829,0.9987180829048157,0.9787415862083435,0.0074641346000134945,0.02717168629169464
1453,9.147087786748835e-05,0.0016911966959014535,0.009536584,0.04112416,0.9987769722938538,0.9773584604263306,0.00719858892261982,0.027736281976103783
1454,0.0001052989540436432,0.0016468748217448592,0.010283851,0.040581707,0.9985778331756592,0.9779518842697144,0.00778147391974926,0.028001954779028893
1455,0.00013756026204315606,0.0016095500905066729,0.011730947,0.0401192,0.9981493949890137,0.9784515500068665,0.008932110853493214,0.027492700144648552
1456,0.00013514687485770662,0.0017041780520230532,0.011637003,0.041281693,0.9981788992881775,0.9771847128868103,0.008781429380178452,0.027811270207166672
1457,0.00011466635822381994,0.001632270752452314,0.010690947,0.040401373,0.998462975025177,0.9781473875045776,0.007936675101518631,0.027227208018302917
1458,0.00011908164312692612,0.0017094125505536795,0.010891026,0.04134504,0.9984049201011658,0.9771146178245544,0.008181112818419933,0.028079628944396973
1459,0.00010809880537139675,0.0017106614541262388,0.0103813745,0.041360144,0.9985507130622864,0.9770978689193726,0.007712641730904579,0.02760634757578373
1460,9.373427102135875e-05,0.0016702041029930115,0.0096828705,0.04086813,0.9987391829490662,0.9776395559310913,0.007290380075573921,0.028121324256062508
1461,0.00010955984296081375,0.0016740349819883704,0.010457486,0.040914975,0.9985293745994568,0.9775882363319397,0.007801449857652187,0.027439871802926064
1462,9.77774113628336e-05,0.0016141392989084125,0.009855766,0.040176354,0.9986937642097473,0.978390097618103,0.007519598118960857,0.02728869952261448
1463,9.769898133527022e-05,0.0017454318003728986,0.009909241,0.041778367,0.998679518699646,0.9766324162483215,0.007633245084434748,0.028798788785934448
1464,9.569924044295807e-05,0.001653945306316018,0.009783416,0.040668726,0.9987128376960754,0.977857232093811,0.007550111506134272,0.02714730054140091
1465,8.457372727703346e-05,0.0017385769169777632,0.009197168,0.041696243,0.9988625049591064,0.9767241477966309,0.007035613525658846,0.027685850858688354
1466,9.027432745576583e-05,0.0016924444353207946,0.009381146,0.04113933,0.9988165497779846,0.9773417711257935,0.0071312361396849155,0.027946840971708298
1467,8.612261477868411e-05,0.001610483624972403,0.009296653,0.04013083,0.9988377690315247,0.9784390926361084,0.0069595142267644405,0.027182234451174736
1468,9.097735859210265e-05,0.0017493407940492034,0.009538229,0.041825123,0.9987765550613403,0.9765800833702087,0.007335615810006857,0.027759799733757973
1469,8.620092045351736e-05,0.0016590662999078631,0.009238971,0.04073164,0.9988521337509155,0.9777886271476746,0.007150352466851473,0.027333222329616547
1470,9.85911051843273e-05,0.0017025189008563757,0.009960829,0.04126159,0.9986657500267029,0.9772068858146667,0.007569513749331236,0.027789130806922913
1471,0.0001008455517214977,0.001719162566587329,0.010009705,0.041462786,0.9986526370048523,0.9769840836524963,0.007705283351242542,0.02755625545978546
1472,0.00012397798177103553,0.0016191333997994661,0.011118404,0.04023846,0.9983376264572144,0.9783232808113098,0.008424464613199234,0.027173640206456184
1473,9.057321784150025e-05,0.0016283129807561636,0.009506343,0.040352363,0.9987847208976746,0.978200376033783,0.007258695084601641,0.02756666950881481
1474,8.94942088714081e-05,0.0017344101797789335,0.009444525,0.04164625,0.9988004565238953,0.9767799377441406,0.007193428464233875,0.02825210429728031
1475,8.698704567161093e-05,0.0016866520745679736,0.009292719,0.04106887,0.9988387227058411,0.9774193167686462,0.007048850879073143,0.027506692335009575
1476,9.157550349217755e-05,0.0018037435365840793,0.009575591,0.042470504,0.9987669587135315,0.9758517146110535,0.007287532091140747,0.028228342533111572
1477,9.31602278962435e-05,0.0016855003777891397,0.0096320445,0.04105485,0.9987523555755615,0.9774347543716431,0.007355601992458105,0.0273660309612751
1478,0.00010100906729348935,0.0018077337881550193,0.010058678,0.042517453,0.9986394047737122,0.9757983088493347,0.0076633659191429615,0.027922898530960083
1479,0.000109000743660462,0.0016613132320344448,0.01042688,0.040759213,0.9985379576683044,0.9777585864067078,0.007969816215336323,0.02755691669881344
1480,8.692835002544929e-05,0.0017300632316619158,0.009289165,0.04159403,0.9988396167755127,0.9768381714820862,0.007119339890778065,0.028261031955480576
1481,8.704101194532335e-05,0.0017193666426464915,0.009308835,0.04146525,0.9988346695899963,0.9769813418388367,0.007043412886559963,0.027809984982013702
1482,0.00013353271589783782,0.0018505449406802654,0.011530508,0.043017957,0.9982120990753174,0.9752251505851746,0.00869406946003437,0.02885286882519722
1483,0.00011702936568657275,0.0016790983499959111,0.010837221,0.040976804,0.9984206557273865,0.9775204658508301,0.008353769779205322,0.027673115953803062
1484,9.586229928324677e-05,0.0016587330028414726,0.009786228,0.040727545,0.9987121224403381,0.9777930974960327,0.00738579872995615,0.027390433475375175
1485,9.171638455220752e-05,0.0017724860226735473,0.009581582,0.042100903,0.9987654089927673,0.9762701988220215,0.007242627441883087,0.027890322729945183
1486,0.00011612007454625035,0.0017655943520367146,0.010766087,0.042018976,0.9984412789344788,0.9763624668121338,0.008030778728425503,0.027772387489676476
1487,9.614816272832368e-05,0.0018769878661260009,0.009783769,0.04332422,0.9987127780914307,0.9748711585998535,0.007432378828525543,0.028889264911413193
1488,0.00011089183796932709,0.0017402995144948363,0.010479374,0.0417169,0.9985232353210449,0.9767010807991028,0.007883407175540924,0.027843961492180824
1489,0.00010814208342873661,0.001728686154820025,0.010429042,0.041577473,0.9985373616218567,0.9768565893173218,0.007858567871153355,0.028179438784718513
1490,0.00010195791996507482,0.0017212949460372329,0.010093102,0.041488495,0.9986300468444824,0.9769555330276489,0.007583171594887972,0.02863009087741375
1491,0.00014416753335601905,0.0018715092446655035,0.011950814,0.043260943,0.9980793595314026,0.9749444723129272,0.008796959184110165,0.028762342408299446
1492,0.0001394173305016011,0.0017474573105573654,0.011806237,0.041802604,0.9981255531311035,0.9766052961349487,0.0087121007964015,0.027390461415052414
1493,9.996686177063648e-05,0.0016567527782171965,0.010013362,0.04070323,0.9986516237258911,0.9778196215629578,0.007555898278951645,0.0273897647857666
1494,0.00012335576353838076,0.001683285809122026,0.011090858,0.041027866,0.9983458518981934,0.9774643778800964,0.008424908854067326,0.0275570098310709
1495,0.00015299397438701072,0.0016309564234688878,0.012170216,0.0403851,0.9980081915855408,0.9781649708747864,0.009319979697465897,0.027356868609786034
1496,0.00011158544855954295,0.0017588164191693068,0.01053396,0.041938245,0.9985077977180481,0.9764531850814819,0.00787980854511261,0.028159908950328827
1497,0.0001203204053374727,0.001744862413033843,0.0109911915,0.04177155,0.998375415802002,0.9766400456428528,0.008320128545165062,0.02855968475341797
1498,0.00010186292605464008,0.0016841182950884104,0.010057347,0.04103801,0.9986397624015808,0.9774532318115234,0.007579612545669079,0.027903305366635323
1499,0.00010017258682637475,0.0016675252700224519,0.010019112,0.040835343,0.998650074005127,0.9776753783226013,0.007704467512667179,0.0282466858625412
1500,0.0001038043436975303,0.0016119664069265127,0.010159025,0.0401493,0.998612105846405,0.9784191846847534,0.007745086681097746,0.026656612753868103
1501,9.353138226618863e-05,0.0016966343391686678,0.009647165,0.041190226,0.9987484812736511,0.9772856831550598,0.007395321037620306,0.02681312896311283
1502,8.943234371889213e-05,0.0016247283201664686,0.009457638,0.040307917,0.9987971186637878,0.9782483577728271,0.007275084033608437,0.027347596362233162
1503,8.64979718409648e-05,0.0017723048804327846,0.009307079,0.042098753,0.9988351464271545,0.9762726426124573,0.007023559883236885,0.028364069759845734
1504,7.900772140022706e-05,0.0016483860090374947,0.008858712,0.040600322,0.9989446401596069,0.9779316186904907,0.006854380946606398,0.027223335579037666
1505,0.00010781625232167161,0.0018024677410721779,0.010367614,0.04245548,0.998554527759552,0.975868821144104,0.007883059792220592,0.0284224022179842
1506,0.00010161340899437413,0.0016636870568618178,0.010075771,0.04078832,0.9986347556114197,0.9777267575263977,0.007703067269176245,0.02729623205959797
1507,8.299580721623815e-05,0.0016384524060413241,0.009096849,0.0404778,0.9988871812820435,0.9780645966529846,0.006918770726770163,0.027528712525963783
1508,0.00010651478607376868,0.00175691326148808,0.010312519,0.04191555,0.9985698461532593,0.9764786958694458,0.007502262480556965,0.02806989476084709
1509,9.770423656101974e-05,0.0016382612520828843,0.009883337,0.040475443,0.9986864328384399,0.97806715965271,0.007530083414167166,0.027729153633117676
1510,0.0001000696667522954,0.001717651728540659,0.010035508,0.041444562,0.9986456632614136,0.9770042896270752,0.007377980276942253,0.02803395688533783
1511,0.00011031794797004709,0.0018096446292474866,0.010496539,0.042539917,0.9985183477401733,0.9757727384567261,0.008002803660929203,0.028958231210708618
1512,0.00010077189472212922,0.0017428889404982328,0.010022653,0.041747924,0.9986491203308105,0.9766664505004883,0.00757940299808979,0.02815607562661171
1513,9.058018341337711e-05,0.001736508565954864,0.009526545,0.041671433,0.9987795352935791,0.9767518639564514,0.007182168308645487,0.02766919508576393
1514,9.749057194726034e-05,0.0018006758764386177,0.009867498,0.04243437,0.9986906051635742,0.9758927822113037,0.00740853464230895,0.028697151690721512
1515,0.00010259782869649247,0.0017143209697678685,0.01015807,0.041404363,0.9986124038696289,0.9770488739013672,0.007698201108723879,0.02778445929288864
1516,8.7971682991007e-05,0.0017404864775016904,0.009373786,0.04171914,0.9988183975219727,0.9766985774040222,0.007069581653922796,0.028319280594587326
1517,0.00012510072999496268,0.0017772411229088902,0.011159691,0.04215734,0.9983252286911011,0.9762065410614014,0.008358786813914776,0.02785601280629635
1518,0.0001120097126245541,0.0016565672121942043,0.010582493,0.040700946,0.998494029045105,0.9778221249580383,0.008097223937511444,0.027919631451368332
1519,0.00010138413414427883,0.001714142388664186,0.010092197,0.041402202,0.9986303448677063,0.977051317691803,0.007716873660683632,0.027737615630030632
1520,0.0001479239895574706,0.00166422501206398,0.011996637,0.040794913,0.9980646371841431,0.9777196049690247,0.008975817821919918,0.027415990829467773
1521,0.00014976799998707563,0.0018118679290637374,0.012229228,0.042566042,0.9979888200759888,0.9757429361343384,0.009090259671211243,0.02877979166805744
1522,0.00011046091971035243,0.0018318824004381895,0.010525771,0.042800494,0.9985101222991943,0.975475013256073,0.007863168604671955,0.02853047102689743
1523,0.0001003866990768901,0.0017469123704358935,0.009999733,0.04179608,0.9986553192138672,0.9766125679016113,0.007518923841416836,0.027787379920482635
1524,0.0001000074176276526,0.0015954825794324279,0.010002904,0.039943494,0.9986544251441956,0.9786399006843567,0.007565295789390802,0.02803490124642849
1525,0.00010074631146298171,0.0016935921739786863,0.00999832,0.04115328,0.9986556768417358,0.9773263931274414,0.007655303459614515,0.027794193476438522
1526,0.00010810377253536981,0.0017061176477000117,0.010380718,0.041305177,0.9985508918762207,0.9771587252616882,0.007836394011974335,0.028123371303081512
1527,8.806573846827219e-05,0.0017149337800219655,0.009386848,0.041411757,0.9988150596618652,0.977040708065033,0.0070504178293049335,0.027834441512823105
1528,0.00010375012011949862,0.0017331363633275032,0.010160602,0.041630954,0.9986116886138916,0.9767969846725464,0.007795641664415598,0.02841271087527275
1529,9.046356982170519e-05,0.001668154145590961,0.0094485115,0.040843043,0.9987994432449341,0.977666974067688,0.007241362705826759,0.028111258521676064
1530,8.728043146468487e-05,0.0016558840870857239,0.00931804,0.040692557,0.9988324046134949,0.977831244468689,0.007084696087986231,0.02805277332663536
1531,8.877278113769452e-05,0.0017602212028577924,0.009439257,0.04195499,0.9988018274307251,0.9764344096183777,0.007235047407448292,0.02829764224588871
1532,0.00011636495301817459,0.0015969382366165519,0.010778836,0.03996171,0.9984375834465027,0.9786204099655151,0.008164976723492146,0.026867736130952835
1533,0.00011005288384198634,0.0016906140372157097,0.01050675,0.041117076,0.9985154867172241,0.9773662686347961,0.007931247353553772,0.02828045003116131
1534,9.34829414208335e-05,0.0016133567551150918,0.009660753,0.040166613,0.9987449049949646,0.9784005880355835,0.0072716837748885155,0.02755766175687313
1535,9.53703228416006e-05,0.0017384904203936458,0.0097650755,0.041695207,0.9987176656723022,0.9767253398895264,0.007499233819544315,0.028089769184589386
1536,0.00011207133204813793,0.0017453015316277742,0.010600264,0.041776806,0.9984889626502991,0.97663414478302,0.007941801100969315,0.027927137911319733
1537,0.0001031189504746263,0.001663388917222619,0.010125732,0.04078467,0.9986212253570557,0.9777307510375977,0.007520205806940794,0.027568740770220757
1538,9.594759169637904e-05,0.001680172747001052,0.0098124845,0.04098991,0.9987052083015442,0.9775061011314392,0.007316806353628635,0.02816290780901909
1539,9.353574403741567e-05,0.001722598448395729,0.009679015,0.041504204,0.9987401962280273,0.9769380688667297,0.007327818311750889,0.02749594859778881
1540,9.638793099756268e-05,0.0016959807835519314,0.009764172,0.04118229,0.9987179040908813,0.9772944450378418,0.007364918012171984,0.027711721137166023
1541,9.013305018677123e-05,0.0017105713486671448,0.009460825,0.041359056,0.9987963438034058,0.9770991206169128,0.007069060578942299,0.028006484732031822
1542,0.0001136296354657547,0.00171276752371341,0.010637996,0.041385595,0.9984781742095947,0.9770696759223938,0.007950358092784882,0.027221720665693283
1543,0.00015673989963199182,0.0016765260370448232,0.012401501,0.040945403,0.9979317784309387,0.9775549173355103,0.009358524344861507,0.02875286154448986
1544,0.0001789892081763934,0.0017843651585280895,0.013376863,0.04224175,0.9975936412811279,0.9761111736297607,0.010000248439610004,0.02818950079381466
1545,0.0001476086416170636,0.0016731895739212632,0.012094403,0.040904637,0.9980329275131226,0.977599561214447,0.008884799666702747,0.027574913576245308
1546,0.00013217213001387955,0.0017470258753746748,0.011463091,0.041797437,0.9982329607009888,0.9766110777854919,0.008629090152680874,0.028630610555410385
1547,0.0001095282297517935,0.0017144123557955027,0.010459574,0.04140546,0.998528778553009,0.9770476818084717,0.00782802514731884,0.02789158746600151
1548,0.00010721972417245111,0.001745695830322802,0.010228212,0.041781522,0.9985931515693665,0.976628839969635,0.007587531581521034,0.027895351871848106
1549,8.851081028379585e-05,0.0017346269451081753,0.009417586,0.041648854,0.9988073110580444,0.9767770767211914,0.007081927731633186,0.02828879840672016
1550,9.446728125278076e-05,0.0016996412305161357,0.009685959,0.041226704,0.9987383484840393,0.9772454500198364,0.007384673226624727,0.02772822417318821
1551,0.00010533560403432189,0.0019180697854608297,0.010221579,0.043795772,0.9985949993133545,0.9743211269378662,0.00768328458070755,0.02962678298354149
1552,0.00016153324064692822,0.0016847120132297277,0.012733125,0.041045245,0.9978196620941162,0.9774453043937683,0.009619359858334064,0.0283154658973217
1553,0.0001114708310606974,0.0016199222300201654,0.010557367,0.040248256,0.9985011219978333,0.9783126711845398,0.007680133450776339,0.027343474328517914
1554,0.00018620722932444716,0.0019317540572956204,0.013441647,0.043951724,0.997570276260376,0.9741379618644714,0.009533408097922802,0.02968495897948742
1555,0.00017335093996900304,0.0017105935839936137,0.013031319,0.041359324,0.9977163672447205,0.977098822593689,0.009157026186585426,0.027946513146162033
1556,0.00013500431735089725,0.0017581945285201073,0.011633234,0.041930832,0.998180091381073,0.9764615297317505,0.008684385567903519,0.028424575924873352
1557,0.00010765099134666592,0.0017712299013510346,0.010374353,0.042085983,0.998552680015564,0.9762870073318481,0.0077892797999084,0.02837321348488331
1558,9.504150412712161e-05,0.001855673035606742,0.009749219,0.043077525,0.9987218379974365,0.9751564860343933,0.007353344466537237,0.02890019118785858
1559,9.65493901193523e-05,0.0017046546563506126,0.009790253,0.041287463,0.9987110495567322,0.9771783351898193,0.0075900377705693245,0.02757396176457405
1560,0.00011211029513188723,0.001889614388346672,0.010604843,0.043469697,0.998487651348114,0.9747021198272705,0.007897470146417618,0.029772130772471428
1561,0.00011888025354974988,0.0018723633838817477,0.010906546,0.043270815,0.9984003305435181,0.9749330282211304,0.007976522669196129,0.028833139687776566
1562,9.740670793689787e-05,0.0017812667647376657,0.0098343175,0.042205054,0.998699426651001,0.9761526584625244,0.007379746064543724,0.02769024483859539
1563,9.160712910339829e-05,0.001882540644146502,0.009486755,0.04338826,0.9987897276878357,0.9747967720031738,0.007180691231042147,0.028594816103577614
1564,0.00010126224217608318,0.0018945737974718213,0.010062279,0.043526705,0.9986384510993958,0.9746357202529907,0.0077158440835773945,0.02950243465602398
1565,0.00011022820697028443,0.0017256379360333085,0.010480039,0.041540798,0.9985229969024658,0.9768974184989929,0.007947226986289024,0.02758033759891987
1566,0.00010013211398142052,0.0017042664112523198,0.009980118,0.04128276,0.9986605644226074,0.9771835207939148,0.0074418578296899796,0.027857232838869095
1567,0.00010048661087322134,0.0016960910288617015,0.00999293,0.04118363,0.9986571073532104,0.9772929549217224,0.007560816127806902,0.02757163532078266
1568,0.00010564404841385443,0.0017400173237547278,0.010277246,0.041713513,0.9985796213150024,0.9767048954963684,0.007818793877959251,0.028677577152848244
1569,0.00010425029904581606,0.0016462274361401796,0.010214195,0.040573727,0.9985970258712769,0.9779605269432068,0.007804603315889835,0.027157245203852654
1570,0.00010531156956197016,0.001670429832302034,0.010275778,0.040870894,0.9985800385475159,0.9776365160942078,0.007821321487426758,0.02770579606294632
1571,8.593232004469345e-05,0.0015978788724169135,0.009250182,0.03997348,0.9988493323326111,0.9786078333854675,0.007048388943076134,0.027341526001691818
1572,8.136866348319349e-05,0.0017034495249390602,0.009030694,0.041272867,0.9989032745361328,0.9771944284439087,0.0069747427478432655,0.028423596173524857
1573,0.00011693958400759253,0.0017572061624377966,0.0107862875,0.04191904,0.9984354376792908,0.9764747619628906,0.008174916729331017,0.02834940329194069
1574,0.00010222404158742971,0.001778318895958364,0.010069475,0.04217012,0.9986364841461182,0.9761921167373657,0.0076780361123383045,0.028872180730104446
1575,9.925894945891659e-05,0.001686336356215179,0.009956569,0.041065026,0.9986668825149536,0.9774235486984253,0.007601031567901373,0.02767108380794525
1576,7.34149950651706e-05,0.001720383414067328,0.008550735,0.04147751,0.9990167617797852,0.9769677519798279,0.006581340916454792,0.028570061549544334
1577,9.005930025358049e-05,0.001756608602590859,0.009505682,0.041911915,0.9987848997116089,0.9764827489852905,0.007206498645246029,0.028444509953260422
1578,9.241199189670046e-05,0.0016628345474600792,0.009582612,0.04077787,0.9987651705741882,0.9777382016181946,0.007253794930875301,0.027595462277531624
1579,8.354156009524807e-05,0.001670729136094451,0.009116301,0.040874552,0.9988824129104614,0.9776325225830078,0.0069477432407438755,0.027831509709358215
1580,7.81016758330886e-05,0.0017470666207373142,0.008819204,0.041797925,0.9989540576934814,0.9766104817390442,0.006727006286382675,0.028016669675707817
1581,8.462987319613934e-05,0.0015800300752744079,0.009216967,0.039749593,0.9988575577735901,0.9788467884063721,0.006980127189308405,0.026992663741111755
1582,8.37246202122928e-05,0.0015735806664451957,0.009101802,0.039668385,0.9988859295845032,0.9789330959320068,0.006938602309674025,0.02745973691344261
1583,8.063271740287415e-05,0.0017795644234865904,0.00898102,0.042184882,0.9989153146743774,0.9761754274368286,0.0067823841236531734,0.027595924213528633
1584,9.552464507578406e-05,0.0017174838576465845,0.009780144,0.041442536,0.9987137317657471,0.9770065546035767,0.007239054888486862,0.027466410771012306
1585,0.00010157084348479243,0.0017364844679832458,0.009966118,0.04167115,0.9986643195152283,0.9767521619796753,0.0073554012924432755,0.02821083925664425
1586,9.510629553749988e-05,0.0017777330940589309,0.00972819,0.04216317,0.9987273216247559,0.9761999249458313,0.007466753013432026,0.028519589453935623
1587,9.226326801581308e-05,0.0016927702818065882,0.009567246,0.04114329,0.9987691044807434,0.9773374199867249,0.00741553632542491,0.027612218633294106
1588,9.322886878428768e-05,0.0017104714643210173,0.00959368,0.041357845,0.998762309551239,0.9771004319190979,0.007415043190121651,0.028046760708093643
1589,9.497036907387982e-05,0.0017231673700734973,0.009716185,0.04151105,0.998730480670929,0.9769304990768433,0.007479420397430658,0.028211746364831924
1590,0.00010379250356477728,0.0017162383301183581,0.010201904,0.041427508,0.9986003637313843,0.9770232439041138,0.00713256886228919,0.02803773805499077
1591,0.00010389705725670369,0.0016021180199459195,0.010159796,0.040026467,0.9986119270324707,0.9785510301589966,0.0076378220692276955,0.027747709304094315
1592,9.847328791775826e-05,0.0017654704861342907,0.009914068,0.0420175,0.9986782670021057,0.9763641357421875,0.007546384818851948,0.0287771113216877
1593,8.99353602686791e-05,0.0017696868162602186,0.009454853,0.042067647,0.9987978339195251,0.9763076901435852,0.0071910349652171135,0.028095895424485207
1594,8.869261893613094e-05,0.0017654849216341972,0.009409011,0.042017672,0.9988094568252563,0.9763638973236084,0.0071114059537649155,0.028325611725449562
1595,0.00014245113627773455,0.0018328559817746282,0.011945445,0.042811867,0.9980810880661011,0.9754619598388672,0.0088575454428792,0.029019279405474663
1596,0.00013770934773757207,0.0016594032058492303,0.01171208,0.040735774,0.9981553554534912,0.9777841567993164,0.008797758258879185,0.027934331446886063
1597,0.00013869632609633052,0.0016762338345870376,0.011769172,0.040941834,0.9981372952461243,0.9775587916374207,0.008835026063024998,0.02802635170519352
1598,9.135079645519991e-05,0.00162890471983701,0.009489486,0.04035969,0.9987890124320984,0.9781924486160278,0.00725114019587636,0.028000852093100548
1599,0.00010580502236156131,0.0015701594529673457,0.010259388,0.03962524,0.9985845685005188,0.9789789319038391,0.007780984044075012,0.02666665054857731
1600,0.00012176108992372809,0.0018363691633567214,0.011030845,0.04285288,0.9983636736869812,0.9754149317741394,0.008278855122625828,0.029427828267216682
1601,9.595542327257466e-05,0.0017553467769175768,0.009779822,0.04189686,0.9987137913703918,0.9764996767044067,0.007438049651682377,0.027684984728693962
1602,9.222731701315338e-05,0.0019118047785013914,0.009632049,0.04372419,0.9987523555755615,0.9744049906730652,0.007300075609236956,0.029924562200903893
1603,9.971321477761111e-05,0.0016415365971624851,0.0099680135,0.04051588,0.9986638426780701,0.9780233502388,0.007481488864868879,0.027090299874544144
1604,9.548006114941514e-05,0.0016580871306359768,0.009762649,0.040719617,0.9987183213233948,0.9778017401695251,0.007346918806433678,0.027462085708975792
1605,9.83198141594502e-05,0.0016350235091522336,0.009867927,0.040435426,0.9986905455589294,0.9781105518341064,0.007420881651341915,0.027372658252716064
1606,9.976185670397668e-05,0.0015925636980682611,0.00999548,0.039906938,0.9986564517021179,0.9786789417266846,0.007541910279542208,0.02685602381825447
1607,8.443818379336417e-05,0.001620632130652666,0.009157415,0.040257078,0.9988722801208496,0.9783031940460205,0.007030891720205545,0.027176108211278915
1608,7.93618812829002e-05,0.0017232878599315882,0.008910856,0.041512504,0.9989321827888489,0.9769288301467896,0.006738989148288965,0.028354737907648087
1609,0.0001391953064739937,0.0017590969800949097,0.011655207,0.04194159,0.9981732368469238,0.9764494299888611,0.008489265106618404,0.028370166197419167
1610,0.00011721568774770607,0.0019643588457256556,0.010854426,0.04432109,0.9984155893325806,0.9737014174461365,0.008119671605527401,0.029412569478154182
1611,0.00015698305254442278,0.0018902732990682125,0.012537083,0.043477274,0.9978863000869751,0.9746932983398438,0.009458092041313648,0.028760483488440514
1612,0.00010724845858269624,0.0018475864781066775,0.010349099,0.04298356,0.9985597133636475,0.9752647876739502,0.007880199700593948,0.028820445761084557
1613,0.00014409244051256047,0.001885708188638091,0.011982508,0.04342474,0.998069167137146,0.9747543931007385,0.00883575901389122,0.030957331880927086
1614,0.00015072845152727413,0.001681045745499432,0.012307118,0.04100056,0.9979631304740906,0.9774943590164185,0.00935432780534029,0.02775714546442032
1615,0.00010500934314966963,0.0017033249605447054,0.010254725,0.04127136,0.9985858201980591,0.9771960973739624,0.007730241399258375,0.02758425660431385
1616,0.00010496248548654627,0.0017342028440907598,0.010121022,0.04164376,0.998622477054596,0.9767827391624451,0.007663697935640812,0.028551572933793068
1617,0.0001281879912395115,0.0017491996986791492,0.011230438,0.041823436,0.9983039498329163,0.9765819311141968,0.00837213546037674,0.02818245068192482
1618,0.00011915099077503493,0.0016863252967596054,0.010900985,0.041064892,0.9984019994735718,0.9774237275123596,0.0080492552369833,0.027631783857941628
1619,9.15164852234408e-05,0.0015909763751551509,0.009522089,0.03988705,0.9987806677818298,0.9787002205848694,0.007328236009925604,0.027270562946796417
1620,0.00014344472153673203,0.0018486941698938608,0.011617225,0.042996444,0.9981850981712341,0.9752499461174011,0.008392955176532269,0.02835238166153431
1621,0.00016737196380166677,0.0020349088590592146,0.0129218185,0.045109965,0.9977545738220215,0.9727569222450256,0.009202261455357075,0.028640104457736015
1622,0.00013007590380518442,0.0016671571647748351,0.011409229,0.040830836,0.9982495307922363,0.9776803255081177,0.00853101909160614,0.028014281764626503
1623,0.00010329880950104615,0.001754947123117745,0.010131635,0.04189209,0.9986196160316467,0.9765049815177917,0.007717788685113192,0.028183137997984886
1624,0.00011081286555219611,0.0017122438875958323,0.010447277,0.04137927,0.998532235622406,0.9770767092704773,0.00796185526996851,0.0287181343883276
1625,0.00010349251252509103,0.0017070601461455226,0.010177971,0.041316584,0.9986069202423096,0.9771460890769958,0.007693254854530096,0.02805011160671711
1626,9.08048158717892e-05,0.0017600287683308125,0.009503973,0.0419527,0.9987853169441223,0.976436972618103,0.007139034569263458,0.027801863849163055
1627,0.0001131807498909025,0.0018621740164235234,0.010599303,0.043152913,0.9984892010688782,0.9750694632530212,0.007909390144050121,0.029848884791135788
1628,0.00012159328914342701,0.0017229955410584807,0.011058752,0.041508984,0.9983553886413574,0.9769327640533447,0.008353796787559986,0.028426863253116608
1629,8.506986837760037e-05,0.0016824026824906468,0.0092219375,0.041017104,0.9988563656806946,0.9774762392044067,0.007058350369334221,0.027988474816083908
1630,0.00010208067231525837,0.0016978877829387784,0.010075683,0.041205432,0.9986348152160645,0.9772689342498779,0.007576297502964735,0.027581635862588882
1631,0.00010379949129525234,0.0016763086896389723,0.010172758,0.040942747,0.9986083507537842,0.9775577783584595,0.007819187827408314,0.028010204434394836
1632,0.00011515275896685621,0.0016260388074442744,0.010757831,0.04032417,0.9984436631202698,0.9782308340072632,0.007979372516274452,0.02775726094841957
1633,9.086976206162944e-05,0.0018207558896392584,0.009541851,0.042670317,0.9987756013870239,0.9756239652633667,0.007328866049647331,0.028273137286305428
1634,0.0001098552757784174,0.0018134020501747727,0.010425506,0.042584058,0.9985383749008179,0.9757224321365356,0.007558365818113089,0.028115365654230118
1635,0.00014570313380152749,0.0018884249730035663,0.012078845,0.04345601,0.9980379939079285,0.9747180342674255,0.008798439055681229,0.02850320003926754
1636,0.00010194229947625321,0.0018366377335041761,0.010122636,0.04285601,0.9986220598220825,0.9754113554954529,0.007622119504958391,0.02865023724734783
1637,8.697028004627845e-05,0.0016833784757182002,0.00932919,0.041028995,0.9988296031951904,0.9774631857872009,0.007021304685622454,0.02737347036600113
1638,9.552340816298965e-05,0.0017471585888415575,0.009733166,0.041799027,0.9987260103225708,0.9766092896461487,0.007393671665340662,0.02774834632873535
1639,9.212376442684962e-05,0.001682878821156919,0.00960129,0.041022904,0.9987603425979614,0.9774698615074158,0.007208005525171757,0.027540575712919235
1640,0.00010001494659015655,0.0016806265339255333,0.010013648,0.040995445,0.9986515641212463,0.9775000214576721,0.007632667664438486,0.027398191392421722
1641,8.485451458413577e-05,0.0016076202737167478,0.009176603,0.04009514,0.9988675713539124,0.978477418422699,0.006914240773767233,0.02718905359506607
1642,0.00010370960775286552,0.001651729573495686,0.009998399,0.040641475,0.9986556768417358,0.9778868556022644,0.007495695259422064,0.02713407389819622
1643,0.0001412384917784948,0.001665898016653955,0.0118724,0.040815413,0.9981045126914978,0.9776971936225891,0.008800997398793697,0.02779718115925789
1644,0.00013060430468282323,0.0018355152569711208,0.011456092,0.042842913,0.9982351064682007,0.9754263758659363,0.008498999290168285,0.02858986146748066
1645,0.00010337697246789254,0.0017754603177309036,0.0101092085,0.04213621,0.9986256957054138,0.9762303829193115,0.007505994290113449,0.02813628874719143
1646,0.00011289323066938033,0.0017633341485634446,0.010519311,0.041992072,0.9985119104385376,0.9763927459716797,0.007880466990172863,0.02792362868785858
1647,8.588675270650789e-05,0.0018194204894825816,0.009274851,0.042654667,0.9988431930541992,0.9756418466567993,0.007151762023568153,0.02925974316895008
1648,8.953242187007245e-05,0.0017641616286709905,0.009402506,0.042001925,0.9988111257553101,0.9763816595077515,0.007120815105736256,0.027941860258579254
1649,0.00010473806601525708,0.0017035691998898983,0.010178814,0.041274317,0.9986066818237305,0.9771928191184998,0.007480239495635033,0.027745148167014122
1650,8.861998305126855e-05,0.0015968085499480367,0.009365442,0.03996009,0.9988204836845398,0.9786221385002136,0.007160662207752466,0.027014464139938354
1651,9.244778811989818e-05,0.0016249571926891804,0.009648226,0.04031076,0.9987481832504272,0.9782453179359436,0.007309458218514919,0.02700718864798546
1652,9.59909182049821e-05,0.0015706445556133986,0.009797928,0.03963136,0.9987090229988098,0.9789724349975586,0.007436538115143776,0.027332141995429993
1653,0.00010073500098687046,0.0016022776253521442,0.009874685,0.04002846,0.9986886978149414,0.9785489439964294,0.007420712150633335,0.026923982426524162
1654,8.323148705874866e-05,0.0017362987855449319,0.009125698,0.04166892,0.9988800883293152,0.9767546653747559,0.00685036601498723,0.02800900861620903
1655,0.00010595989872606218,0.001632609637454152,0.0102643445,0.040405564,0.998583197593689,0.9781428575515747,0.007826939225196838,0.0277415718883276
1656,9.058377327164635e-05,0.0017286892980337143,0.0095036635,0.04157751,0.9987854361534119,0.976856529712677,0.007214023731648922,0.028187448158860207
1657,8.758369503167077e-05,0.0016522948862984776,0.009304383,0.04064843,0.9988358020782471,0.9778792858123779,0.006980701815336943,0.027382854372262955
1658,9.353754814417863e-05,0.0017106448067352176,0.009604298,0.041359946,0.9987595677375793,0.9770981073379517,0.0073163737542927265,0.027742020785808563
1659,9.115293637891723e-05,0.001683055772446096,0.009555922,0.041025065,0.9987720251083374,0.9774674773216248,0.007058999501168728,0.02826886624097824
1660,8.466287131754639e-05,0.0017085493309423327,0.009123661,0.041334603,0.9988806247711182,0.9771261811256409,0.006994532886892557,0.027428962290287018
1661,9.596606039188124e-05,0.00179041619412601,0.009746018,0.04231331,0.9987226724624634,0.976030170917511,0.007273576222360134,0.027733685448765755
1662,9.96897349316648e-05,0.0017457098001614213,0.009946272,0.041781694,0.9986696243286133,0.9766286611557007,0.007479604333639145,0.028483817353844643
1663,8.079668375351254e-05,0.0017413495806977153,0.00897283,0.04172948,0.998917281627655,0.9766870737075806,0.0068933190777897835,0.028103841468691826
1664,9.234809245258062e-05,0.001731816097162664,0.009613375,0.041615095,0.9987571835517883,0.9768146872520447,0.00738483713939786,0.027669256553053856
1665,7.864069861666808e-05,0.001693984610028565,0.008869345,0.041158047,0.9989421367645264,0.9773211479187012,0.006734819617122412,0.027650227770209312
1666,8.906267215603624e-05,0.0016549304127693176,0.009410003,0.040680837,0.9988092184066772,0.9778439998626709,0.00715616112574935,0.027461783960461617
1667,9.858181709370746e-05,0.0016271790955215693,0.009882539,0.040338308,0.9986866116523743,0.9782155752182007,0.00757129630073905,0.027324339374899864
1668,8.819076951609036e-05,0.0016301916912198067,0.009358797,0.040375635,0.9988221526145935,0.9781752228736877,0.007141406647861004,0.02762693725526333
1669,8.768869454136372e-05,0.0015940323937684298,0.009329609,0.039925333,0.9988294839859009,0.9786593317985535,0.007097211200743914,0.027037687599658966
1670,0.00010275044885268223,0.0017520778346806765,0.010002919,0.041857827,0.9986544251441956,0.9765434265136719,0.007536145858466625,0.02802402898669243
1671,8.875828957984182e-05,0.001602708362042904,0.009397669,0.04003384,0.9988123774528503,0.9785431623458862,0.007113139610737562,0.027751054614782333
1672,8.630760120550721e-05,0.0016387470532208681,0.009270618,0.04048144,0.9988442659378052,0.9780606627464294,0.007020831573754549,0.027590619400143623
1673,0.00010019953267394818,0.0017903527477756143,0.010006051,0.04231256,0.9986535906791687,0.9760310053825378,0.0074837165884673595,0.028102945536375046
1674,8.449048122698018e-05,0.0016618251102045178,0.009175181,0.04076549,0.998867928981781,0.9777517318725586,0.007093945052474737,0.0275886170566082
1675,9.800306559720246e-05,0.0016733144875615835,0.009913437,0.04090617,0.9986783862113953,0.9775978922843933,0.0075276196002960205,0.027825230732560158
1676,9.282561801559164e-05,0.0018508313223719597,0.009576594,0.043021288,0.9987667202949524,0.9752213358879089,0.0071559385396540165,0.0291435569524765
1677,9.403718087758699e-05,0.0016950761200860143,0.009659326,0.0411713,0.998745322227478,0.9773065447807312,0.007319196593016386,0.027555229142308235
1678,9.923373826578344e-05,0.0016452331328764558,0.009861245,0.04056147,0.9986922740936279,0.9779738187789917,0.007529031485319138,0.02757817879319191
1679,9.904083989650562e-05,0.0017134648514911532,0.009930383,0.04139402,0.9986739158630371,0.9770603775978088,0.007506152614951134,0.027861980721354485
1680,8.439593462257604e-05,0.0017485180869698524,0.0091622695,0.04181529,0.9988710880279541,0.9765910506248474,0.007008421700447798,0.027876371517777443
1681,7.578210550656712e-05,0.001692909630946815,0.008716857,0.041144986,0.9989781975746155,0.9773355722427368,0.006569803226739168,0.027551857754588127
1682,8.390646342542658e-05,0.0017187693156301975,0.009154827,0.041458044,0.9988729357719421,0.9769893288612366,0.006955449469387531,0.027857888489961624
1683,8.835266784113959e-05,0.0016957249026745558,0.009356336,0.04117918,0.9988227486610413,0.977297842502594,0.007132912054657936,0.02766462229192257
1684,9.702422605848618e-05,0.0018933700630441308,0.009844132,0.043512873,0.9986968040466309,0.9746518135070801,0.007456659805029631,0.02945583499968052
1685,0.00013313033162954855,0.0017028744332492352,0.011499921,0.041265897,0.9982215762138367,0.9772021770477295,0.008584173396229744,0.028279973194003105
1686,0.00011000892878986302,0.0017233053222298622,0.010411679,0.041512713,0.9985422492027283,0.9769285917282104,0.007958796806633472,0.028387337923049927
1687,9.714979453499176e-05,0.0017330835107713938,0.009814599,0.041630324,0.9987046122550964,0.9767976999282837,0.0074889627285301685,0.02855890616774559
1688,9.042303645401262e-05,0.0017226372146978974,0.009514704,0.041504666,0.9987825751304626,0.9769375324249268,0.007219314109534025,0.028012558817863464
1689,9.01373430017636e-05,0.0018281020456925035,0.009495523,0.04275631,0.9987874627113342,0.9755256175994873,0.007230331655591726,0.029744643718004227
1690,0.0001111763730560514,0.00162225728854537,0.010484327,0.040277258,0.9985218048095703,0.9782814383506775,0.007790140807628632,0.02765575237572193
1691,8.550196137300439e-05,0.0016555486945435405,0.009241335,0.040688433,0.9988515377044678,0.9778357148170471,0.007106803823262453,0.02754116989672184
1692,8.092652255568696e-05,0.001722447108477354,0.0089589115,0.041502375,0.9989206790924072,0.9769400954246521,0.006847555749118328,0.028054254129529
1693,9.075867902455767e-05,0.001661157002672553,0.009485102,0.040757295,0.9987901449203491,0.9777606725692749,0.00725581543520093,0.027674037963151932
1694,8.777403127169237e-05,0.0017502112314105034,0.009287113,0.041835528,0.9988401532173157,0.9765684008598328,0.006930585019290447,0.027840804308652878
1695,9.439157144118904e-05,0.001691691461019218,0.009702064,0.041130178,0.998734176158905,0.9773518443107605,0.007276144810020924,0.02732717990875244
1696,7.647690984991972e-05,0.00173907948192209,0.008759717,0.041702274,0.9989681243896484,0.9767174124717712,0.006722623016685247,0.02832050248980522
1697,7.96163430178157e-05,0.0016539661446586251,0.008839969,0.040668983,0.9989491105079651,0.9778569340705872,0.0067758820950984955,0.027137743309140205
1698,0.00011646526300782253,0.0018049727659672499,0.010740634,0.042484973,0.9984486699104309,0.9758352637290955,0.008088426664471626,0.029239876195788383
1699,0.00016171064403765328,0.0018978617154061794,0.012739349,0.043564454,0.9978175759315491,0.9745916724205017,0.009378467686474323,0.02838006801903248
1700,0.00011269776272952599,0.0016950182616710663,0.010615826,0.0411706,0.9984844923019409,0.9773073196411133,0.007998282089829445,0.027402162551879883
1701,8.212412450864741e-05,0.0016147770220413804,0.009069129,0.04018429,0.9988939166069031,0.9783815741539001,0.00686015747487545,0.027516931295394897
1702,9.868078797642903e-05,0.001738096703775227,0.009913875,0.041690487,0.9986782670021057,0.9767305850982666,0.007476225960999727,0.028489209711551666
1703,0.00011107635807341218,0.0017425832338631153,0.010461423,0.041744262,0.998528242111206,0.976670503616333,0.0078968470916152,0.028416048735380173
1704,0.00012406975259760986,0.0016695110825821757,0.011125119,0.04085965,0.998335599899292,0.9776487946510315,0.008298437111079693,0.027781041339039803
1705,9.028079115192999e-05,0.0017147116595879197,0.009495538,0.041409075,0.9987874627113342,0.9770436882972717,0.007220578379929066,0.027828332036733627
1706,0.00010098016140215226,0.0016514810267835855,0.0100267045,0.04063842,0.9986480474472046,0.9778901934623718,0.007592871785163879,0.027973636984825134
1707,8.498079345868477e-05,0.0016555231995880604,0.009221592,0.040688124,0.9988564252853394,0.9778360724449158,0.006971231661736965,0.02734491415321827
1708,8.221196780637415e-05,0.0017404528334736824,0.00908934,0.041718736,0.9988890290260315,0.9766990542411804,0.006935544312000275,0.02814672701060772
1709,8.318734035128728e-05,0.0016687217867001891,0.009128561,0.04084999,0.9988793730735779,0.9776594042778015,0.0068976315669715405,0.027775485068559647
1710,8.697406106379772e-05,0.001586087397299707,0.009313168,0.03982571,0.9988335967063904,0.9787656664848328,0.007043763529509306,0.02755744382739067
1711,8.479125393602193e-05,0.0015059338184073567,0.009206058,0.038806364,0.9988602995872498,0.9798387885093689,0.00697939982637763,0.026595542207360268
1712,8.818586965472522e-05,0.0016914831940084696,0.0093747815,0.041127644,0.9988180994987488,0.9773546457290649,0.006991877220571041,0.028209535405039787
1713,9.893605998844247e-05,0.0016089018899947405,0.009937853,0.040111117,0.9986718893051147,0.9784602522850037,0.0072993868961930275,0.027595067396759987
1714,0.0001191131218960932,0.0015757097862660885,0.010870557,0.03969521,0.9984108805656433,0.9789046049118042,0.008346534334123135,0.02750725857913494
1715,9.458814582268877e-05,0.0015842518769204617,0.009738224,0.039802663,0.9987246990203857,0.9787902235984802,0.007410938385874033,0.02723107673227787
1716,8.608225123845676e-05,0.001710282638669014,0.009271551,0.041355565,0.9988440275192261,0.9771029949188232,0.006967493332922459,0.027865363284945488
1717,8.418819594556804e-05,0.0017101950943470001,0.009153087,0.041354503,0.9988733530044556,0.977104127407074,0.00692802993580699,0.027946338057518005
1718,7.820622737530026e-05,0.001649203710258007,0.008659463,0.04061039,0.9989916086196899,0.9779207110404968,0.006518631242215633,0.027966205030679703
1719,0.00011848794582130557,0.0016098353080451488,0.010890973,0.040122755,0.9984049201011658,0.9784477353096008,0.008296317420899868,0.027295779436826706
1720,0.00010200461706104265,0.0016252404311671853,0.01010131,0.040314272,0.9986278414726257,0.978241503238678,0.00766872800886631,0.027489839121699333
1721,8.02190395254663e-05,0.001546266139484942,0.008938727,0.039322592,0.998925507068634,0.9792987704277039,0.006837228313088417,0.02683793008327484
1722,9.874663638501343e-05,0.001613918342627585,0.009886821,0.040173605,0.9986854791641235,0.9783930778503418,0.007743136025965214,0.027395086362957954
1723,9.51561826447935e-05,0.001662478200159967,0.009754043,0.0407735,0.9987205862998962,0.9777429699897766,0.007514634635299444,0.027728905901312828
1724,8.661232525562148e-05,0.001601862022653222,0.009268076,0.040023267,0.9988448619842529,0.9785544872283936,0.00699768029153347,0.027234753593802452
1725,0.00010911231335988056,0.001603617798537016,0.010486513,0.040045198,0.9985212087631226,0.978531002998352,0.00791809894144535,0.027524329721927643
1726,7.617277928643902e-05,0.0016242855926975608,0.008709757,0.040302426,0.9989798665046692,0.9782542586326599,0.00658202450722456,0.027587398886680603
1727,8.620925175571095e-05,0.001479203114286065,0.009241511,0.03846041,0.998851478099823,0.9801966547966003,0.007064000703394413,0.026181736961007118
1728,9.417900433949067e-05,0.001595282694324851,0.009669423,0.03994099,0.9987426996231079,0.9786425828933716,0.007242503110319376,0.027295775711536407
1729,8.059609138978307e-05,0.0015618144534528255,0.008954322,0.039519798,0.9989217519760132,0.9790906310081482,0.0068384152837097645,0.027224505320191383
1730,8.519158952615477e-05,0.0016353349201381207,0.009255423,0.040439274,0.998848021030426,0.9781063795089722,0.007081154268234968,0.026724936440587044
1731,7.53104819027199e-05,0.0016749348724260926,0.008678112,0.04092597,0.9989872574806213,0.9775761961936951,0.006754237227141857,0.027548309415578842
1732,8.93672809483674e-05,0.001625365694053471,0.009425333,0.040315825,0.9988053441047668,0.9782398343086243,0.007266236003488302,0.027025477960705757
1733,8.192805398721248e-05,0.001602237462066114,0.008928086,0.04002796,0.9989280700683594,0.9785494804382324,0.006714417599141598,0.027232065796852112
1734,8.369180415518878e-05,0.0017518908716738224,0.009136584,0.041855596,0.9988774061203003,0.9765459299087524,0.006994339637458324,0.027653254568576813
1735,7.965181827206503e-05,0.0017251982353627682,0.008904756,0.041535504,0.9989336729049683,0.9769032597541809,0.0068114143796265125,0.02863449603319168
1736,9.710236570919568e-05,0.0017345985397696495,0.009829848,0.041648515,0.9987006187438965,0.9767774343490601,0.007455670274794102,0.02768457867205143
1737,8.38943653269036e-05,0.0016323344316333532,0.009147934,0.04040216,0.9988746047019958,0.9781465530395508,0.007049017585813999,0.02711333893239498
1738,7.372489695130339e-05,0.0016027993988245726,0.008553927,0.040034976,0.9990160465240479,0.978541910648346,0.006477492395788431,0.027092011645436287
1739,7.42416870542167e-05,0.0016977186314761639,0.008550569,0.04120338,0.9990168213844299,0.9772711992263794,0.006536189466714859,0.027559025213122368
1740,9.04722323453329e-05,0.0017157859401777387,0.009518926,0.041422047,0.9987815022468567,0.9770292639732361,0.0072474549524486065,0.02759961411356926
1741,0.0001086652100639185,0.0017410485306754708,0.010403238,0.041725874,0.9985445737838745,0.9766910672187805,0.007757151033729315,0.028032150119543076
1742,0.00010134460932352918,0.0017184868920594454,0.009951832,0.04145464,0.9986681342124939,0.9769931435585022,0.0074681672267615795,0.02777595818042755
1743,9.075378131290728e-05,0.0016707073664292693,0.00953075,0.040874287,0.9987784624099731,0.9776328206062317,0.007149212062358856,0.027098244056105614
1744,0.00011142830077336508,0.0017669210210442543,0.010490769,0.04203476,0.998520016670227,0.9763447046279907,0.007955457083880901,0.028694117441773415
1745,8.993368696379052e-05,0.001579449512064457,0.009378215,0.03974229,0.9988172650337219,0.9788545370101929,0.007174333557486534,0.02734619565308094
1746,0.00010848056941044474,0.0016505192033946514,0.010389809,0.04062658,0.9985483288764954,0.9779030680656433,0.007906932383775711,0.02755448780953884
1747,0.0001028916932145049,0.0016645878786221147,0.0101585705,0.04079936,0.9986122250556946,0.9777147173881531,0.007682680618017912,0.027534935623407364
1748,8.895397960176607e-05,0.0016448464011773467,0.009420664,0.040556706,0.9988065361976624,0.9779790043830872,0.007218282204121351,0.027141647413372993
1749,8.200418431608176e-05,0.0016562117962166667,0.009059007,0.040696584,0.9988964200019836,0.9778268337249756,0.006766141392290592,0.026760762557387352
1750,0.00010064511595621958,0.0017619263380765915,0.010053691,0.04197531,0.998640775680542,0.9764115810394287,0.007544870488345623,0.027853965759277344
1751,9.011912648433777e-05,0.0018105562776327133,0.009484091,0.04255063,0.9987903833389282,0.9757605195045471,0.0071738180704414845,0.028582138940691948
1752,9.417204207486726e-05,0.0016378102591261268,0.0097108465,0.04046987,0.9987318515777588,0.978073239326477,0.007316507864743471,0.027787894010543823
1753,9.873732497825668e-05,0.0016207409789785743,0.009916553,0.040258426,0.9986775517463684,0.9783017635345459,0.007460989523679018,0.027694538235664368
1754,8.744371007196605e-05,0.001772977295331657,0.009338738,0.04210674,0.9988272190093994,0.9762636423110962,0.00713302381336689,0.02900288626551628
1755,9.605739548781209e-05,0.001647964003495872,0.009810438,0.040595125,0.9987057447433472,0.9779372811317444,0.007382902782410383,0.027017343789339066
1756,0.00010272583511488682,0.0017267606453970075,0.010154502,0.04155431,0.9986133575439453,0.9768823385238647,0.007511223200708628,0.028073739260435104
1757,7.347299519592939e-05,0.001702736015431583,0.008551731,0.041264225,0.999016523361206,0.9772040247917175,0.00641801580786705,0.028164051473140717
1758,7.650726216855797e-05,0.0016033780993893743,0.008765834,0.040042203,0.9989666938781738,0.9785342216491699,0.006691260263323784,0.027595290914177895
1759,9.189406707512468e-05,0.0017355618765577674,0.00954191,0.041660074,0.9987756013870239,0.9767645597457886,0.007156850304454565,0.027997104451060295
1760,9.068764103920495e-05,0.0017382001969963312,0.009450301,0.041691728,0.9987990260124207,0.9767292141914368,0.007147771771997213,0.02791081927716732
1761,0.00010522301007850646,0.0017222905298694968,0.010205229,0.04150049,0.9985994696617126,0.9769421815872192,0.007599375676363707,0.02792595885694027
1762,0.00013074821882500228,0.0017951017944142222,0.011452867,0.042368643,0.9982361197471619,0.9759674072265625,0.008503046818077564,0.028580881655216217
1763,0.00012888574036134577,0.0017535382648929954,0.011354108,0.04187527,0.9982663989067078,0.9765238761901855,0.008637582883238792,0.028162572532892227
1764,0.00010454022445959377,0.0017372193979099393,0.010127381,0.041679963,0.9986207485198975,0.9767423272132874,0.00762178422883153,0.028652625158429146
1765,9.437215637510896e-05,0.0017059887759387493,0.009634255,0.041303616,0.9987518191337585,0.9771604537963867,0.0072299763560295105,0.02746095508337021
1766,9.351935891159387e-05,0.0016463001957163215,0.009680033,0.040574625,0.9987398982048035,0.9779595732688904,0.007269896566867828,0.027068501338362694
1767,8.731130153385244e-05,0.001603763666935265,0.009333381,0.04004702,0.9988285303115845,0.9785290360450745,0.006973949261009693,0.027729233726859093
1768,7.605014186331324e-05,0.0016187101136893034,0.008744594,0.040233195,0.998971700668335,0.9783289432525635,0.006663361564278603,0.027112560346722603
1769,7.438241465768607e-05,0.0015873006777837873,0.008575602,0.03984094,0.9990110397338867,0.9787494540214539,0.006508149206638336,0.027046138420701027
1770,7.853676916883242e-05,0.0016273889923468232,0.00885509,0.040340908,0.9989455342292786,0.9782127141952515,0.006851141341030598,0.027469072490930557
1771,0.00011313973283739125,0.0015849439660087228,0.010592068,0.039811354,0.9984912872314453,0.97878098487854,0.007906927727162838,0.027090029790997505
1772,9.276719538320322e-05,0.001646046293899417,0.0096376445,0.040571496,0.9987509250640869,0.9779629707336426,0.007352578919380903,0.02778565138578415
1773,8.019305013559378e-05,0.0016023911302909255,0.008966441,0.040029876,0.9989188313484192,0.9785473942756653,0.006735965609550476,0.027407141402363777
1774,8.057861999656201e-05,0.0016650508623570204,0.008970556,0.040805034,0.9989178776741028,0.9777085185050964,0.006766499951481819,0.02704676240682602
1775,7.824745973101182e-05,0.0016572537133470178,0.008840688,0.04070938,0.9989489316940308,0.9778128862380981,0.006592135410755873,0.027477983385324478
1776,0.00010228792829862373,0.0016129236901178956,0.010064649,0.040161222,0.9986377954483032,0.9784063696861267,0.007491475436836481,0.027285832911729813
1777,0.00010775305517282422,0.0016139497747644782,0.010370366,0.040173993,0.9985537528991699,0.9783926606178284,0.007592601701617241,0.027641823515295982
1778,7.992848970223514e-05,0.0017170103965327144,0.0089588305,0.04143682,0.9989206790924072,0.9770128726959229,0.006717998068779707,0.027957482263445854
1779,7.826355580288113e-05,0.0016847221413627267,0.008795875,0.041045368,0.9989596009254456,0.9774451851844788,0.006743047386407852,0.027150096371769905
1780,0.00010786786796498663,0.0017571948701515794,0.010386473,0.041918907,0.9985492825508118,0.976474940776825,0.007792143616825342,0.027948753908276558
1781,0.00011507868343456225,0.0016702198190614581,0.010648113,0.040868323,0.9984752535820007,0.9776393175125122,0.007683880627155304,0.02785591594874859
1782,0.00011316075589010407,0.0016927918186411262,0.010652729,0.04114355,0.9984739422798157,0.977337121963501,0.00799075048416853,0.027294553816318512
1783,0.00012335254028915767,0.0017750851111486554,0.01104,0.04213176,0.9983609914779663,0.9762353897094727,0.00821044109761715,0.02892964892089367
1784,0.00010993535132994029,0.0016530218999832869,0.0105021335,0.040657375,0.9985167980194092,0.9778695702552795,0.007940690964460373,0.027317773550748825
1785,0.00010511371874599718,0.0017260749591514468,0.010250411,0.041546058,0.9985870122909546,0.9768915176391602,0.007724537514150143,0.028187906369566917
1786,9.960901033165018e-05,0.001768191228620708,0.009925005,0.042049866,0.9986753463745117,0.9763277173042297,0.007427921053022146,0.02829277142882347
1787,8.818257149621125e-05,0.0017747115343809128,0.009418924,0.042127326,0.9988069534301758,0.9762403964996338,0.007237931713461876,0.028235238045454025
1788,8.605313533652489e-05,0.0016520788194611669,0.009250458,0.04064577,0.9988492727279663,0.9778822064399719,0.006958547979593277,0.026846183463931084
1789,8.955430761985058e-05,0.0016678408719599247,0.009461908,0.040839206,0.9987960457801819,0.9776711463928223,0.007051775231957436,0.027309324592351913
1790,8.736299423617311e-05,0.001681048539467156,0.009319285,0.041000593,0.998832106590271,0.9774943590164185,0.006974971387535334,0.02764875255525112
1791,8.991050559746905e-05,0.001701372442767024,0.009465661,0.041247696,0.9987950921058655,0.9772222638130188,0.007138690445572138,0.027420111000537872
1792,9.114998548201666e-05,0.001635081833228469,0.009521991,0.040436145,0.9987807273864746,0.9781097173690796,0.007157733663916588,0.027788041159510612
1793,0.00010096532324413684,0.0016255935188382864,0.010036401,0.04031865,0.9986454248428345,0.9782367944717407,0.007561815436929464,0.027368245646357536
1794,9.948598232189066e-05,0.0016431354451924562,0.009997703,0.040535606,0.9986558556556702,0.9780019521713257,0.007309771608561277,0.02751794457435608
1795,7.832053713421125e-05,0.001688246731646359,0.00886861,0.04108828,0.9989423155784607,0.9773979783058167,0.006747344974428415,0.0276989433914423
1796,0.00010824265469140796,0.0016216080402955413,0.010411385,0.040269196,0.998542308807373,0.9782901406288147,0.007857776246964931,0.02701767161488533
1797,8.95030782637398e-05,0.001633709529414773,0.009458683,0.040419172,0.9987968802452087,0.9781281352043152,0.007140880450606346,0.027597792446613312
1798,0.00010676227148823355,0.0017326695378869772,0.010350033,0.041625343,0.9985594153404236,0.9768032431602478,0.007837397046387196,0.028447739779949188
1799,9.085916925951923e-05,0.0018982469337061048,0.009522288,0.043568876,0.9987806677818298,0.974586546421051,0.007233840879052877,0.029503658413887024
1800,8.372287662826817e-05,0.001721108565106988,0.009089261,0.04148624,0.9988890290260315,0.9769580364227295,0.006891412660479546,0.028332389891147614
1801,0.00010089131931388032,0.0016812452813610435,0.010036676,0.041002993,0.9986453652381897,0.9774917364120483,0.007543691899627447,0.02777968905866146
1802,0.0001292757690614301,0.0016602029791101813,0.011391294,0.040745586,0.9982550144195557,0.9777734279632568,0.008485296741127968,0.0282260961830616
1803,0.00011350090029406023,0.00160422723274678,0.010660807,0.040052805,0.9984716176986694,0.9785228371620178,0.008112937211990356,0.0276054497808218
1804,9.00870193370131e-05,0.0016070414567366242,0.00947703,0.040087923,0.9987922310829163,0.9784851670265198,0.0073055545799434185,0.027339624240994453
1805,7.63313412541968e-05,0.0016216377262026072,0.008754947,0.040269565,0.9989692568778992,0.9782897233963013,0.006601031869649887,0.028101617470383644
1806,0.00010752904166689736,0.0018463919404894114,0.010337221,0.042969666,0.9985629916191101,0.97528076171875,0.007674571592360735,0.02783609926700592
1807,0.00013575984187561764,0.001669740886427462,0.011547903,0.040862463,0.9982066750526428,0.977645754814148,0.008436311036348343,0.02737502008676529
1808,0.0001208168594695797,0.0017262042965739965,0.010996834,0.041547615,0.9983737468719482,0.9768897891044617,0.008015149272978306,0.027796898037195206
1809,0.00010234033635986799,0.00164020957890898,0.010022962,0.040499505,0.9986490607261658,0.9780411124229431,0.007504588458687067,0.027930235490202904
1810,0.00012227593056608882,0.0016270457999780774,0.011079386,0.040336654,0.9983492493629456,0.9782173037528992,0.008297144435346127,0.027117619290947914
1811,0.0001312998720095493,0.0016909526893869042,0.011479703,0.041121196,0.9982278347015381,0.9773617386817932,0.008369199000298977,0.027481773868203163
1812,0.00011295053875735242,0.0017294505378231406,0.010632977,0.04158666,0.9984796047210693,0.9768463373184204,0.007965059019625187,0.02795548364520073
1813,0.00013529657272473824,0.0016702251741662621,0.011637564,0.040868387,0.9981787204742432,0.9776392579078674,0.008851725608110428,0.02731391414999962
1814,9.901916696848771e-05,0.0015816790983080864,0.009948886,0.039770328,0.9986689686775208,0.9788246750831604,0.0075209238566458225,0.027257082983851433
1815,8.872384552722161e-05,0.0016763599123805761,0.009380844,0.040943377,0.9988166093826294,0.9775571227073669,0.007145282346755266,0.028003932908177376
1816,9.434650928596966e-05,0.0018250519642606378,0.009708917,0.042720627,0.9987323880195618,0.9755664467811584,0.0073820543475449085,0.029236119240522385
1817,0.00010242573014031883,0.0016722040018066764,0.010146666,0.04089259,0.9986155033111572,0.9776127338409424,0.007513929158449173,0.02695496939122677
1818,9.290162878724831e-05,0.001666902331635356,0.009580236,0.040827714,0.998765766620636,0.9776837229728699,0.007250424940139055,0.027658047154545784
1819,8.483978275431913e-05,0.0016767327906563878,0.009205537,0.04094793,0.9988604187965393,0.9775521159172058,0.006792954169213772,0.027698568999767303
1820,9.876817421172746e-05,0.001661808229982853,0.009937318,0.04076528,0.9986720085144043,0.9777519106864929,0.007496243342757225,0.02760372869670391
1821,7.950201391147196e-05,0.0016760671278461814,0.008919417,0.0409398,0.9989301562309265,0.9775610566139221,0.006651642732322216,0.02788025699555874
1822,9.486316511439244e-05,0.0016963358502835035,0.009675217,0.0411866,0.9987411499023438,0.9772896766662598,0.0071525429375469685,0.027604904025793076
1823,0.00011704627236626534,0.0017356474418193102,0.010862923,0.041661102,0.9984131455421448,0.9767633676528931,0.0080423504114151,0.027839165180921555
1824,9.454737714391244e-05,0.001731099677272141,0.009639364,0.041606486,0.9987504482269287,0.9768242835998535,0.007258379366248846,0.02865516021847725
1825,8.119794719360388e-05,0.001704957103356719,0.0090229465,0.04129113,0.9989051818847656,0.9771742820739746,0.006918777711689472,0.027956241741776466
1826,7.000026876498437e-05,0.0017073301132768393,0.00835958,0.041319847,0.9990602135658264,0.9771425127983093,0.006384302396327257,0.027492785826325417
1827,7.878766386552756e-05,0.0016284447629004717,0.008844238,0.040353995,0.9989480972290039,0.9781985878944397,0.006796515546739101,0.027316343039274216
1828,9.212360303288072e-05,0.0017237846041098237,0.009598065,0.041518483,0.9987611770629883,0.9769222140312195,0.0073193758726119995,0.02780543453991413
1829,9.03536539143798e-05,0.0017466797726228833,0.009505173,0.041793298,0.9987850189208984,0.9766156673431396,0.007199451327323914,0.028234757483005524
1830,8.890330073799387e-05,0.0017444462282583117,0.009353851,0.04176657,0.9988234043121338,0.9766455888748169,0.00702036963775754,0.027865871787071228
1831,7.906465031158983e-05,0.0017491121543571353,0.008829937,0.041822392,0.9989514946937561,0.9765831232070923,0.006723316386342049,0.028215140104293823
1832,8.335092554096428e-05,0.0017512589693069458,0.009116494,0.041848045,0.9988823533058167,0.9765543937683105,0.007059899158775806,0.027524027973413467
1833,6.90128371471391e-05,0.0016285325400531292,0.008315458,0.04035508,0.9990701079368591,0.978197455406189,0.006254579406231642,0.027446798980236053
1834,7.453912505959373e-05,0.0016651571495458484,0.008632356,0.04080634,0.9989979267120361,0.9777070879936218,0.0065486859530210495,0.027928173542022705
1835,8.14966725473906e-05,0.0017093876376748085,0.009038862,0.041344743,0.9989013075828552,0.9771149754524231,0.0068438551388680935,0.02718123234808445
1836,6.808180197284938e-05,0.0017349510453641415,0.0082569085,0.041652746,0.9990831613540649,0.9767727255821228,0.006242548115551472,0.028176018968224525
1837,0.00011609120734977874,0.0017148915212601423,0.010708143,0.04141125,0.9984580278396606,0.9770412445068359,0.007987209595739841,0.027950257062911987
1838,8.388788740954955e-05,0.001734963501803577,0.009157845,0.041652896,0.9988722205162048,0.9767725467681885,0.0069603994488716125,0.028266623616218567
1839,9.692102883656679e-05,0.0017060269601643085,0.009829104,0.041304078,0.9987007975578308,0.9771599173545837,0.0075178490951657295,0.027591992169618607
1840,8.895304894064215e-05,0.001748505630530417,0.009427009,0.041815136,0.9988049268722534,0.9765912294387817,0.006955429445952177,0.027805518358945847
1841,7.737751911918167e-05,0.001801111502572894,0.0088153025,0.042439505,0.9989550113677979,0.9758869409561157,0.006780673284083605,0.028230469673871994
1842,8.623681159488942e-05,0.0018044582102447748,0.009297291,0.042478915,0.9988375902175903,0.9758421778678894,0.006890247110277414,0.027929464355111122
1843,7.615494029199577e-05,0.001677720109000802,0.008685279,0.04095998,0.9989855885505676,0.9775388836860657,0.006590854376554489,0.027444172650575638
1844,7.286636884435376e-05,0.001692591467872262,0.008482138,0.04114112,0.9990324974060059,0.9773398041725159,0.006412418093532324,0.027583783492445946
1845,7.422310194339265e-05,0.0017661730526015162,0.008629596,0.04202586,0.9989985227584839,0.976354718208313,0.006543571595102549,0.028587469831109047
1846,8.020670264324343e-05,0.0017819155473262072,0.00891836,0.042212743,0.9989303946495056,0.9761439561843872,0.006735412869602442,0.028368942439556122
1847,7.051296862217978e-05,0.0017815852770581841,0.008309079,0.042208828,0.9990715384483337,0.9761483669281006,0.006327508017420769,0.028606675565242767
1848,8.814747475712052e-05,0.0018013834487646818,0.009409307,0.04244271,0.9988093972206116,0.9758833050727844,0.007167783100157976,0.029470201581716537
1849,9.048918185395782e-05,0.0016803853213787079,0.009495058,0.040992506,0.9987875819206238,0.97750324010849,0.007195086684077978,0.027861712500452995
1850,7.681248991337435e-05,0.001659280969761312,0.008732226,0.040734272,0.9989745616912842,0.9777857661247253,0.006520779337733984,0.027839606627821922
1851,0.00011534604775740512,0.001771993120200932,0.010675931,0.04209505,0.9984672665596008,0.9762768149375916,0.007778140716254711,0.028460513800382614
1852,0.00012146184880376413,0.0016759397694841027,0.011022407,0.040938243,0.9983661770820618,0.9775627255439758,0.008113117888569832,0.027540456503629684
1853,0.000127157842639876,0.0017676262650638819,0.011304005,0.04204315,0.9982816576957703,0.9763352870941162,0.0077474904246628284,0.029121261090040207
1854,0.0001556894864982248,0.0019364501349627972,0.012431831,0.044005115,0.9979216456413269,0.9740750789642334,0.008983919396996498,0.029152076691389084
1855,0.00018423554865876213,0.0018823369173333049,0.013472867,0.043385908,0.9975590109825134,0.9747995138168335,0.00920578557997942,0.029072348028421402
1856,0.00012660961047830907,0.001726760296151042,0.0112283975,0.041554306,0.998304545879364,0.9768823385238647,0.008355950936675072,0.029255012050271034
1857,0.00012823108342920685,0.0017879446968436241,0.011348703,0.042284094,0.9982680082321167,0.9760632514953613,0.008544722571969032,0.029615044593811035
1858,0.00012468968402985908,0.0017996665555983782,0.011189284,0.042422477,0.9983163475990295,0.9759063124656677,0.008382410742342472,0.028923844918608665
1859,9.259361137413758e-05,0.0016823685728013515,0.0096242055,0.041016687,0.9987543821334839,0.9774766564369202,0.007306084502488375,0.027607208117842674
1860,0.00011098249292858368,0.001639126450754702,0.010493004,0.04048613,0.9985193610191345,0.9780555963516235,0.00782923586666584,0.027256889268755913
1861,9.526614204250191e-05,0.0018212792929261923,0.009748539,0.04267645,0.9987220168113708,0.9756169319152832,0.007367419544607401,0.028487684205174446
1862,9.55640086679275e-05,0.0018220897763967514,0.009739655,0.042685945,0.9987243413925171,0.9756060838699341,0.007438815198838711,0.028890864923596382
1863,8.366196330329826e-05,0.0018353393534198403,0.0091398405,0.042840865,0.9988766312599182,0.9754287004470825,0.006888240575790405,0.028405707329511642
1864,0.00011975292512612545,0.0018164823995903134,0.010987198,0.04262021,0.9983766078948975,0.9756811857223511,0.00809966865926981,0.028308460488915443
1865,0.00010930320687211034,0.0017416428308933973,0.010481656,0.041732997,0.9985225796699524,0.9766831398010254,0.007847705855965614,0.028176607564091682
1866,8.146654760242778e-05,0.0018092497484758496,0.008989795,0.042535275,0.9989132285118103,0.9757779836654663,0.006787240970879793,0.02839590609073639
1867,0.00015280307376418602,0.0017460189992561936,0.012345314,0.041785393,0.9979504942893982,0.9766245484352112,0.009244745597243309,0.027868255972862244
1868,0.00010337043336634947,0.0017314647557213902,0.010193214,0.041610874,0.9986027479171753,0.9768193960189819,0.007706897333264351,0.02783995307981968
1869,9.183626802537633e-05,0.0018616250017657876,0.009574371,0.043146554,0.9987672567367554,0.9750767946243286,0.007157512009143829,0.028798412531614304
1870,8.965256215147251e-05,0.0017095704097300768,0.00945824,0.041346952,0.9987969994544983,0.9771125316619873,0.007145601790398359,0.028158335015177727
1871,0.00010023321688508572,0.001698356936685741,0.010008926,0.041211125,0.9986528158187866,0.9772626161575317,0.007548119407147169,0.02782324142754078
1872,8.254898123347878e-05,0.001769554684869945,0.009094995,0.042066075,0.9988875985145569,0.9763094186782837,0.006823761388659477,0.028761204332113266
1873,8.730022984144108e-05,0.0018163865897804499,0.009315104,0.042619087,0.9988331198692322,0.9756824374198914,0.007103724405169487,0.027886439114809036
1874,6.667191188501998e-05,0.001719849999062717,0.008157669,0.041471075,0.9991050958633423,0.9769749045372009,0.006205788813531399,0.02781318686902523
1875,7.337318939707157e-05,0.0017883647233247757,0.00855684,0.042289063,0.9990153908729553,0.9760575890541077,0.006578780245035887,0.02849646285176277
1876,8.809992058641828e-05,0.0017545237205922604,0.009392746,0.041887034,0.9988135695457458,0.9765106439590454,0.00715642562136054,0.02798919565975666
1877,8.743492468387227e-05,0.0017955340445041656,0.009343739,0.042373743,0.9988259673118591,0.9759616255760193,0.007071075960993767,0.02768130972981453
1878,8.615063945233652e-05,0.0017929759342223406,0.009291834,0.04234355,0.9988389611244202,0.9759958982467651,0.007027462124824524,0.028179505839943886
1879,6.820938026728321e-05,0.0016845868667587638,0.008271385,0.041043717,0.9990799427032471,0.977446973323822,0.006320581305772066,0.027422072365880013
1880,7.397184642534491e-05,0.0016688030445948243,0.008581686,0.040850986,0.9990096688270569,0.9776582717895508,0.006464949809014797,0.027639184147119522
1881,8.020366278122475e-05,0.0016414839774370193,0.008934167,0.04051523,0.9989266395568848,0.9780240654945374,0.0067697674967348576,0.0270236786454916
1882,7.637658282791645e-05,0.0016012446722015738,0.008746814,0.040015556,0.998971164226532,0.9785627722740173,0.0065022301860153675,0.027116278186440468
1883,8.508569639657667e-05,0.0017109762411564589,0.00918099,0.041363947,0.9988664984703064,0.9770936965942383,0.006926761008799076,0.027622342109680176
1884,8.211158042699522e-05,0.0017574785742908716,0.009076788,0.041922294,0.998892068862915,0.9764711260795593,0.006920505780726671,0.02781112864613533
1885,8.050553961683445e-05,0.001675659790635109,0.008948107,0.040934823,0.9989232420921326,0.9775664806365967,0.006817000452429056,0.027238255366683006
1886,6.904879377212968e-05,0.0016577653586864471,0.008324611,0.040715665,0.9990680813789368,0.9778060913085938,0.006366956513375044,0.027496064081788063
1887,8.808020456027324e-05,0.0017497529042884707,0.009368654,0.041830048,0.9988196492195129,0.9765745401382446,0.007181182969361544,0.027654826641082764
1888,7.753896699630951e-05,0.0016572511522099376,0.008777826,0.040709354,0.9989638328552246,0.9778129458427429,0.006640187464654446,0.02727905474603176
1889,6.91271989952921e-05,0.0018524018814787269,0.008308032,0.043039538,0.9990717768669128,0.9752002954483032,0.006315551698207855,0.028717536479234695
1890,0.000136820048117608,0.0017097307136282325,0.0117273005,0.04134889,0.9981505274772644,0.9771103858947754,0.008624023757874966,0.027357453480362892
1891,8.000808206402739e-05,0.0017798877088353038,0.008962556,0.04218872,0.9989197850227356,0.97617107629776,0.006819672882556915,0.027746951207518578
1892,7.461354272725822e-05,0.001777086523361504,0.008650908,0.042155508,0.9989935755729675,0.9762086272239685,0.006600359454751015,0.027962135151028633
1893,7.048181379848921e-05,0.0017269790405407548,0.008378838,0.041556936,0.9990559220314026,0.9768794178962708,0.006438714452087879,0.027924824506044388
1894,8.38683886699569e-05,0.0016813479596748948,0.00916449,0.041004244,0.9988705515861511,0.9774903655052185,0.006849674973636866,0.027484478428959846
1895,8.14508907338181e-05,0.001864091376774013,0.008951798,0.043175124,0.9989223480224609,0.975043773651123,0.0070070670917630196,0.028514502570033073
1896,8.251255993937693e-05,0.0016618322115391493,0.0090570655,0.040765576,0.9988968968391418,0.977751612663269,0.0068773492239415646,0.026949221268296242
1897,0.00010004480463976506,0.0018150353571400046,0.009994867,0.042603236,0.9986566305160522,0.9757005572319031,0.007516677491366863,0.02856416627764702
1898,9.228789117928086e-05,0.0017040922539308667,0.009584774,0.04128065,0.9987645745277405,0.977185845375061,0.007153301499783993,0.027603739872574806
1899,6.699196522028863e-05,0.0016102935187518597,0.008165098,0.040128462,0.9991034865379333,0.978441596031189,0.006205297075212002,0.027018114924430847
1900,7.195976898153525e-05,0.001657899934798479,0.008421478,0.04071732,0.999046266078949,0.9778042435646057,0.0064737736247479916,0.02776336297392845
1901,8.478648140391505e-05,0.001735453843139112,0.009197613,0.041658778,0.9988623857498169,0.9767659902572632,0.006984916515648365,0.027866803109645844
1902,7.047761904356197e-05,0.0015935652190819383,0.008390742,0.039919484,0.9990532398223877,0.9786655902862549,0.00644315592944622,0.027274115011096
1903,6.36680269963108e-05,0.0017813844606280327,0.007932805,0.04220645,0.999153733253479,0.9761510491371155,0.0060022203251719475,0.028171095997095108
1904,9.55531832005363e-05,0.0017912723124027252,0.0097762775,0.042323425,0.9987147450447083,0.9760186672210693,0.007415742613375187,0.027659611776471138
1905,6.771948392270133e-05,0.0016618523513898253,0.008245859,0.040765826,0.9990856051445007,0.9777513146400452,0.006273184437304735,0.02776777558028698
1906,6.976706125979862e-05,0.0017051796894520521,0.008359116,0.041293822,0.999060332775116,0.9771713018417358,0.006454777903854847,0.027810486033558846
1907,6.651990638188595e-05,0.0017184652388095856,0.008163691,0.041454375,0.9991037845611572,0.9769934415817261,0.006211429834365845,0.028111213818192482
1908,7.337290960342877e-05,0.0017412640154361725,0.008585966,0.041728456,0.9990086555480957,0.9766882061958313,0.006597320549190044,0.028013067319989204
1909,6.180378527047155e-05,0.0018090562662109733,0.007867815,0.042533003,0.9991675615310669,0.9757806062698364,0.0060366066172719,0.02855524979531765
1910,7.205510651560458e-05,0.0015944496262818575,0.0084788315,0.03993056,0.9990332126617432,0.9786537289619446,0.006319314707070589,0.027280079200863838
1911,8.858738576898098e-05,0.0017349435947835445,0.009354919,0.041652653,0.9988231062889099,0.9767727851867676,0.007036081049591303,0.02800123766064644
1912,8.095017470953859e-05,0.0016825702041387558,0.009005278,0.041019145,0.9989094734191895,0.9774739742279053,0.006816072389483452,0.02751104347407818
1913,6.712759932270274e-05,0.001654570922255516,0.0081741735,0.04067642,0.999101459980011,0.9778488278388977,0.006264366675168276,0.02733052894473076
1914,8.324518404895736e-05,0.0017940409015864134,0.009142952,0.04235612,0.9988758563995361,0.975981593132019,0.007001970428973436,0.028710510581731796
1915,7.524482382657219e-05,0.001677410094998777,0.008650092,0.040956195,0.9989938139915466,0.9775430560112,0.006542874034494162,0.027210071682929993
1916,6.060471076290758e-05,0.0016301797004416585,0.007789477,0.040375482,0.9991840720176697,0.9781754016876221,0.005952103063464165,0.02715410850942135
1917,8.06183819473848e-05,0.001708212192170322,0.008993988,0.041330524,0.9989122152328491,0.9771307110786438,0.006906351540237665,0.027660468593239784
1918,7.0240917259732e-05,0.0016601916868239641,0.008365726,0.040745452,0.9990588426589966,0.9777735471725464,0.0064128790982067585,0.0270013976842165
1919,6.583063259313349e-05,0.0016866951482370496,0.00809782,0.041069396,0.9991181492805481,0.9774187803268433,0.006232744082808495,0.027561839669942856
1920,5.963300496990666e-05,0.0016613267362117767,0.007696439,0.040759373,0.9992034435272217,0.9777584075927734,0.005956919398158789,0.026947801932692528
1921,7.581151806913444e-05,0.0015129068633541465,0.008692388,0.038896102,0.9989839196205139,0.9797453880310059,0.006499045062810183,0.026436708867549896
1922,7.830752672982106e-05,0.0017610997892916203,0.008790824,0.04196546,0.9989607930183411,0.9764226078987122,0.006620773579925299,0.02764688804745674
1923,9.127665659682613e-05,0.001693841302767396,0.009566448,0.041156303,0.9987692832946777,0.977323055267334,0.007146115880459547,0.027824154123663902
1924,7.490093891895164e-05,0.001674562692642212,0.0086686155,0.040921424,0.998989462852478,0.9775812029838562,0.006557727698236704,0.0277783814817667
1925,9.671206399533813e-05,0.0016396918799728155,0.009781137,0.040493112,0.9987134337425232,0.9780480265617371,0.007349597755819559,0.02754327841103077
1926,0.00011870154412463307,0.0016887655947357416,0.010910128,0.041094594,0.9983993172645569,0.9773910045623779,0.008353646844625473,0.028079112991690636
1927,0.00011869861538633069,0.0016737693222239614,0.010896573,0.040911727,0.9984033107757568,0.9775918126106262,0.008146761916577816,0.027636270970106125
1928,9.441616401256232e-05,0.001652094884775579,0.009733279,0.040645972,0.9987260103225708,0.9778819680213928,0.007411551661789417,0.027268266305327415
1929,8.994210772719022e-05,0.0016807601787149906,0.009370149,0.040997077,0.9988192915916443,0.9774982333183289,0.0070501756854355335,0.027647165581583977
1930,6.958673591064077e-05,0.001682766480371356,0.0083076,0.04102154,0.9990718960762024,0.9774713516235352,0.0062802983447909355,0.027955399826169014
1931,7.915236611469564e-05,0.0016901713097468019,0.008867421,0.041111693,0.9989426136016846,0.9773722290992737,0.006695767864584923,0.027565808966755867
1932,0.00011093708632291633,0.0015481397276744246,0.010544985,0.039346408,0.998504638671875,0.9792737364768982,0.007886755280196667,0.026854315772652626
1933,9.5594574800502e-05,0.0016045835800468922,0.009790424,0.040057253,0.9987109899520874,0.9785180687904358,0.00744854100048542,0.027086272835731506
1934,9.311075502244586e-05,0.0015535601414740086,0.009640618,0.03941523,0.9987501502037048,0.9792011380195618,0.0073504638858139515,0.026718242093920708
1935,7.498739333558743e-05,0.0016836159629747272,0.008644194,0.04103189,0.9989951848983765,0.9774599671363831,0.0066792601719498634,0.02761213481426239
1936,8.61521526861576e-05,0.0016707925824448466,0.009182186,0.04087533,0.9988662004470825,0.9776316285133362,0.006886514835059643,0.027759889140725136
1937,7.476584919045722e-05,0.0016106711700558662,0.008531146,0.040133167,0.9990212917327881,0.9784365296363831,0.0064645204693078995,0.0274304561316967
1938,9.040030884286601e-05,0.0017153398366644979,0.009507986,0.041416664,0.9987843036651611,0.9770352840423584,0.007102318573743105,0.02802741341292858
1939,8.203447859242178e-05,0.001791519345715642,0.009016619,0.042326342,0.9989067316055298,0.9760153889656067,0.0068699209950864315,0.028228316456079483
1940,8.365294541528618e-05,0.0017628802452236414,0.009050713,0.041986667,0.998898446559906,0.9763988256454468,0.006689093541353941,0.028085272759199142
1941,7.43964863597119e-05,0.0017016875790432096,0.008618125,0.041251518,0.9990012049674988,0.9772180318832397,0.006501312367618084,0.02809431590139866
1942,8.413727614838122e-05,0.00170194823294878,0.009176186,0.041254677,0.9988676905632019,0.9772145748138428,0.006920953746885061,0.027085771784186363
1943,8.646048428834712e-05,0.001597440685145557,0.009294877,0.039967995,0.9988381862640381,0.9786136746406555,0.007090557366609573,0.02667597495019436
1944,8.087727870919149e-05,0.0018427190370857716,0.008940966,0.042926904,0.998924970626831,0.9753299355506897,0.00682044168934226,0.029482165351510048
1945,8.167718194520354e-05,0.0016220953548327088,0.00905583,0.040275246,0.9988971948623657,0.9782835841178894,0.006790396757423878,0.026907026767730713
1946,7.582763993758073e-05,0.0016605401178821921,0.008713598,0.04074973,0.9989789724349976,0.9777688980102539,0.006607830058783293,0.027241405099630356
1947,7.323572423377878e-05,0.0015605767257511616,0.008544145,0.039504137,0.9990183115005493,0.9791072010993958,0.006539082154631615,0.026809899136424065
1948,6.387458432238253e-05,0.0017365055391564965,0.007990551,0.0416714,0.9991413950920105,0.9767519235610962,0.006104608532041311,0.028017964214086533
1949,7.000912608584093e-05,0.001605104305781424,0.008334522,0.040063754,0.9990658760070801,0.9785110950469971,0.0063311634585261345,0.026965519413352013
1950,6.455531051456505e-05,0.001728470204398036,0.007996496,0.041574873,0.9991400837898254,0.976859450340271,0.006184427533298731,0.028070611879229546
1951,7.749078229773494e-05,0.001595129957422614,0.00879136,0.03993908,0.9989606738090515,0.978644609451294,0.006800513714551926,0.026922423392534256
1952,7.387492587440647e-05,0.001648455741815269,0.008585073,0.04060118,0.99900883436203,0.9779307246208191,0.006529885344207287,0.027649739757180214
1953,7.141782390879763e-05,0.0017644111067056656,0.008419733,0.042004894,0.9990466833114624,0.976378321647644,0.006370071787387133,0.028231125324964523
1954,6.048723447417036e-05,0.0015752647304907441,0.0077521154,0.039689604,0.9991918802261353,0.9789105653762817,0.005870847497135401,0.026833605021238327
1955,8.355716305562633e-05,0.001658993773162365,0.009146604,0.040730745,0.9988749623298645,0.9777896404266357,0.006866595707833767,0.027615346014499664
1956,7.682733716633679e-05,0.0016614572377875447,0.0087716635,0.040760975,0.998965322971344,0.9777566194534302,0.006558686960488558,0.02752901427447796
1957,7.143943168392235e-05,0.0016640675021335483,0.008422202,0.040792983,0.9990460872650146,0.9777216911315918,0.006383540108799934,0.027633557096123695
1958,7.4328646984544e-05,0.0016711680218577385,0.008592498,0.040879924,0.9990071654319763,0.977626621723175,0.006548058707267046,0.027297357097268105
1959,7.166370348634452e-05,0.0016783862374722958,0.008466658,0.040968113,0.9990360140800476,0.9775300025939941,0.006471897009760141,0.02739640139043331
1960,7.245073108854491e-05,0.0015965052880346775,0.00851392,0.039956294,0.9990252256393433,0.9786261916160583,0.006554801482707262,0.026799054816365242
1961,8.079557797331786e-05,0.001837419462390244,0.00893393,0.04286513,0.9989266991615295,0.9754008650779724,0.0068745999597013,0.029917236417531967
1962,0.00012799349844334012,0.0017177901463583112,0.011339255,0.04144623,0.9982709288597107,0.9770024418830872,0.008468883112072945,0.027931001037359238
1963,0.00011836560505881525,0.0017434299224987626,0.010730619,0.0417544,0.9984515309333801,0.9766591787338257,0.00801013968884945,0.028326567262411118
1964,0.0001063607854699843,0.0016873492859303951,0.010316504,0.04107736,0.9985687732696533,0.9774100184440613,0.007815220393240452,0.027723301202058792
1965,8.411412537415427e-05,0.0017570059280842543,0.009186276,0.041916654,0.9988651871681213,0.9764774441719055,0.00695016048848629,0.02790825441479683
1966,8.598796838751613e-05,0.0016931103309616446,0.0092763165,0.041147422,0.9988428354263306,0.9773328900337219,0.006960283033549786,0.027593540027737617
1967,9.162967663459395e-05,0.0016784494509920478,0.009572832,0.040968884,0.9987676739692688,0.9775291681289673,0.007354940287768841,0.027899397537112236
1968,7.859424691890705e-05,0.0016255121445283294,0.008818734,0.04031764,0.998954176902771,0.9782378673553467,0.006666097324341536,0.027573268860578537
1969,0.00010189312127873895,0.001687175128608942,0.010102729,0.041075237,0.9986274838447571,0.9774123430252075,0.007671821862459183,0.027953920885920525
1970,9.271106302383652e-05,0.0016634550411254168,0.009621249,0.040785477,0.998755156993866,0.9777299165725708,0.007425740826874971,0.02760111168026924
1971,6.874236880156042e-05,0.0016701454296708107,0.008273486,0.040867414,0.9990795254707336,0.9776403307914734,0.0062692249193787575,0.02752751111984253
1972,7.737891874884636e-05,0.0018176216399297118,0.008807117,0.042633574,0.9989569187164307,0.9756659269332886,0.006605485919862986,0.02784012071788311
1973,6.729427497537637e-05,0.0016870438121259212,0.008176567,0.04107364,0.999100923538208,0.977414071559906,0.006081884261220694,0.02733759582042694
1974,7.760315979381134e-05,0.001768945250660181,0.008800781,0.042058833,0.99895840883255,0.9763175845146179,0.006368557922542095,0.02760973386466503
1975,0.00010391851372498257,0.0016324290772899985,0.010190376,0.04040333,0.9986035227775574,0.9781452417373657,0.00724794901907444,0.027597106993198395
1976,0.00014718429619361731,0.0017485261196270585,0.012070918,0.04181538,0.9980405569076538,0.9765909910202026,0.008453033864498138,0.028252560645341873
1977,0.00011496857372218405,0.0016414084238931537,0.010707058,0.040514298,0.9984583258628845,0.9780250191688538,0.008021460846066475,0.028233788907527924
1978,0.00011921953277620064,0.001682290225289762,0.01093587,0.041015733,0.9983917474746704,0.9774777293205261,0.008188118226826191,0.02817549556493759
1979,0.0001110530786470256,0.0015624557854607701,0.010513335,0.03952791,0.9985136389732361,0.9790820479393005,0.007979120127856731,0.02720073238015175
1980,8.579741717601956e-05,0.0015925850020721555,0.009277474,0.03990721,0.9988425374031067,0.9786787033081055,0.007021318189799786,0.027622312307357788
1981,9.38863267947454e-05,0.0016394153935834765,0.0097074825,0.040489696,0.9987327456474304,0.9780517220497131,0.007359842304140329,0.027801398187875748
1982,7.141109282119115e-05,0.001554049551486969,0.008453714,0.039421435,0.9990389347076416,0.9791945815086365,0.006510675884783268,0.027063949033617973
1983,6.97296838387212e-05,0.0015794266946613789,0.008371469,0.039742,0.9990575909614563,0.9788548350334167,0.006480880081653595,0.02743823453783989
1984,6.522503909681373e-05,0.0015305307460948825,0.008085976,0.039121997,0.9991207718849182,0.9795094728469849,0.006081785075366497,0.02655382640659809
1985,6.394465940089007e-05,0.0017313697608187795,0.008005433,0.04160973,0.9991381764411926,0.9768206477165222,0.006169600412249565,0.02799096331000328
1986,6.959916953002738e-05,0.00158797821495682,0.008320881,0.039849445,0.9990689158439636,0.9787403345108032,0.006379757542163134,0.02677895687520504
1987,8.831067614003338e-05,0.0015801979461684823,0.009398667,0.039751705,0.9988120794296265,0.9788445234298706,0.007136686705052853,0.026939941570162773
1988,7.545326463348994e-05,0.001680395333096385,0.008682596,0.040992625,0.9989861845970154,0.9775031208992004,0.006723031867295504,0.0281057246029377
1989,7.353667553450742e-05,0.001518083969131112,0.008557392,0.0389626,0.999015212059021,0.9796761274337769,0.006617366801947355,0.026505829766392708
1990,7.332326640607789e-05,0.0016142320819199085,0.008558658,0.040177505,0.9990149736404419,0.9783889055252075,0.006538603454828262,0.027600571513175964
1991,9.663232512221757e-05,0.0015518084401264787,0.009770286,0.039393,0.9987162947654724,0.9792246222496033,0.007246083114296198,0.026846297085285187
1992,9.018673848583025e-05,0.0017489625606685877,0.009427965,0.041820597,0.9988046884536743,0.9765851497650146,0.007054714951664209,0.02828996814787388
1993,7.604473929942205e-05,0.0017443036194890738,0.008691152,0.04176486,0.9989842176437378,0.9766474962234497,0.00657630804926157,0.027961155399680138
1994,7.477191981954753e-05,0.001614235108718276,0.008629768,0.040177546,0.9989985227584839,0.9783888459205627,0.006437242496758699,0.02756522409617901
1995,8.913097835003018e-05,0.0017503069248050451,0.009435367,0.041836668,0.9988027811050415,0.9765671491622925,0.007099769078195095,0.027830803766846657
1996,8.53611171888505e-05,0.0016996609047055244,0.009215484,0.041226942,0.9988579750061035,0.9772451519966125,0.0068749720230698586,0.027645550668239594
1997,7.239293881866615e-05,0.0017056476790457964,0.008475564,0.04129949,0.9990339875221252,0.9771650433540344,0.006445663515478373,0.027631089091300964
1998,7.595661290079906e-05,0.0017168786143884063,0.008695952,0.041435234,0.9989830851554871,0.9770146608352661,0.006650946568697691,0.028289472684264183
1999,8.290249504418831e-05,0.0016557888593524694,0.009108756,0.040691387,0.9988842606544495,0.9778324961662292,0.0068949563428759575,0.02757049724459648
2000,0.00010961292090624656,0.001724780653603375,0.010521056,0.04153048,0.9985114336013794,0.9769088625907898,0.007754518650472164,0.02761268801987171
