Epoch,Train_Loss,Test_Loss,Train_RMSE,Test_RMSE,Train_R2,Test_R2,Train_MAE,Test_MAE
1,0.07573493028228934,0.033821698278188705,0.2763773,0.18390676,0.008720934391021729,0.5041778087615967,0.20226477086544037,0.14117825031280518
2,0.02835596293549646,0.027369799092411995,0.16842839,0.1654382,0.6318525075912476,0.5987619161605835,0.13040851056575775,0.13148625195026398
3,0.02039729291573167,0.017893590033054352,0.14296009,0.13376693,0.7347711324691772,0.7376819849014282,0.11019313335418701,0.09874650835990906
4,0.01695816959677772,0.016295183449983597,0.13028522,0.12765259,0.7797167301177979,0.7611144781112671,0.09948860853910446,0.09882215410470963
5,0.014303319029171358,0.01601579412817955,0.11979468,0.12655352,0.8137628436088562,0.7652103304862976,0.09144219756126404,0.09290413558483124
6,0.011600870596752926,0.013770847581326962,0.10789426,0.11734926,0.8489266633987427,0.7981209754943848,0.08195488899946213,0.08720628917217255
7,0.01044477162544023,0.012267043814063072,0.1023194,0.110756695,0.8641351461410522,0.8201665282249451,0.07721863687038422,0.07846877723932266
8,0.010406090539287437,0.012775101698935032,0.102158345,0.113027,0.8645625114440918,0.8127185106277466,0.07734865695238113,0.08572564274072647
9,0.008832225512543862,0.010027175769209862,0.094214335,0.10013579,0.8848072290420532,0.8530027270317078,0.0715358555316925,0.07227102667093277
10,0.008517042500898242,0.010141139850020409,0.09216945,0.100703225,0.8897534012794495,0.8513320684432983,0.06871796399354935,0.07362564653158188
11,0.007749233140864156,0.009966590441763401,0.08825557,0.09983281,0.8989176154136658,0.8538908958435059,0.0659831240773201,0.07117684185504913
12,0.007286128630353646,0.009024699218571186,0.08502694,0.09499842,0.9061780571937561,0.8676989078521729,0.06437245011329651,0.07270027697086334
13,0.008178693030706861,0.009325758554041386,0.09061937,0.09656996,0.8934304118156433,0.8632854223251343,0.07033621519804001,0.07224860787391663
14,0.00747445882933045,0.01044955663383007,0.08631097,0.102223076,0.9033229947090149,0.8468106985092163,0.06669153273105621,0.07532242685556412
15,0.006675808034329252,0.007553011178970337,0.08168191,0.08690806,0.9134149551391602,0.8892737030982971,0.06143765151500702,0.0634734109044075
16,0.00605479839511893,0.008269933983683586,0.077806436,0.09093917,0.9214362502098083,0.878763735294342,0.05821771174669266,0.06739963591098785
17,0.005772745787081393,0.007392966654151678,0.07594958,0.08598236,0.9251413345336914,0.8916199207305908,0.057172488421201706,0.06337729841470718
18,0.0062322815964845095,0.009125120006501675,0.07902096,0.09552549,0.9189643859863281,0.8662267923355103,0.05997629091143608,0.07188708335161209
19,0.005526839490895244,0.0066549996845424175,0.07460031,0.08157818,0.9277775287628174,0.9024384617805481,0.05690353736281395,0.05966370180249214
20,0.005396412177519364,0.007859292440116405,0.073590845,0.08865265,0.9297188520431519,0.8847836852073669,0.05586567893624306,0.06543464213609695
21,0.005260606158778749,0.008433408103883266,0.07264575,0.09183359,0.9315124154090881,0.8763672113418579,0.05551423132419586,0.06825956702232361
22,0.005396623439578848,0.00713592953979969,0.07330366,0.08447444,0.9302663207054138,0.8953880667686462,0.055635567754507065,0.061034031212329865
23,0.00448748802723871,0.005843280348926783,0.0671377,0.076441355,0.9415042400360107,0.9143381714820862,0.050075333565473557,0.05653293430805206
24,0.0042913068847900086,0.0061197769828140736,0.06549831,0.078229,0.9443261623382568,0.9102847576141357,0.04965418949723244,0.05949993059039116
25,0.0038804801244458013,0.00616380525752902,0.061971925,0.078509904,0.9501596093177795,0.909639298915863,0.047508712857961655,0.056988947093486786
26,0.0041483676547861914,0.0058972276747226715,0.06434087,0.07679342,0.9462764263153076,0.9135472774505615,0.04911207780241966,0.05659287050366402
27,0.0044917883033948865,0.0070946794003248215,0.066999465,0.084229924,0.9417449235916138,0.8959928154945374,0.05176537483930588,0.06459268927574158
28,0.004333728426982733,0.005823178682476282,0.06563732,0.076309755,0.9440895915031433,0.9146328568458557,0.05002447962760925,0.054881248623132706
29,0.0034858758286149664,0.005841427948325872,0.058809977,0.07642923,0.955115795135498,0.9143653512001038,0.04446137323975563,0.05493774637579918
30,0.004036315452222797,0.006109363865107298,0.063316196,0.07816242,0.9479739665985107,0.9104374051094055,0.047208335250616074,0.05742581561207771
31,0.0031460721405561676,0.005983687471598387,0.056100287,0.077354304,0.9591566324234009,0.9122798442840576,0.04255101829767227,0.05723155289888382
32,0.0041817879642952575,0.0053729587234556675,0.0642237,0.073300466,0.9464719295501709,0.921233057975769,0.04932260885834694,0.05448547378182411
33,0.0037550232955254614,0.006113084964454174,0.061175924,0.07818622,0.9514317512512207,0.910382866859436,0.046353742480278015,0.05762578174471855
34,0.003911121991801669,0.006853835191577673,0.062372062,0.08278789,0.9495139718055725,0.8995235562324524,0.04703681543469429,0.06164984032511711
35,0.003249523346312344,0.006402996834367514,0.056964673,0.08001873,0.9578883051872253,0.9061328172683716,0.042703405022621155,0.058682892471551895
36,0.002999915916007012,0.0049813250079751015,0.054590918,0.0705785,0.9613248705863953,0.926974356174469,0.04147319495677948,0.050720084458589554
37,0.0028572382871061563,0.0052281515672802925,0.053274762,0.07230596,0.9631672501564026,0.9233558773994446,0.04079350456595421,0.0522257499396801
38,0.0031175207113847136,0.00507432920858264,0.055488344,0.07123432,0.9600428342819214,0.9256108999252319,0.04208756983280182,0.05091392993927002
39,0.0030013786057348957,0.0048889899626374245,0.054843836,0.069921315,0.960965633392334,0.9283279776573181,0.041017085313797,0.05031847208738327
40,0.0026230446793223646,0.0044448357075452805,0.051102746,0.0666696,0.9661093950271606,0.9348392486572266,0.038716282695531845,0.0495651476085186
41,0.0026101031901568854,0.005047861952334642,0.050890844,0.071048304,0.9663898348808289,0.9259989261627197,0.03825777396559715,0.05057955160737038
42,0.002421907281545414,0.0045223543420434,0.049080238,0.06724845,0.968738853931427,0.933702826499939,0.036651235073804855,0.049394454807043076
43,0.002880181757394563,0.005023641046136618,0.05370166,0.07087765,0.9625746011734009,0.9263539910316467,0.04010281711816788,0.05154387280344963
44,0.0027072277205826886,0.0047753844410181046,0.052062538,0.06910416,0.964824378490448,0.9299933910369873,0.03916807845234871,0.04871942847967148
45,0.003127952328544449,0.0043046437203884125,0.055300005,0.06560979,0.960313618183136,0.936894416809082,0.04098144918680191,0.0475882850587368
46,0.0031270879236134615,0.004935901612043381,0.056005538,0.07025597,0.9592944979667664,0.9276402592658997,0.042617347091436386,0.05097514018416405
47,0.0027257523774592714,0.004267973825335503,0.0522606,0.06532974,0.9645562171936035,0.9374319911003113,0.03909394517540932,0.04638584703207016
48,0.002421979559585452,0.005391231272369623,0.04930536,0.073425,0.9684514403343201,0.9209651947021484,0.03692955896258354,0.052278731018304825
49,0.002859996652907946,0.004213386680930853,0.05328822,0.064910606,0.9631486535072327,0.9382322430610657,0.04033580422401428,0.04758203402161598
50,0.0026908887137489564,0.004599717911332846,0.05183062,0.06782122,0.9651370644569397,0.9325686693191528,0.03940613195300102,0.04798293486237526
51,0.0025635640697807753,0.0038996385410428047,0.050844748,0.062447082,0.9664506912231445,0.9428317546844482,0.038328345865011215,0.04536285623908043
52,0.0023469829413277857,0.0036221020855009556,0.048374195,0.0601839,0.9696317911148071,0.9469003677368164,0.03690697252750397,0.044044435024261475
53,0.0021643387153744698,0.004737238399684429,0.04656367,0.0688276,0.9718624949455261,0.93055260181427,0.035689231008291245,0.05246184021234512
54,0.002640294604299759,0.004444704856723547,0.051314738,0.066668615,0.9658275842666626,0.9348411560058594,0.03897984325885773,0.048230428248643875
55,0.002551816689612513,0.00422636466100812,0.050569512,0.0650105,0.9668129682540894,0.9380419850349426,0.03776348754763603,0.04806195944547653
56,0.002675490924792195,0.0046242233365774155,0.050932832,0.06800164,0.966334342956543,0.9322094321250916,0.03816159814596176,0.048075120896101
57,0.0027917970014228063,0.0042314850725233555,0.052830156,0.065049864,0.9637794494628906,0.9379669427871704,0.04028064012527466,0.04768336936831474
58,0.002282602511431006,0.004123284947127104,0.047836397,0.064212814,0.9703032970428467,0.9395531415939331,0.0359903909265995,0.045923639088869095
59,0.0020928471296263688,0.004239966627210379,0.04575893,0.06511503,0.9728266596794128,0.9378425478935242,0.034688811749219894,0.0460297167301178
60,0.002134108423805711,0.004122254904359579,0.046210513,0.06420479,0.972287654876709,0.9395682215690613,0.03507033735513687,0.046177782118320465
61,0.002615821616597135,0.003760332241654396,0.05124185,0.06132155,0.9659246206283569,0.9448739290237427,0.038145050406455994,0.0447305366396904
62,0.0022333737526258283,0.003783539170399308,0.047102008,0.06151048,0.9712080955505371,0.9445337653160095,0.034567419439554214,0.04317544773221016
63,0.0020532355199313975,0.004307074472308159,0.045047436,0.065628305,0.9736651182174683,0.9368587732315063,0.03437066078186035,0.046470943838357925
64,0.002136064756830985,0.004416805692017078,0.046212606,0.06645905,0.9722851514816284,0.9352501630783081,0.035109397023916245,0.04690087214112282
65,0.0019314088435335593,0.004431737121194601,0.04400138,0.066571295,0.974873960018158,0.9350312352180481,0.032936885952949524,0.04726186394691467
66,0.001875315433029424,0.0037823047023266554,0.043084595,0.061500445,0.9759100675582886,0.9445518255233765,0.03264598175883293,0.04353896155953407
67,0.002049040276853537,0.004165274556726217,0.045290988,0.06453894,0.9733796119689941,0.9389375448226929,0.03438923507928848,0.04655321314930916
68,0.002015131890816106,0.004413733258843422,0.044749513,0.06643593,0.9740123152732849,0.9352951645851135,0.03351559489965439,0.04884045571088791
69,0.002051580157554285,0.004174576140940189,0.04532305,0.06461096,0.9733418822288513,0.9388011693954468,0.03439558297395706,0.04610181599855423
70,0.0017771499432538721,0.0046015274710953236,0.042253293,0.067834556,0.9768307209014893,0.9325421452522278,0.03208125755190849,0.048996277153491974
71,0.00213294376259331,0.003833023365586996,0.04622144,0.06191142,0.9722746014595032,0.9438083171844482,0.0350198857486248,0.04397876560688019
72,0.0019307365503416142,0.004521343857049942,0.04378839,0.06724094,0.9751166105270386,0.9337176084518433,0.033000197261571884,0.048626214265823364
73,0.002299589528278871,0.003670200239866972,0.04796479,0.060582176,0.9701436758041382,0.9461953043937683,0.03598492220044136,0.04231825843453407
74,0.0021177312486212363,0.0041059390641748905,0.045788214,0.0640776,0.972791850566864,0.9398074150085449,0.03406698256731033,0.04542894661426544
75,0.002350845564664765,0.004423603415489197,0.048527118,0.06651018,0.9694395065307617,0.9351505041122437,0.036279745399951935,0.04635006561875343
76,0.0017621643597852778,0.0033769237343221903,0.042023946,0.058111306,0.9770815968513489,0.9504947066307068,0.03178531304001808,0.04156053438782692
77,0.0016528827281118456,0.004867447540163994,0.040647496,0.069767095,0.9785583019256592,0.9286437630653381,0.030667368322610855,0.04948577284812927
78,0.0020083908457309008,0.005151297897100449,0.044760667,0.071772546,0.9739993214607239,0.9244825839996338,0.033995479345321655,0.05173186957836151
79,0.0022542882573113525,0.004820300731807947,0.047644123,0.069428384,0.9705415368080139,0.9293349385261536,0.0360020250082016,0.05089303478598595
80,0.0019757035188376904,0.0035476635675877333,0.044364497,0.059562266,0.9744575619697571,0.947991669178009,0.03404776751995087,0.04147498309612274
81,0.0016424422554502432,0.0037484951317310333,0.040477272,0.061224956,0.9787375330924988,0.9450474977493286,0.030223168432712555,0.0415327250957489
82,0.0016662740116854284,0.0034807207994163036,0.0407599,0.058997635,0.9784395694732666,0.9489730596542358,0.0307743102312088,0.04123454913496971
83,0.0014582404745107685,0.0038415289018303156,0.038102005,0.061980072,0.9811597466468811,0.9436836242675781,0.028419332578778267,0.04326637461781502
84,0.001876519619889388,0.003795790020376444,0.04314121,0.061609983,0.9758467078208923,0.9443541765213013,0.032169513404369354,0.04445715248584747
85,0.0015980869700962846,0.0033030000049620867,0.039981302,0.057471734,0.9792553782463074,0.9515783786773682,0.03045607917010784,0.04029287025332451
86,0.0014464964941990647,0.0035145299043506384,0.03802915,0.059283473,0.9812317490577698,0.9484773874282837,0.02885587140917778,0.04240267723798752
87,0.0016350896171802146,0.0036736277397722006,0.040321983,0.060610455,0.9789003729820251,0.9461450576782227,0.030578142032027245,0.04345986619591713
88,0.0016657628267156806,0.003790237009525299,0.04076256,0.061564904,0.9784367680549622,0.9444355368614197,0.031185977160930634,0.04336097463965416
89,0.0016813405567187476,0.003956283442676067,0.040990923,0.062899,0.9781944751739502,0.9420013427734375,0.0314062274992466,0.04500105604529381
90,0.0015341674125838008,0.003758984850719571,0.03925686,0.06131056,0.980000376701355,0.9448937177658081,0.029449699446558952,0.04298953711986542
91,0.001618528532245281,0.005359237547963858,0.040099237,0.07320681,0.9791328310966492,0.9214341640472412,0.02998267114162445,0.053426243364810944
92,0.00196125600698658,0.0041826702654361725,0.04424464,0.064673565,0.9745953679084778,0.9386825561523438,0.03284937143325806,0.047083813697099686
93,0.001573632193454118,0.0032656367402523756,0.039562825,0.05714575,0.9796873927116394,0.952126145362854,0.029367247596383095,0.040377456694841385
94,0.0013822709416589614,0.0039957198314368725,0.03706911,0.06321171,0.9821673631668091,0.9414231777191162,0.028024742379784584,0.04411407932639122
95,0.001579165209973739,0.004119593650102615,0.039780896,0.06418406,0.9794628620147705,0.9396072030067444,0.030626337975263596,0.04639526829123497
96,0.0015145953353071077,0.0036680852063000202,0.03895234,0.06056472,0.9803094267845154,0.9462262988090515,0.02947828732430935,0.04185778275132179
97,0.0016717044530775058,0.00352863990701735,0.04089587,0.059402358,0.9782955050468445,0.9482705593109131,0.030807040631771088,0.04122753441333771
98,0.0015216325780122795,0.0042104050517082214,0.03898009,0.064887635,0.9802813529968262,0.938275933265686,0.029346317052841187,0.04476266726851463
99,0.0015734466327227312,0.003882684512063861,0.039658636,0.06231119,0.9795888662338257,0.9430803060531616,0.029518943279981613,0.04384078457951546
100,0.0015152509572958065,0.003569409716874361,0.038895257,0.059744537,0.980367124080658,0.9476728439331055,0.02970041148364544,0.041256874799728394
101,0.001493268611904403,0.0037470085080713034,0.038440518,0.06121281,0.9808234572410583,0.9450693130493164,0.028631767258048058,0.04192798212170601
102,0.001679855441166596,0.003645803313702345,0.04109881,0.06038049,0.9780795574188232,0.9465529322624207,0.030866939574480057,0.042010705918073654
103,0.001806810588194904,0.005520610138773918,0.042486105,0.07430081,0.976574718952179,0.919068455696106,0.031245386227965355,0.054746415466070175
104,0.0015990994500250301,0.003611841006204486,0.03999921,0.060098592,0.9792368412017822,0.9470508098602295,0.030338436365127563,0.042299214750528336
105,0.0014574336660602553,0.003727066097781062,0.038137637,0.061049704,0.9811244606971741,0.9453616142272949,0.028436070308089256,0.04293359816074371
106,0.0018519203242083843,0.0036063273437321186,0.042635053,0.060052708,0.9764101505279541,0.9471316337585449,0.031537458300590515,0.04272593930363655
107,0.001551383333704011,0.003512452356517315,0.03950466,0.05926595,0.9797470569610596,0.9485078454017639,0.0296426210552454,0.0415349155664444
108,0.0015909731155261397,0.003361206967383623,0.039969765,0.057975918,0.9792673587799072,0.9507250785827637,0.029906053096055984,0.04065319895744324
109,0.0016155568168456243,0.0033766862470656633,0.040288635,0.058109265,0.9789352416992188,0.9504981637001038,0.03035673312842846,0.040894765406847
110,0.0013744878762570972,0.003907332196831703,0.037131988,0.06250866,0.9821068048477173,0.9427189826965332,0.02787678688764572,0.04436136782169342
111,0.0014501888495446606,0.0037861575838178396,0.03794126,0.061531764,0.9813183546066284,0.9444953799247742,0.028690315783023834,0.04379462078213692
112,0.0014409279048612173,0.0037073767744004726,0.037694786,0.06088823,0.9815602898597717,0.9456502795219421,0.028246190398931503,0.040807805955410004
113,0.0012832406765400347,0.003449612995609641,0.03582971,0.058733404,0.9833399057388306,0.9494290947914124,0.027289334684610367,0.04028382524847984
114,0.0014055784876373682,0.003552307840436697,0.03690442,0.059601244,0.9823254346847534,0.9479235410690308,0.027397045865654945,0.04015471041202545
115,0.001866712737616829,0.0036512301303446293,0.043111,0.060425404,0.9758805632591248,0.9464733600616455,0.03204726427793503,0.042775336652994156
116,0.0014584707863501865,0.0033676326274871826,0.038164996,0.05803131,0.981097400188446,0.9506309032440186,0.028766682371497154,0.04069089516997337
117,0.0013525847885334356,0.003927141427993774,0.036774997,0.06266691,0.9824492335319519,0.9424285888671875,0.02769717201590538,0.044119033962488174
118,0.0011760171804450113,0.003468755166977644,0.03430949,0.05889614,0.9847236275672913,0.949148416519165,0.025664687156677246,0.040412355214357376
119,0.00133694909428331,0.003379483474418521,0.036505334,0.058133326,0.9827056527137756,0.9504571557044983,0.02748694457113743,0.04075511917471886
120,0.0013268951231359758,0.00402009068056941,0.036479663,0.06340419,0.982729971408844,0.9410659074783325,0.02770148776471615,0.04608817771077156
121,0.0017796287561809136,0.0035785080399364233,0.0420407,0.059820637,0.9770632982254028,0.9475394487380981,0.03205721080303192,0.04172741621732712
122,0.001620054144454612,0.003484969027340412,0.038990606,0.059033625,0.9802707433700562,0.9489107728004456,0.02905356138944626,0.04251999780535698
123,0.0016949739656411111,0.0033779216464608908,0.041365318,0.05811989,0.977794349193573,0.950480043888092,0.030632713809609413,0.041297268122434616
124,0.0013754104412245479,0.0033525684848427773,0.037142422,0.057901368,0.9820967316627502,0.9508517384529114,0.027577338740229607,0.040412142872810364
125,0.0011713286380241202,0.0032844776287674904,0.03424779,0.057310365,0.9847785234451294,0.9518499374389648,0.026109766215085983,0.040147390216588974
126,0.0011643081326672639,0.004008832387626171,0.034119375,0.06331534,0.9848924875259399,0.9412309527397156,0.025773385539650917,0.044240325689315796
127,0.00142317609755661,0.0037614027969539165,0.03774201,0.061330274,0.9815140962600708,0.9448582530021667,0.0281660258769989,0.04279923066496849
128,0.0014375107182951813,0.0034696366637945175,0.03781512,0.058903623,0.981442391872406,0.9491355419158936,0.02866251952946186,0.04065684974193573
129,0.0013933341622098603,0.0036679382901638746,0.037394594,0.06056351,0.9818528294563293,0.9462284445762634,0.027782786637544632,0.04267045855522156
130,0.00130534378959882,0.0032161937560886145,0.03619134,0.056711495,0.9830018877983093,0.9528509378433228,0.027230912819504738,0.03972070291638374
131,0.0013093694552398201,0.00339316762983799,0.036046874,0.058250904,0.983137309551239,0.9502565264701843,0.027346253395080566,0.04104636609554291
132,0.0012004438454327596,0.00330761494114995,0.034497257,0.057511874,0.9845559597015381,0.9515107274055481,0.025999119505286217,0.03953724354505539
133,0.0015800907646983185,0.0034279152750968933,0.039749272,0.058548402,0.9794954657554626,0.9497471451759338,0.02975519560277462,0.040747515857219696
134,0.0017819289139217951,0.0038430506829172373,0.042092048,0.061992344,0.9770072102546692,0.9436613321304321,0.03167357295751572,0.0439007394015789
135,0.001626245127144185,0.003208012320101261,0.04035258,0.056639317,0.978868305683136,0.9529709219932556,0.03024829551577568,0.04000091552734375
136,0.0014404235328335992,0.003758177626878023,0.038029417,0.06130398,0.9812314510345459,0.9449055194854736,0.027973422780632973,0.04448070749640465
137,0.0014792282335375521,0.003461631713435054,0.038437746,0.05883563,0.9808262586593628,0.9492529034614563,0.02956225350499153,0.04088740423321724
138,0.0014446317826778713,0.0033779542427510023,0.037968814,0.058120165,0.9812912344932556,0.9504795670509338,0.028682496398687363,0.03957696631550789
139,0.001199237467848103,0.0035098318476229906,0.034738593,0.05924383,0.9843391180038452,0.948546290397644,0.0256325826048851,0.0416862927377224
140,0.0012149906939488244,0.0033063089940696955,0.03483414,0.057500515,0.9842528700828552,0.951529860496521,0.025583121925592422,0.03921610116958618
141,0.0014169117599852723,0.004155084956437349,0.037358325,0.06445995,0.9818879961967468,0.9390869140625,0.028590936213731766,0.046768952161073685
142,0.0014436221469871023,0.0034803978633135557,0.037731487,0.058994897,0.9815243482589722,0.9489777684211731,0.028226075693964958,0.04213070496916771
143,0.0016024911363439803,0.004054002929478884,0.039623175,0.06367105,0.9796253442764282,0.9405688047409058,0.029651321470737457,0.044295601546764374
144,0.0019225145515520126,0.004491702187806368,0.04397573,0.06702016,0.9749032855033875,0.9341521263122559,0.03294820338487625,0.04636948183178902
145,0.001418169196271761,0.0033474350348114967,0.037679262,0.057857025,0.9815754890441895,0.9509269595146179,0.028425298631191254,0.04047894477844238
146,0.0013617773497985168,0.0035006615798920393,0.03642382,0.059166387,0.9827828407287598,0.9486806988716125,0.02749534882605076,0.04085954651236534
147,0.0013367390545847063,0.0033708643168210983,0.036668815,0.058059145,0.9825504422187805,0.9505835175514221,0.027408277615904808,0.040414199233055115
148,0.0012301763768350197,0.0037542516365647316,0.03498625,0.06127195,0.9841150641441345,0.9449630975723267,0.026187792420387268,0.042193349450826645
149,0.0012792899797204882,0.0032989655155688524,0.03580558,0.05743662,0.9833623170852661,0.9516375660896301,0.02684200182557106,0.03822200745344162
150,0.000996750123290853,0.003559875302016735,0.03158855,0.05966469,0.9870505928993225,0.9478126168251038,0.02386336773633957,0.0408894419670105
151,0.0011906871857883577,0.0032230119686573744,0.034336723,0.056771576,0.9846993684768677,0.9527510404586792,0.025264279916882515,0.03922324627637863
152,0.0010793402113697746,0.0033016707748174667,0.032791868,0.05746017,0.9860451817512512,0.9515978693962097,0.024967864155769348,0.040631379932165146
153,0.0011413901864381676,0.0035284743644297123,0.033352945,0.05940096,0.9855635762214661,0.9482729434967041,0.025006281211972237,0.040646135807037354
154,0.0010480710612186654,0.0031931952107697725,0.032373995,0.056508362,0.9863985776901245,0.9531881213188171,0.02429196983575821,0.039305925369262695
155,0.0011070173455994916,0.003474609926342964,0.03328477,0.058945823,0.9856225252151489,0.9490625858306885,0.02482551522552967,0.04094415530562401
156,0.0011946494712240317,0.003237702650949359,0.034472805,0.056900814,0.9845778942108154,0.9525356292724609,0.026050247251987457,0.03953036665916443
157,0.000971453087086874,0.003388331737369299,0.031254552,0.05820938,0.987322986125946,0.950327455997467,0.02358429878950119,0.03916366025805473
158,0.0010113627729217776,0.0028634644113481045,0.031807303,0.053511348,0.9868705868721008,0.9580219388008118,0.02366984635591507,0.037592921406030655
159,0.0010233266723596237,0.0029395264573395252,0.03188263,0.0542174,0.9868083596229553,0.9569068551063538,0.02398732118308544,0.03761040046811104
160,0.001059725258859213,0.0035609861370176077,0.03236881,0.059674,0.9864029288291931,0.9477963447570801,0.024308308959007263,0.04185929149389267
161,0.0010601983971851455,0.003093673847615719,0.03263148,0.055620804,0.986181378364563,0.9546470642089844,0.02443784289062023,0.03823497146368027
162,0.0009649077864279124,0.0031579171773046255,0.031091126,0.05619535,0.9874551892280579,0.9537053108215332,0.023405857384204865,0.03890366479754448
163,0.0009538510957182469,0.0032089592423290014,0.03088645,0.056647677,0.9876198172569275,0.952957034111023,0.023359667509794235,0.03871466591954231
164,0.0008842155670704828,0.003209424903616309,0.02965555,0.056651786,0.9885869026184082,0.9529501795768738,0.02222060039639473,0.03921598196029663
165,0.0008660219953691757,0.00328831747174263,0.029418008,0.05734385,0.988768994808197,0.9517936706542969,0.02227386087179184,0.03784292936325073
166,0.0010467886908868836,0.002789413556456566,0.03232333,0.052814897,0.9864411354064941,0.959107518196106,0.02393456920981407,0.037143267691135406
167,0.0012009702675806527,0.0035055007319897413,0.034641195,0.05920727,0.9844268560409546,0.9486097693443298,0.025957096368074417,0.04048347473144531
168,0.001212439383380115,0.003260302823036909,0.03484398,0.057099063,0.9842439889907837,0.9522043466567993,0.02599486894905567,0.03997085615992546
169,0.0011553255872885611,0.0034398019779473543,0.033940017,0.058649827,0.9850509166717529,0.9495729207992554,0.025103827938437462,0.040445443242788315
170,0.0011394316785630178,0.00325683387927711,0.033285066,0.057068676,0.9856222867965698,0.9522551894187927,0.024800576269626617,0.03957273066043854
171,0.0017975982574915345,0.0035207464825361967,0.04234136,0.05933588,0.9767340421676636,0.9483862519264221,0.0318099707365036,0.04143552482128143
172,0.0024734482920559294,0.003448749892413616,0.049662787,0.058726057,0.96799236536026,0.9494417309761047,0.03758101537823677,0.042016468942165375
173,0.0013684776177714493,0.0033565920311957598,0.036894567,0.057936102,0.9823349118232727,0.9507927298545837,0.027607308700680733,0.03961833566427231
174,0.0010702425867996433,0.0033777416683733463,0.032706372,0.058118343,0.9861178994178772,0.9504826664924622,0.02438872680068016,0.040505412966012955
175,0.0012944874946366656,0.003444751026108861,0.035901196,0.058692005,0.9832733273506165,0.949500322341919,0.026683978736400604,0.04148075357079506
176,0.0011237468120684339,0.00316799758002162,0.033528704,0.05628497,0.9854110479354858,0.9535574913024902,0.024843886494636536,0.039200395345687866
177,0.0013483473343182016,0.003127283649519086,0.03651376,0.055922125,0.9826976656913757,0.954154372215271,0.027422811836004257,0.03949775546789169
178,0.0011766689898319203,0.003116879379376769,0.03422396,0.05582902,0.9847997426986694,0.9543069005012512,0.025460513308644295,0.03812369331717491
179,0.0010714421329215509,0.0035530312452465296,0.03273165,0.059607312,0.9860963821411133,0.9479129910469055,0.024854058399796486,0.04237614944577217
180,0.0013142445214643058,0.00382601679302752,0.035966486,0.061854802,0.9832124710083008,0.9439110159873962,0.02780955098569393,0.04375884681940079
181,0.0010247704445977104,0.003065939759835601,0.03192927,0.05537093,0.9867697358131409,0.9550536870956421,0.02441987581551075,0.03762669861316681
182,0.0008332337311003357,0.0032658709678798914,0.028928291,0.057147797,0.9891398549079895,0.952122688293457,0.021762294694781303,0.03929049149155617
183,0.0009148847761521624,0.002945184474810958,0.030189116,0.054269552,0.9881725311279297,0.9568239450454712,0.023126356303691864,0.03711479529738426
184,0.0012147392553742975,0.003045344725251198,0.034933355,0.055184644,0.9841630458831787,0.9553555846214294,0.02573391981422901,0.03861115127801895
185,0.0009416743123438209,0.0031344962771981955,0.030383678,0.055986576,0.988019585609436,0.9540486335754395,0.02289268933236599,0.038814153522253036
186,0.0011100876224438914,0.003262886079028249,0.033367917,0.05712168,0.9855506420135498,0.9521664381027222,0.02544151060283184,0.03879859670996666
187,0.0014873918738554823,0.003032443579286337,0.038649827,0.05506763,0.9806140661239624,0.9555447101593018,0.029333345592021942,0.038370680063962936
188,0.0010059552468274805,0.0031104437075555325,0.031733863,0.05577135,0.9869311451911926,0.9544012546539307,0.024330301210284233,0.038043271750211716
189,0.0010532535617874767,0.0033088698983192444,0.03247731,0.05752278,0.9863116145133972,0.9514923095703125,0.02375110797584057,0.04073048755526543
190,0.0008589458143846555,0.0028887251392006874,0.029320596,0.05374686,0.9888432621955872,0.9576516151428223,0.022096486762166023,0.037191975861787796
191,0.0008998009487351572,0.002875683130696416,0.03009044,0.053625397,0.9882497191429138,0.9578428268432617,0.022338004782795906,0.03702189028263092
192,0.0008453369796784086,0.0028306078165769577,0.029066103,0.053203456,0.9890360832214355,0.9585036039352417,0.021520113572478294,0.03693707287311554
193,0.0011435659411786632,0.0032944397535175085,0.03359231,0.057397205,0.9853556156158447,0.9517039060592651,0.024874987080693245,0.039462730288505554
194,0.001031918014632538,0.0033337650820612907,0.032046996,0.057738766,0.9866719841957092,0.9511274099349976,0.02396005019545555,0.04024391621351242
195,0.0013036444513338872,0.003228013403713703,0.036243923,0.05681561,0.9829524755477905,0.9526776671409607,0.026626834645867348,0.039863623678684235
196,0.0010554338805377483,0.0032186994794756174,0.032541677,0.056733586,0.9862573146820068,0.9528142213821411,0.0243498794734478,0.03938668966293335
197,0.0008247886117632416,0.0029734254349023104,0.028671032,0.054529127,0.9893321394920349,0.9564099311828613,0.021681617945432663,0.036628641188144684
198,0.0008319308928383344,0.0031378078274428844,0.02873327,0.05601614,0.9892857670783997,0.9540001153945923,0.021401118487119675,0.03730104863643646
199,0.0010021684469062495,0.0032248508650809526,0.031623397,0.056787774,0.9870219826698303,0.952724039554596,0.02386808581650257,0.03798310458660126
200,0.0011051940250168132,0.003014068817719817,0.033209126,0.054900534,0.985687792301178,0.9558141231536865,0.024494607001543045,0.037748925387859344
201,0.0009283012001436542,0.002827339805662632,0.03046254,0.053172737,0.9879572987556458,0.9585515260696411,0.02285052463412285,0.03582059592008591
202,0.0009714613155334849,0.0034517112653702497,0.03128758,0.058751263,0.9872961640357971,0.9493983387947083,0.02354244887828827,0.040917422622442245
203,0.0009761347186709331,0.0032013915479183197,0.031058779,0.05658084,0.9874812960624695,0.95306795835495,0.023212047293782234,0.03901363164186478
204,0.0009332027482080528,0.0033901322167366743,0.030582871,0.058224846,0.9878619909286499,0.9503010511398315,0.022796975448727608,0.039509907364845276
205,0.0007625889953818511,0.0029545598663389683,0.027683018,0.054355867,0.9900546669960022,0.9566864967346191,0.021122511476278305,0.03756881132721901
206,0.0008602304151281714,0.0028386323247104883,0.029416062,0.053278815,0.9887704849243164,0.9583860039710999,0.02145855873823166,0.03566580265760422
207,0.0007259975404436277,0.0030529662035405636,0.026845997,0.055253655,0.99064701795578,0.9552438855171204,0.020096734166145325,0.03787027671933174
208,0.0009248151830185882,0.002900229301303625,0.030427277,0.053853776,0.9879851937294006,0.9574829936027527,0.02290349267423153,0.03689537197351456
209,0.0008843478730837392,0.0029095010831952095,0.029628115,0.05393979,0.9886080026626587,0.95734703540802,0.02208472602069378,0.03695565089583397
210,0.0009887536262712356,0.002974964212626219,0.03147837,0.05454323,0.9871407747268677,0.9563873410224915,0.023294862359762192,0.03764036297798157
211,0.0010269713662141426,0.0030515913385897875,0.03203407,0.055241212,0.9866827130317688,0.9552640318870544,0.024132827296853065,0.03902646526694298
212,0.0008466245490126312,0.003158261999487877,0.029054021,0.05619842,0.9890452027320862,0.9537002444267273,0.02215985395014286,0.038436997681856155
213,0.0008580294802827252,0.0027022482827305794,0.029381681,0.051983155,0.9887967109680176,0.9603853225708008,0.021849703043699265,0.0358586311340332
214,0.0007467346519909122,0.00286588491871953,0.02730871,0.053533956,0.9903218150138855,0.9579864740371704,0.02061692252755165,0.037374697625637054
215,0.0009335230676118623,0.003014979651197791,0.030429887,0.05490883,0.9879831075668335,0.9558007717132568,0.02294384315609932,0.036571238189935684
216,0.0009401724118189039,0.0029629520140588284,0.030723691,0.054433003,0.9877499341964722,0.9565634727478027,0.02302900329232216,0.03652021288871765
217,0.0008463842704341831,0.002906672190874815,0.028883722,0.05391356,0.9891732931137085,0.9573885202407837,0.02179671637713909,0.03786597400903702
218,0.000994043260685761,0.0028699105605483055,0.03155491,0.053571545,0.9870781302452087,0.9579274654388428,0.02369990386068821,0.037090200930833817
219,0.0007953816331626678,0.002955567091703415,0.028104927,0.05436513,0.9897492527961731,0.9566717147827148,0.02072257734835148,0.03702297806739807
220,0.0009348668576091189,0.002895738696679473,0.030585142,0.05381207,0.9878602027893066,0.9575487971305847,0.02292664162814617,0.03698406368494034
221,0.0008215420133307238,0.0029638034757226706,0.028656304,0.054440826,0.9893431067466736,0.9565509557723999,0.021436575800180435,0.037428975105285645
222,0.0010907479577740146,0.0028396532870829105,0.03299922,0.053288396,0.9858681559562683,0.9583709836006165,0.02407492883503437,0.03698928281664848
223,0.001026162912074307,0.0032576932571828365,0.031744033,0.057076205,0.9869228005409241,0.9522426128387451,0.023410417139530182,0.039945535361766815
224,0.0010723761224653572,0.0029853410087525845,0.032845844,0.054638274,0.9859992265701294,0.9562352299690247,0.024573100730776787,0.03752503916621208
225,0.0009733437380584127,0.0032099729869514704,0.0311103,0.05665663,0.9874396920204163,0.9529421329498291,0.023590371012687683,0.037715811282396317
226,0.0009110582468565553,0.0032226406037807465,0.029983206,0.056768306,0.9883333444595337,0.9527564644813538,0.02245905250310898,0.03890911117196083
227,0.0007712573966604065,0.0031122795771807432,0.027768014,0.05578781,0.9899935126304626,0.9543743133544922,0.020701471716165543,0.038590751588344574
228,0.0007826347255931151,0.002763128373771906,0.027957935,0.052565467,0.9898561835289001,0.9594928622245789,0.0208247322589159,0.03493880107998848
229,0.0008455697732808238,0.002899952232837677,0.029009687,0.053851206,0.9890786409378052,0.9574870467185974,0.02179655432701111,0.036444902420043945
230,0.0009272167464421892,0.0029524487908929586,0.030179482,0.05433644,0.9881801009178162,0.9567174315452576,0.022480029612779617,0.0376286506652832
231,0.0009491466308562932,0.0027456486131995916,0.0308265,0.05239894,0.9876677989959717,0.9597491025924683,0.022915614768862724,0.03639170899987221
232,0.000826530647993257,0.0031106637325137854,0.028732136,0.055773325,0.9892866015434265,0.9543980360031128,0.021493051201105118,0.03788246214389801
233,0.000839172931261022,0.0030871406197547913,0.0290074,0.055562045,0.9890803694725037,0.9547428488731384,0.021701917052268982,0.037392742931842804
234,0.0010118701347065244,0.003120170207694173,0.031879228,0.055858485,0.9868111610412598,0.9542586803436279,0.02374352514743805,0.03749055042862892
235,0.0008763880865775387,0.0031809669453650713,0.029679738,0.05640006,0.9885683059692383,0.9533674120903015,0.02257733792066574,0.037410005927085876
236,0.0009638531350488352,0.003325737314298749,0.030963438,0.057669204,0.9875580072402954,0.9512450695037842,0.023087438195943832,0.03864970803260803
237,0.0008491656653032723,0.0031883721239864826,0.029078487,0.056465674,0.9890267848968506,0.9532588124275208,0.021552372723817825,0.0386170856654644
238,0.0009752326004672796,0.003515311749652028,0.031157903,0.059290063,0.9874012470245361,0.9484659433364868,0.02347245253622532,0.04037691652774811
239,0.00100230628000149,0.0035251681692898273,0.031458654,0.05937313,0.987156867980957,0.9483214616775513,0.02328532002866268,0.040803030133247375
240,0.0009292111684441228,0.0030040626879781485,0.030333454,0.054809332,0.9880591630935669,0.955960750579834,0.022394532337784767,0.03692522272467613
241,0.0009869789858137003,0.0034487368538975716,0.031321112,0.05872595,0.9872689247131348,0.9494419097900391,0.023069703951478004,0.04101886972784996
242,0.0012093198020011187,0.0035725736524909735,0.034660667,0.059771013,0.9844093322753906,0.9476264715194702,0.025904111564159393,0.03916403278708458
243,0.001072809774830768,0.003260883968323469,0.032664686,0.05710415,0.986153244972229,0.9521958231925964,0.02376929111778736,0.04032973200082779
244,0.0009738622942346741,0.003242508275434375,0.030864423,0.056943025,0.987637460231781,0.9524651765823364,0.02310946024954319,0.038631293922662735
245,0.0010020799924280834,0.003020157339051366,0.0316848,0.054955956,0.9869715571403503,0.955724835395813,0.023641493171453476,0.03723680600523949
246,0.0009162567942191592,0.003024196717888117,0.030242011,0.054992698,0.988131046295166,0.9556655883789062,0.022251887246966362,0.03742187097668648
247,0.0011899520944676954,0.0033509922213852406,0.034563992,0.05788775,0.9844961762428284,0.9508748650550842,0.024667227640748024,0.040832117199897766
248,0.0012481773499695753,0.0031318499241024256,0.03523306,0.05596293,0.9838901162147522,0.9540874361991882,0.026232372969388962,0.037740547209978104
249,0.0009198240163228052,0.0032128829043358564,0.030313613,0.0566823,0.988074779510498,0.9528995156288147,0.022415252402424812,0.037830181419849396
250,0.0010553199681453407,0.002884211950004101,0.03202916,0.053704858,0.9866868257522583,0.957717776298523,0.023515470325946808,0.0359870009124279
251,0.0011649334311104294,0.0028265612199902534,0.033658933,0.053165413,0.9852975010871887,0.9585629105567932,0.02479688823223114,0.03640967234969139
252,0.001097357390046289,0.0033419718965888023,0.03299018,0.057809792,0.9858759045600891,0.951007068157196,0.024639053270220757,0.03948155790567398
253,0.001041520035042512,0.002823108108714223,0.03229545,0.05313293,0.9864645004272461,0.9586135745048523,0.02376672439277172,0.036025840789079666
254,0.0008395512863485651,0.0031224286649376154,0.02900315,0.055878695,0.9890835285186768,0.9542255401611328,0.021764887496829033,0.03868008032441139
255,0.0008291861423375932,0.002833393169566989,0.028721483,0.05322963,0.9892945289611816,0.9584627747535706,0.021601319313049316,0.036760538816452026
256,0.0009305403800681233,0.002850892720744014,0.030528944,0.053393755,0.9879047274589539,0.9582062363624573,0.0230000838637352,0.03723052516579628
257,0.0009415945149323142,0.0028619926888495684,0.030499127,0.053497594,0.9879283905029297,0.9580435156822205,0.022603848949074745,0.037069156765937805
258,0.0008722714741121639,0.0028031794354319572,0.02936825,0.05294506,0.988806962966919,0.9589056968688965,0.021617239341139793,0.03577132523059845
259,0.0009327507207424126,0.002812995808199048,0.0304551,0.053037688,0.9879631996154785,0.9587618112564087,0.02259177342057228,0.03645669296383858
260,0.0010194483144335788,0.0032221581786870956,0.031953413,0.05676406,0.9867497086524963,0.952763557434082,0.024049846455454826,0.03905528783798218
261,0.0010805858500217173,0.0031619237270206213,0.032966215,0.05623099,0.9858964085578918,0.9536465406417847,0.024510592222213745,0.039227064698934555
262,0.0007582076888700777,0.0030921921133995056,0.027505135,0.055607483,0.990182101726532,0.9546688199043274,0.020874731242656708,0.03681985288858414
263,0.000763124609048563,0.0030862081330269575,0.027430017,0.055553652,0.9902356266975403,0.9547565579414368,0.020995108410716057,0.037445928901433945
264,0.0006693494651699439,0.0031778388656675816,0.025796939,0.056372322,0.9913637042045593,0.9534132480621338,0.01911197602748871,0.03794534504413605
265,0.0008586217088370838,0.0029222953598946333,0.029314315,0.05405826,0.9888480305671692,0.9571594595909119,0.021962925791740417,0.03578811138868332
266,0.0007491460101763633,0.003138037631288171,0.027242508,0.05601819,0.990368664264679,0.9539967179298401,0.02025279775261879,0.03837108984589577
267,0.0008875252837738531,0.0030583806801587343,0.029784707,0.055302627,0.9884873032569885,0.9551644921302795,0.022533152252435684,0.03869035840034485
268,0.0008420963091669943,0.0030097845010459423,0.029062014,0.054861505,0.9890391826629639,0.955876886844635,0.021623892709612846,0.03748680278658867
269,0.0007539283595344222,0.002666204934939742,0.027469696,0.051635306,0.9902073740959167,0.9609137177467346,0.020703768357634544,0.035132087767124176
270,0.0006349948472978377,0.0029549505561590195,0.025081329,0.05435946,0.9918361902236938,0.9566807746887207,0.018959229812026024,0.03608347102999687
271,0.0006411119512366978,0.0029578215908259153,0.025315633,0.05438586,0.9916829466819763,0.9566386938095093,0.01890297792851925,0.03685944154858589
272,0.0007089039003899829,0.0028585863765329123,0.026698401,0.05346575,0.9907495975494385,0.9580934643745422,0.01964953914284706,0.03587615117430687
273,0.0005967312820509753,0.0026212609373033047,0.024427196,0.05119825,0.9922564625740051,0.9615726470947266,0.01842358522117138,0.03470965847373009
274,0.0006586662996348671,0.0027332992758601904,0.025521927,0.052280966,0.9915468692779541,0.9599301218986511,0.018775789067149162,0.03563544899225235
275,0.0006821540565314618,0.0031617232598364353,0.02610812,0.056229208,0.9911540746688843,0.9536495208740234,0.019297247752547264,0.037768229842185974
276,0.0007060158307219601,0.002851109951734543,0.02633644,0.053395785,0.9909986853599548,0.9582030773162842,0.01995963789522648,0.03617449104785919
277,0.0007181863329606131,0.0028879737947136164,0.026698876,0.05373987,0.9907492399215698,0.9576626420021057,0.02014680579304695,0.03608304262161255
278,0.0007188917039787735,0.0031027854420244694,0.026784709,0.055702653,0.9906896948814392,0.9545135498046875,0.020312553271651268,0.0374603271484375
279,0.0007341775582806969,0.0029894693288952112,0.026995018,0.05467604,0.9905428886413574,0.9561747312545776,0.020257625728845596,0.037215203046798706
280,0.0007641178513453765,0.003072282299399376,0.02771312,0.055428173,0.9900330305099487,0.9549607038497925,0.020633725449442863,0.037656571716070175
281,0.0007479292729509656,0.0029722400940954685,0.027359342,0.054518256,0.9902858734130859,0.956427276134491,0.020722515881061554,0.0373745895922184
282,0.0006427133088105951,0.0028773611411452293,0.02539642,0.05364104,0.9916297793388367,0.9578182101249695,0.019169393926858902,0.03620157390832901
283,0.0007027608503862707,0.003404652699828148,0.026520994,0.0583494,0.9908720850944519,0.9500882029533386,0.019923703745007515,0.040488190948963165
284,0.000785184141767042,0.002724873134866357,0.02802809,0.052200317,0.9898052215576172,0.9600536823272705,0.02110898867249489,0.035746097564697266
285,0.0006488569501512261,0.0027363786939531565,0.025487708,0.05231041,0.9915695190429688,0.9598850011825562,0.018983816727995872,0.035627368837594986
286,0.0007596760194494643,0.0028364958707243204,0.027421584,0.053258765,0.9902416467666626,0.9584172964096069,0.020639214664697647,0.0356392040848732
287,0.0006795432815455239,0.0032248543575406075,0.0261045,0.056787804,0.9911565184593201,0.9527239799499512,0.019627748057246208,0.04016288369894028
288,0.0007888852269388735,0.002889773575589061,0.028046867,0.053756613,0.9897915720939636,0.9576362371444702,0.020796798169612885,0.035019613802433014
289,0.0006121627203273503,0.002546078059822321,0.024628034,0.05045868,0.9921286106109619,0.9626747965812683,0.018506716936826706,0.034524984657764435
290,0.0006433631550118497,0.002804531017318368,0.025349734,0.05295782,0.9916605353355408,0.958885908126831,0.0189212653785944,0.03685940429568291
291,0.0005734863093080507,0.0027464060112833977,0.023844713,0.052406166,0.9926213622093201,0.95973801612854,0.018238553777337074,0.03512672334909439
292,0.0006360797693063928,0.002745319390669465,0.025112875,0.052395795,0.9918156266212463,0.9597539305686951,0.01885688491165638,0.035041093826293945
293,0.0006035579492824829,0.0026480115484446287,0.02459206,0.051458836,0.9921516180038452,0.9611804485321045,0.018374986946582794,0.03557325899600983
294,0.0006057160618101162,0.002971598180010915,0.02466235,0.054512367,0.9921066761016846,0.9564366936683655,0.01848997361958027,0.03642287477850914
295,0.0006640818583863703,0.0031459408346563578,0.025768017,0.05608869,0.9913830757141113,0.9538808465003967,0.019368449226021767,0.03865021839737892
296,0.0009310816240031272,0.0026857696939259768,0.03043486,0.051824413,0.9879791736602783,0.9606269001960754,0.022987086325883865,0.035485003143548965
297,0.0007607701514974575,0.002890766831114888,0.027493242,0.053765856,0.9901905655860901,0.957621693611145,0.02067100629210472,0.036320123821496964
298,0.0006302518555788662,0.002874505938962102,0.025078058,0.053614415,0.9918383359909058,0.9578600525856018,0.018866630271077156,0.0361526757478714
299,0.000659713488527235,0.002655459102243185,0.025675818,0.051531147,0.9914445877075195,0.961071252822876,0.01882322132587433,0.0355013944208622
300,0.0006507963592990894,0.0024742705281823874,0.025303768,0.049742043,0.9916907548904419,0.9637274742126465,0.018890948966145515,0.03384997323155403
301,0.0009355525359172713,0.0028240440879017115,0.030420128,0.053141735,0.9879907965660095,0.9585998058319092,0.022796275094151497,0.03615103289484978
302,0.0007066346575315533,0.002966484287753701,0.026533488,0.05446544,0.9908635020256042,0.9565116763114929,0.020094579085707664,0.03689948469400406
303,0.0007214376356304539,0.002848250325769186,0.026856206,0.053369,0.9906399250030518,0.9582449793815613,0.020088886842131615,0.03648357838392258
304,0.0007017795737324791,0.002899727551266551,0.026416218,0.05384912,0.9909440875053406,0.9574903249740601,0.01960279420018196,0.03608730062842369
305,0.0007024531210349364,0.0030355423223227262,0.026517235,0.05509575,0.990874707698822,0.9554992914199829,0.019545886665582657,0.03703373670578003
306,0.000687462773798457,0.003189842449501157,0.026047656,0.05647869,0.991195023059845,0.9532372951507568,0.01907641813158989,0.03852004557847977
307,0.0007189021205042743,0.002847902476787567,0.026825765,0.053365737,0.990661084651947,0.958250105381012,0.019774403423070908,0.0354095883667469
308,0.0006411069506694647,0.002950569847598672,0.025216615,0.054319147,0.9917479157447815,0.9567449688911438,0.01873488910496235,0.035996511578559875
309,0.0005850699592635713,0.002650131471455097,0.024160342,0.05147943,0.992424726486206,0.9611493945121765,0.018044551834464073,0.0345645397901535
310,0.0007096114713931456,0.0031914054416120052,0.026672825,0.056492522,0.9907673001289368,0.9532143473625183,0.019854383543133736,0.038145698606967926
311,0.0008274745619432492,0.003129574004560709,0.028844925,0.0559426,0.9892023205757141,0.9541208148002625,0.020538918673992157,0.03675398230552673
312,0.000989429668565704,0.0029370568227022886,0.031413704,0.054194618,0.9871935248374939,0.9569430947303772,0.0220364760607481,0.03682982549071312
313,0.0011964841131967578,0.0033110897056758404,0.034676306,0.05754207,0.9843952655792236,0.9514598250389099,0.024298759177327156,0.03992793709039688
314,0.0011660769232548773,0.0033215275034308434,0.034222562,0.057632696,0.9848009347915649,0.9513067603111267,0.024571172893047333,0.03899829462170601
315,0.0010012659926856445,0.0033660996705293655,0.03158953,0.058018096,0.9870497584342957,0.9506533741950989,0.023038022220134735,0.03825390338897705
316,0.0008289347064088691,0.0033653986174613237,0.028632093,0.058012057,0.9893611073493958,0.9506636261940002,0.020555831491947174,0.037728264927864075
317,0.0009951779687650162,0.003187199356034398,0.03158648,0.056455288,0.9870522618293762,0.9532760381698608,0.023427536711096764,0.03768499195575714
318,0.0008176761965098029,0.0029098365921527147,0.028624529,0.0539429,0.9893667101860046,0.9573421478271484,0.021256055682897568,0.03638167679309845
319,0.0008404693481597034,0.0029782007914036512,0.029015886,0.05457289,0.9890739321708679,0.9563398957252502,0.021380629390478134,0.03630375117063522
320,0.0011043781652750279,0.003798082238063216,0.0332098,0.061628584,0.985687255859375,0.944320559501648,0.024547692388296127,0.042761482298374176
321,0.0009569615861189297,0.0030326033011078835,0.031028401,0.055069078,0.9875057339668274,0.9555423855781555,0.023301800712943077,0.03821253776550293
322,0.0008236737048719078,0.002974843606352806,0.028525684,0.054542128,0.9894400238990784,0.9563891291618347,0.020884064957499504,0.036416564136743546
323,0.0007976415138479999,0.0027617134619504213,0.028222037,0.05255201,0.9896636605262756,0.9595136046409607,0.021233806386590004,0.03585706651210785
324,0.0006891288397706707,0.0027977293357253075,0.026243348,0.052893568,0.9910622239112854,0.9589856266975403,0.019738566130399704,0.035146791487932205
325,0.000684805390350944,0.0026914579793810844,0.025977846,0.051879264,0.9912421703338623,0.9605435132980347,0.019111063331365585,0.035120490938425064
326,0.0008357013628648764,0.0027975966222584248,0.02894216,0.052892312,0.9891294240951538,0.9589875340461731,0.02177911251783371,0.03545355424284935
327,0.0008099357060431926,0.0026085281278938055,0.028495686,0.051073752,0.9894621968269348,0.9617592692375183,0.021424345672130585,0.03511566296219826
328,0.0006860742909008299,0.002686097053810954,0.026202716,0.051827572,0.9910898804664612,0.9606221318244934,0.01959703303873539,0.0346364863216877
329,0.0006198712746316397,0.0027736988849937916,0.024906099,0.052665915,0.9919498562812805,0.9593378901481628,0.018722739070653915,0.03515218198299408
330,0.0005573689744447951,0.0028278962709009647,0.023554498,0.05317797,0.9927998781204224,0.9585433602333069,0.017799843102693558,0.03495866805315018
331,0.000582168569301509,0.002701831515878439,0.024006248,0.051979147,0.9925210475921631,0.9603914618492126,0.017573127523064613,0.034229665994644165
332,0.0005382521392841062,0.0027228256221860647,0.023216818,0.0521807,0.9930048584938049,0.9600837230682373,0.017393875867128372,0.03537829965353012
333,0.0006327858996387063,0.002521911635994911,0.025168102,0.050218634,0.991779625415802,0.9630290865898132,0.018525460734963417,0.03385031223297119
334,0.0005843072417932985,0.0026121288537979126,0.02412923,0.051108994,0.9924442172050476,0.9617064595222473,0.018131103366613388,0.03406093642115593
335,0.0005370237777242437,0.002934228628873825,0.023125252,0.054168522,0.9930599331855774,0.9569845199584961,0.01748577691614628,0.03638842701911926
336,0.0005116497579200023,0.0027820635586977005,0.022642419,0.05274527,0.9933466911315918,0.9592152833938599,0.01713075116276741,0.03450046107172966
337,0.000537861649222164,0.002471637912094593,0.02321341,0.04971557,0.9930068850517273,0.9637660980224609,0.01749785616993904,0.034028563648462296
338,0.0005580827511783519,0.0027129286900162697,0.023663705,0.052085783,0.9927330017089844,0.9602288007736206,0.017495112493634224,0.035767924040555954
339,0.0006057829080170698,0.002585469977930188,0.024591275,0.05084752,0.9921520948410034,0.9620972871780396,0.018285350874066353,0.03412194922566414
340,0.0006236597321483052,0.0030566328205168247,0.024887504,0.05528682,0.9919618964195251,0.955190122127533,0.018298475071787834,0.03796252980828285
341,0.0005999654452104799,0.0028317635878920555,0.024488041,0.05321432,0.9922178387641907,0.9584866762161255,0.018209470435976982,0.0351005494594574
342,0.0005440834025979381,0.002493833424523473,0.023372466,0.049938295,0.9929107427597046,0.9634406566619873,0.017518771812319756,0.033695757389068604
343,0.000548233635279096,0.002595854690298438,0.023415992,0.050949533,0.9928843379020691,0.9619450569152832,0.017888769507408142,0.034194596111774445
344,0.000507262352832847,0.002971975365653634,0.022240585,0.054515827,0.9935807585716248,0.9564311504364014,0.01647011563181877,0.037321943789720535
345,0.0007323104377560826,0.0027024277951568365,0.027053252,0.05198488,0.9905020594596863,0.9603826999664307,0.01980489306151867,0.035240497440099716
346,0.0005473994348325174,0.002762546995654702,0.023420254,0.05255994,0.992881715297699,0.9595013856887817,0.0175195150077343,0.035416100174188614
347,0.0005282126472924243,0.002711075823754072,0.022947164,0.052067995,0.9931663870811462,0.9602559208869934,0.017253736034035683,0.0358332134783268
348,0.0005675030433022501,0.002561422996222973,0.023573989,0.0506105,0.9927879571914673,0.962449848651886,0.017694802954792976,0.03385644406080246
349,0.0006603120233524929,0.003062440315261483,0.025438584,0.05533932,0.9916020035743713,0.9551049470901489,0.019031833857297897,0.03761623799800873
350,0.0008593040454963392,0.0028699394315481186,0.02936393,0.053571817,0.9888103008270264,0.9579269886016846,0.02185923047363758,0.036149416118860245
351,0.0006597365414067594,0.0029452985618263483,0.02572009,0.054270606,0.9914150834083557,0.9568222761154175,0.01919897459447384,0.036631420254707336
352,0.0006010539390527728,0.0026151107158511877,0.024392417,0.05113815,0.992278516292572,0.961662769317627,0.018251825124025345,0.03393556922674179
353,0.0004984398017933762,0.0026330305263400078,0.02221545,0.051313065,0.9935952425003052,0.9614000916481018,0.016656121239066124,0.034762438386678696
354,0.0005350926300955259,0.0028844019398093224,0.023149349,0.053706627,0.993045449256897,0.9577149748802185,0.017564520239830017,0.03582729771733284
355,0.000533636622342535,0.002691275207325816,0.023164578,0.051877502,0.9930363297462463,0.9605461955070496,0.017411379143595695,0.03356269747018814
356,0.0005117512297477912,0.002822019625455141,0.022611836,0.053122688,0.993364691734314,0.9586294889450073,0.016680223867297173,0.03583475947380066
357,0.0006522277796069499,0.002937166951596737,0.025478104,0.054195635,0.9915758371353149,0.9569414854049683,0.019093681126832962,0.03622926026582718
358,0.000583539207582362,0.002589792711660266,0.024197428,0.05089001,0.9924014806747437,0.9620339274406433,0.018121926113963127,0.03424081206321716
359,0.0005694689356129278,0.0026684340555220842,0.023882467,0.051656887,0.9925979971885681,0.9608810544013977,0.018177494406700134,0.03475108742713928
360,0.0005675372522091493,0.002639970974996686,0.02364908,0.05138065,0.9927419424057007,0.9612983465194702,0.017500974237918854,0.034304264932870865
361,0.0006942598450801928,0.002620009006932378,0.0264356,0.05118602,0.9909307956695557,0.9615909457206726,0.01972179114818573,0.034465234726667404
362,0.0005487081428079612,0.0026129374746233225,0.023344615,0.0511169,0.992927610874176,0.9616946578025818,0.017356086522340775,0.03351910784840584
363,0.0006168154703283852,0.0025983299128711224,0.024476632,0.050973818,0.9922251105308533,0.961908757686615,0.01804991066455841,0.03432591259479523
364,0.0008267981227783656,0.0035169387701898813,0.028749624,0.059303783,0.9892735481262207,0.9484421014785767,0.020067445933818817,0.0398067981004715
365,0.0008756949603345922,0.0025926651433110237,0.029703103,0.05091822,0.9885503053665161,0.9619918465614319,0.02133309096097946,0.03407799080014229
366,0.0008311262962789359,0.0026987497694790363,0.028719781,0.051949494,0.9892958402633667,0.9604366421699524,0.021248916164040565,0.03504212573170662
367,0.0006491229829738255,0.00270599196664989,0.025445787,0.05201915,0.9915972352027893,0.9603304862976074,0.018889620900154114,0.035446181893348694
368,0.000662865779965862,0.0028924455400556326,0.02568636,0.05378146,0.991437554359436,0.9575970768928528,0.01895110495388508,0.036675188690423965
369,0.0007682607749963856,0.0029081280808895826,0.027708516,0.053927064,0.9900363683700562,0.9573671817779541,0.020046912133693695,0.036630503833293915
370,0.0008176372344182296,0.0029875212348997593,0.02819522,0.054658223,0.9896832704544067,0.956203281879425,0.020228810608386993,0.036804914474487305
371,0.001204443238252266,0.0035200954880565405,0.0346964,0.059330393,0.9843771457672119,0.9483957886695862,0.02483328990638256,0.0383431501686573
372,0.0019717612250877373,0.004347345791757107,0.044444986,0.065934405,0.9743648171424866,0.9362684488296509,0.027435850352048874,0.045949842780828476
373,0.0018096836760047484,0.003264296567067504,0.0425953,0.05713402,0.9764541387557983,0.9521458148956299,0.030811447650194168,0.03966400772333145
374,0.0013350918465717273,0.0034839047584682703,0.03664643,0.059024617,0.9825717210769653,0.9489263296127319,0.0259344894438982,0.03900012746453285
375,0.0014097157294269312,0.003221682505682111,0.037549384,0.056759868,0.9817022681236267,0.952770471572876,0.026468602940440178,0.03806014358997345
376,0.0009861891184383157,0.0031079871114343405,0.03142598,0.055749327,0.9871835112571716,0.954437255859375,0.0234163049608469,0.037857890129089355
377,0.0008515928004106337,0.0027505983598530293,0.029172692,0.052446146,0.988955557346344,0.9596765637397766,0.021303005516529083,0.034984882920980453
378,0.000743733988863162,0.002793428488075733,0.027312184,0.052852895,0.9903193712234497,0.9590486288070679,0.019927959889173508,0.035638365894556046
379,0.0007314248015807772,0.0026710086967796087,0.026975295,0.0516818,0.9905567169189453,0.9608433246612549,0.02007869817316532,0.03409116715192795
380,0.000662934513953091,0.002686958760023117,0.025571182,0.051835883,0.9915142059326172,0.960609495639801,0.018837492913007736,0.03493781387805939
381,0.0006724610972345214,0.0028061664197593927,0.025773065,0.052973263,0.9913796782493591,0.9588619470596313,0.0190415158867836,0.03536052256822586
382,0.0006001548635223033,0.002654010895639658,0.02451938,0.05151709,0.9921979308128357,0.961092472076416,0.018671542406082153,0.034192029386758804
383,0.0005967815430432728,0.002535507082939148,0.024451265,0.050353818,0.9922412037849426,0.9628297686576843,0.018284402787685394,0.033809345215559006
384,0.0006483074989360334,0.0027312026359140873,0.025394915,0.05226091,0.9916307926177979,0.9599608778953552,0.019045518711209297,0.034167297184467316
385,0.0005743691303492101,0.0027318077627569437,0.02384812,0.052266702,0.9926192760467529,0.9599519968032837,0.017804110422730446,0.035108648240566254
386,0.0006197031748756258,0.002875108737498522,0.024808517,0.05362004,0.9920128583908081,0.957851231098175,0.018676605075597763,0.03571237251162529
387,0.0006671664754817771,0.003010110929608345,0.025784265,0.05486448,0.9913721680641174,0.955872118473053,0.019175289198756218,0.035429731011390686
388,0.0005631731420924717,0.002697617281228304,0.023796787,0.051938597,0.9926509857177734,0.9604532122612,0.017832789570093155,0.03497155010700226
389,0.0005233785698444328,0.002725788624957204,0.022770688,0.052209087,0.9932711124420166,0.960040271282196,0.016976237297058105,0.034914884716272354
390,0.0005516942394685677,0.002618963597342372,0.023424894,0.05117581,0.9928789138793945,0.9616062641143799,0.01750902459025383,0.03508381173014641
391,0.000530266132872467,0.0025535854510962963,0.0230334,0.050533015,0.9931149482727051,0.9625647068023682,0.01745312288403511,0.033324047923088074
392,0.0005400119407568127,0.0027209126856178045,0.023120893,0.052162368,0.9930625557899475,0.9601117372512817,0.017084334045648575,0.03496173396706581
393,0.0005413487061477182,0.002592185977846384,0.023270717,0.050913516,0.9929723143577576,0.9619988203048706,0.01748865842819214,0.033678699284791946
394,0.0004941251192411238,0.002709654625505209,0.022219634,0.052054342,0.9935928583145142,0.9602767825126648,0.016647398471832275,0.03434234857559204
395,0.000522359845821153,0.0025561191141605377,0.022785423,0.050558075,0.9932624101638794,0.9625275731086731,0.016815032809972763,0.03542349860072136
396,0.0005891666911669414,0.0025624094996601343,0.024068303,0.050620247,0.9924823641777039,0.9624353647232056,0.017960192635655403,0.033553801476955414
397,0.0005336091602326964,0.0025624597910791636,0.022974696,0.050620746,0.993149995803833,0.9624346494674683,0.01710113137960434,0.034196093678474426
398,0.000579649052021771,0.0026933159679174423,0.024037156,0.05189717,0.9925017952919006,0.9605162739753723,0.01750994846224785,0.0337408073246479
399,0.0005415447932054204,0.002734219888225198,0.023244223,0.05228977,0.9929883480072021,0.9599166512489319,0.016780301928520203,0.0349234938621521
400,0.0006039744370024313,0.0028513402212411165,0.024550201,0.053397946,0.9921783208847046,0.958199679851532,0.01770162768661976,0.036817118525505066
401,0.0005891801979900761,0.002686869353055954,0.024042288,0.05183502,0.9924985766410828,0.9606108069419861,0.017640650272369385,0.034382276237010956
402,0.0006337105891857805,0.0034079875331372023,0.025101108,0.058377974,0.9918233156204224,0.950039267539978,0.018661867827177048,0.03904895484447479
403,0.0005776707535419105,0.0028156815096735954,0.023951814,0.053062998,0.9925549626350403,0.9587224125862122,0.017695382237434387,0.03573589026927948
404,0.0006317804575453258,0.0028503076173365116,0.025024911,0.05338827,0.9918729066848755,0.9582148194313049,0.01892087049782276,0.03568077087402344
405,0.0005239247019000521,0.002436357783153653,0.022900434,0.049359474,0.9931942224502563,0.964283287525177,0.01743926852941513,0.032894909381866455
406,0.0004657067646886307,0.0026572358328849077,0.021595173,0.051548384,0.9939479231834412,0.9610452055931091,0.015988575294613838,0.03451373055577278
407,0.0005222558088875799,0.0024834112264215946,0.022788342,0.049833838,0.9932606816291809,0.9635934829711914,0.016953060403466225,0.033554188907146454
408,0.0007239620053124698,0.003295669099316001,0.02701976,0.05740792,0.9905255436897278,0.9516858458518982,0.019745297729969025,0.03636128827929497
409,0.000713910949839787,0.0026551883202046156,0.026706899,0.05152852,0.9907436966896057,0.9610752463340759,0.019900716841220856,0.034762367606163025
410,0.00048600624524459073,0.002719091484323144,0.021870838,0.052144907,0.9937924146652222,0.9601384401321411,0.016161905601620674,0.03459294140338898
411,0.0005625725329578431,0.0028375182300806046,0.02370168,0.05326836,0.9927096366882324,0.9584023356437683,0.017410920932888985,0.034933462738990784
412,0.0004692765571896664,0.002652839059010148,0.021618111,0.05150572,0.9939350485801697,0.9611096978187561,0.015942035242915154,0.03404591977596283
413,0.0005236929639729417,0.002621856750920415,0.022857042,0.05120407,0.9932199716567993,0.9615638852119446,0.01688622124493122,0.03403732553124428
414,0.0005104639964305203,0.0027146574575453997,0.022560162,0.052102376,0.9933949708938599,0.9602034091949463,0.01683642342686653,0.03498227894306183
415,0.0004964487928770144,0.002647384535521269,0.022216216,0.051452745,0.9935948252677917,0.9611896276473999,0.0166154932230711,0.03393831104040146
416,0.0004286211214176464,0.0026919320225715637,0.0207386,0.051883835,0.9944185018539429,0.9605365991592407,0.015633748844265938,0.03483353555202484
417,0.0004604351032123139,0.002591673983260989,0.021284936,0.050908487,0.9941205382347107,0.9620063304901123,0.015634018927812576,0.03357946127653122
418,0.0004197407820770009,0.0028602334205061197,0.020407706,0.053481154,0.9945951700210571,0.9580693244934082,0.015277129597961903,0.035239413380622864
419,0.00048731174452272666,0.0025756473187357187,0.022111896,0.050750837,0.9936548471450806,0.9622412919998169,0.016503190621733665,0.03296634927392006
420,0.00048751862050266936,0.002483488293364644,0.02214415,0.04983461,0.9936363101005554,0.9635923504829407,0.016456466168165207,0.03330538794398308
421,0.00044111560088243675,0.0026789153926074505,0.021011466,0.05175824,0.9942706823348999,0.9607273936271667,0.0160392876714468,0.03438340499997139
422,0.00042476563381073487,0.0025302236899733543,0.020633321,0.05030133,0.9944750070571899,0.9629071950912476,0.015386751852929592,0.03318965435028076
423,0.0003738091102356768,0.002671976340934634,0.019288499,0.051691167,0.9951717853546143,0.9608291387557983,0.014326153323054314,0.03355579078197479
424,0.00048602515281262725,0.0028181602247059345,0.022045746,0.053086348,0.9936927556991577,0.958686113357544,0.0164914820343256,0.0363362655043602
425,0.0004918296207589182,0.002716626739129424,0.022231515,0.05212127,0.993586003780365,0.960174560546875,0.016584763303399086,0.03398160636425018
426,0.00045393940606366164,0.0026836362667381763,0.02137137,0.051803824,0.9940727353096008,0.9606581926345825,0.015820633620023727,0.03444172441959381
427,0.0004177018074022437,0.002374728210270405,0.020363672,0.048731185,0.9946184754371643,0.9651867747306824,0.015449507161974907,0.03227291256189346
428,0.00039494009847244757,0.002534819534048438,0.019880833,0.050346993,0.994870662689209,0.9628398418426514,0.015078498981893063,0.033976923674345016
429,0.0003948145604226738,0.0027154365088790655,0.019883318,0.05210985,0.9948694109916687,0.9601920247077942,0.01477815955877304,0.03345104679465294
430,0.0004438287234568799,0.0024714693427085876,0.02110905,0.049713876,0.9942173361778259,0.9637685418128967,0.01593148522078991,0.03316749259829521
431,0.00037741264201362026,0.0028105860110372305,0.019423587,0.053014956,0.9951038956642151,0.9587971568107605,0.01454375684261322,0.035503774881362915
432,0.0004193995555397123,0.002536641899496317,0.020466428,0.050365087,0.9945640563964844,0.962813138961792,0.015282693319022655,0.03307164087891579
433,0.00038015855269887567,0.0028382749296724796,0.019458853,0.053275462,0.995086133480072,0.9583911895751953,0.0146528584882617,0.0344209149479866
434,0.0004191300831735134,0.002305821282789111,0.020478321,0.04801897,0.9945577383041382,0.9661968946456909,0.015350486151874065,0.03266114741563797
435,0.000460145181436515,0.002620908198878169,0.021522243,0.05119481,0.9939887523651123,0.9615777730941772,0.016001392155885696,0.0339985266327858
436,0.00038259704689897427,0.0025546648539602757,0.019539535,0.050543692,0.9950452446937561,0.9625489115715027,0.014659646898508072,0.033798836171627045
437,0.00038377663639204746,0.002672686707228422,0.019623147,0.051698033,0.995002806186676,0.9608187079429626,0.014653688296675682,0.03400257229804993
438,0.0003723320167575201,0.0026894917245954275,0.019304208,0.051860306,0.9951639175415039,0.960572361946106,0.014341475442051888,0.033992450684309006
439,0.0004490319353697652,0.0024318774230778217,0.021145511,0.04931407,0.9941973090171814,0.9643489718437195,0.016176776960492134,0.03256317973136902
440,0.0004059541176750579,0.0027303702663630247,0.020086257,0.052252945,0.9947641491889954,0.9599730968475342,0.015026707202196121,0.03472670167684555
441,0.0004476378552763808,0.002601569751277566,0.021133544,0.05100559,0.9942039251327515,0.961861252784729,0.01614958792924881,0.032929059118032455
442,0.00044410077415787697,0.0025996642652899027,0.020960087,0.050986905,0.9942986369132996,0.9618892073631287,0.015620323829352856,0.034062497317790985
443,0.00044740041432140225,0.0024454714730381966,0.021099059,0.04945171,0.9942228198051453,0.9641496539115906,0.01585492119193077,0.0330677255988121
444,0.00039792330988513476,0.002560490043833852,0.019972367,0.05060129,0.9948233366012573,0.9624634981155396,0.01496176328510046,0.0337398387491703
445,0.00040760194612878627,0.002505159704014659,0.020176437,0.050051574,0.994717001914978,0.9632746577262878,0.015210060402750969,0.032486774027347565
446,0.00039500490079676223,0.0027268477715551853,0.019855237,0.052219227,0.9948838949203491,0.9600247144699097,0.014945341274142265,0.03430976718664169
447,0.00039640754601516,0.0025776985567063093,0.019877493,0.05077104,0.9948723912239075,0.9622112512588501,0.014641772955656052,0.03352805972099304
448,0.00042883327511266214,0.0027718357741832733,0.020530518,0.052648228,0.9945299625396729,0.95936518907547,0.015389395877718925,0.034834422171115875
449,0.0003732063685840165,0.0025147181004285812,0.019371146,0.050146963,0.9951303005218506,0.9631345272064209,0.014497782103717327,0.033330291509628296
450,0.0004459285542411222,0.002841237001121044,0.021120658,0.053303257,0.994210958480835,0.9583477973937988,0.01569272391498089,0.03377223014831543
451,0.00036168423618867314,0.0027108544018119574,0.01902265,0.052065864,0.9953039288520813,0.960259199142456,0.014277392067015171,0.03359418362379074
452,0.00037309523957612163,0.0025634036865085363,0.019332694,0.050630067,0.9951496124267578,0.9624208211898804,0.014355949126183987,0.03301721811294556
453,0.0003501033292691731,0.002775457687675953,0.018673614,0.052682612,0.9954746961593628,0.9593120813369751,0.013706296682357788,0.035043179988861084
454,0.00040748822026547384,0.002706013387069106,0.020170394,0.052019358,0.9947201609611511,0.9603301286697388,0.014785039238631725,0.03443533554673195
455,0.00037209269860547715,0.002798965433612466,0.019247478,0.052905247,0.995192289352417,0.9589675068855286,0.014279216527938843,0.03429827094078064
456,0.00040937871910335326,0.0026264870539307594,0.020186916,0.051249266,0.9947115182876587,0.9614959955215454,0.015003368258476257,0.033766791224479675
457,0.00035333721528083765,0.002637290395796299,0.018847946,0.051354557,0.9953898191452026,0.9613376259803772,0.014089135453104973,0.03300636261701584
458,0.0003686099325105633,0.0026077788788825274,0.019251175,0.051066417,0.995190441608429,0.961770236492157,0.014400851912796497,0.03320014476776123
459,0.0003341066284602593,0.002644225489348173,0.018261438,0.05142203,0.9956722855567932,0.9612359404563904,0.013595101423561573,0.03367595002055168
460,0.00036109155586349186,0.0026145423762500286,0.019023772,0.051132597,0.9953033924102783,0.9616711139678955,0.014194726943969727,0.034609511494636536
461,0.00038863559496927667,0.002481014234945178,0.019625185,0.04980978,0.9950017333030701,0.9636285901069641,0.01467188075184822,0.033748265355825424
462,0.00039217534437987274,0.002511007012799382,0.019798573,0.050109945,0.9949130415916443,0.9631889462471008,0.014614171348512173,0.03326871246099472
463,0.00038814696414523166,0.0024793283082544804,0.019661624,0.049792856,0.9949831366539001,0.9636533260345459,0.014791075140237808,0.03237806260585785
464,0.0004730360246453942,0.0027229764964431524,0.021751992,0.05218215,0.9938597083091736,0.9600814580917358,0.016040120273828506,0.03426482900977135
465,0.0004047953566028313,0.002553042955696583,0.020061484,0.050527643,0.9947770237922668,0.9625726938247681,0.014835420064628124,0.033672574907541275
466,0.0003934815877900374,0.002768902573734522,0.01985899,0.052620362,0.9948819279670715,0.9594082236289978,0.014912625774741173,0.03436635807156563
467,0.0004407592615197328,0.002627416979521513,0.020960975,0.051258337,0.9942981600761414,0.9614823460578918,0.015324021689593792,0.03450826555490494
468,0.0004258092832804488,0.002543939743191004,0.020713873,0.050437488,0.9944317936897278,0.9627061486244202,0.015558777377009392,0.03339333459734917
469,0.0003940815301823684,0.0023829834535717964,0.01991255,0.048815813,0.9948542714118958,0.9650657176971436,0.015058116056025028,0.03277851268649101
470,0.00036559911942194134,0.0026309450622648,0.01913503,0.05129274,0.9952483177185059,0.9614306688308716,0.01465066708624363,0.03363792970776558
471,0.00046419987947129727,0.0024886075407266617,0.021450736,0.049885947,0.994028627872467,0.9635173082351685,0.015950150787830353,0.03267320618033409
472,0.00043750636872242797,0.002664174186065793,0.020859526,0.051615637,0.9943532347679138,0.9609435200691223,0.015673168003559113,0.03435046970844269
473,0.0005951426574029028,0.003088324796408415,0.024177952,0.0555727,0.9924136996269226,0.9547255039215088,0.01784222386777401,0.03617677837610245
474,0.000541558919146403,0.0027835494838654995,0.023248915,0.052759353,0.9929854869842529,0.9591934680938721,0.017436590045690536,0.03453505039215088
475,0.00046700171581257814,0.00279589113779366,0.021677146,0.052876186,0.9939019083976746,0.9590125679969788,0.016094908118247986,0.03526092320680618
476,0.0004320722496645017,0.002714400179684162,0.020770295,0.052099906,0.9944014549255371,0.9602072238922119,0.015385283157229424,0.03381342068314552
477,0.0004329928289569745,0.0029302756302058697,0.020816645,0.054132022,0.9943764209747314,0.9570425152778625,0.015469085425138474,0.036011822521686554
478,0.00042352741398975593,0.002660050755366683,0.02052242,0.05157568,0.9945342540740967,0.9610039591789246,0.015240670181810856,0.03295338898897171
479,0.00038476246514950287,0.002863752655684948,0.019593319,0.05351404,0.995017945766449,0.9580177068710327,0.014893738552927971,0.033952970057725906
480,0.00038235005128874695,0.0030069155618548393,0.01952116,0.054835346,0.9950546026229858,0.9559189677238464,0.014630653895437717,0.03707815706729889
481,0.0004520915416915986,0.002675624331459403,0.021286799,0.051726438,0.9941195249557495,0.9607756733894348,0.015655234456062317,0.03358093276619911
482,0.0003731577823848718,0.002800587797537446,0.019261248,0.052920584,0.995185375213623,0.9589437246322632,0.014276216737926006,0.03483537957072258
483,0.00040511814850932836,0.002820446155965328,0.020052623,0.053107873,0.9947816729545593,0.9586525559425354,0.015152068808674812,0.034970078617334366
484,0.0004129062978212129,0.0027297805063426495,0.020229165,0.0522473,0.9946893453598022,0.9599817395210266,0.0152755007147789,0.03434909135103226
485,0.00040235769384625286,0.0025533067528158426,0.019996444,0.050530255,0.9948108196258545,0.9625688195228577,0.015053522773087025,0.03392370790243149
486,0.000359110786865296,0.002822407754138112,0.01895809,0.05312634,0.9953357577323914,0.9586238265037537,0.014191052876412868,0.03426365554332733
487,0.000383639370821501,0.0024014576338231564,0.019455109,0.04900467,0.9950879812240601,0.9647948741912842,0.014359408058226109,0.03232956305146217
488,0.00038993296038825065,0.0027368736919015646,0.019733882,0.05231514,0.9949462413787842,0.9598777294158936,0.014631932601332664,0.034095633774995804
489,0.0003704412493706596,0.002564880531281233,0.019204149,0.05064465,0.9952139258384705,0.9623991250991821,0.013933693990111351,0.033585045486688614
490,0.00036078491592144763,0.002572488971054554,0.018956225,0.05071971,0.9953367114067078,0.9622876048088074,0.014463381841778755,0.033334311097860336
491,0.00039856309012975544,0.00283529213629663,0.0200238,0.053247463,0.994796633720398,0.9584349393844604,0.014763162471354008,0.03549142926931381
492,0.00038016890837091273,0.002624111482873559,0.01955292,0.051226083,0.9950385093688965,0.9615308046340942,0.014584116637706757,0.03402424976229668
493,0.0003968383389292285,0.002655633259564638,0.019916262,0.051532835,0.9948523640632629,0.9610687494277954,0.014993153512477875,0.03304944559931755
494,0.0003720562606097453,0.003004890400916338,0.019275196,0.05481688,0.9951784014701843,0.9559486508369446,0.014033360406756401,0.03500659763813019
495,0.00039857589184645224,0.002660877536982298,0.020002767,0.051583696,0.9948075413703918,0.9609918594360352,0.014823888428509235,0.033774830400943756
496,0.00045289910287299955,0.0027464621234685183,0.0212712,0.052406702,0.9941281676292419,0.9597371816635132,0.015585298649966717,0.03501998633146286
497,0.0005151785907483744,0.002913959790021181,0.022750389,0.053981107,0.9932830929756165,0.9572817087173462,0.01702607423067093,0.03613106906414032
498,0.00041704372613987124,0.002435216447338462,0.020441884,0.049347915,0.9945771098136902,0.9642999768257141,0.015339158475399017,0.032514143735170364
499,0.00038401673108720303,0.002647440880537033,0.019486267,0.051453285,0.9950722455978394,0.961188793182373,0.014609554782509804,0.03312226012349129
500,0.00042593567790886897,0.002601109677925706,0.020689625,0.051001076,0.9944448471069336,0.9618680477142334,0.015598070807754993,0.033440232276916504
501,0.00047896642486607146,0.0028466766234487295,0.021811334,0.053354256,0.993826150894165,0.9582680463790894,0.016033891588449478,0.03461233153939247
502,0.000470213892351074,0.00289178267121315,0.021614596,0.0537753,0.9939370155334473,0.9576067924499512,0.016157831996679306,0.03487873449921608
503,0.0004609587948917496,0.002699057338759303,0.021525038,0.05195245,0.9939871430397034,0.9604321122169495,0.016240833327174187,0.03409896045923233
504,0.00038082265977705407,0.0025902395136654377,0.019352252,0.050894395,0.9951397776603699,0.962027370929718,0.014414348639547825,0.03373635187745094
505,0.0003854585295564241,0.0029647997580468655,0.019559883,0.05444997,0.99503493309021,0.9565363526344299,0.014823763631284237,0.03484480828046799
506,0.00040548859000078994,0.0027539338916540146,0.02014925,0.052477937,0.9947312474250793,0.959627628326416,0.015047037973999977,0.03343833610415459
507,0.00044366399048488927,0.0026904516853392124,0.021034833,0.051869567,0.994257926940918,0.960558295249939,0.015919387340545654,0.034008368849754333
508,0.0004027755626752465,0.0027117093559354544,0.020040765,0.052074075,0.9947878122329712,0.9602466225624084,0.014939287677407265,0.03443391993641853
509,0.0004180151842195879,0.0028261858969926834,0.020483794,0.053161882,0.9945548176765442,0.9585684537887573,0.01485058106482029,0.03466956689953804
510,0.0005500693673225628,0.002883640117943287,0.023511764,0.053699534,0.992825984954834,0.9577261805534363,0.017044084146618843,0.035851478576660156
511,0.0005905983403367413,0.002739975694566965,0.024341106,0.052344777,0.9923109412193298,0.9598322510719299,0.017631173133850098,0.03403979539871216
512,0.0006046957529509779,0.0029746852815151215,0.024548598,0.054540675,0.9921793341636658,0.956391453742981,0.017742948606610298,0.0363268181681633
513,0.0005755029031371868,0.003248644759878516,0.023913052,0.056996886,0.9925790429115295,0.9523752331733704,0.01790710724890232,0.0374658927321434
514,0.0005306391090429811,0.0031075968872755766,0.022972442,0.05574582,0.9931513667106628,0.9544429779052734,0.01703682914376259,0.036252062767744064
515,0.000471017076051794,0.0033549752552062273,0.021572327,0.05792215,0.9939607381820679,0.9508164525032043,0.01593092270195484,0.037177495658397675
516,0.0005819429484704001,0.0029846688266843557,0.024017906,0.054632124,0.9925137758255005,0.9562451243400574,0.01781279221177101,0.036047983914613724
517,0.0006247034986947917,0.002690637717023492,0.024970206,0.051871356,0.9919083714485168,0.9605555534362793,0.01837090589106083,0.034575335681438446
518,0.0006786744978109544,0.002927609020844102,0.025715563,0.054107383,0.9914181232452393,0.9570815563201904,0.01916659250855446,0.035928875207901
519,0.0006765153388683261,0.0027915469836443663,0.026029281,0.052835092,0.9912074208259583,0.9590762257575989,0.018922610208392143,0.03376384451985359
520,0.0005046050236242908,0.002783661475405097,0.022455987,0.05276042,0.9934558272361755,0.9591918587684631,0.016779346391558647,0.035391177982091904
521,0.0005083031388825144,0.002592038130387664,0.022529243,0.050912064,0.9934130311012268,0.9620010256767273,0.016567494720220566,0.03323617950081825
522,0.000462314539948817,0.0024309949949383736,0.021571733,0.04930512,0.9939610362052917,0.9643619060516357,0.01614181511104107,0.032135941088199615
523,0.00047278348475546494,0.002650181297212839,0.021707693,0.051479913,0.9938846826553345,0.9611486196517944,0.0158742293715477,0.03416431322693825
524,0.0004735903785331175,0.0025792820379137993,0.021780543,0.050786633,0.9938435554504395,0.9621880054473877,0.016313724219799042,0.033293746411800385
525,0.0003737911743387072,0.0023841122165322304,0.019344237,0.048827372,0.9951438307762146,0.9650492072105408,0.014456517063081264,0.032657839357852936
526,0.0003722797277574004,0.0027278780471533537,0.019281965,0.05222909,0.9951750636100769,0.9600096344947815,0.014523741789162159,0.03374813497066498
527,0.00042364963023415345,0.0026698189321905375,0.020609746,0.051670294,0.9944876432418823,0.9608607292175293,0.015260566957294941,0.03447143733501434
528,0.00037584032212511045,0.0027003451250493526,0.01942991,0.051964846,0.995100736618042,0.9604132175445557,0.014768149703741074,0.03404979035258293
529,0.00036694525624625385,0.0027520733419805765,0.01914247,0.05246021,0.9952446222305298,0.9596549272537231,0.014280431903898716,0.03369763493537903
530,0.0003691196741949005,0.0024820182006806135,0.019174002,0.049819857,0.9952289462089539,0.9636138677597046,0.014155148528516293,0.03184875100851059
531,0.00032449529284018684,0.0027022194117307663,0.018060971,0.051982876,0.9957667589187622,0.960385799407959,0.013545604422688484,0.03337780386209488
532,0.0003368139322529632,0.002667468274012208,0.01830142,0.05164754,0.9956532716751099,0.9608952403068542,0.013964285142719746,0.033337149769067764
533,0.00032458108497931704,0.002614411525428295,0.017963719,0.05113132,0.9958122372627258,0.9616730213165283,0.013590090908110142,0.03292495757341385
534,0.0003725913305639882,0.0026789819821715355,0.019274535,0.05175888,0.995178759098053,0.9607264399528503,0.014413419179618359,0.03409973159432411
535,0.0004282638361804526,0.0025856022257357836,0.020712817,0.050848816,0.9944323897361755,0.9620953798294067,0.015660079196095467,0.03285739943385124
536,0.00044330964671892366,0.0025794811081141233,0.021039508,0.050788596,0.9942553639411926,0.9621850848197937,0.015587527304887772,0.03274846076965332
537,0.0004277992894375612,0.0030016798991709948,0.02057991,0.054787587,0.9945036172866821,0.9559957385063171,0.015416823327541351,0.03718235343694687
538,0.00046842768907398835,0.0025460359174758196,0.021701299,0.05045826,0.9938883185386658,0.9626753926277161,0.016223624348640442,0.032349828630685806
539,0.00034415172823090955,0.0027458115946501493,0.018424092,0.052400496,0.9955947995185852,0.9597467184066772,0.013795620761811733,0.03364146128296852
540,0.00040208413305332545,0.002424445701763034,0.019994661,0.04923866,0.9948117733001709,0.9644579291343689,0.01492698211222887,0.03216511383652687
541,0.00038588822380089283,0.002588838106021285,0.019670138,0.05088063,0.9949788451194763,0.9620479345321655,0.014544880948960781,0.0343284010887146
542,0.00041839461813321,0.0026179978158324957,0.020344209,0.051166378,0.9946287870407104,0.9616204500198364,0.015162200666964054,0.034056320786476135
543,0.0003386491920206357,0.0028085061348974705,0.018358104,0.05299534,0.9956263303756714,0.9588276147842407,0.013788972049951553,0.03465551882982254
544,0.00033391387577549637,0.0026407313998788595,0.018274637,0.05138805,0.9956660270690918,0.9612872004508972,0.013761039823293686,0.033277109265327454
545,0.0004234596139709042,0.0026219934225082397,0.020570116,0.051205408,0.9945088028907776,0.9615618586540222,0.015113385394215584,0.03349186107516289
546,0.0003656235335669904,0.0026323578786104918,0.019083476,0.05130651,0.9952738881111145,0.9614099264144897,0.014568259008228779,0.03414915129542351
547,0.00035649704064284873,0.002516363747417927,0.018827323,0.05016337,0.9953998923301697,0.9631103873252869,0.014079984277486801,0.03276298567652702
548,0.00035472179561938077,0.0025708358734846115,0.018829573,0.050703414,0.995398759841919,0.962311863899231,0.014158745296299458,0.03422596678137779
549,0.00035073236292439765,0.002764476928859949,0.018719068,0.052578297,0.9954526424407959,0.9594730734825134,0.014074546284973621,0.034701138734817505
550,0.0004529156490620649,0.0025195854250341654,0.021381652,0.05019547,0.9940670132637024,0.9630631804466248,0.015862612053751945,0.03311734274029732
551,0.0003258409640032121,0.0024967656936496496,0.017991208,0.049967647,0.9957994222640991,0.9633976817131042,0.013532704673707485,0.032569415867328644
552,0.000366389513312077,0.002459838055074215,0.019023519,0.049596757,0.9953035116195679,0.9639390707015991,0.01404312439262867,0.032268255949020386
553,0.0003660019938251935,0.0026318831369280815,0.019108873,0.05130188,0.9952612519264221,0.9614169001579285,0.014204784296452999,0.03330543637275696
554,0.00034750290400221604,0.0027132935356348753,0.018634219,0.052089285,0.9954937696456909,0.9602234363555908,0.013907190412282944,0.033809881657361984
555,0.0004680362048516558,0.002746090991422534,0.021516593,0.052403163,0.9939919114112854,0.9597426056861877,0.015906965360045433,0.03417740389704704
556,0.00039602865184530276,0.0027535613626241684,0.019880673,0.05247439,0.9948707818984985,0.9596331119537354,0.01474681030958891,0.03395741432905197
557,0.00030784347009929746,0.0025828671641647816,0.017540181,0.050821915,0.9960073828697205,0.9621354341506958,0.013206372037529945,0.033044785261154175
558,0.0003782632358541543,0.0025567577686160803,0.019445969,0.050564393,0.9950926303863525,0.9625182151794434,0.01450702641159296,0.03223978728055954
559,0.00034527337927350095,0.0027877003885805607,0.018618364,0.052798677,0.9955014586448669,0.9591326117515564,0.014108442701399326,0.03467043489217758
560,0.0003680230292957276,0.002368074841797352,0.019220455,0.04866287,0.9952057600021362,0.9652842879295349,0.014515305869281292,0.03191346302628517
561,0.00030275936296675354,0.002610403811559081,0.017420975,0.05109211,0.9960614442825317,0.9617317914962769,0.01303146593272686,0.032729413360357285
562,0.00033015677763614804,0.0025546106044203043,0.018087978,0.05054315,0.995754063129425,0.9625496864318848,0.013633004389703274,0.03368164226412773
563,0.00041275635620960117,0.0027070611249655485,0.020371225,0.052029423,0.9946144819259644,0.9603148102760315,0.01536986418068409,0.0340394452214241
564,0.0004443060891141861,0.002617812482640147,0.021109434,0.05116456,0.9942170977592468,0.9616231918334961,0.015704436227679253,0.03430258855223656
565,0.00038152551199097866,0.0027913074009120464,0.01956497,0.052832823,0.9950323700904846,0.9590797424316406,0.01457778736948967,0.03478340059518814
566,0.00039355854228646916,0.0026215240359306335,0.019855993,0.051200822,0.9948834776878357,0.9615687727928162,0.014673721045255661,0.033793967217206955
567,0.00030872266969791696,0.0026010104920715094,0.017574398,0.051000103,0.9959917664527893,0.961869478225708,0.013246582821011543,0.03253164887428284
568,0.0002899804504440081,0.0026090824976563454,0.016991654,0.05107918,0.9962531924247742,0.9617511630058289,0.0126036386936903,0.03308333829045296
569,0.00033838315655223346,0.0027294596657156944,0.018374847,0.05224423,0.9956183433532715,0.9599864482879639,0.013930381275713444,0.033397376537323
570,0.00033495492706689134,0.0024981533642858267,0.018124957,0.04998153,0.9957367181777954,0.9633773565292358,0.013404021970927715,0.0323752760887146
571,0.0003124246875152246,0.0028850201051682234,0.017660312,0.053712387,0.9959524869918823,0.9577059149742126,0.013171983882784843,0.034806448966264725
572,0.0004115187356629494,0.0027102914173156023,0.02028015,0.052060463,0.9946625232696533,0.9602674245834351,0.015392598696053028,0.03378541022539139
573,0.0004048464298565787,0.002606244059279561,0.020140478,0.05105139,0.994735836982727,0.9617927670478821,0.014686498790979385,0.03348596394062042
574,0.0003157293937296014,0.0028073338326066732,0.017792573,0.052984282,0.9958916306495667,0.958844780921936,0.013433197513222694,0.033751681447029114
575,0.00028049371229082516,0.002697291085496545,0.016722798,0.051935457,0.996370792388916,0.9604580402374268,0.01259832177311182,0.03262826055288315
576,0.000316539916887202,0.002600140171125531,0.017775487,0.05099157,0.995899498462677,0.9618822336196899,0.01325614470988512,0.03361552208662033
577,0.00028902275979899884,0.0025722431018948555,0.016977265,0.050717287,0.9962595105171204,0.9622911810874939,0.012897554785013199,0.033839982002973557
578,0.0003022559725319628,0.0026123961433768272,0.01735187,0.051111605,0.9960926175117493,0.9617025852203369,0.01309064868837595,0.03260393068194389
579,0.0003216510045934807,0.0027684695087373257,0.0179138,0.052616246,0.9958354830741882,0.959414541721344,0.013275089673697948,0.034021761268377304
580,0.0003268250597598539,0.002528473734855652,0.018099148,0.05028393,0.9957488179206848,0.9629328846931458,0.01367291808128357,0.033027295023202896
581,0.0003155103788065555,0.0025523577351123095,0.01771029,0.050520863,0.9959295392036438,0.9625827074050903,0.013098041526973248,0.03201496601104736
582,0.0002937448920089413,0.002447023056447506,0.017000891,0.0494674,0.9962490797042847,0.9641269445419312,0.012643578462302685,0.03156917542219162
583,0.0003514905077860352,0.0024096581619232893,0.018747794,0.04908827,0.9954386949539185,0.964674711227417,0.01398315280675888,0.031532008200883865
584,0.0003063514099763283,0.0026068545412272215,0.017464045,0.05105737,0.9960419535636902,0.9617838263511658,0.01344313658773899,0.0328921377658844
585,0.0003080527848479423,0.0025096505414694548,0.017544623,0.05009641,0.9960053563117981,0.963208794593811,0.013181803748011589,0.032275956124067307
586,0.0002936270089280284,0.0025478096213191748,0.016917951,0.050475832,0.996285617351532,0.962649405002594,0.012755676172673702,0.03233257308602333
587,0.00030279983250445434,0.0027967847418040037,0.017370535,0.052884635,0.9960842132568359,0.9589994549751282,0.012789181433618069,0.03427523374557495
588,0.0003002917861026204,0.0022762690205127,0.017308591,0.047710262,0.9961121082305908,0.9666301608085632,0.01316116563975811,0.03091391548514366
589,0.0002819746289539828,0.0026778795290738344,0.016750522,0.051748235,0.9963587522506714,0.9607425928115845,0.012530558742582798,0.03268852084875107
590,0.0002938496810119514,0.002454649191349745,0.017110456,0.049544413,0.9962006211280823,0.9640151262283325,0.012685571797192097,0.031621649861335754
591,0.0002688319794039919,0.0025209435261785984,0.016408319,0.050209,0.9965060353279114,0.9630432724952698,0.012393388897180557,0.03326573967933655
592,0.00030848738573364574,0.0026572872884571552,0.017526148,0.05154888,0.9960137605667114,0.9610444903373718,0.013174972496926785,0.03300170972943306
593,0.0003137148993449624,0.002459126291796565,0.017649898,0.049589578,0.9959572553634644,0.9639495015144348,0.013266106136143208,0.03253116458654404
594,0.0003059939249810255,0.0027702124789357185,0.01753451,0.05263281,0.9960099458694458,0.9593889713287354,0.012985840439796448,0.03354140743613243
595,0.0002711405851931142,0.0027488425839692354,0.016473558,0.052429408,0.9964781999588013,0.9597022533416748,0.012211951427161694,0.03356514498591423
596,0.0003329457143660296,0.0025518632028251886,0.01828363,0.050515972,0.995661735534668,0.9625899791717529,0.013318909332156181,0.032832298427820206
597,0.00028005977484016597,0.002529555233195424,0.01666852,0.050294682,0.9963943362236023,0.9629170298576355,0.012618297711014748,0.03209182992577553
598,0.0003987308591604233,0.0027491694781929255,0.019913208,0.052432526,0.9948539733886719,0.9596974849700928,0.014911508187651634,0.03357648476958275
599,0.0003013112383831123,0.0025367808993905783,0.01735815,0.050366465,0.9960898160934448,0.9628111124038696,0.012987249530851841,0.03244752064347267
600,0.00030441277406432414,0.0024531881790608168,0.017434776,0.049529668,0.9960551857948303,0.9640365242958069,0.013080696575343609,0.03258970007300377
601,0.00026848701302448967,0.002504583913832903,0.016370336,0.050045818,0.9965221881866455,0.9632830619812012,0.012293020263314247,0.03273147717118263
602,0.0002664682039969855,0.002397836185991764,0.016368402,0.048967704,0.9965230226516724,0.964847981929779,0.012410040013492107,0.03126659616827965
603,0.0002782251064094122,0.00247962842695415,0.016701657,0.04979587,0.9963799715042114,0.9636489152908325,0.01278370525687933,0.03196105360984802
604,0.00029585755229080945,0.002607900183647871,0.017075624,0.051067606,0.9962160587310791,0.9617685079574585,0.012793215923011303,0.0332304872572422
605,0.00031477251203878865,0.002658451907336712,0.01775292,0.05156018,0.9959099292755127,0.9610273838043213,0.01322206575423479,0.034426506608724594
606,0.0002683733850558796,0.0025996495969593525,0.0163673,0.05098676,0.9965234994888306,0.9618894457817078,0.012314804829657078,0.03311934694647789
607,0.00031431729175065726,0.002638631034642458,0.017745592,0.051367607,0.9959133267402649,0.9613179564476013,0.013324949890375137,0.032408323138952255
608,0.00031119648734933105,0.002580866450443864,0.017671868,0.05080223,0.9959471821784973,0.9621647596359253,0.013190435245633125,0.03283871337771416
609,0.00027121204435719517,0.0026227550115436316,0.016502107,0.051212844,0.9964659810066223,0.9615507125854492,0.01213204674422741,0.0335334874689579
610,0.0003381485525592738,0.0028749576304107904,0.018420069,0.053618632,0.9955967664718628,0.9578534364700317,0.013666748069226742,0.03367199748754501
611,0.00031578371933640233,0.0024731250014156103,0.01781237,0.049730524,0.995882511138916,0.9637442827224731,0.012910007499158382,0.03222694993019104
612,0.0003012893701617775,0.0026409579440951347,0.017342301,0.051390253,0.9960969686508179,0.9612838625907898,0.012557980604469776,0.03399958834052086
613,0.0003139176062011922,0.002672447357326746,0.017675528,0.05169572,0.9959455132484436,0.9608222246170044,0.013282009400427341,0.03407788276672363
614,0.00031802521499974483,0.00238529359921813,0.01787331,0.04883947,0.9958542585372925,0.9650318622589111,0.0132346386089921,0.03187330812215805
615,0.0003806607340018011,0.002821349073201418,0.019497998,0.053116374,0.9950663447380066,0.9586393237113953,0.014560124836862087,0.03411630168557167
616,0.00034807963608975774,0.002627371111884713,0.018528925,0.05125789,0.9955445528030396,0.9614830613136292,0.01373354997485876,0.033698320388793945
617,0.0003754844471007924,0.0026103269774466753,0.019206367,0.05109136,0.9952127933502197,0.9617329239845276,0.014393307268619537,0.03288360312581062
618,0.00039959640773965725,0.002455460373312235,0.01998051,0.049552605,0.9948191046714783,0.9640032052993774,0.014711925759911537,0.03272330015897751
619,0.0003463958524993028,0.002581454813480377,0.018586809,0.05080802,0.9955166578292847,0.9621561765670776,0.013650061562657356,0.0336848646402359
620,0.000282028156851249,0.0026545783039182425,0.016742526,0.0515226,0.9963622689247131,0.9610841870307922,0.012490421533584595,0.03348806872963905
621,0.00025927079100669784,0.0026338868774473667,0.016098464,0.051321406,0.9966367483139038,0.9613875150680542,0.01215992122888565,0.03396172821521759
622,0.0002996093158303252,0.002304789377376437,0.017339824,0.04800822,0.9960980415344238,0.9662120342254639,0.013097398914396763,0.032141488045454025
623,0.0003039324166655371,0.0024141762405633926,0.017269686,0.049134266,0.99612957239151,0.9646084308624268,0.012877929024398327,0.03209381923079491
624,0.00034417328094026413,0.0025016346480697393,0.018460605,0.050016347,0.995577335357666,0.9633263349533081,0.013802209869027138,0.033034395426511765
625,0.00034899431590350684,0.002308712573722005,0.018592197,0.048049066,0.9955140948295593,0.9661545157432556,0.013877909630537033,0.03205933794379234
626,0.0003532561055511575,0.0025941473431885242,0.018730352,0.050932772,0.9954471588134766,0.9619700908660889,0.013932458125054836,0.033010680228471756
627,0.0003529587656058456,0.0024913314264267683,0.018813865,0.04991324,0.995406448841095,0.963477373123169,0.014360303990542889,0.03331374004483223
628,0.00034615313449070197,0.0026165605522692204,0.0185624,0.051152326,0.9955284595489502,0.9616415500640869,0.013822099193930626,0.03332430124282837
629,0.00037866871174297887,0.0026319788303226233,0.019429939,0.051302817,0.9951006770133972,0.9614154696464539,0.014437256380915642,0.0327908918261528
630,0.0002660957602942786,0.0026416040491312742,0.016303763,0.051396538,0.996550440788269,0.9612743854522705,0.012337199412286282,0.03315882012248039
631,0.00035007074885387823,0.002626164350658655,0.018720228,0.051246114,0.9954520463943481,0.9615007042884827,0.013509738259017467,0.033470626920461655
632,0.00035011778262824834,0.0023651798255741596,0.018719738,0.048633114,0.9954522848129272,0.965326726436615,0.01424864400178194,0.03184342756867409
633,0.00028275018121348694,0.0025288485921919346,0.01683134,0.05028766,0.9963235259056091,0.9629273414611816,0.012576395645737648,0.03311677277088165
634,0.0003146503943505443,0.002603345550596714,0.017766738,0.05102299,0.9959035515785217,0.9618352651596069,0.01323520764708519,0.0332060232758522
635,0.00027308507626664573,0.002423983532935381,0.016538298,0.049233966,0.9964504241943359,0.9644646644592285,0.012452241033315659,0.032704293727874756
636,0.0002604225896489383,0.002578483894467354,0.016135823,0.050778773,0.9966211318969727,0.9621997475624084,0.012270893901586533,0.03285495191812515
637,0.0002278005373558368,0.0027170246466994286,0.015106614,0.052125085,0.9970384240150452,0.960168719291687,0.01126418262720108,0.03409118205308914
638,0.00023417836465258998,0.0026122385170310736,0.015269244,0.051110066,0.9969742894172668,0.9617048501968384,0.011414246633648872,0.033806588500738144
639,0.00025858314289838415,0.002453152323141694,0.016041867,0.049529307,0.9966603517532349,0.9640370607376099,0.011898537166416645,0.03176489844918251
640,0.00023889403978087515,0.0027162504848092794,0.01544437,0.052117657,0.9969044923782349,0.9601801037788391,0.011486433446407318,0.03358769416809082
641,0.0002741120492415079,0.002449397463351488,0.01655628,0.04949139,0.9964427351951599,0.9640921354293823,0.012388805858790874,0.032605089247226715
642,0.0002753548390253193,0.0024823795538395643,0.016637035,0.049823485,0.9964079260826111,0.9636086225509644,0.012320991605520248,0.03189731761813164
643,0.0002241258738319051,0.002470657229423523,0.014959474,0.04970571,0.9970958232879639,0.9637804627418518,0.011103291995823383,0.032203223556280136
644,0.00028213059638140044,0.0027128448709845543,0.016801935,0.05208498,0.9963364005088806,0.9602299928665161,0.01262727938592434,0.03408139944076538
645,0.00034817648900736293,0.0024447813630104065,0.01870796,0.04944473,0.9954580068588257,0.9641597867012024,0.014069916680455208,0.03195891156792641
646,0.0002881684168559414,0.0024835797958076,0.016768446,0.049835525,0.9963510036468506,0.9635909795761108,0.012585797347128391,0.03155062720179558
647,0.000253867744917939,0.0025664782151579857,0.015873436,0.050660424,0.9967300891876221,0.9623757004737854,0.012225179001688957,0.032917920500040054
648,0.0002724354020425711,0.00255664624273777,0.016482657,0.05056329,0.9964743256568909,0.9625198841094971,0.012446144595742226,0.032314278185367584
649,0.00028626973256574604,0.002595564117655158,0.016513087,0.05094668,0.9964612722396851,0.961949348449707,0.01186410803347826,0.03301346302032471
650,0.0004925215934318575,0.0028348113410174847,0.022212405,0.053242948,0.9935970306396484,0.958441972732544,0.014715518802404404,0.03609360009431839
651,0.0005063080646901984,0.0031002224422991276,0.022319265,0.05567964,0.9935352802276611,0.954551100730896,0.01573139987885952,0.03559340164065361
652,0.001226104008806446,0.003917051944881678,0.034991622,0.06258635,0.9841101765632629,0.9425764679908752,0.020110169425606728,0.040919359773397446
653,0.0011159024592912333,0.004012108780443668,0.033539973,0.06334121,0.9854012131690979,0.9411829710006714,0.023147113621234894,0.03999967500567436
654,0.001310716975818981,0.0034597301855683327,0.03615372,0.058819473,0.9830372333526611,0.9492807388305664,0.024058640003204346,0.03873879835009575
655,0.0012738911900669336,0.003924660384654999,0.035753988,0.06264711,0.9834102392196655,0.9424649477005005,0.024716025218367577,0.042393509298563004
656,0.0009801560954656452,0.0030351243913173676,0.03130438,0.055091962,0.9872825145721436,0.9555054306983948,0.02230244316160679,0.037398748099803925
657,0.0006331135241039606,0.0031218251679092646,0.025237544,0.055873297,0.9917342066764832,0.9542344212532043,0.018597599118947983,0.036801163107156754
658,0.000547896268968047,0.0029734927229583263,0.023382979,0.054529745,0.9929043650627136,0.9564089179039001,0.01724879816174507,0.03599350526928902
659,0.0004813208519904451,0.002621243242174387,0.021829844,0.05119808,0.9938156604766846,0.9615728855133057,0.016259003430604935,0.03384474664926529
660,0.0003803884213663299,0.0027358070947229862,0.019542677,0.052304946,0.9950436949729919,0.9598933458328247,0.014705362729728222,0.03391231223940849
661,0.00037150671414565295,0.0026970922481268644,0.019273428,0.05193354,0.995179295539856,0.9604609608650208,0.014489598572254181,0.033702172338962555
662,0.00032984021527227014,0.0027079994324594736,0.018148923,0.052038446,0.9957254528999329,0.9603010416030884,0.013591593131422997,0.033416442573070526
663,0.0003585646839135072,0.0027472395449876785,0.018915141,0.052414116,0.9953568577766418,0.9597257971763611,0.013912013731896877,0.033871009945869446
664,0.0003520595319886607,0.0025540373753756285,0.018723609,0.050537486,0.9954504370689392,0.9625580906867981,0.01405547559261322,0.03274976462125778
665,0.0003528978876684877,0.0026021769735962152,0.018790394,0.05101154,0.9954178929328918,0.9618523716926575,0.013705636374652386,0.03308553621172905
666,0.0003450963109075515,0.002464714227244258,0.018488474,0.04964589,0.9955639839172363,0.9638675451278687,0.01369340531527996,0.03268081694841385
667,0.00032723971989153967,0.0025470098480582237,0.018105341,0.05046791,0.9957459568977356,0.9626611471176147,0.013484648428857327,0.03289183974266052
668,0.0003113213302144273,0.0026690324302762747,0.017665053,0.05166268,0.9959503412246704,0.9608722925186157,0.012941814959049225,0.033916328102350235
669,0.0003489349513653327,0.0027070539072155952,0.01869432,0.052029353,0.9954646229743958,0.960314929485321,0.014133070595562458,0.03377967327833176
670,0.0003499940801041455,0.002610505325719714,0.018674525,0.051093105,0.9954742789268494,0.9617303013801575,0.014011410996317863,0.032914984971284866
671,0.000295452641280876,0.002676893025636673,0.017144412,0.051738698,0.9961854815483093,0.9607570767402649,0.013000250793993473,0.034096572548151016
672,0.00030570207309210673,0.002449104329571128,0.017480675,0.049488425,0.9960343837738037,0.9640964269638062,0.013112656772136688,0.03194959834218025
673,0.00025363600632937795,0.0024422593414783478,0.01590419,0.049419224,0.9967174530029297,0.9641967415809631,0.012069848366081715,0.03275139629840851
674,0.00030001811815468085,0.0025294283404946327,0.01736656,0.050293423,0.9960860013961792,0.9629188776016235,0.013112686574459076,0.03228606656193733
675,0.0003073882054939697,0.002573442179709673,0.017466946,0.050729107,0.9960406422615051,0.9622736573219299,0.013032645918428898,0.033993180841207504
676,0.00030365577748108825,0.002550796838477254,0.017309252,0.050505415,0.9961118102073669,0.9626055955886841,0.012615203857421875,0.03237026184797287
677,0.0002823140120281923,0.002595689846202731,0.016680103,0.050947912,0.9963893294334412,0.961947500705719,0.012238994240760803,0.032921697944402695
678,0.00025811794065785676,0.002486333018168807,0.016050037,0.04986314,0.9966569542884827,0.9635506272315979,0.01212788000702858,0.03250274434685707
679,0.0003004308382514864,0.0022525773383677006,0.017347055,0.047461323,0.996094822883606,0.9669774770736694,0.012921453453600407,0.03138454258441925
680,0.0002508304380832917,0.0024363885167986155,0.015853742,0.049359787,0.9967381954193115,0.9642828106880188,0.011962752789258957,0.032116420567035675
681,0.00028413716923254964,0.0026115926448255777,0.016858213,0.051103745,0.9963117837905884,0.9617143273353577,0.012651501223444939,0.034224409610033035
682,0.0002869227570375766,0.002323930384591222,0.016967244,0.04820716,0.9962639212608337,0.9659314751625061,0.012921792455017567,0.03148142620921135
683,0.0002713058612161231,0.0025338521227240562,0.016413352,0.05033738,0.9965038895606995,0.9628540277481079,0.012466887943446636,0.032815124839544296
684,0.0003004609534400515,0.002462768228724599,0.017338881,0.049626287,0.9960984587669373,0.9638960957527161,0.012908012606203556,0.03201964870095253
685,0.00023492504128212616,0.0024329761508852243,0.015346359,0.04932521,0.9969436526298523,0.9643328189849854,0.011500008404254913,0.03246390074491501
686,0.00024259593721415678,0.002558351494371891,0.01558293,0.050580148,0.9968487024307251,0.9624948501586914,0.011642608791589737,0.03337522968649864
687,0.0002581330554676242,0.0022867079824209213,0.016078286,0.047819536,0.9966451525688171,0.96647709608078,0.012076747603714466,0.03145034238696098
688,0.0002744961391065524,0.0024060143623501062,0.016611336,0.04905114,0.9964190125465393,0.9647281169891357,0.012307120487093925,0.03163575753569603
689,0.00028288700096626684,0.0023399032652378082,0.016845863,0.048372548,0.9963172078132629,0.9656972885131836,0.01257333904504776,0.031614575535058975
690,0.00027826201271223414,0.002456282963976264,0.016656457,0.049560905,0.9963995814323425,0.9639911651611328,0.012360746040940285,0.03191424161195755
691,0.00031671710034557196,0.002886486239731312,0.017755222,0.05372603,0.9959088563919067,0.9576844573020935,0.013246315531432629,0.03472089767456055
692,0.00028410198534733024,0.0025600751396268606,0.016898904,0.050597187,0.9962939620018005,0.9624695777893066,0.012566262856125832,0.032981157302856445
693,0.0002600119174034758,0.0024175806902348995,0.016049733,0.0491689,0.9966570734977722,0.9645585417747498,0.012110607698559761,0.03316777944564819
694,0.00026354607292556796,0.0024467501789331436,0.016219212,0.049464636,0.9965860843658447,0.9641309380531311,0.012302501127123833,0.03150619938969612
695,0.0002757730412254618,0.002376654651015997,0.016604349,0.04875095,0.9964220523834229,0.9651585221290588,0.012325071729719639,0.03157154470682144
696,0.00027231293576981193,0.002505952725186944,0.016413461,0.050059494,0.9965038299560547,0.9632630348205566,0.012352857738733292,0.032227735966444016
697,0.00024320997049058363,0.00226496160030365,0.015563037,0.04759161,0.9968567490577698,0.9667959213256836,0.011642475612461567,0.030768467113375664
698,0.0002391476115338843,0.0024781525135040283,0.015433725,0.049781047,0.9969087839126587,0.963670551776886,0.011555329896509647,0.03137430548667908
699,0.0002466494902777909,0.0023014736361801624,0.015658744,0.047973674,0.996817946434021,0.9662606716156006,0.011682527139782906,0.03174145892262459
700,0.0002881673023115251,0.0025388773065060377,0.016965361,0.050387274,0.9962647557258606,0.9627803564071655,0.01273945439606905,0.03219107165932655
701,0.00021776316994377836,0.0024996085558086634,0.014736201,0.049996085,0.9971818327903748,0.9633560180664062,0.011189586482942104,0.03202636539936066
702,0.00022476078249217773,0.002467937534675002,0.014976517,0.04967834,0.9970892071723938,0.9638203382492065,0.01143901888281107,0.03161527216434479
703,0.00021774291367778048,0.0023417500779032707,0.014771601,0.048391633,0.9971683025360107,0.9656702280044556,0.011162014678120613,0.030838340520858765
704,0.00019448468546298417,0.0024274075403809547,0.013941311,0.049268726,0.9974777102470398,0.9644144773483276,0.010525884106755257,0.031352102756500244
705,0.0002560184783016501,0.0025361240841448307,0.016050471,0.050359946,0.9966567754745483,0.9628207087516785,0.011884773150086403,0.03230370953679085
706,0.0002091244651554999,0.0027486395556479692,0.014473297,0.05242747,0.9972814917564392,0.9597052335739136,0.010868259705603123,0.03417084366083145
707,0.00025492848495063794,0.0026023518294095993,0.01591224,0.05101325,0.9967141151428223,0.9618498086929321,0.012017492204904556,0.032850440591573715
708,0.00018473781859608027,0.0024123552720993757,0.01353862,0.049115732,0.9976212978363037,0.9646351337432861,0.010289021767675877,0.031489159911870956
709,0.00020379415681501004,0.002470130566507578,0.014218403,0.04970041,0.9973764419555664,0.9637881517410278,0.010755288414657116,0.03237080201506615
710,0.00021210777181708678,0.0026226150803267956,0.014559303,0.051211476,0.9972491264343262,0.9615527391433716,0.011092002503573895,0.03345417603850365
711,0.00023787537462670696,0.002584340050816536,0.015425059,0.050836403,0.9969122409820557,0.9621138572692871,0.01164052914828062,0.033467601984739304
712,0.00025635673757113347,0.0024609467945992947,0.015930649,0.049607933,0.996706485748291,0.9639227986335754,0.011937773786485195,0.03198467195034027
713,0.0002441468201471831,0.0026383078657090664,0.01564737,0.051364463,0.9968225955963135,0.9613227248191833,0.011836666613817215,0.032973647117614746
714,0.0003239333468214185,0.0024913635570555925,0.018024195,0.049913563,0.9957839846611023,0.9634768962860107,0.0135485315695405,0.03249731287360191
715,0.0002774340788495134,0.0028802582528442144,0.016589746,0.053668037,0.9964283108711243,0.9577757120132446,0.012534827925264835,0.03426016494631767
716,0.0002657241063636982,0.0026190755888819695,0.016336687,0.051176906,0.9965364933013916,0.961604654788971,0.012060740031301975,0.0331583134829998
717,0.00026232727461981335,0.0025839428417384624,0.016091414,0.0508325,0.9966396689414978,0.9621196985244751,0.01211689691990614,0.031808171421289444
718,0.0002135592955958352,0.0025807328056544065,0.014569817,0.050800916,0.9972451329231262,0.9621667265892029,0.011017999611794949,0.032487332820892334
719,0.00021221165992425415,0.0024527262430638075,0.014585059,0.049525008,0.997239351272583,0.9640433192253113,0.01097963284701109,0.03229247033596039
720,0.00019750573251671582,0.002582469256594777,0.01406378,0.050818004,0.9974331855773926,0.9621412754058838,0.010343567468225956,0.032300252467393875
721,0.00023165641786445948,0.0025686691515147686,0.015245577,0.050682038,0.9969836473464966,0.9623435735702515,0.0114371869713068,0.03283872455358505
722,0.000222166584122037,0.002483534626662731,0.01490209,0.049835075,0.9971180558204651,0.9635916948318481,0.011215160600841045,0.03220328688621521
723,0.0002791684620950202,0.002497689565643668,0.016681604,0.04997689,0.9963886737823486,0.9633841514587402,0.012670820578932762,0.03237583860754967
724,0.00026940063319422984,0.0025289200711995363,0.016454099,0.05028837,0.996486485004425,0.9629263281822205,0.012368477880954742,0.032376039773225784
725,0.00024528820424827495,0.002649243688210845,0.01570377,0.051470805,0.996799647808075,0.9611623883247375,0.011671376414597034,0.03311403840780258
726,0.00020954108648848805,0.0025382540188729763,0.0144564025,0.050381087,0.9972878694534302,0.9627894759178162,0.010878458619117737,0.032666392624378204
727,0.00020792038478909737,0.002520652487874031,0.0143551165,0.050206102,0.9973257184028625,0.9630475044250488,0.01070439163595438,0.03219805657863617
728,0.00019778541966595432,0.0026021506637334824,0.014089664,0.051011283,0.9974237084388733,0.9618527889251709,0.010564569383859634,0.03291291370987892
729,0.00024985169280129907,0.002715443726629019,0.015738653,0.052109923,0.9967854022979736,0.9601919054985046,0.011828646063804626,0.03294763341546059
730,0.00022267564583506265,0.002486735349521041,0.014892944,0.04986718,0.9971215724945068,0.9635447263717651,0.011178683489561081,0.03194578364491463
731,0.00021591184089298952,0.0026311760302633047,0.014702348,0.051294994,0.997194766998291,0.9614272713661194,0.010796512477099895,0.03261011466383934
732,0.00021821893791308287,0.0025459500029683113,0.014777408,0.050457407,0.997166097164154,0.9626766443252563,0.011059995740652084,0.03292601928114891
733,0.0002524875036959367,0.0025314216036349535,0.015941866,0.050313234,0.9967018365859985,0.9628896713256836,0.012039055116474628,0.032648324966430664
734,0.00022264534147159958,0.0025503067299723625,0.014906995,0.05050056,0.9971161484718323,0.9626128077507019,0.011080131866037846,0.032887548208236694
735,0.0002629332792077383,0.0025766119360923767,0.01620734,0.05076034,0.9965910911560059,0.9622271656990051,0.012157929129898548,0.03231581300497055
736,0.00021243817768250167,0.0028220564126968384,0.014509969,0.05312303,0.9972677230834961,0.9586289525032043,0.010913318023085594,0.03413262590765953
737,0.00020916410721838474,0.0025853889528661966,0.014465882,0.050846722,0.9972842931747437,0.9620984792709351,0.010925543494522572,0.0327819362282753
738,0.00019851297441742975,0.002426543040201068,0.014071793,0.049259953,0.9974302649497986,0.9644271731376648,0.010561713017523289,0.0321720689535141
739,0.00022022168096472424,0.002572305267676711,0.014890967,0.050717898,0.9971223473548889,0.9622902870178223,0.011340743862092495,0.03277691826224327
740,0.0001912163312557492,0.002606177469715476,0.01382202,0.051050738,0.9975206851959229,0.9617937207221985,0.010379983112215996,0.032771605998277664
741,0.00017034059948690066,0.002486449433490634,0.013061777,0.04986431,0.9977859258651733,0.9635489583015442,0.009938003495335579,0.032260797917842865
742,0.0002078393187151629,0.0025893021374940872,0.014371222,0.050885186,0.997319757938385,0.9620411396026611,0.010990053415298462,0.03280514478683472
743,0.000277342747060836,0.0025675855576992035,0.016662233,0.05067135,0.996397078037262,0.9623594880104065,0.012484976090490818,0.03339683637022972
744,0.0002606877136382867,0.00242771883495152,0.016126696,0.04927189,0.9966249465942383,0.9644099473953247,0.012150583788752556,0.03240881487727165
745,0.00021049782398304987,0.0026242188178002834,0.014497056,0.05122713,0.9972726106643677,0.9615292549133301,0.010938633233308792,0.033057257533073425
746,0.00023013905262235892,0.002597994403913617,0.015135244,0.050970525,0.9970271587371826,0.9619137048721313,0.011415991932153702,0.033033452928066254
747,0.00022447415937098083,0.002468280727043748,0.014941433,0.049681794,0.9971027970314026,0.9638152718544006,0.011239131912589073,0.03173279017210007
748,0.00021845763364002448,0.0025941948406398296,0.014680446,0.050933238,0.9972031712532043,0.9619693756103516,0.011095257475972176,0.03264028578996658
749,0.00020017551155020058,0.0022713318467140198,0.014131152,0.04765849,0.9974085092544556,0.9667025208473206,0.010862359777092934,0.03142392635345459
750,0.00020864676050471397,0.002489423379302025,0.014451446,0.04989412,0.9972897171974182,0.9635053277015686,0.010952605865895748,0.03245742991566658
751,0.00018677857257319954,0.0024875605013221502,0.013668297,0.049875453,0.9975755214691162,0.9635326266288757,0.010436713695526123,0.032472047954797745
752,0.0002049105923188935,0.0024821485858410597,0.014305816,0.04982117,0.9973440766334534,0.9636119604110718,0.010756069794297218,0.03236453980207443
753,0.00027509504434419796,0.0026326244696974754,0.016595544,0.05130911,0.9964258670806885,0.9614060521125793,0.01249627023935318,0.032887641340494156
754,0.00023263734328793362,0.0025861046742647886,0.0152310785,0.05085376,0.9969894289970398,0.9620879888534546,0.011473091319203377,0.03448466584086418
755,0.00024335221546194092,0.0026402028743177652,0.015539959,0.051382903,0.9968660473823547,0.961294949054718,0.011743559502065182,0.03237355127930641
756,0.00022811520797073501,0.0026221047155559063,0.015043655,0.051206492,0.9970630407333374,0.9615602493286133,0.01105035375803709,0.03278274089097977
757,0.00028501790802692994,0.002553527010604739,0.016904967,0.050532438,0.9962913393974304,0.9625656008720398,0.012308977544307709,0.032713863998651505
758,0.0002666554434902289,0.0024398635141551495,0.016350651,0.049394976,0.9965305328369141,0.9642318487167358,0.012229439802467823,0.03231072798371315
759,0.00020857367913281038,0.0025467013474553823,0.014359562,0.050464854,0.9973240494728088,0.9626656770706177,0.01098286546766758,0.03231023624539375
760,0.00019676224738676947,0.0024915419053286314,0.013901989,0.04991535,0.9974918961524963,0.9634742736816406,0.010534891858696938,0.03192710503935814
761,0.00021788902416698295,0.002494881162419915,0.014768347,0.049948785,0.997169554233551,0.96342533826828,0.01104174368083477,0.03175559267401695
762,0.000211049541328314,0.002405983628705144,0.014486858,0.04905083,0.9972764253616333,0.9647285342216492,0.010721709579229355,0.031589098274707794
763,0.00018958909673859705,0.0024932092055678368,0.013711786,0.049932048,0.9975600838661194,0.9634498357772827,0.010244457982480526,0.0329548642039299
764,0.00026697876389582893,0.002390664303675294,0.016387314,0.048894417,0.9965149760246277,0.9649531245231628,0.012365820817649364,0.032204803079366684
765,0.00021450912093066356,0.0025403075851500034,0.014654007,0.050401464,0.9972131848335266,0.9627593755722046,0.010945765301585197,0.03203931450843811
766,0.0001774447737261653,0.002509794430807233,0.013320567,0.05009785,0.9976972937583923,0.9632067084312439,0.010004253126680851,0.03196002170443535
767,0.0001956317494411699,0.0025257226079702377,0.013874968,0.050256565,0.9975016117095947,0.9629731774330139,0.010399313643574715,0.03240235894918442
768,0.0002246552539872937,0.002439937088638544,0.014777401,0.049395718,0.997166097164154,0.9642307758331299,0.011094201356172562,0.03219572827219963
769,0.000206413456577469,0.0024322092067450285,0.014316901,0.049317434,0.9973399639129639,0.9643440842628479,0.010781267657876015,0.03200297802686691
770,0.0002237249500467442,0.002542034722864628,0.014918754,0.050418593,0.9971116185188293,0.962734043598175,0.011247123591601849,0.032908715307712555
771,0.00025083649961743504,0.0025580197107046843,0.015720248,0.050576873,0.9967929124832153,0.962499737739563,0.011936026625335217,0.032469913363456726
772,0.00023903945640830153,0.002534810919314623,0.0153832,0.050346907,0.9969289898872375,0.9628399610519409,0.011793052777647972,0.032509736716747284
773,0.0002666071608969518,0.0025216536596417427,0.016293954,0.05021607,0.9965545535087585,0.9630328416824341,0.012254702858626842,0.03199202939867973
774,0.00021344671734947372,0.0025075809098780155,0.014630803,0.05007575,0.9972220063209534,0.9632391333580017,0.010892719030380249,0.03270033746957779
775,0.00022718963538698682,0.002381540136411786,0.014955548,0.048801027,0.9970973134040833,0.9650868773460388,0.011253376491367817,0.030917000025510788
776,0.0002186530446951193,0.0023871264420449734,0.014737141,0.04885823,0.9971814751625061,0.9650049805641174,0.01104083750396967,0.03181149810552597
777,0.00018567182831413282,0.002329126000404358,0.013572818,0.04826102,0.9976092576980591,0.9658553004264832,0.010231833904981613,0.031736794859170914
778,0.00021985270227146842,0.0025272835046052933,0.014739922,0.050272096,0.9971804618835449,0.9629502892494202,0.011273728683590889,0.03207576274871826
779,0.00024873366716995156,0.0026555631775408983,0.015734233,0.051532157,0.9967871904373169,0.9610697627067566,0.011795861646533012,0.03240258991718292
780,0.00021829212875507602,0.0024623742792755365,0.014638913,0.04962232,0.9972189664840698,0.9639018774032593,0.010994091629981995,0.03213423863053322
781,0.00023291366431459954,0.002351889619603753,0.015241632,0.048496284,0.9969852566719055,0.9655215740203857,0.011443031951785088,0.03163393959403038
782,0.00022896518930792809,0.002488038269802928,0.015079244,0.04988024,0.9970491528511047,0.963525652885437,0.011230419389903545,0.032254960387945175
783,0.00021296749103137037,0.0023117519449442625,0.014614752,0.048080683,0.9972281455993652,0.9661099910736084,0.011124055832624435,0.03126354143023491
784,0.00021648143460466102,0.0024344564881175756,0.01471029,0.049340215,0.9971917867660522,0.9643111228942871,0.011049211025238037,0.03194539621472359
785,0.00020259801054966044,0.0025136563926935196,0.014225091,0.050136376,0.9973739385604858,0.9631500840187073,0.010652866214513779,0.03273671492934227
786,0.00019102952699706128,0.0023711242247372866,0.013797607,0.048694193,0.9975294470787048,0.9652395844459534,0.010376186110079288,0.03127358853816986
787,0.00024778410443104804,0.002581105101853609,0.015718708,0.050804578,0.9967935681343079,0.9621613025665283,0.011855783872306347,0.0331287756562233
788,0.0002859721683886495,0.002539129229262471,0.01690201,0.050389774,0.9962925910949707,0.9627766609191895,0.012541046366095543,0.03257060423493385
789,0.0002285616640371948,0.002403311664238572,0.015100326,0.049023584,0.997040867805481,0.9647676944732666,0.011204753071069717,0.031377386301755905
790,0.0002000996973947622,0.0024511513765901327,0.0141396485,0.049509104,0.9974054098129272,0.9640663862228394,0.01065742876380682,0.032657939940690994
791,0.00022085430431285533,0.0023104220163077116,0.014844534,0.04806685,0.9971402883529663,0.96612948179245,0.011158984154462814,0.031363535672426224
792,0.00021301078099482268,0.0025224785786122084,0.014598566,0.05022428,0.9972342848777771,0.9630207419395447,0.011005360633134842,0.032920755445957184
793,0.00023184854812412098,0.0025097255129367113,0.015212539,0.05009716,0.9969967007637024,0.9632077217102051,0.011385097168385983,0.032019175589084625
794,0.00019794828073248607,0.0025612886529415846,0.014080182,0.050609175,0.9974271655082703,0.9624518156051636,0.010783124715089798,0.03183645009994507
795,0.00020204339671181515,0.0024460828863084316,0.014204163,0.04945789,0.9973816871643066,0.9641407132148743,0.010693926364183426,0.032045938074588776
796,0.00019800613584018058,0.0024348704610019922,0.01409499,0.049344406,0.9974218010902405,0.9643051028251648,0.010574182495474815,0.03208646923303604
797,0.00018497460669922557,0.0021417902316898108,0.013565537,0.04627948,0.9976118206977844,0.9686015844345093,0.010142292827367783,0.02997535467147827
798,0.00018910464859800413,0.0026193009689450264,0.013618578,0.051179107,0.997593104839325,0.9616013765335083,0.010236580856144428,0.03269963338971138
799,0.00023734773210228676,0.0024341267999261618,0.015274604,0.04933687,0.9969721436500549,0.9643160104751587,0.011327819898724556,0.03244304656982422
800,0.00022594173523512754,0.002345374086871743,0.015018898,0.04842906,0.997072696685791,0.9656170606613159,0.011149323545396328,0.03203020244836807
801,0.0002057483814662026,0.0023180311545729637,0.01436606,0.04814594,0.9973216652870178,0.9660179018974304,0.010563685558736324,0.031042270362377167
802,0.00020393531171562657,0.002410524757578969,0.014309275,0.049097095,0.9973427653312683,0.9646619558334351,0.010628312826156616,0.031842831522226334
803,0.00018435084381384183,0.0024478428531438112,0.013603044,0.04947568,0.9975985884666443,0.9641149044036865,0.010241556912660599,0.03287830203771591
804,0.000222611180850601,0.0024897411931306124,0.014836102,0.049897306,0.9971435070037842,0.9635006785392761,0.011190515011548996,0.031990114599466324
805,0.0002158035984559154,0.0023690147791057825,0.014670194,0.048672527,0.9972070455551147,0.9652705192565918,0.01081804558634758,0.03126499056816101
806,0.00020991010519951075,0.002394585171714425,0.014517628,0.048934497,0.9972648620605469,0.9648956656455994,0.010930708609521389,0.03256665915250778
807,0.0002595933421451429,0.0025291526690125465,0.016070189,0.05029068,0.9966485500335693,0.9629229307174683,0.012042650952935219,0.031709011644124985
808,0.00025463355930035255,0.0024997908622026443,0.01583357,0.049997907,0.9967465400695801,0.9633533358573914,0.011790313757956028,0.03262045606970787
809,0.00020821337768046016,0.002359380479902029,0.014393358,0.048573453,0.9973114728927612,0.9654117822647095,0.010881825350224972,0.03145952150225639
810,0.0002474403366002,0.0026115623768419027,0.015716301,0.051103447,0.9967945218086243,0.9617148041725159,0.0115171754732728,0.03377686068415642
811,0.00024715753401820126,0.0023785943631082773,0.015682181,0.048770837,0.9968084096908569,0.965130090713501,0.011745549738407135,0.032575372606515884
812,0.00021674501476809382,0.002523487899452448,0.014707281,0.05023433,0.997192919254303,0.9630059599876404,0.011228661984205246,0.032863061875104904
813,0.00020390642814825034,0.002290191128849983,0.014242785,0.04785594,0.9973674416542053,0.9664260745048523,0.010672369971871376,0.031144261360168457
814,0.0002609598714942959,0.002631746931001544,0.01611974,0.051300555,0.9966278672218323,0.961418867111206,0.011991498060524464,0.033757809549570084
815,0.0002669318557970903,0.002616184065118432,0.016301561,0.05114865,0.9965513348579407,0.9616470336914062,0.012273507192730904,0.033072106540203094
816,0.0002680569212481549,0.0023587795440107584,0.016318148,0.04856727,0.9965443015098572,0.9654205441474915,0.01215511653572321,0.0316479429602623
817,0.0002647248005483892,0.0023647674825042486,0.01617146,0.048628878,0.996606171131134,0.9653327465057373,0.012054294347763062,0.03210265934467316
818,0.0002824271630908532,0.0025685124564915895,0.01681357,0.05068049,0.9963313341140747,0.9623458981513977,0.012760181911289692,0.03310183435678482
819,0.00024417297655335545,0.002452934393659234,0.01550169,0.04952711,0.9968814849853516,0.9640402793884277,0.01164247002452612,0.03321404382586479
820,0.00022559728544861585,0.0024563190527260303,0.015015566,0.049561266,0.9970740079879761,0.9639906287193298,0.011427352204918861,0.03168778866529465
821,0.00020726043823577294,0.0024510107468813658,0.014402222,0.049507685,0.9973081350326538,0.9640684723854065,0.010769386775791645,0.031765811145305634
822,0.0001950807679598008,0.0025148496497422457,0.0139627345,0.05014828,0.9974699020385742,0.9631326198577881,0.010629113763570786,0.03228650987148285
823,0.0002115609227489172,0.0025271987542510033,0.014537515,0.05027125,0.9972573518753052,0.9629515409469604,0.010805933736264706,0.03211667388677597
824,0.00024407818339320576,0.0024107350036501884,0.015628625,0.049099233,0.9968301653862,0.9646589159965515,0.011552700772881508,0.032272789627313614
825,0.00023230134750271893,0.0026375558227300644,0.015175926,0.05135714,0.9970111846923828,0.9613337516784668,0.011405691504478455,0.03366290032863617
826,0.00022977448084433988,0.0023033113684505224,0.015116359,0.047992826,0.9970346093177795,0.9662337303161621,0.011537926271557808,0.030912170186638832
827,0.00021157419574923222,0.0026368764229118824,0.01452841,0.051350527,0.9972607493400574,0.9613437056541443,0.010983169078826904,0.032837048172950745
828,0.0002101681516664526,0.002367255510762334,0.014475672,0.04865445,0.9972805976867676,0.9652963280677795,0.010773386806249619,0.03185797482728958
829,0.0002400836813401177,0.0024931810330599546,0.015380742,0.049931765,0.996929943561554,0.9634502530097961,0.011246430687606335,0.03296662122011185
830,0.00023277182150526312,0.002424808219075203,0.015291409,0.049242344,0.9969655275344849,0.9644525647163391,0.01167673896998167,0.03158433362841606
831,0.0002217639828979207,0.002608729526400566,0.01488251,0.051075727,0.9971256256103516,0.9617563486099243,0.011224361136555672,0.03359761834144592
832,0.00023930582590930334,0.002440011827275157,0.01542981,0.049396478,0.9969103336334229,0.9642297029495239,0.01151234470307827,0.032466575503349304
833,0.0002289331731100736,0.0025483486242592335,0.015093313,0.05048117,0.9970436096191406,0.9626414775848389,0.01130912359803915,0.032738421112298965
834,0.00032214960050292905,0.0026362696662545204,0.017524358,0.05134462,0.9960145950317383,0.9613525867462158,0.012943532317876816,0.03439782187342644
835,0.0003450505424883555,0.0024372576735913754,0.018376712,0.04936859,0.9956174492835999,0.9642700552940369,0.013458031229674816,0.032005924731492996
836,0.00033573224738409573,0.0025745881721377373,0.018322343,0.0507404,0.9956433176994324,0.9622568488121033,0.013342954218387604,0.033943403512239456
837,0.0003110021994375116,0.002452110406011343,0.017670482,0.04951879,0.9959478378295898,0.9640523195266724,0.013129630126059055,0.03200875222682953
838,0.00024325078662844714,0.00256133871152997,0.015591201,0.05060967,0.9968453645706177,0.9624510407447815,0.01165361050516367,0.03269646689295769
839,0.00021317954154007813,0.002438244177028537,0.014605688,0.049378585,0.9972315430641174,0.9642556309700012,0.011013403534889221,0.03219417855143547
840,0.00026969259488396347,0.0024949926882982254,0.016410025,0.049949903,0.9965053200721741,0.9634236693382263,0.012117957696318626,0.03189975023269653
841,0.0002023966649589552,0.002531888196244836,0.0142269535,0.050317872,0.9973732829093933,0.9628828167915344,0.0108333183452487,0.03334735706448555
842,0.00023586764952845195,0.0024427338503301144,0.015392636,0.049424022,0.9969251751899719,0.9641898274421692,0.01140511967241764,0.031882405281066895
843,0.00019410022750062953,0.002462848089635372,0.013937592,0.04962709,0.9974790215492249,0.9638949036598206,0.010618245229125023,0.0320688895881176
844,0.00017264826568531464,0.002471636049449444,0.013158225,0.049715552,0.9977530837059021,0.9637660980224609,0.010018755681812763,0.03233526274561882
845,0.0001865033512083094,0.0025166852865368128,0.013576016,0.050166577,0.9976081252098083,0.9631056785583496,0.009968303143978119,0.03154127299785614
846,0.00017786795598856935,0.002342487219721079,0.013355948,0.048399247,0.9976850748062134,0.9656593799591064,0.010128434747457504,0.03114458918571472
847,0.00017156944357504307,0.002362542087212205,0.01308409,0.04860599,0.9977783560752869,0.9653654098510742,0.009876742959022522,0.03127404674887657
848,0.00015984293548337354,0.002464315155521035,0.012652796,0.049641874,0.9979223608970642,0.9638733863830566,0.0095851244404912,0.031766798347234726
849,0.00017745431912110442,0.002411605790257454,0.013285404,0.049108103,0.9977094531059265,0.9646461606025696,0.010122064501047134,0.03223556652665138
850,0.0001968711340768178,0.002329653361812234,0.01406925,0.048266485,0.9974311590194702,0.9658475518226624,0.010628278367221355,0.03118409588932991
851,0.00016408952466339213,0.002329910872504115,0.012847993,0.04826915,0.9978578090667725,0.9658437967300415,0.009811126627027988,0.031078049913048744
852,0.00018156141562609594,0.002521282294765115,0.0134717,0.05021237,0.9976447820663452,0.9630382657051086,0.010080338455736637,0.03192700445652008
853,0.00020589811571302232,0.0026125425938516855,0.014360943,0.05111304,0.9973235726356506,0.961700439453125,0.010901276022195816,0.03236826881766319
854,0.00020898397071339952,0.0025997317861765623,0.014470685,0.050987568,0.9972825050354004,0.9618881940841675,0.010901564732193947,0.0325128510594368
855,0.00020611935311039403,0.002599201863631606,0.0143446075,0.05098237,0.9973296523094177,0.9618960022926331,0.01073666661977768,0.03249767795205116
856,0.00016987450164213607,0.002710654167458415,0.012971227,0.052063942,0.9978165030479431,0.96026211977005,0.009795736521482468,0.03356761485338211
857,0.00016805399090199816,0.0025547801051288843,0.01291445,0.050544832,0.9978355765342712,0.9625471830368042,0.009749862365424633,0.032784994691610336
858,0.000171887232929955,0.0025750526692718267,0.013062144,0.05074498,0.9977858066558838,0.9622499942779541,0.00987514853477478,0.031795743852853775
859,0.000228732326914641,0.002655856776982546,0.015057051,0.051535007,0.9970577955245972,0.961065411567688,0.01096044760197401,0.033136434853076935
860,0.00018308306673795661,0.0025628253351897,0.0134817865,0.050624352,0.9976412057876587,0.9624292850494385,0.010214326903223991,0.03231308236718178
861,0.0001995243401324842,0.0023903411347419024,0.014085375,0.048891116,0.9974253177642822,0.9649578928947449,0.010746080428361893,0.03209694102406502
862,0.00020133099248844454,0.0024395945947617292,0.014133863,0.049392253,0.9974075555801392,0.9642358422279358,0.010614032857120037,0.031789280474185944
863,0.0001646636645256711,0.0025564180687069893,0.012821988,0.05056103,0.9978664517402649,0.9625232219696045,0.009776542894542217,0.03259512409567833
864,0.00019959867396127348,0.002423651050776243,0.01413797,0.049230594,0.997406005859375,0.9644695520401001,0.010718613862991333,0.03171625733375549
865,0.00015894332384711808,0.0026471137534826994,0.012622255,0.05145011,0.9979324340820312,0.9611936211585999,0.009623571299016476,0.032285142689943314
866,0.00021169316592435777,0.0026181847788393497,0.0141063165,0.051168203,0.9974176287651062,0.9616177082061768,0.010435457341372967,0.03256462514400482
867,0.00023067739014302126,0.002697484102100134,0.014960931,0.051937312,0.9970952272415161,0.9604551792144775,0.011038821190595627,0.033126216381788254
868,0.0002177322358792563,0.0026747691445052624,0.014762296,0.05171817,0.9971718788146973,0.9607881903648376,0.011234061792492867,0.03303221985697746
869,0.00018207060665273193,0.0025530343409627676,0.013443978,0.05052756,0.9976544380187988,0.9625728130340576,0.010121638886630535,0.03313165530562401
870,0.00018124909084607762,0.0025358102284371853,0.013419334,0.05035683,0.9976630210876465,0.9628252983093262,0.01001235656440258,0.03252065181732178
871,0.00017133653951036237,0.0022810371592640877,0.01307279,0.047760203,0.9977821707725525,0.9665602445602417,0.00995477195829153,0.03121042251586914
872,0.00017393020871994932,0.0024673333391547203,0.013128344,0.04967226,0.9977632761001587,0.9638291597366333,0.009920062497258186,0.03208604454994202
873,0.0001795680284637704,0.002594974357634783,0.013360016,0.05094089,0.9976836442947388,0.9619579911231995,0.010216315276920795,0.03327973559498787
874,0.00015321226535227404,0.00257420283742249,0.012380006,0.050736602,0.9980109930038452,0.9622625112533569,0.009404067881405354,0.033014293760061264
875,0.0001585471386947161,0.0025062491185963154,0.0125828395,0.050062455,0.9979453086853027,0.963258683681488,0.00941825658082962,0.031657230108976364
876,0.00022896717795943417,0.0025385404005646706,0.015108685,0.05038393,0.9970375895500183,0.9627853035926819,0.011271120049059391,0.03287189081311226
877,0.00021763846201462332,0.0025535617023706436,0.014668809,0.050532777,0.9972075819969177,0.9625650644302368,0.011059112846851349,0.032672036439180374
878,0.00023502531191545793,0.002507648430764675,0.0152182095,0.050076425,0.9969944953918457,0.9632381796836853,0.011040234938263893,0.03267604857683182
879,0.00021239426529394802,0.0026741139590740204,0.014465714,0.051711835,0.9972843527793884,0.9607977867126465,0.010636364109814167,0.03371932730078697
880,0.00021278698444472286,0.0026129346806555986,0.014567922,0.051116873,0.9972458481788635,0.9616946578025818,0.010856712237000465,0.032562803477048874
881,0.0002161378804223866,0.0025985126849263906,0.014639956,0.05097561,0.9972185492515564,0.9619060754776001,0.010943162254989147,0.0319419801235199
882,0.00020182628213660792,0.0025840054731816053,0.01419158,0.050833113,0.9973863363265991,0.9621187448501587,0.01066183764487505,0.03250684589147568
883,0.00019710006877589464,0.0024840363766998053,0.014049567,0.049840108,0.997438371181488,0.963584303855896,0.010587182827293873,0.03203771263360977
884,0.00023839890425072306,0.0027532409876585007,0.0153097,0.052471336,0.9969582557678223,0.9596378207206726,0.011431809514760971,0.03374746814370155
885,0.00019345942432251334,0.0024245427921414375,0.013923298,0.04923965,0.9974842071533203,0.9644564986228943,0.010607113130390644,0.031756091862916946
886,0.00016228233686309647,0.0025643925182521343,0.01273074,0.05063983,0.9978967308998108,0.9624062776565552,0.00964917242527008,0.031943079084157944
887,0.00016957145536170256,0.0024090211372822523,0.0129822325,0.049081784,0.997812807559967,0.964684009552002,0.0098890895023942,0.03174088895320892
888,0.00018275677972600204,0.0024608371313661337,0.013534798,0.049606826,0.9976226687431335,0.9639244079589844,0.010059031657874584,0.031742364168167114
889,0.00020661349580305713,0.0026450713630765676,0.014352059,0.051430255,0.9973268508911133,0.9612235426902771,0.010853503830730915,0.03324422612786293
890,0.00016598992012652823,0.0024698120541870594,0.0128939655,0.049697205,0.9978424310684204,0.9637928605079651,0.009847541339695454,0.0319330133497715
891,0.00016501484655732796,0.0026029644068330526,0.012859026,0.051019255,0.9978541135787964,0.9618408679962158,0.009721841663122177,0.03202523663640022
892,0.00017712075218283147,0.002683735452592373,0.013269215,0.05180478,0.9977149963378906,0.9606567621231079,0.009911720640957355,0.032800063490867615
893,0.0002119821014771746,0.0025105616077780724,0.014581974,0.050105505,0.9972405433654785,0.9631954431533813,0.010912485420703888,0.03205754607915878
894,0.00018359739029123872,0.0025478999596089125,0.01354935,0.050476726,0.9976175427436829,0.9626480937004089,0.010382216423749924,0.033004071563482285
895,0.0001694217191305308,0.0025067024398595095,0.013044302,0.050066978,0.9977918267250061,0.9632520079612732,0.009893271140754223,0.03273366019129753
896,0.00016752968671922147,0.0025343773886561394,0.012879714,0.0503426,0.9978471994400024,0.9628463387489319,0.009692450985312462,0.03202684968709946
897,0.00018076123722659594,0.0023663032334297895,0.013437317,0.048644666,0.9976567625999451,0.965310275554657,0.01003629993647337,0.032232560217380524
898,0.00024232655215944925,0.0025291594211012125,0.015528676,0.050290752,0.9968706369400024,0.9629228115081787,0.011134093627333641,0.03304411098361015
899,0.0002834374688311734,0.0026822849176824093,0.016806338,0.05179078,0.9963344931602478,0.960677981376648,0.011971024796366692,0.03253577649593353
900,0.00024939797929784453,0.0030161458998918533,0.015812075,0.05491945,0.9967553615570068,0.9557836651802063,0.01150591392070055,0.03495308384299278
901,0.00028731127531500533,0.0026069767773151398,0.01698614,0.05105856,0.99625563621521,0.9617820382118225,0.012433310970664024,0.03245307505130768
902,0.00022072469040391627,0.0024795737117528915,0.014843771,0.04979532,0.9971405863761902,0.9636497497558594,0.010805003345012665,0.03165638819336891
903,0.00020774331642314792,0.002786452416330576,0.014401714,0.05278686,0.9973083734512329,0.9591509103775024,0.010478670708835125,0.03273532912135124
904,0.00028638995718210936,0.0028436798602342606,0.016688254,0.053326163,0.9963858127593994,0.9583119750022888,0.012026268988847733,0.033293724060058594
905,0.00026180291156792504,0.002882890636101365,0.01617039,0.05369256,0.9966066479682922,0.957737147808075,0.011881977319717407,0.03487648442387581
906,0.0002811670776943422,0.0025480766780674458,0.01678411,0.050478477,0.9963441491127014,0.9626454710960388,0.012251351960003376,0.03252563253045082
907,0.000226333174478813,0.002496576402336359,0.015064704,0.049965754,0.9970548152923584,0.9634004831314087,0.011208310723304749,0.03327241167426109
908,0.00024064664202424782,0.0025811183732002974,0.015532224,0.050804712,0.9968692064285278,0.962161123752594,0.011747448705136776,0.032896630465984344
909,0.0002329422985150648,0.0026516460347920656,0.015281968,0.051494133,0.9969692230224609,0.9611271619796753,0.01153234951198101,0.033767443150281906
910,0.00020758744292172858,0.0028413389809429646,0.014320001,0.05330421,0.9973387718200684,0.9583463072776794,0.010859191417694092,0.033396027982234955
911,0.00026222015466456384,0.0027583111077547073,0.016103018,0.052519627,0.996634840965271,0.9595634937286377,0.012066930532455444,0.033350635319948196
912,0.0002374641718977893,0.0027044129092246294,0.015341956,0.05200397,0.9969454407691956,0.9603536128997803,0.011551312170922756,0.032889220863580704
913,0.00022574246527669445,0.0025429187808185816,0.015057896,0.050427362,0.9970574975013733,0.9627211093902588,0.011320240795612335,0.03314506262540817
914,0.00016790616593260148,0.0024567926302552223,0.012929996,0.049566045,0.997830331325531,0.9639837145805359,0.00970387551933527,0.03161964192986488
915,0.0001661145228850232,0.0025205465499311686,0.012857742,0.050205044,0.9978545308113098,0.963049054145813,0.009664474986493587,0.03224538266658783
916,0.00018930922967477025,0.0025345180183649063,0.013772398,0.050343998,0.9975384473800659,0.9628442525863647,0.010411802679300308,0.03279193118214607
917,0.00017933828811775047,0.0026718121953308582,0.013320349,0.051689576,0.9976973533630371,0.9608315229415894,0.00991113856434822,0.03368044272065163
918,0.00023623896281192586,0.0023556635715067387,0.015375641,0.04853518,0.9969319701194763,0.9654662609100342,0.011511574499309063,0.0309744942933321
919,0.0002263406177834523,0.0023323572240769863,0.015044461,0.048294485,0.9970627427101135,0.9658079147338867,0.011054069735109806,0.03175712004303932
920,0.0001797459940875838,0.00260046380572021,0.013339476,0.050994743,0.997690737247467,0.9618775248527527,0.009987316094338894,0.03287028521299362
921,0.00018329365246410651,0.0025357159320265055,0.01352887,0.050355893,0.9976246953010559,0.962826669216156,0.010264180600643158,0.032865963876247406
922,0.00019688245877411893,0.0025041408371180296,0.014022616,0.05004139,0.997448205947876,0.9632895588874817,0.01057145744562149,0.03193067014217377
923,0.0001769993210804056,0.0024675577878952026,0.013301867,0.049674522,0.9977037906646729,0.9638258814811707,0.010094821453094482,0.032202646136283875
924,0.00015803017429954542,0.002520133275538683,0.012578292,0.050200928,0.9979467988014221,0.9630551338195801,0.009529761970043182,0.032026320695877075
925,0.0002184429302525876,0.002496813889592886,0.014698881,0.049968127,0.9971961379051208,0.9633970260620117,0.01084273774176836,0.03289617598056793
926,0.00020050153861203316,0.0024650602135807276,0.01409439,0.049649373,0.9974219799041748,0.9638624787330627,0.010552200488746166,0.031494736671447754
927,0.00023279040099375627,0.002564973896369338,0.0150387045,0.050645567,0.9970649480819702,0.9623977541923523,0.01099544856697321,0.032369598746299744
928,0.00024810330267593434,0.0027706932742148638,0.015746376,0.052637376,0.9967822432518005,0.9593819379806519,0.011376430280506611,0.0336667038500309
929,0.0002766976031125523,0.002807233715429902,0.016624453,0.052983336,0.9964133501052856,0.9588462710380554,0.012287554331123829,0.03469586372375488
930,0.0002317700703067451,0.0025884644128382206,0.015084196,0.050876953,0.9970471858978271,0.9620534181594849,0.011298093944787979,0.03238300606608391
931,0.00020300946727564389,0.0025586048141121864,0.014196792,0.050582655,0.9973843693733215,0.9624911546707153,0.010882978327572346,0.03255033865571022
932,0.0001889887210960627,0.0027135417331010103,0.013754472,0.052091666,0.9975448250770569,0.9602198004722595,0.01019985694438219,0.03389805555343628
933,0.00017662491353059357,0.002659823279827833,0.013317288,0.051573474,0.9976984262466431,0.961007297039032,0.009995771571993828,0.03314743563532829
934,0.00014368332829855552,0.002552865305915475,0.011967679,0.05052589,0.9981412887573242,0.9625752568244934,0.009047580882906914,0.03259262070059776
935,0.00016195774184201252,0.0026431125588715076,0.012744488,0.05141121,0.9978921413421631,0.9612522721290588,0.009438391774892807,0.03229197487235069
936,0.00016255356008927762,0.002324705943465233,0.012714812,0.048215207,0.997901976108551,0.965920090675354,0.009428382851183414,0.031060531735420227
937,0.00020803974687375805,0.002509101526811719,0.01427198,0.050090935,0.9973565936088562,0.9632168412208557,0.010595121420919895,0.03206256404519081
938,0.000252964974523903,0.0026076037902384996,0.015884891,0.051064704,0.9967253804206848,0.9617727994918823,0.011991715990006924,0.03359467163681984
939,0.00025842524006624114,0.002637956291437149,0.015970554,0.051361043,0.9966899752616882,0.961327850818634,0.012136525474488735,0.03200770914554596
940,0.00021974710199918428,0.002633824944496155,0.014829966,0.051320802,0.9971458911895752,0.9613884091377258,0.01124477293342352,0.03265991434454918
941,0.00024764118081128055,0.00251606828533113,0.015605584,0.050160427,0.9968395233154297,0.9631147384643555,0.011727697215974331,0.03168157860636711
942,0.00020858623875855383,0.002410172251984477,0.014472448,0.049093507,0.9972818493843079,0.9646671414375305,0.010840749368071556,0.03154532238841057
943,0.00017859563972292975,0.002517366549000144,0.013286197,0.050173365,0.9977091550827026,0.9630956649780273,0.010082823224365711,0.03179400786757469
944,0.0002066503987986256,0.002540762536227703,0.014346431,0.050405975,0.9973289966583252,0.9627526998519897,0.010764745995402336,0.03204294294118881
945,0.00016575363141865554,0.0025203265249729156,0.012805508,0.050202858,0.9978719353675842,0.9630522727966309,0.009640486910939217,0.03289259225130081
946,0.00017659149175001815,0.00237548490986228,0.013285148,0.048738945,0.9977095127105713,0.9651756882667542,0.010115060955286026,0.0312701053917408
947,0.00017863572991865857,0.00260162353515625,0.013264665,0.051006112,0.9977166056632996,0.9618604779243469,0.00989074818789959,0.03312165290117264
948,0.0001712634052224034,0.002615021076053381,0.013051175,0.051137276,0.9977895021438599,0.961664080619812,0.00986294075846672,0.03201725333929062
949,0.00017301728075835854,0.0025020695757120848,0.013003121,0.050020695,0.9978057742118835,0.9633199572563171,0.010005390271544456,0.03180096670985222
950,0.0002198587026214227,0.0025666914880275726,0.014751653,0.050662525,0.997175931930542,0.9623726010322571,0.011075302958488464,0.03303394094109535
951,0.0001789472477288324,0.00250259879976511,0.013385466,0.050025985,0.997674822807312,0.9633121490478516,0.010068695992231369,0.03203895688056946
952,0.00021252826032154687,0.002614679979160428,0.014536438,0.051133946,0.9972577691078186,0.9616690874099731,0.010821917094290257,0.03357189521193504
953,0.00027325735870611175,0.0024968814104795456,0.016475447,0.049968805,0.9964773654937744,0.9633960127830505,0.012073028832674026,0.032583434134721756
954,0.00022685583363371816,0.0025408389046788216,0.015098748,0.050406735,0.9970414638519287,0.962751567363739,0.011519609950482845,0.03262175992131233
955,0.00019287578205959025,0.0024930061772465706,0.013868846,0.049930014,0.9975038170814514,0.9634528160095215,0.010240605100989342,0.03230541571974754
956,0.00016220898264278233,0.002642500214278698,0.012702124,0.05140526,0.9979061484336853,0.9612612724304199,0.009801071137189865,0.032688383013010025
957,0.00019451122021895242,0.0027871786151081324,0.01393181,0.052793738,0.997481107711792,0.9591403007507324,0.010594788007438183,0.03328525647521019
958,0.0001898228398534808,0.002499720547348261,0.013813457,0.049997203,0.9975237250328064,0.9633544087409973,0.010319569148123264,0.03192724287509918
959,0.00018911148138365454,0.0026267569046467543,0.0137295,0.051251896,0.9975537657737732,0.9614920616149902,0.010317648760974407,0.0337582565844059
960,0.0001738027028543663,0.0024924292229115963,0.013193107,0.049924236,0.997741162776947,0.9634612798690796,0.009897182695567608,0.0315568633377552
961,0.0001438447986650069,0.0024681375361979008,0.011979399,0.049680352,0.9981376528739929,0.9638173580169678,0.00904025323688984,0.0312902107834816
962,0.00015793910014591265,0.002417051000520587,0.012553952,0.049163513,0.9979547262191772,0.9645662903785706,0.009539159946143627,0.030825218185782433
963,0.00014196197100153023,0.0024178277235478163,0.011914367,0.04917141,0.998157799243927,0.9645549058914185,0.009043103083968163,0.0316445529460907
964,0.0001636422890772916,0.002541562542319298,0.012834107,0.050413914,0.9978623986244202,0.962740957736969,0.009674200788140297,0.031932685524225235
965,0.00013112580927554518,0.0025415620766580105,0.011405549,0.050413907,0.9983118176460266,0.9627410173416138,0.008599971421062946,0.03292993828654289
966,0.00015495842705025677,0.002625212073326111,0.012403967,0.051236823,0.9980033040046692,0.9615147113800049,0.009153662249445915,0.0322549007833004
967,0.0001620068542251829,0.002489285310730338,0.012672991,0.04989274,0.9979157447814941,0.963507354259491,0.009721974842250347,0.032187752425670624
968,0.00014716769047398967,0.0026286670472472906,0.012125976,0.05127053,0.9980918169021606,0.9614640474319458,0.009233440272510052,0.03261752426624298
969,0.00017077135139102623,0.0025137050542980433,0.0130287595,0.050136864,0.9977970719337463,0.96314936876297,0.00984825287014246,0.03160879388451576
970,0.00015881603956751695,0.0025050267577171326,0.012584762,0.050050244,0.9979446530342102,0.9632765650749207,0.009301028214395046,0.032289717346429825
971,0.00017266278717381118,0.0025115313474088907,0.013120549,0.05011518,0.9977659583091736,0.9631812572479248,0.009541524574160576,0.03181399405002594
972,0.00016496537070700222,0.002323406282812357,0.012795103,0.048201725,0.9978753924369812,0.9659391045570374,0.009755984880030155,0.03050041012465954
973,0.00014574132034216416,0.0024138556327670813,0.012048254,0.049131006,0.9981161952018738,0.964613139629364,0.009207484312355518,0.031963638961315155
974,0.0001646357556058898,0.0023403684608638287,0.012818772,0.048377357,0.9978675246238708,0.9656904935836792,0.0097268745303154,0.031224332749843597
975,0.00014482261361660096,0.0024674395099282265,0.012022695,0.04967333,0.9981241822242737,0.9638276100158691,0.009005041792988777,0.03126166760921478
976,0.00013431446330452508,0.002551937708631158,0.011557942,0.050516706,0.9982663989067078,0.962588906288147,0.008793730288743973,0.031696051359176636
977,0.0001584408644041766,0.002573964651674032,0.012535584,0.050734255,0.9979606866836548,0.9622659683227539,0.009492078796029091,0.032152753323316574
978,0.0001600271041917784,0.0023994995281100273,0.012671579,0.048984688,0.9979162216186523,0.9648236036300659,0.00956384465098381,0.03134937584400177
979,0.00014536072194459848,0.002372948219999671,0.012047592,0.048712917,0.9981163740158081,0.9652128219604492,0.009161095134913921,0.031678494065999985
980,0.0001368262085386298,0.002320611849427223,0.011714918,0.04817273,0.9982189536094666,0.9659801125526428,0.008820251561701298,0.031522125005722046
981,0.00013384116722260262,0.0024658904876559973,0.011566135,0.049657732,0.998263955116272,0.9638503193855286,0.008783582597970963,0.03212680295109749
982,0.00016512626594207674,0.0022428338415920734,0.012794738,0.047358565,0.9978755116462708,0.9671202898025513,0.009656189940869808,0.031004320830106735
983,0.00016628225917388178,0.002508532488718629,0.012872185,0.050085254,0.997849702835083,0.9632251858711243,0.009786059148609638,0.0317864753305912
984,0.0001574565807955382,0.002318687504157424,0.012585963,0.048152752,0.9979442954063416,0.9660083055496216,0.009541332721710205,0.030987203121185303
985,0.00015270968089515173,0.00276006106287241,0.012378269,0.052536286,0.998011589050293,0.9595378041267395,0.009157918393611908,0.03277110680937767
986,0.00015232627926955254,0.0026240600273013115,0.012341553,0.05122558,0.9980233311653137,0.9615315794944763,0.00928496103733778,0.033174436539411545
987,0.0002069438841400287,0.002367916516959667,0.014372923,0.04866124,0.9973191022872925,0.9652866125106812,0.010779283940792084,0.03139454498887062
988,0.00023827257775172421,0.0024680253118276596,0.015472626,0.049679223,0.9968931674957275,0.9638190269470215,0.011803630739450455,0.031884726136922836
989,0.0001660114318259399,0.0025633317418396473,0.012824369,0.050629355,0.9978656768798828,0.9624218344688416,0.009793102741241455,0.03239584341645241
990,0.00014643210306530818,0.002363950479775667,0.01210971,0.048620474,0.9980968832969666,0.9653447866439819,0.00941298808902502,0.031085798516869545
991,0.0001469466743318745,0.0024192039854824543,0.011962467,0.049185403,0.9981428980827332,0.9645347595214844,0.00909162126481533,0.031590305268764496
992,0.0001398684501261662,0.002536577172577381,0.011820013,0.050364442,0.9981868863105774,0.9628140926361084,0.008809518069028854,0.032298143953084946
993,0.00018853031162341887,0.0024291956797242165,0.013763467,0.049286872,0.997541606426239,0.9643882513046265,0.010305484756827354,0.030600344762206078
994,0.000177328487056498,0.0024655505549162626,0.013292976,0.049654312,0.9977068305015564,0.9638553261756897,0.009979676455259323,0.03179612010717392
995,0.00015372959486822683,0.0026760699693113565,0.012365269,0.051730745,0.9980157613754272,0.9607691168785095,0.00927262008190155,0.03287116065621376
996,0.00015770642461244609,0.002655274234712124,0.012498138,0.051529355,0.997972846031189,0.9610739946365356,0.009427061304450035,0.03215046226978302
997,0.00016184046663428572,0.0027944769244641066,0.012660252,0.052862816,0.9979199171066284,0.9590333104133606,0.009445500560104847,0.03339702636003494
998,0.0002111690476092256,0.0026559524703770876,0.014511307,0.05153593,0.9972672462463379,0.9610640406608582,0.010064012371003628,0.032700009644031525
999,0.00022248528826325625,0.0026459277141839266,0.014952968,0.05143858,0.9970983266830444,0.9612110257148743,0.010711127892136574,0.03299833461642265
1000,0.0002497882861379449,0.002477280329912901,0.01570814,0.049772285,0.9967978596687317,0.9636833667755127,0.011467909440398216,0.03193410113453865
1001,0.0002343930054022084,0.002603699453175068,0.015259863,0.05102646,0.9969779849052429,0.9618300795555115,0.01156400702893734,0.03325725346803665
1002,0.00020452416290275076,0.002694013062864542,0.014308058,0.05190388,0.9973432421684265,0.9605060815811157,0.010640998370945454,0.03224530443549156
1003,0.00022302858567193405,0.0027874342631548643,0.014968414,0.05279616,0.9970923662185669,0.9591365456581116,0.010805555619299412,0.03353605046868324
1004,0.00022973838647224264,0.0027450856287032366,0.015140523,0.052393567,0.9970250725746155,0.9597573280334473,0.011004881002008915,0.03254851698875427
1005,0.00027040915632493454,0.0026425716932862997,0.016509807,0.05140595,0.9964626431465149,0.961260199546814,0.012240001931786537,0.032296858727931976
1006,0.0002110252700566145,0.0028177346102893353,0.014513469,0.05308234,0.997266411781311,0.9586923122406006,0.01062916498631239,0.034301646053791046
1007,0.00028465049002658236,0.002851912286132574,0.01690528,0.0534033,0.9962911605834961,0.9581912755966187,0.012211182154715061,0.03425302356481552
1008,0.0002241152310902676,0.0027248745318502188,0.015015393,0.052200332,0.9970740675926208,0.9600536227226257,0.011175014078617096,0.03353329747915268
1009,0.00020252933873879638,0.0026408734265714884,0.014229981,0.05138943,0.9973721504211426,0.9612851142883301,0.010659439489245415,0.0334344319999218
1010,0.00020082935159073466,0.002683676313608885,0.014153591,0.051804215,0.9974002838134766,0.9606575965881348,0.010480205528438091,0.03249385952949524
1011,0.00019571028348185462,0.002750823739916086,0.014038717,0.0524483,0.9974423050880432,0.9596732258796692,0.01054578460752964,0.03325728327035904
1012,0.00018642070658229798,0.002598559483885765,0.01364532,0.050976068,0.9975836277008057,0.9619054198265076,0.010294314473867416,0.03270037844777107
1013,0.00017758834292180836,0.0024946017656475306,0.013305141,0.04994599,0.9977026581764221,0.9634294509887695,0.00990547426044941,0.031779274344444275
1014,0.00015458602270386606,0.0027219648472964764,0.012445197,0.052172452,0.9979900121688843,0.9600962996482849,0.009298495948314667,0.03453872352838516
1015,0.00020456449320508082,0.002478626323863864,0.014202876,0.049785808,0.9973821640014648,0.963663637638092,0.010917050763964653,0.031858645379543304
1016,0.0001697658348844429,0.0025097124744206667,0.01305915,0.05009703,0.997786819934845,0.9632079005241394,0.009906291030347347,0.03211134672164917
1017,0.00015374789687815462,0.00249945605173707,0.0123645,0.04999456,0.9980159997940063,0.9633582830429077,0.00939725711941719,0.03200982138514519
1018,0.000135674263385061,0.002392727416008711,0.011653746,0.048915513,0.9982375502586365,0.9649229049682617,0.008850318379700184,0.03156739100813866
1019,0.0001462189727383454,0.0024853732902556658,0.012101593,0.049853522,0.9980994462966919,0.9635646939277649,0.009144383482635021,0.032511331140995026
1020,0.0001766066310334612,0.002655038144439459,0.013246002,0.051527064,0.9977229833602905,0.9610774517059326,0.009799009189009666,0.03307371586561203
1021,0.00016469103138661012,0.0024576757568866014,0.012841841,0.049574953,0.9978598356246948,0.9639707803726196,0.009619197808206081,0.03108503669500351
1022,0.00014460671445704065,0.0025294709485024214,0.011977159,0.050293848,0.9981383681297302,0.962918221950531,0.009084138087928295,0.03163722902536392
1023,0.00019169618264475668,0.0027194402646273375,0.013853464,0.052148256,0.9975093603134155,0.9601333141326904,0.010493244975805283,0.033445943146944046
1024,0.00015491427984670736,0.0026620931457728148,0.012434352,0.05159548,0.997993528842926,0.9609740376472473,0.009336082264780998,0.032092705368995667
1025,0.00015765541948811997,0.00241584493778646,0.01251481,0.049151246,0.9979674816131592,0.9645839929580688,0.009364928118884563,0.03140280023217201
1026,0.00017913690945451063,0.0025980740319937468,0.013382876,0.050971307,0.9976757168769836,0.9619125127792358,0.010261012241244316,0.032517533749341965
1027,0.0001635864550321871,0.0024418383836746216,0.012815021,0.049414963,0.9978687763214111,0.9642029404640198,0.009777935221791267,0.03139299154281616
1028,0.00013964871025316162,0.0023950363975018263,0.011798276,0.048939113,0.9981935620307922,0.9648890495300293,0.008939526975154877,0.031655050814151764
1029,0.0001303378415865485,0.0024720041546970606,0.011337965,0.04971925,0.9983317255973816,0.9637606739997864,0.008638523519039154,0.03111134096980095
1030,0.00019269425055509518,0.00248619238846004,0.013949385,0.049861733,0.9974747896194458,0.963552713394165,0.010591115802526474,0.031665023416280746
1031,0.00014689050790779717,0.002502614166587591,0.012101588,0.050026134,0.9980994462966919,0.9633119702339172,0.00927415955811739,0.03213835507631302
1032,0.00013354003518047236,0.002574614016339183,0.011551351,0.050740656,0.9982683658599854,0.9622564315795898,0.008750313892960548,0.03286924958229065
1033,0.00017100387743663634,0.0026648647617548704,0.013062979,0.05162233,0.9977855086326599,0.9609333872795105,0.009460058063268661,0.03260531648993492
1034,0.00018703265232034028,0.0025136705953627825,0.01369348,0.050136518,0.9975665807723999,0.963149905204773,0.010285469703376293,0.03206583485007286
1035,0.00016486337335663848,0.0025977008044719696,0.012803014,0.050967645,0.9978727698326111,0.9619179964065552,0.00945335067808628,0.03198334947228432
1036,0.00017667746711099014,0.002394174225628376,0.013282103,0.0489303,0.9977105855941772,0.9649016857147217,0.009993946179747581,0.031600914895534515
1037,0.0002038640483409505,0.0025749164633452892,0.014310658,0.050743636,0.9973422884941101,0.9622520208358765,0.010675649158656597,0.03249112516641617
1038,0.00017348593279497106,0.0024276720359921455,0.012940809,0.049271412,0.9978267550468445,0.9644106030464172,0.009736147709190845,0.03138670697808266
1039,0.0002509489045637152,0.002589927986264229,0.015832014,0.050891336,0.9967471361160278,0.9620319604873657,0.011705558747053146,0.03372018039226532
1040,0.0002621170252413404,0.0024178363382816315,0.016218524,0.0491715,0.9965863823890686,0.9645547866821289,0.011857710778713226,0.03172120824456215
1041,0.00016771425163659097,0.0023538852110505104,0.012917558,0.048516855,0.9978345036506653,0.965492308139801,0.0097825201228261,0.031902141869068146
1042,0.00016698981331005186,0.002465925645083189,0.012914474,0.049658094,0.9978355765342712,0.9638497829437256,0.009815976023674011,0.03194960951805115
1043,0.00014793332560326564,0.0025339764542877674,0.01216806,0.05033862,0.9980785250663757,0.9628521800041199,0.00933136884123087,0.03178078681230545
1044,0.0002147871746274177,0.0024644494988024235,0.014630643,0.04964322,0.9972220659255981,0.9638714790344238,0.010894916951656342,0.0319669246673584
1045,0.00018655003309091129,0.0025566627737134695,0.013604848,0.05056345,0.9975979924201965,0.962519645690918,0.01004123780876398,0.03244221583008766
1046,0.0001628031561929013,0.0025194038171321154,0.012771786,0.050193664,0.997883141040802,0.9630658030509949,0.009686952456831932,0.03182556852698326
1047,0.00015989855323410168,0.0024123636540025473,0.0126113575,0.04911582,0.997935950756073,0.9646350145339966,0.009415368549525738,0.031689416617155075
1048,0.00014249065431861462,0.0024278461933135986,0.011882815,0.04927318,0.9981675744056702,0.9644080400466919,0.008937002159655094,0.03154616430401802
1049,0.00017932031815607016,0.0025246799923479557,0.013396109,0.050246194,0.9976711273193359,0.9629884958267212,0.01008371077477932,0.032407455146312714
1050,0.00016201277619323017,0.0026209696661680937,0.012717945,0.05119541,0.9979009628295898,0.9615768790245056,0.009569541551172733,0.032474976032972336
1051,0.00013450461549589156,0.002477418165653944,0.0115656415,0.04977367,0.9982640743255615,0.9636813402175903,0.008772573433816433,0.0319061242043972
1052,0.00017827424017013982,0.0024800854735076427,0.013386522,0.049800456,0.9976744651794434,0.9636422395706177,0.010141124948859215,0.03225446492433548
1053,0.00013771357738402332,0.002525754040107131,0.01168001,0.050256882,0.9982295632362366,0.9629727602005005,0.008937487378716469,0.03218286857008934
1054,0.00014526965407474728,0.00255865347571671,0.011983202,0.050583135,0.9981364607810974,0.962490439414978,0.00889124721288681,0.032443951815366745
1055,0.00015500718191932802,0.002412305446341634,0.012430581,0.04911523,0.9979947209358215,0.9646358489990234,0.009520754218101501,0.031695395708084106
1056,0.0001739404188728341,0.002568923868238926,0.013195578,0.050684553,0.9977403283119202,0.9623398780822754,0.009985570795834064,0.032260358333587646
1057,0.00016644043452370997,0.002467511687427759,0.012936527,0.049674053,0.9978281855583191,0.9638265371322632,0.009772755205631256,0.031710606068372726
1058,0.00014438099672340533,0.002460067393258214,0.01194478,0.049599066,0.9981483817100525,0.9639356732368469,0.009172243997454643,0.03213605284690857
1059,0.00015221674501927654,0.0023271942045539618,0.012309257,0.048241,0.9980337023735046,0.9658836126327515,0.009406953118741512,0.03098030388355255
1060,0.00013368323892460796,0.0023839613422751427,0.011489621,0.04882583,0.9982868432998657,0.9650514125823975,0.00872254278510809,0.030891073867678642
1061,0.0001390618457331915,0.0024238687474280596,0.011819183,0.0492328,0.9981871247291565,0.9644663333892822,0.00886899046599865,0.03250036761164665
1062,0.0001495164664943745,0.002500710776075721,0.0122536635,0.05000711,0.9980514049530029,0.9633398652076721,0.009254944510757923,0.03181762248277664
1063,0.00013171812249559233,0.002310879062861204,0.011401011,0.048071604,0.9983131289482117,0.9661227464675903,0.008595043793320656,0.030814150348305702
1064,0.00012002568010674705,0.002386416308581829,0.01095879,0.04885096,0.9984414577484131,0.9650154113769531,0.008376824669539928,0.031382907181978226
1065,0.00015355329180072823,0.0023591150529682636,0.0124188075,0.048570726,0.9979985356330872,0.9654156565666199,0.009308111853897572,0.031180063262581825
1066,0.00013394716205022468,0.0024302112869918346,0.011497606,0.049297173,0.9982844591140747,0.9643733501434326,0.008740236982703209,0.03154708817601204
1067,0.00012682035627552648,0.002454412868246436,0.011260913,0.04954203,0.9983543753623962,0.9640185832977295,0.00861872173845768,0.03157859668135643
1068,0.0001396868402397641,0.0025622809771448374,0.011736965,0.05061898,0.9982122778892517,0.9624372720718384,0.00891561433672905,0.03327975049614906
1069,0.00013666519358098,0.002440677024424076,0.011701697,0.04940321,0.9982230067253113,0.9642199277877808,0.00890433881431818,0.03123035468161106
1070,0.00014289685780320062,0.0023824197705835104,0.011896209,0.04881004,0.9981634020805359,0.9650740027427673,0.009032202884554863,0.030949782580137253
1071,0.00013776436885977588,0.002500729402527213,0.011674891,0.050007295,0.9982311129570007,0.9633395671844482,0.009010984562337399,0.03184683248400688
1072,0.00014838545526303775,0.0024261779617518187,0.012151988,0.049256247,0.9980835914611816,0.9644325375556946,0.009246684610843658,0.03176651895046234
1073,0.00012461155975787815,0.0025296208914369345,0.011114401,0.050295338,0.9983968734741211,0.9629160165786743,0.008471829816699028,0.032790519297122955
1074,0.0001338566683195743,0.0023939348757267,0.011523951,0.048927855,0.9982765913009644,0.9649052023887634,0.008807636797428131,0.030979178845882416
1075,0.00016370657183208758,0.0025104901287704706,0.012817315,0.050104793,0.997868001461029,0.9631965160369873,0.009812571108341217,0.0319037102162838
1076,0.00013492610080654478,0.002526679541915655,0.011643208,0.050266083,0.9982407093048096,0.9629591703414917,0.00895779486745596,0.031649187207221985
1077,0.00012976796179745261,0.002469025319442153,0.011388395,0.04968929,0.9983168840408325,0.9638043642044067,0.008673426695168018,0.03260625898838043
1078,0.00013752375393365085,0.0024339668452739716,0.011757829,0.04933525,0.9982059001922607,0.9643183350563049,0.008979742415249348,0.031884241849184036
1079,0.00016836540288006125,0.0026271408423781395,0.012990634,0.051255643,0.9978099465370178,0.9614863991737366,0.009922049939632416,0.03335743397474289
1080,0.00014835225936787373,0.0024031095672398806,0.0122035835,0.04902152,0.998067319393158,0.9647706747055054,0.009181910194456577,0.03122614696621895
1081,0.00015435856469345956,0.002331662457436323,0.012411581,0.048287295,0.9980008602142334,0.9658181071281433,0.009298069402575493,0.03093540482223034
1082,0.00013381501974601468,0.002482606330886483,0.0115336515,0.04982576,0.9982736706733704,0.9636052846908569,0.008714287541806698,0.03232784569263458
1083,0.0001402368784924461,0.002403635997325182,0.011821456,0.04902689,0.9981864094734192,0.9647629857063293,0.008861059322953224,0.03103286772966385
1084,0.00014234546043470883,0.0025170098524540663,0.011948875,0.050169807,0.9981471300125122,0.9631009101867676,0.009011849761009216,0.03273811936378479
1085,0.00015895930218076418,0.002450543222948909,0.012617289,0.049502958,0.9979340434074402,0.9640753269195557,0.00948732066899538,0.031228933483362198
1086,0.00012988988766499625,0.0025759085547178984,0.011363042,0.05075341,0.9983243346214294,0.9622374773025513,0.00867064855992794,0.03239702805876732
1087,0.0001350610145891551,0.002399677410721779,0.011575582,0.048986506,0.9982610940933228,0.9648209810256958,0.008696992881596088,0.03129502013325691
1088,0.0001451596326660365,0.0025837086141109467,0.012028516,0.050830193,0.9981223344802856,0.9621231555938721,0.009112512692809105,0.032725073397159576
1089,0.00014566819663741626,0.002506930846720934,0.012033472,0.05006926,0.9981207847595215,0.9632486701011658,0.008897143416106701,0.0317133367061615
1090,0.0001929170744419521,0.002642798935994506,0.013903048,0.051408164,0.9974915385246277,0.9612568616867065,0.010364932008087635,0.03326911851763725
1091,0.0002456555418823634,0.0024707585107535124,0.015596047,0.049706727,0.9968433976173401,0.9637789726257324,0.011632965877652168,0.0316915288567543
1092,0.0001866916195881045,0.0025412472896277905,0.01366883,0.05041079,0.9975753426551819,0.9627456068992615,0.010197069495916367,0.03362134099006653
1093,0.0002089555276721843,0.0024929821956902742,0.014329116,0.04992977,0.9973354339599609,0.9634531736373901,0.010704032145440578,0.031595002859830856
1094,0.00019080735695421356,0.0025263773277401924,0.013773522,0.05026308,0.9975380301475525,0.9629635810852051,0.010334387421607971,0.03226717934012413
1095,0.00015846580671760339,0.0024571663234382868,0.012569802,0.04956981,0.9979495406150818,0.9639782309532166,0.00965913850814104,0.03256281465291977
1096,0.000182400705935751,0.0025455495342612267,0.013513726,0.050453436,0.9976300597190857,0.9626825451850891,0.010164679028093815,0.03244505822658539
1097,0.00016268076234899291,0.0026355881709605455,0.0127267,0.05133798,0.9978980422019958,0.9613626003265381,0.00955329742282629,0.0332643985748291
1098,0.00015836294220538218,0.0025676521472632885,0.012387158,0.050672006,0.9980087280273438,0.9623585343360901,0.00921041052788496,0.032135557383298874
1099,0.0002107101354340557,0.0024597870651632547,0.014532871,0.049596243,0.9972590804100037,0.9639397859573364,0.01013252791017294,0.03288252279162407
1100,0.00023579137434188107,0.0027117866557091475,0.015319445,0.05207482,0.9969543814659119,0.9602454900741577,0.011025589890778065,0.033386874943971634
1101,0.0002891978477815759,0.0027474951930344105,0.016830033,0.052416556,0.9963241219520569,0.9597220420837402,0.011936098337173462,0.033700693398714066
1102,0.00027878844279753554,0.002728924620896578,0.016760062,0.05223911,0.9963546395301819,0.9599942564964294,0.011953538283705711,0.033399928361177444
1103,0.0001860667028019882,0.002576216822490096,0.0136773335,0.050756447,0.9975723028182983,0.9622329473495483,0.01002469751983881,0.03288010507822037
1104,0.00017196037317097017,0.00258525088429451,0.013086024,0.050845362,0.9977777004241943,0.9621005058288574,0.009828533045947552,0.032347578555345535
1105,0.00016236208235072397,0.002529452322050929,0.01273382,0.05029366,0.9978957176208496,0.9629185199737549,0.009690389037132263,0.03228871151804924
1106,0.0001799270493475805,0.002462483011186123,0.013380708,0.049623415,0.9976764917373657,0.9639002680778503,0.01016771700233221,0.031863924115896225
1107,0.0001734459160202691,0.002596036298200488,0.013154635,0.050951317,0.9977543354034424,0.9619423747062683,0.009907395578920841,0.03272334113717079
1108,0.00014032009891128507,0.002662348560988903,0.0118200015,0.051597953,0.9981868863105774,0.9609702825546265,0.008812516927719116,0.03238397836685181
1109,0.00014502520075025544,0.0024289791472256184,0.012035111,0.049284674,0.9981203079223633,0.9643914699554443,0.009144376032054424,0.031856466084718704
1110,0.00016553542941851035,0.002532397862523794,0.0127424225,0.050322935,0.9978928565979004,0.9628753662109375,0.009701208211481571,0.032183557748794556
1111,0.00017091715761291033,0.002646876499056816,0.012931539,0.051447805,0.9978298544883728,0.9611970782279968,0.009721178561449051,0.0327053964138031
1112,0.00017034546346456574,0.00253531476482749,0.013071969,0.05035191,0.9977824687957764,0.9628325700759888,0.009780618362128735,0.03175188973546028
1113,0.00014330844351206906,0.0025680114049464464,0.011891907,0.050675552,0.9981647729873657,0.9623532295227051,0.008837946690618992,0.03222073242068291
1114,0.00015270636868081056,0.0025285838637501,0.012340527,0.050285026,0.9980236887931824,0.9629312753677368,0.009495701640844345,0.03141167014837265
1115,0.00018954030085958286,0.0026179589331150055,0.013633482,0.051165998,0.9975878596305847,0.9616210460662842,0.010214637033641338,0.032414019107818604
1116,0.00024321487779326907,0.0025319568812847137,0.015577152,0.05031855,0.9968510270118713,0.9628818035125732,0.011539152823388577,0.032093990594148636
1117,0.00015525057725343768,0.0024356930516660213,0.012459956,0.049352735,0.9979852437973022,0.9642930030822754,0.009262421168386936,0.03139655292034149
1118,0.00012872027218691073,0.002525817835703492,0.011282314,0.05025752,0.99834805727005,0.9629718065261841,0.008514183573424816,0.03229232877492905
1119,0.0001461435071674218,0.002567772753536701,0.012084297,0.050673198,0.9981048703193665,0.9623567461967468,0.009195022284984589,0.0325729064643383
1120,0.0001250796181424944,0.0023268270306289196,0.011200766,0.048237197,0.9983718991279602,0.9658889770507812,0.008453099057078362,0.03148038312792778
1121,0.00013887183178501965,0.0024252571165561676,0.011753879,0.049246904,0.9982070922851562,0.9644460082054138,0.009042260237038136,0.031662676483392715
1122,0.00016366471787808803,0.0025889906100928783,0.012734617,0.050882123,0.9978954195976257,0.9620456695556641,0.009775162674486637,0.032987330108881
1123,0.00014399576387156478,0.0025130652356892824,0.012027225,0.050130486,0.9981227517127991,0.9631587266921997,0.009092496708035469,0.032421212643384933
1124,0.00012543438060674816,0.0024484407622367144,0.011196089,0.049481723,0.9983732104301453,0.9641061425209045,0.00852972548455,0.03153160586953163
1125,0.00013966245685217225,0.0024863448925316334,0.011854263,0.049863264,0.9981763362884521,0.9635504484176636,0.009022917598485947,0.03205200657248497
1126,0.00013925251914770342,0.0025905007496476173,0.011779574,0.05089696,0.9981992840766907,0.9620235562324524,0.008992844261229038,0.03284347802400589
1127,0.000141650278899099,0.002502985531464219,0.011840028,0.050029848,0.9981807470321655,0.9633065462112427,0.0090045016258955,0.03161441907286644
1128,0.0001469720085548364,0.0025124785024672747,0.012098681,0.05012463,0.9981003999710083,0.9631673693656921,0.009289996698498726,0.032393816858530045
1129,0.00017625777367026205,0.002617588499560952,0.013290499,0.051162373,0.9977076649665833,0.9616264700889587,0.010048191994428635,0.032500848174095154
1130,0.0001187374476682056,0.002336187520995736,0.0108855385,0.048334125,0.9984622597694397,0.9657517671585083,0.008342721499502659,0.03139457479119301
1131,0.00014030174663110466,0.0025897687301039696,0.011825528,0.05088977,0.9981851577758789,0.962034285068512,0.00878098327666521,0.032160598784685135
1132,0.00014890488422348756,0.0025040784385055304,0.012183747,0.050040767,0.9980735778808594,0.9632905125617981,0.009137495420873165,0.03201144188642502
1133,0.00014294573603282598,0.0025903682690113783,0.011917415,0.05089566,0.9981568455696106,0.96202552318573,0.008938899263739586,0.03348984569311142
1134,0.00013501560599913566,0.002492222934961319,0.011625709,0.04992217,0.9982460141181946,0.9634643197059631,0.008926495909690857,0.0316629596054554
1135,0.00013242655801480976,0.0024561206810176373,0.011495757,0.04955927,0.9982849955558777,0.9639935493469238,0.008771940134465694,0.03187841549515724
1136,0.00015351555835381575,0.0025516836903989315,0.012397892,0.05051419,0.9980052709579468,0.962592601776123,0.00939781591296196,0.03201436623930931
1137,0.00011943295414146797,0.002606707625091076,0.010951541,0.051055927,0.9984435439109802,0.9617859721183777,0.008337173610925674,0.03223817050457001
1138,0.00012686974216855808,0.0025534385349601507,0.011246198,0.05053156,0.9983586668968201,0.9625668525695801,0.00859342236071825,0.03191986680030823
1139,0.0001391216293003791,0.0026520341634750366,0.011825002,0.051497906,0.9981853365898132,0.9611214995384216,0.008913334459066391,0.033203668892383575
1140,0.0001575634355090601,0.002535420935600996,0.012515113,0.050352965,0.9979673624038696,0.9628310203552246,0.009474551305174828,0.03167207911610603
1141,0.00012267901911400259,0.002566602313891053,0.011032884,0.050661646,0.9984202980995178,0.9623739123344421,0.008330732583999634,0.03183561936020851
1142,0.00013941924010974947,0.0025550115387886763,0.011769692,0.050547123,0.9982022643089294,0.9625438451766968,0.008805847726762295,0.031622447073459625
1143,0.0001253007943556771,0.0024784449487924576,0.011197904,0.049783986,0.9983727335929871,0.9636662602424622,0.008447953499853611,0.032264675945043564
1144,0.00013594725433821705,0.0024181720800697803,0.011659719,0.049174912,0.9982357025146484,0.9645498991012573,0.008737659081816673,0.032010938972234726
1145,0.0001666905647487676,0.002378487726673484,0.012944569,0.048769746,0.9978254437446594,0.9651316404342651,0.009590343572199345,0.03162403777241707
1146,0.00014210965012104927,0.0026337471790611744,0.011868241,0.051320046,0.9981720447540283,0.9613895416259766,0.008924431167542934,0.033407703042030334
1147,0.00014278762914314442,0.00259693106636405,0.011927544,0.050960094,0.9981537461280823,0.9619292616844177,0.009078003466129303,0.03218579664826393
1148,0.00013359030907105824,0.0026967390440404415,0.011546786,0.051930137,0.9982697367668152,0.9604660868644714,0.008807147853076458,0.033612318336963654
1149,0.000151608954845208,0.0025995175819844007,0.012338424,0.050985467,0.9980243444442749,0.9618913531303406,0.009209706448018551,0.03315458074212074
1150,0.00013710857489389707,0.0025869079399853945,0.011664192,0.050861657,0.9982343912124634,0.9620762467384338,0.008809084072709084,0.03178870677947998
1151,0.0001771213018483567,0.0027427247259765863,0.013055049,0.05237103,0.9977881908416748,0.9597919583320618,0.008920310996472836,0.03238064795732498
1152,0.00020244954694962044,0.0026656356640160084,0.014204854,0.051629793,0.9973814487457275,0.9609220623970032,0.010266133584082127,0.033720746636390686
1153,0.0001708863168129359,0.0025564800016582012,0.013066945,0.050561648,0.9977841377258301,0.9625222682952881,0.009578951634466648,0.032673247158527374
1154,0.0001503908024460543,0.002539047272875905,0.012269319,0.050388962,0.9980463981628418,0.962777853012085,0.009204642847180367,0.032445937395095825
1155,0.0001513840844299094,0.0026732836849987507,0.012298827,0.051703807,0.9980369806289673,0.9608099460601807,0.00913206022232771,0.032764825969934464
1156,0.0001527943204564508,0.0024271798320114613,0.012279024,0.04926642,0.9980432987213135,0.9644178152084351,0.00930111389607191,0.03178000822663307
1157,0.0001603117723954545,0.0026048284489661455,0.012640259,0.051037524,0.9979265332221985,0.9618135094642639,0.009376034140586853,0.03291492164134979
1158,0.0001505957522815813,0.002438006456941366,0.012296651,0.049376175,0.9980376958847046,0.9642590880393982,0.009322180412709713,0.031511422246694565
1159,0.00014235098768205552,0.002355612814426422,0.0119281765,0.048534654,0.998153567314148,0.9654669761657715,0.008956948295235634,0.03171110525727272
1160,0.00012412590645412408,0.0023884098045527935,0.011128498,0.04887136,0.9983928203582764,0.9649862051010132,0.008292753249406815,0.03165833279490471
1161,0.00020430140912966718,0.0025589431170374155,0.014162681,0.050585996,0.9973969459533691,0.962486207485199,0.010538611561059952,0.03302963823080063
1162,0.00016202233349428173,0.002310182899236679,0.012742815,0.048064366,0.9978927373886108,0.9661329984664917,0.009573055431246758,0.031159447506070137
1163,0.0001538956381740387,0.0024813131894916296,0.012367472,0.049812786,0.9980150461196899,0.9636242389678955,0.009426976554095745,0.032652586698532104
1164,0.00016756484712294133,0.0024779834784567356,0.012937548,0.04977935,0.9978278279304504,0.9636730551719666,0.009410170838236809,0.031828783452510834
1165,0.0001516147422080394,0.002319975523278117,0.01217061,0.048166126,0.9980777502059937,0.9659894108772278,0.009281281381845474,0.031689271330833435
1166,0.0001288614581757098,0.0024976376444101334,0.0112763215,0.049976375,0.9983498454093933,0.9633849263191223,0.008484763093292713,0.03250665217638016
1167,0.0001358928906980013,0.002337539568543434,0.0116525665,0.04834811,0.9982379078865051,0.9657319188117981,0.008844403550028801,0.0315324068069458
1168,0.0001365131915504621,0.002520703710615635,0.011628701,0.050206613,0.998245120048523,0.9630467891693115,0.008806743659079075,0.032767556607723236
1169,0.00012279140124023385,0.0023149072658270597,0.011092108,0.048113484,0.9984033107757568,0.9660637378692627,0.00839134119451046,0.030760182067751884
1170,0.00011413009666615504,0.0023847485426813364,0.010593271,0.048833888,0.9985436797142029,0.965039849281311,0.007992226630449295,0.031193945556879044
1171,0.00012578177054158667,0.0022748622577637434,0.011120176,0.047695518,0.9983952045440674,0.9666507840156555,0.008369152434170246,0.030477197840809822
1172,0.00013091228736977263,0.002461420139297843,0.011459369,0.0496127,0.9982958436012268,0.9639158844947815,0.008767581544816494,0.03186576068401337
1173,0.00014933977449386887,0.0027585860807448626,0.012160977,0.052522246,0.9980807900428772,0.959559440612793,0.009229432791471481,0.034731607884168625
1174,0.00019309167824262246,0.0025162817910313606,0.013840579,0.050162554,0.997514009475708,0.9631115794181824,0.010279751382768154,0.03199968859553337
1175,0.00013135000931056723,0.0024302974343299866,0.011484288,0.049298048,0.9982883930206299,0.9643720984458923,0.008708851411938667,0.03168294578790665
1176,0.00010358132236764173,0.0024197925813496113,0.010188777,0.04919139,0.9986528158187866,0.9645261168479919,0.00779664097353816,0.0317642018198967
1177,0.00012375871930006807,0.0024077279958873987,0.011125177,0.049068604,0.9983937740325928,0.9647029638290405,0.008604951202869415,0.03146137297153473
1178,0.00012548071489701132,0.002550519537180662,0.011202021,0.05050267,0.9983715415000916,0.9626096487045288,0.008564353920519352,0.03255040571093559
1179,0.00011821836299284108,0.0024934308603405952,0.010843588,0.049934264,0.9984740614891052,0.9634466171264648,0.00826270692050457,0.03171999379992485
1180,0.00014282001145395705,0.002568277530372143,0.01195919,0.050678175,0.9981439113616943,0.9623493552207947,0.009244252927601337,0.03279300779104233
1181,0.0001255553235585632,0.0026344393845647573,0.011163778,0.05132679,0.9983826279640198,0.9613794088363647,0.008531658910214901,0.0330425463616848
1182,0.00012472515994555909,0.0024607039522379637,0.011129658,0.04960548,0.9983924627304077,0.963926374912262,0.008359666913747787,0.03160043805837631
1183,0.00013954038414257494,0.002405434148386121,0.01180517,0.049045224,0.9981914162635803,0.9647365808486938,0.009106445126235485,0.031107714399695396
1184,0.0001217025793183976,0.0025373499374836683,0.011045977,0.050372116,0.998416543006897,0.9628027677536011,0.008319860324263573,0.03216933086514473
1185,0.0001118846074942584,0.0024243653751909733,0.010535861,0.049237844,0.9985594153404236,0.9644590616226196,0.007882057689130306,0.03122013807296753
1186,0.00012303397637548517,0.0023878205101937056,0.011050089,0.04886533,0.9984154105186462,0.9649948477745056,0.008338169194757938,0.031690970063209534
1187,0.00010080531071501106,0.0024684572126716375,0.010047714,0.049683567,0.9986898303031921,0.9638127088546753,0.007733343634754419,0.03154075890779495
1188,0.00010949932336436838,0.0024171597324311733,0.010438531,0.04916462,0.9985859394073486,0.9645647406578064,0.007958270609378815,0.03201401233673096
1189,0.00010495364007180218,0.002283182693645358,0.010232955,0.047782663,0.9986410737037659,0.9665287733078003,0.007893837988376617,0.03116755560040474
1190,0.00012014902643965219,0.002317575505003333,0.010947705,0.048141204,0.9984446167945862,0.96602463722229,0.008404025807976723,0.030712367966771126
1191,0.00015571944128499706,0.0023323080968111753,0.012392388,0.048293974,0.9980069994926453,0.965808629989624,0.009372568689286709,0.031353533267974854
1192,0.00011512187418041073,0.00233576656319201,0.0107411975,0.04832977,0.9985027313232422,0.9657579064369202,0.008344516158103943,0.03102215565741062
1193,0.0001178727811334697,0.002449228661134839,0.010885407,0.04948968,0.9984622597694397,0.9640945792198181,0.008272011764347553,0.03141231834888458
1194,0.000145623647271846,0.0023927276488393545,0.012067265,0.048915513,0.9981102347373962,0.9649229049682617,0.009122234769165516,0.032297033816576004
1195,0.00015821342160713604,0.0023719454184174538,0.0125592,0.048702624,0.9979529976844788,0.9652275443077087,0.009490707889199257,0.031373750418424606
1196,0.00012652107298808087,0.0023398951161652803,0.011189031,0.04837246,0.9983752965927124,0.9656974077224731,0.008502701297402382,0.030912185087800026
1197,0.00013142891839379445,0.0022628691513091326,0.01138178,0.047569625,0.9983188509941101,0.9668266177177429,0.008445985615253448,0.030214523896574974
1198,0.00013819156678933226,0.0025245535653084517,0.011757634,0.050244935,0.9982059597969055,0.9629903435707092,0.008748491294682026,0.03272208571434021
1199,0.0001403195403161755,0.0024420192930847406,0.011835403,0.04941679,0.9981821775436401,0.9642002582550049,0.008966020308434963,0.031898993998765945
1200,0.00014127866068685597,0.00242031691595912,0.011899793,0.049196713,0.9981623291969299,0.9645184278488159,0.008880816400051117,0.03127230331301689
1201,0.0001398185542546509,0.002447389531880617,0.011775627,0.0494711,0.9982004761695862,0.9641215205192566,0.008902741596102715,0.03168472647666931
1202,0.00016194410768961958,0.0024753534235060215,0.012603116,0.049752925,0.9979386925697327,0.9637116193771362,0.009222185239195824,0.032382234930992126
1203,0.0001427243051611268,0.0024824640713632107,0.0118944915,0.04982433,0.9981639385223389,0.9636073708534241,0.008934040553867817,0.03172264248132706
1204,0.00014751949030059305,0.002315904712304473,0.012138797,0.04812385,0.9980877637863159,0.966049075126648,0.009098533540964127,0.031286608427762985
1205,0.00012481898341899398,0.002360314829275012,0.011155375,0.04858307,0.9983850717544556,0.9653980731964111,0.008458022028207779,0.031011663377285004
1206,0.00015772583620591004,0.002636901568621397,0.012493621,0.051350772,0.9979743361473083,0.9613433480262756,0.009292542934417725,0.03208670765161514
1207,0.00014252505074678496,0.002510495251044631,0.011884432,0.050104845,0.9981670379638672,0.9631963968276978,0.008950927294790745,0.03158694505691528
1208,0.00013865919787680139,0.0024685405660420656,0.01175898,0.04968441,0.9982055425643921,0.963811457157135,0.008934564888477325,0.03180086612701416
1209,0.00012153080520378849,0.0025115490425378084,0.01101808,0.050115358,0.9984245300292969,0.9631809592247009,0.008455198258161545,0.032443396747112274
1210,0.00014476609960018487,0.002520559588447213,0.01200661,0.050205175,0.9981291890144348,0.9630488753318787,0.00911331083625555,0.032132383435964584
1211,0.00014320882606129587,0.0027037174440920353,0.011973549,0.05199728,0.9981394410133362,0.9603638052940369,0.0090189753100276,0.033187199383974075
1212,0.00015039805459144355,0.002344760112464428,0.012286054,0.048422724,0.9980410933494568,0.965626060962677,0.009340250864624977,0.03105778619647026
1213,0.00013744987815946595,0.002606939757242799,0.011741042,0.051058203,0.9982110261917114,0.9617825746536255,0.008881795220077038,0.03315643221139908
1214,0.00012109153282257135,0.0024770190939307213,0.011014368,0.04976966,0.9984256029129028,0.9636871814727783,0.00835347268730402,0.03116670250892639
1215,0.00013841788214366798,0.002686053980141878,0.011770552,0.05182715,0.9982020258903503,0.9606227874755859,0.008828463032841682,0.03457348793745041
1216,0.00015422641643619335,0.002467441139742732,0.012444465,0.049673345,0.9979902505874634,0.9638276100158691,0.009432479739189148,0.03165595605969429
1217,0.00011490368243275125,0.0022580749355256557,0.010718573,0.047519207,0.9985090494155884,0.9668968915939331,0.008155236020684242,0.030552536249160767
1218,0.00015037167726074006,0.002424919046461582,0.012185201,0.04924347,0.9980731010437012,0.9644509553909302,0.009035755880177021,0.03195479139685631
1219,0.0001291509830810934,0.002486692974343896,0.01138839,0.049866755,0.9983168840408325,0.9635453820228577,0.008580346591770649,0.031451981514692307
1220,0.00013809629771540958,0.0023456700146198273,0.011783765,0.04843212,0.9981979727745056,0.9656127691268921,0.008880626410245895,0.030354471877217293
1221,0.00012210064332149076,0.0024086565244942904,0.01097397,0.049078062,0.9984371662139893,0.9646893739700317,0.008249524049460888,0.03133692592382431
1222,0.00012162482347445224,0.0024719354696571827,0.011041542,0.049718563,0.998417854309082,0.9637616872787476,0.008416256867349148,0.03167220205068588
1223,0.00011638572554643774,0.0024635191075503826,0.010791597,0.04963385,0.9984886646270752,0.9638850688934326,0.008174181915819645,0.03154712915420532
1224,0.00012659404687424697,0.0024454835802316666,0.011077463,0.04945183,0.9984075427055359,0.9641494750976562,0.008342436514794827,0.03181971237063408
1225,0.00016532054657793859,0.002354693366214633,0.01284024,0.048525184,0.9978603720664978,0.9654804468154907,0.009528331458568573,0.03160308301448822
1226,0.0001425600180069027,0.0025519528426229954,0.011952161,0.05051686,0.998146116733551,0.9625886678695679,0.008931024000048637,0.03239350765943527
1227,0.00021717043769471772,0.0024708400014787912,0.014599493,0.04970754,0.9972339272499084,0.9637777805328369,0.010803367011249065,0.03261326253414154
1228,0.00018371479448185048,0.002532118232920766,0.013505457,0.050320156,0.9976329207420349,0.9628794193267822,0.009992903098464012,0.032239995896816254
1229,0.00014468999341426587,0.002505935961380601,0.011995716,0.050059326,0.998132586479187,0.9632632732391357,0.009051349014043808,0.03200550749897957
1230,0.00012395230938140727,0.0024835418444126844,0.011056426,0.049835145,0.9984135627746582,0.9635915756225586,0.008407832123339176,0.032496128231287
1231,0.000150879502722422,0.0026827682740986347,0.01233231,0.05179545,0.9980263113975525,0.9606709480285645,0.009083034470677376,0.032601047307252884
1232,0.0001237586111528799,0.002520770998671651,0.011142356,0.05020728,0.9983888268470764,0.9630457758903503,0.008553074672818184,0.031801581382751465
1233,0.00011598362305614336,0.002432706532999873,0.010780083,0.04932248,0.9984918832778931,0.9643368124961853,0.00807865895330906,0.03154471889138222
1234,0.00011681799118047242,0.002322439569979906,0.010837424,0.0481917,0.9984757900238037,0.9659532904624939,0.008210092782974243,0.030317021533846855
1235,0.00011121979630181819,0.002545496914535761,0.010543886,0.050452918,0.9985572695732117,0.9626833200454712,0.008124985732138157,0.03143571317195892
1236,0.00014724639351532625,0.0025456822477281094,0.012076682,0.050454758,0.9981072545051575,0.9626805782318115,0.00893068965524435,0.032005589455366135
1237,0.00014430604939909907,0.002440488198772073,0.01199687,0.0494013,0.9981322288513184,0.9642227292060852,0.00907177571207285,0.03217044845223427
1238,0.00011965815858936615,0.0024435289669781923,0.010970029,0.049432065,0.9984382390975952,0.9641781449317932,0.008298812434077263,0.03220205754041672
1239,0.00022457325394498184,0.0022353411186486483,0.014990123,0.047279395,0.9970839023590088,0.9672301411628723,0.011444546282291412,0.030253997072577477
1240,0.00019604651342061433,0.002340651350095868,0.0139242,0.04838028,0.9974838495254517,0.9656863212585449,0.010477247647941113,0.031230103224515915
1241,0.0002009540552204602,0.0024565206840634346,0.014211561,0.049563304,0.997378945350647,0.9639877080917358,0.010760234668850899,0.03206475079059601
1242,0.00012484472542630763,0.0025295978412032127,0.011103038,0.050295107,0.9984001517295837,0.962916374206543,0.008426165208220482,0.03374510258436203
1243,0.0001945344645884523,0.0023987325839698315,0.01389774,0.04897686,0.9974934458732605,0.9648348689079285,0.010711362585425377,0.031342197209596634
1244,0.0001472500758113297,0.0023603213485330343,0.012115309,0.04858314,0.9980951547622681,0.9653979539871216,0.009149528108537197,0.03140024468302727
1245,0.00013587552100282417,0.0023857259657233953,0.011688706,0.048843894,0.9982269406318665,0.9650255441665649,0.008795336820185184,0.03131408989429474
1246,0.00012897628370079804,0.002497689565643668,0.011360951,0.049976893,0.998324990272522,0.9633841514587402,0.008604047819972038,0.03311538323760033
1247,0.0001796864876682362,0.002470102161169052,0.01340142,0.049700126,0.9976692795753479,0.9637885689735413,0.010080372914671898,0.03147910535335541
1248,0.00014352623640496114,0.0023620661813765764,0.0119703645,0.04860109,0.9981404542922974,0.9653723835945129,0.009121130220592022,0.031129125505685806
1249,0.00013160926094067028,0.0024110949598252773,0.011443596,0.0491029,0.9983004927635193,0.9646536111831665,0.008560321293771267,0.031216198578476906
1250,0.00011581587386899628,0.0024319766089320183,0.010746289,0.049315073,0.9985013008117676,0.9643474817276001,0.008155504241585732,0.031522445380687714
1251,0.00010169494635192677,0.002403541700914502,0.010064999,0.04902593,0.9986853003501892,0.9647643566131592,0.00770398648455739,0.03101792372763157
1252,0.00013647221600298178,0.002445448422804475,0.0116707105,0.049451474,0.998232364654541,0.9641500115394592,0.008862665854394436,0.032084785401821136
1253,0.00011586022016920403,0.002511773956939578,0.010754718,0.0501176,0.9984989762306213,0.9631776809692383,0.00808451883494854,0.032225463539361954
1254,0.00010936803499300203,0.0023604745510965586,0.010437444,0.048584715,0.9985862374305725,0.9653956890106201,0.008004345931112766,0.030594544485211372
1255,0.00010110289969650859,0.002242133254185319,0.010060405,0.047351167,0.9986865520477295,0.9671306014060974,0.00772642670199275,0.030506759881973267
1256,0.0001140004219037523,0.0022322768345475197,0.0106786415,0.047246978,0.9985201358795166,0.967275083065033,0.008067235350608826,0.030300837010145187
1257,0.00010307882786781357,0.0024493637029081583,0.010128639,0.049491048,0.9986686706542969,0.9640926122665405,0.007810219656676054,0.03194233402609825
1258,0.00010368804115304638,0.0022476231679320335,0.01019192,0.047409106,0.9986519813537598,0.9670500755310059,0.007778884377330542,0.029964225366711617
1259,0.00011583295550239696,0.0024528764188289642,0.010703678,0.049526524,0.9985131621360779,0.9640411138534546,0.007992245256900787,0.03239527344703674
1260,0.00011217639026157981,0.002304414752870798,0.010581683,0.04800432,0.9985468983650208,0.9662175178527832,0.008165894076228142,0.03101370669901371
1261,0.00010534756240138614,0.0023359572514891624,0.010257425,0.04833174,0.9986345767974854,0.9657551050186157,0.00777630927041173,0.030562371015548706
1262,9.701471605115908e-05,0.0022606009151786566,0.009842542,0.047545776,0.9987428188323975,0.9668598175048828,0.0075397430919110775,0.030627097934484482
1263,0.00012686381656253204,0.0024245160166174173,0.011283201,0.049239375,0.998347818851471,0.9644568562507629,0.008555913344025612,0.03084350749850273
1264,0.00011251347247955643,0.0023379444610327482,0.01057554,0.048352297,0.9985485672950745,0.9657260179519653,0.008078537881374359,0.03150900825858116
1265,0.00011861979377995753,0.0023579176049679518,0.01082925,0.048558395,0.99847811460495,0.9654331803321838,0.008205356076359749,0.030976377427577972
1266,0.00013700567367116244,0.0022367893252521753,0.011710804,0.04729471,0.9982202053070068,0.9672089219093323,0.009015711024403572,0.030748330056667328
1267,0.00014092621892235581,0.0023570621851831675,0.011827741,0.04854959,0.9981845021247864,0.9654457569122314,0.00881834328174591,0.03101154789328575
1268,0.00012506880110859956,0.002622209256514907,0.011113477,0.051207513,0.998397171497345,0.9615586996078491,0.008597641251981258,0.03344077244400978
1269,0.00010910587165695192,0.002261097077280283,0.010450975,0.047550995,0.9985825419425964,0.9668525457382202,0.008055193349719048,0.03063914366066456
1270,0.0001321133971611165,0.0023494830820709467,0.011484939,0.048471466,0.9982882142066956,0.9655568599700928,0.008545154705643654,0.03131880611181259
1271,0.0001218450984610668,0.0022828062064945698,0.010962659,0.047778726,0.9984403848648071,0.9665343165397644,0.008312663994729519,0.03064148686826229
1272,0.00015817417013088496,0.0023808819241821766,0.012562645,0.048794284,0.997951865196228,0.9650965332984924,0.009365113452076912,0.031486134976148605
1273,0.00011714827037807977,0.002353252610191703,0.010840064,0.048510335,0.9984750747680664,0.965501606464386,0.008357208222150803,0.030836954712867737
1274,0.00013381897885913284,0.0023856444749981165,0.0115224235,0.04884306,0.9982770085334778,0.9650267362594604,0.008617066778242588,0.03110509365797043
1275,0.00010692832173927772,0.0022499405313283205,0.010281331,0.04743354,0.9986281991004944,0.9670161008834839,0.007799799554049969,0.030515534803271294
1276,0.00010791741971677931,0.0023972641211003065,0.010404574,0.048961863,0.998595118522644,0.9648563861846924,0.007911453023552895,0.03102025017142296
1277,0.00012426429384504445,0.002573987003415823,0.011147782,0.050734475,0.9983872175216675,0.96226567029953,0.008563440293073654,0.032470375299453735
1278,0.00012052351402499798,0.0022534015588462353,0.01096614,0.047470007,0.998439371585846,0.96696537733078,0.00809820182621479,0.030705224722623825
1279,0.000137683723799207,0.0023752395063638687,0.011678152,0.048736427,0.9982301592826843,0.9651792645454407,0.008422760292887688,0.030788058415055275
1280,0.0001306662492094223,0.0024408421013504267,0.0114216115,0.04940488,0.9983070492744446,0.9642175436019897,0.008576132357120514,0.03212587162852287
1281,0.0001271322521047709,0.002388106193393469,0.011255413,0.048868254,0.9983559250831604,0.9649906158447266,0.008504575118422508,0.031155118718743324
1282,0.0001365572048102463,0.002529688412323594,0.011563192,0.05029601,0.9982647895812988,0.9629150629043579,0.008644307032227516,0.031857870519161224
1283,0.0001796017545116642,0.0026773004792630672,0.013313755,0.051742636,0.9976996779441833,0.9607510566711426,0.0101626580581069,0.03272974118590355
1284,0.00013320016064839862,0.0023601590655744076,0.011531027,0.04858147,0.9982744455337524,0.9654003381729126,0.008734025061130524,0.0313434973359108
1285,0.0001299771621151277,0.0025837086141109467,0.011338899,0.050830197,0.9983314871788025,0.9621231555938721,0.008642979897558689,0.033066168427467346
1286,0.00012977266438114881,0.0025122163351625204,0.011368291,0.050122015,0.9983227849006653,0.9631711840629578,0.008804858662188053,0.03256484493613243
1287,0.00012771844293721105,0.00237097917124629,0.011268598,0.048692703,0.9983521103858948,0.9652417302131653,0.00856839120388031,0.030980650335550308
1288,0.00013912337519948116,0.0025676966179162264,0.011786983,0.050672445,0.9981970191001892,0.9623578786849976,0.008961131796240807,0.032794393599033356
1289,0.00010937667849992232,0.00248723360709846,0.010444401,0.04987217,0.9985843300819397,0.9635374546051025,0.0079236114397645,0.03164812922477722
1290,0.00011790062192382969,0.002388069871813059,0.01089623,0.04886788,0.9984592199325562,0.9649911522865295,0.008074096404016018,0.032002560794353485
1291,0.00015289558558089828,0.0023727354127913713,0.012306223,0.048710734,0.998034656047821,0.9652159810066223,0.009218350052833557,0.03114270232617855
1292,0.00010913801353043792,0.002397997537627816,0.010353487,0.048969354,0.9986088871955872,0.9648456573486328,0.007811904419213533,0.0314522348344326
1293,0.00011286718389866027,0.002324658213183284,0.010617302,0.04821471,0.9985370635986328,0.9659208059310913,0.008167045190930367,0.03146748244762421
1294,0.00014671456202367236,0.00240694428794086,0.012164208,0.04906062,0.9980797171592712,0.9647144675254822,0.009176002815365791,0.03116426430642605
1295,0.00015476792230567133,0.0025897398591041565,0.0123895975,0.05088949,0.9980079531669617,0.9620347023010254,0.009308337233960629,0.033547673374414444
1296,0.00013315377443425612,0.0025061876513063908,0.011511249,0.050061837,0.9982803463935852,0.9632595777511597,0.008739994838833809,0.03191453590989113
1297,0.00011229626430907625,0.002345302840694785,0.010556649,0.048428323,0.9985537528991699,0.9656181335449219,0.00806399341672659,0.031267110258340836
1298,0.00011069796197592619,0.0023840279318392277,0.010509352,0.048826504,0.9985666871070862,0.9650503993034363,0.00795624777674675,0.03096594475209713
1299,0.00010956014110971327,0.002462978009134531,0.010424342,0.0496284,0.9985897541046143,0.9638929963111877,0.007915954105556011,0.031980350613594055
1300,0.00010801009987269275,0.002441552933305502,0.010329869,0.04941207,0.9986152052879333,0.964207112789154,0.007918033748865128,0.03317829966545105
1301,0.0001288190555483611,0.0024944827891886234,0.011344121,0.049944796,0.9983299374580383,0.963431179523468,0.008632051758468151,0.03149930760264397
1302,0.00010443029879587067,0.0023961709812283516,0.010196327,0.0489507,0.9986507892608643,0.964872419834137,0.007834040559828281,0.032412584871053696
1303,0.00012707843316920017,0.0023957649245858192,0.011303629,0.048946556,0.9983418583869934,0.9648783802986145,0.008628973737359047,0.031479742377996445
1304,0.00014825227911139584,0.0025013478007167578,0.012118602,0.05001348,0.9980941414833069,0.9633305072784424,0.009275891818106174,0.032770588994026184
1305,0.00012356708380552433,0.0024967421777546406,0.011102298,0.049967412,0.9984003901481628,0.9633980393409729,0.008538362570106983,0.031810786575078964
1306,0.00010459613225645047,0.0023954289499670267,0.010190196,0.04894312,0.9986523985862732,0.9648832678794861,0.007783388718962669,0.03180389106273651
1307,0.00011334203505116007,0.0024253856390714645,0.010595266,0.049248207,0.9985431432723999,0.964444100856781,0.00800237338989973,0.031424883753061295
1308,0.00010248013098713604,0.002373238792642951,0.01000228,0.048715897,0.9987016320228577,0.9652085900306702,0.007507265079766512,0.03122859075665474
1309,0.00010154473586060868,0.002365761436522007,0.010084697,0.048639093,0.9986801743507385,0.9653182029724121,0.0075909290462732315,0.031172974035143852
1310,0.0001485677881150464,0.0025923913344740868,0.012162548,0.050915528,0.9980802536010742,0.9619958400726318,0.009137524291872978,0.03188586235046387
1311,0.00011977885151281953,0.0024795844219624996,0.010902049,0.049795426,0.9984575510025024,0.963649570941925,0.008392765186727047,0.0316728875041008
1312,0.00011896189806231467,0.00253760046325624,0.010910587,0.0503746,0.9984551668167114,0.962799072265625,0.008240783587098122,0.03168949484825134
1313,0.0001977772051098079,0.002490770537406206,0.014114998,0.04990762,0.9974144697189331,0.963485598564148,0.01034567505121231,0.03257635608315468
1314,0.00016785416433280758,0.002372507704421878,0.012882072,0.04870839,0.9978464245796204,0.9652193188667297,0.00962276291102171,0.031799446791410446
1315,0.0001336322850627105,0.002511450322344899,0.011505535,0.05011437,0.9982820749282837,0.9631824493408203,0.008676598779857159,0.0316043458878994
1316,0.00017384089964748867,0.0025442559272050858,0.013195595,0.05044062,0.9977403283119202,0.9627014994621277,0.01000161562114954,0.03358474001288414
1317,0.0001519263952848798,0.002338709542527795,0.012322796,0.048360202,0.998029351234436,0.9657148122787476,0.009224376641213894,0.03106512688100338
1318,0.0001528489427238872,0.0023040585219860077,0.012296921,0.04800061,0.9980376362800598,0.9662227630615234,0.009209109470248222,0.030687738209962845
1319,0.00014191761709463952,0.0023987400345504284,0.011867714,0.04897693,0.9981722235679626,0.9648347496986389,0.008998106233775616,0.031899236142635345
1320,0.00012467799189669842,0.0023666545748710632,0.011159845,0.048648275,0.9983837604522705,0.9653050899505615,0.008530660532414913,0.03179839625954628
1321,0.00011942934179387521,0.0025284290313720703,0.010872851,0.050283488,0.9984658360481262,0.9629335403442383,0.008305764757096767,0.03222446143627167
1322,0.00012008924717189406,0.0023222672753036022,0.010903342,0.04818991,0.9984571933746338,0.9659558534622192,0.008368304930627346,0.030567843466997147
1323,0.00011538678815916434,0.0023533471394330263,0.010767179,0.048511308,0.9984955191612244,0.9655001759529114,0.008109777234494686,0.031597036868333817
1324,0.00011697525207471864,0.002352742711082101,0.010794167,0.04850508,0.9984879493713379,0.9655090570449829,0.00827743299305439,0.03208523616194725
1325,0.00011575393562617882,0.002423034282401204,0.010768715,0.04922433,0.9984950423240662,0.964478611946106,0.008248637430369854,0.030843425542116165
1326,0.00010847872181329876,0.0023036329075694084,0.010417237,0.047996175,0.9985917210578918,0.9662290215492249,0.007837037555873394,0.03146420419216156
1327,0.0001427540492758536,0.0023968571331351995,0.011894322,0.04895771,0.9981639981269836,0.9648623466491699,0.008919797837734222,0.03127548471093178
1328,0.00016914789838748138,0.0026626072358340025,0.012968228,0.051600456,0.9978175163269043,0.9609664678573608,0.0096897566691041,0.032351743429899216
1329,0.00011266258893142962,0.0026636472903192043,0.010599506,0.051610533,0.9985420107841492,0.9609512090682983,0.007984945550560951,0.03208629786968231
1330,0.00010387015208834782,0.0026881503872573376,0.01015873,0.051847376,0.9986607432365417,0.9605920314788818,0.007704243995249271,0.0330297015607357
1331,0.00021457464985856362,0.0025586008559912443,0.014730986,0.050582614,0.9971838593482971,0.9624912142753601,0.010877059772610664,0.03334687650203705
1332,0.0002346537555488546,0.002514827996492386,0.015277721,0.050148062,0.9969709515571594,0.963132917881012,0.011217361316084862,0.031353309750556946
1333,0.00016771762205859307,0.002531294012442231,0.012932133,0.050311968,0.9978296160697937,0.9628915190696716,0.009524248540401459,0.03190981224179268
1334,0.00013805788991951638,0.0025512634310871363,0.011763579,0.050510034,0.9982041716575623,0.9625987410545349,0.008922112174332142,0.032569918781518936
1335,0.00013136628628920087,0.0024770882446318865,0.01140352,0.049770355,0.9983124136924744,0.9636861681938171,0.0085670230910182,0.030785728245973587
1336,0.00015082641402841546,0.002585678594186902,0.012270062,0.050849568,0.9980461597442627,0.962094247341156,0.009293287061154842,0.03298017382621765
1337,0.00015278295342630537,0.00240015028975904,0.012370191,0.04899133,0.9980141520500183,0.9648140668869019,0.00938837043941021,0.03137557581067085
1338,0.0001407255671934267,0.0024321654345840216,0.011728709,0.04931699,0.9982147812843323,0.9643447399139404,0.008909061551094055,0.03142170608043671
1339,0.00012022190739199604,0.002485876204445958,0.010946738,0.049858563,0.9984449148178101,0.9635573625564575,0.00837668776512146,0.0318332277238369
1340,0.0001254000516465484,0.0023029237054288387,0.01121015,0.04798879,0.9983691573143005,0.9662393927574158,0.008383522741496563,0.030840391293168068
1341,0.00012075467615928078,0.0024004813749343157,0.010928255,0.04899471,0.9984501600265503,0.964809238910675,0.008388225920498371,0.03164154663681984
1342,0.00011509259208899245,0.002358534373342991,0.010699042,0.048564743,0.9985144734382629,0.9654241800308228,0.008084481582045555,0.030862146988511086
1343,0.0001099962105813161,0.002420103643089533,0.010443755,0.04919455,0.998584508895874,0.9645215272903442,0.007873366586863995,0.03217644244432449
1344,0.00012190106744211252,0.0023614943493157625,0.01094689,0.04859521,0.9984448552131653,0.9653807878494263,0.008177484385669231,0.03174887225031853
1345,0.0001272053701871879,0.002284771529957652,0.010995343,0.047799286,0.9984310269355774,0.9665055274963379,0.008181154727935791,0.030832385644316673
1346,0.00015744278227264823,0.0024920026771724224,0.012267034,0.049919967,0.9980471730232239,0.963467538356781,0.009146950207650661,0.032036732882261276
1347,0.00018297677524969913,0.0025655922945588827,0.013460123,0.050651677,0.9976487755775452,0.9623886942863464,0.010088592767715454,0.032260242849588394
1348,0.00012831450922848572,0.0025055527221411467,0.011330371,0.050055496,0.9983339905738831,0.9632688760757446,0.008417647331953049,0.032161399722099304
1349,0.00014585442741835405,0.002438189461827278,0.011831986,0.049378026,0.9981831908226013,0.9642564058303833,0.008846456184983253,0.032183412462472916
1350,0.0001606754806495949,0.0024938611313700676,0.01265077,0.049938574,0.9979230761528015,0.9634402990341187,0.009513769298791885,0.03176388517022133
1351,0.00016771232582290065,0.0024536761920899153,0.012956342,0.049534597,0.9978215098381042,0.9640293717384338,0.009508300572633743,0.032027777284383774
1352,0.00013355133242756975,0.0026417896151542664,0.011427117,0.051398344,0.9983054399490356,0.9612716436386108,0.008356022648513317,0.03268676996231079
1353,0.00013160511199120347,0.0022758757695555687,0.011520542,0.04770614,0.9982776045799255,0.9666359424591064,0.008862892165780067,0.031241310760378838
1354,0.00019038703546605328,0.0024116085842251778,0.01376713,0.049108133,0.997540295124054,0.9646461009979248,0.010086429305374622,0.03151268512010574
1355,0.00018117938783358443,0.0024889432825148106,0.013464109,0.04988931,0.9976474046707153,0.9635123610496521,0.0101550854742527,0.03234359249472618
1356,0.00015754005025056276,0.0024350082967430353,0.012431436,0.049345806,0.9979944229125977,0.9643030762672424,0.00931191723793745,0.031162722036242485
1357,0.00019454753286977805,0.002362900646403432,0.013842357,0.048609678,0.9975133538246155,0.965360164642334,0.010190634056925774,0.031479012221097946
1358,0.00014365838333932598,0.0024989014491438866,0.011973283,0.049989015,0.9981395602226257,0.9633663892745972,0.009045924991369247,0.03212135285139084
1359,0.00013717929323320277,0.002420299919322133,0.011690938,0.04919654,0.9982262849807739,0.964518666267395,0.008813047781586647,0.03171776980161667
1360,0.00012237059722379357,0.002362491562962532,0.01099154,0.048605468,0.9984321594238281,0.9653661251068115,0.008457602933049202,0.03135408088564873
1361,0.00010692644619583999,0.002345736837014556,0.010321014,0.04843281,0.9986175894737244,0.9656117558479309,0.007837311364710331,0.031152652576565742
1362,0.00010445746540261263,0.0024452279321849346,0.010230156,0.04944925,0.998641848564148,0.9641532301902771,0.007872403599321842,0.03156615048646927
1363,9.726746644777118e-05,0.0023676285054534674,0.009859348,0.048658285,0.9987385272979736,0.9652908444404602,0.007548383437097073,0.031419530510902405
1364,0.00011623921388739042,0.0024116935674101114,0.010643188,0.049109,0.9985299706459045,0.9646448493003845,0.008147233165800571,0.03184180706739426
1365,0.0001253668564128351,0.0023006151895970106,0.011157083,0.047964726,0.9983845353126526,0.9662732481956482,0.00851953774690628,0.030593207105994225
1366,0.00012598895145029846,0.0023669670335948467,0.011155854,0.048651487,0.9983848929405212,0.9653005599975586,0.008452747948467731,0.030511140823364258
1367,0.00011161068422635171,0.002580275060608983,0.010476225,0.050796404,0.9985756874084473,0.9621734619140625,0.00798560120165348,0.03331901878118515
1368,0.00012312482249399181,0.00238489406183362,0.011070637,0.04883538,0.9984095096588135,0.9650377035140991,0.008512544445693493,0.031029939651489258
1369,0.00010603478023602457,0.002457115100696683,0.010304832,0.049569298,0.998621940612793,0.9639789462089539,0.007854560390114784,0.03162422776222229
1370,0.000110237858858785,0.0023876731283962727,0.010418823,0.04886382,0.9985912442207336,0.9649969935417175,0.007896278984844685,0.03136313706636429
1371,0.00012492356009633195,0.002292760880663991,0.011076208,0.047882784,0.9984079003334045,0.9663884043693542,0.008457470685243607,0.031209558248519897
1372,0.00013198173903881317,0.0023296524304896593,0.0113725085,0.048266474,0.9983215928077698,0.9658475518226624,0.00856079626828432,0.030537182465195656
1373,0.00011671039828797802,0.002475683344528079,0.010801762,0.04975624,0.998485803604126,0.9637067317962646,0.008243902586400509,0.03224297612905502
1374,0.00011162271204573864,0.0023253150284290314,0.010536445,0.04822152,0.998559296131134,0.9659111499786377,0.008127630688250065,0.030974747613072395
1375,9.872240695007018e-05,0.0022988615091890097,0.009919926,0.047946446,0.9987229704856873,0.9662989377975464,0.007696866989135742,0.0311810914427042
1376,0.00011158216412613083,0.0023935509379953146,0.010560525,0.04892393,0.998552680015564,0.9649108052253723,0.008014297112822533,0.03260587155818939
1377,0.00012691866339247844,0.0025906648952513933,0.011104472,0.05089857,0.9983997344970703,0.9620211720466614,0.008240127004683018,0.03172093257308006
1378,0.00012899860038570213,0.002463684882968664,0.011372184,0.049635522,0.9983216524124146,0.9638826847076416,0.008496717549860477,0.03267780318856239
1379,0.0001607236197080717,0.00242614489980042,0.012699026,0.04925591,0.9979071617126465,0.9644330143928528,0.009536459110677242,0.03152270242571831
1380,0.00011716441275149754,0.0023810521233826876,0.0108405305,0.048796024,0.9984748959541321,0.9650940299034119,0.008191363885998726,0.03131202980875969
1381,0.00011359928678509526,0.002397162839770317,0.010614419,0.04896083,0.9985378980636597,0.9648578763008118,0.008012214675545692,0.031445566564798355
1382,0.0001070805043458346,0.0022372016683220863,0.01030571,0.047299065,0.9986217021942139,0.96720290184021,0.007866558618843555,0.0304406825453043
1383,0.00010034014435818376,0.0021714093163609505,0.010005018,0.046598382,0.9987009763717651,0.9681673645973206,0.007403280586004257,0.029802963137626648
1384,0.00013131666789625095,0.002257819753140211,0.0114830285,0.047516525,0.9982888102531433,0.9669005870819092,0.008655060082674026,0.0304716769605875
1385,0.00010787740228062665,0.002328605391085148,0.010350477,0.048255626,0.9986096620559692,0.9658629298210144,0.007676480803638697,0.030950458720326424
1386,0.0001412634516203649,0.002433450659736991,0.011866171,0.04933002,0.9981727004051208,0.9643259048461914,0.00894081685692072,0.03181086853146553
1387,0.0001262628886086697,0.0024807164445519447,0.011245624,0.049806792,0.9983587861061096,0.9636330008506775,0.008452518843114376,0.03151280805468559
1388,9.44023873175452e-05,0.002468634629622102,0.00973567,0.049685355,0.9987699389457703,0.9638100862503052,0.007467060349881649,0.03163990378379822
1389,9.392070982853924e-05,0.002301492029801011,0.009697673,0.047973868,0.9987795352935791,0.9662603735923767,0.007413088344037533,0.03028499335050583
1390,0.00011235511093135838,0.002375061623752117,0.0105727445,0.0487346,0.9985493421554565,0.9651818871498108,0.008044368587434292,0.031020909547805786
1391,0.00012005220328732817,0.00255177216604352,0.010894467,0.05051507,0.9984596967697144,0.962591290473938,0.008269657380878925,0.03188696131110191
1392,9.023603243721564e-05,0.0025417187716811895,0.009516882,0.05041546,0.9988245964050293,0.9627386927604675,0.007238449994474649,0.032027482986450195
1393,9.334270097579892e-05,0.002493408275768161,0.009637873,0.04993404,0.9987945556640625,0.9634469151496887,0.007199537009000778,0.03142506629228592
1394,0.00013573627240310253,0.0024998593144118786,0.011663354,0.049998593,0.9982346296310425,0.9633523225784302,0.008942664600908756,0.03291303664445877
1395,0.00014462362113673325,0.0023427028208971024,0.012022955,0.048401475,0.9981240630149841,0.9656562209129333,0.009083990007638931,0.030820690095424652
1396,0.00012524448968840508,0.0023832900915294886,0.011045581,0.048818953,0.9984166622161865,0.9650612473487854,0.00836522039026022,0.030673976987600327
1397,0.00013171299625272778,0.002284073503687978,0.01147466,0.04779198,0.9982912540435791,0.9665157198905945,0.008750904351472855,0.030438607558608055
1398,0.00010226237794664816,0.0024471525102853775,0.010064228,0.049468704,0.9986855387687683,0.9641250371932983,0.0077695720829069614,0.03107980638742447
1399,0.00010003699968695979,0.002516817534342408,0.010024164,0.050167892,0.998695969581604,0.9631037712097168,0.007476657163351774,0.032461829483509064
1400,0.0001087077484540218,0.0023538442328572273,0.010380848,0.048516434,0.998601496219635,0.9654929041862488,0.007899836637079716,0.030859367921948433
1401,0.00011067663482125764,0.0023961334954947233,0.010533137,0.04895032,0.9985601902008057,0.9648729562759399,0.007921301759779453,0.031415313482284546
1402,9.797129215175201e-05,0.002496860222890973,0.009856612,0.049968597,0.9987391829490662,0.9633963108062744,0.007496264763176441,0.031605347990989685
1403,0.00010344774669978175,0.0025414954870939255,0.010163234,0.050413243,0.9986595511436462,0.9627419710159302,0.007673351559787989,0.032935719937086105
1404,0.0001308402028040622,0.0025451923720538616,0.011450746,0.0504499,0.9982984066009521,0.9626877903938293,0.008609979413449764,0.03150241822004318
1405,0.0001287802684104959,0.0024921672884374857,0.011355445,0.049921613,0.9983265995979309,0.9634650945663452,0.00858695525676012,0.032309386879205704
1406,0.0001142062339402566,0.0025676004588603973,0.010678733,0.0506715,0.9985200762748718,0.9623592495918274,0.008137292228639126,0.03238469734787941
1407,0.00011172648472976024,0.0023662473540753126,0.010515663,0.04864409,0.9985649585723877,0.9653111100196838,0.007953486405313015,0.03128650784492493
1408,0.00011204035532004623,0.0023486705031245947,0.010550801,0.04846308,0.9985553622245789,0.9655687808990479,0.007984212599694729,0.03082914836704731
1409,9.843371563792144e-05,0.0023732695262879133,0.009914079,0.048716214,0.9987244606018066,0.965208113193512,0.007543389685451984,0.03070024587213993
1410,9.168468717358668e-05,0.0023547918535768986,0.009587658,0.048526198,0.9988070726394653,0.9654790163040161,0.007334933150559664,0.03167794644832611
1411,9.13214538410433e-05,0.0024800333194434643,0.0095689865,0.04979993,0.9988117218017578,0.9636430144309998,0.007387932389974594,0.031530480831861496
1412,0.00010668325921869837,0.0022846015635877848,0.010300712,0.04779751,0.9986230134963989,0.9665080308914185,0.007673646789044142,0.03121999092400074
1413,0.00010170177516887303,0.002557873260229826,0.010053684,0.050575424,0.998688280582428,0.9625018835067749,0.007622828241437674,0.03209005296230316
1414,9.305358021678826e-05,0.0023596209939569235,0.009602692,0.048575927,0.9988033175468445,0.965408205986023,0.0072540356777608395,0.03156009316444397
1415,0.00010326969045722349,0.0023284240160137415,0.010137676,0.048253752,0.9986662864685059,0.9658655524253845,0.00767489243298769,0.0307057686150074
1416,0.0001251464428523005,0.0023382282815873623,0.011164403,0.04835523,0.9983824491500854,0.965721845626831,0.008329627104103565,0.0322352796792984
1417,0.0001275228608971123,0.002377283526584506,0.011310679,0.048757397,0.9983397722244263,0.9651492834091187,0.008386483415961266,0.03126334398984909
1418,0.00015840738210086286,0.002267886884510517,0.012568882,0.047622334,0.9979498386383057,0.9667530059814453,0.00939270667731762,0.03100639022886753
1419,0.00010771384139926258,0.002381626283749938,0.01038752,0.04880191,0.9985997080802917,0.9650856256484985,0.007850583642721176,0.0314766950905323
1420,0.00010320457129802725,0.002349164802581072,0.010113769,0.048468187,0.9986725449562073,0.9655615091323853,0.007883376441895962,0.031042424961924553
1421,0.00011784115254572085,0.002495395950973034,0.010857296,0.04995394,0.9984701871871948,0.9634177684783936,0.008331283926963806,0.031724926084280014
1422,0.00010197612143449739,0.002298348117619753,0.010031195,0.04794109,0.998694121837616,0.9663065075874329,0.007716330699622631,0.030417470261454582
1423,9.565467619474724e-05,0.002368976827710867,0.009729557,0.048672136,0.9987714886665344,0.9652710556983948,0.0073478915728628635,0.03094227984547615
1424,0.00013284551559164274,0.0024694453459233046,0.011339129,0.049693517,0.9983314275741577,0.9637982249259949,0.008599751628935337,0.03183399885892868
1425,0.0001342953635850625,0.00255060032941401,0.01159233,0.05050347,0.9982560276985168,0.9626085162162781,0.008789042010903358,0.03204435110092163
1426,0.00012738359344604595,0.00239769765175879,0.0112909945,0.048966292,0.9983455538749695,0.9648500084877014,0.008561224676668644,0.031795430928468704
1427,0.00012643078761439855,0.0023956242948770523,0.01118994,0.048945114,0.9983749985694885,0.9648804068565369,0.008384675718843937,0.03147094324231148
1428,0.00011966682987721552,0.00235762819647789,0.010963652,0.04855541,0.9984400868415833,0.9654374718666077,0.008297662250697613,0.03156561031937599
1429,0.00011181259899537757,0.0023885811679065228,0.0105958935,0.048873115,0.9985429644584656,0.9649837017059326,0.008093008771538734,0.030654411762952805
1430,0.00013825776742041026,0.0024363903794437647,0.011746356,0.049359802,0.9982094168663025,0.9642828106880188,0.00898614339530468,0.03261379152536392
1431,0.00013807960633791728,0.0023957681842148304,0.011732623,0.048946586,0.9982135891914368,0.9648783206939697,0.008766856044530869,0.030975380912423134
1432,0.00011595950441419104,0.002519062487408519,0.010683879,0.050190266,0.998518705368042,0.963070809841156,0.007974033243954182,0.03244641795754433
1433,0.00010071772042217411,0.0024530282244086266,0.0100459205,0.049528055,0.9986903071403503,0.9640389084815979,0.00770924799144268,0.031736891716718674
1434,9.827777863723564e-05,0.002455982379615307,0.009865752,0.049557872,0.9987368583679199,0.9639955759048462,0.007603721227496862,0.031217971816658974
1435,0.00011003219201070765,0.002314941957592964,0.010500583,0.048113845,0.9985690712928772,0.9660632014274597,0.007970866747200489,0.030660878866910934
1436,9.792286784266418e-05,0.0023438327480107546,0.009719606,0.048413146,0.998773992061615,0.9656397104263306,0.00744206365197897,0.03095896542072296
1437,0.00013564196110978216,0.0024907079059630632,0.0116547495,0.04990699,0.9982372522354126,0.9634864926338196,0.008798320777714252,0.03278450667858124
1438,0.00014224967956331304,0.0024857937823981047,0.011915917,0.049857736,0.9981573224067688,0.963558554649353,0.008839339949190617,0.031941745430231094
1439,0.00012014593283476478,0.002425338374450803,0.010958149,0.049247723,0.9984416365623474,0.9644448161125183,0.00808936171233654,0.031215684488415718
1440,0.00012110127036893655,0.0024746102280914783,0.011000334,0.049745455,0.9984296560287476,0.9637224674224854,0.008336232975125313,0.031048666685819626
1441,0.00010817514041925527,0.0024631950072944164,0.010407409,0.049630586,0.998594343662262,0.9638898372650146,0.007973849773406982,0.03176151216030121
1442,0.00013302717938627623,0.0023582172580063343,0.011497591,0.04856148,0.9982844591140747,0.9654288291931152,0.008699952624738216,0.03172598406672478
1443,0.00015740363398270512,0.0024447210598737,0.012414515,0.049444124,0.997999906539917,0.964160680770874,0.00936107151210308,0.031229069456458092
1444,0.00017719327462890016,0.0024028734769672155,0.013091944,0.049019117,0.997775673866272,0.9647741317749023,0.009659692645072937,0.03225644677877426
1445,0.00013524940666022965,0.0025875603314489126,0.011648501,0.05086807,0.9982390999794006,0.962066650390625,0.008515403605997562,0.031850267201662064
1446,0.00012748870920569806,0.0024486121255904436,0.0112801725,0.049483452,0.9983487129211426,0.964103639125824,0.008382081985473633,0.031271662563085556
1447,0.00010855038834217174,0.0023533818311989307,0.010439295,0.04851167,0.9985857009887695,0.9654996991157532,0.007799954619258642,0.031884003430604935
1448,0.00010944357001624832,0.0023129587061703205,0.010462564,0.04809323,0.9985794425010681,0.9660922884941101,0.007882245816290379,0.030824903398752213
1449,0.00011416835464346646,0.0022892444394528866,0.010522522,0.047846053,0.9985631108283997,0.966439962387085,0.007948340848088264,0.03093884326517582
1450,0.00012387271735034037,0.002378464676439762,0.011000413,0.048769508,0.9984295964241028,0.9651319980621338,0.008409005589783192,0.031443994492292404
1451,0.00012860117633615366,0.0022817333228886127,0.0112899,0.047767494,0.9983458518981934,0.9665500521659851,0.008321467787027359,0.030517494305968285
1452,0.00014136204448401588,0.002354897791519761,0.011744697,0.048527285,0.9982098937034607,0.965477466583252,0.008634531870484352,0.030612222850322723
1453,0.00010902378413778602,0.00227971444837749,0.010406795,0.047746357,0.9985945224761963,0.9665796160697937,0.007864641956984997,0.03103983774781227
1454,0.00014043882236530243,0.0022972659207880497,0.011820556,0.047929805,0.9981867074966431,0.9663223624229431,0.009020603261888027,0.030394958332180977
1455,0.00015575176373452203,0.0024957992136478424,0.012496298,0.049957976,0.9979734420776367,0.9634118676185608,0.00929630920290947,0.03328326344490051
1456,0.00016487015521058558,0.002309296280145645,0.012820662,0.04805514,0.9978668689727783,0.9661459922790527,0.009463686496019363,0.030300304293632507
1457,0.0001432452094873456,0.002465679543092847,0.011926034,0.049655613,0.9981542229652405,0.9638534188270569,0.009031346067786217,0.03192533180117607
1458,0.00011017423854685727,0.002378700999543071,0.01052977,0.04877193,0.9985610842704773,0.9651285409927368,0.008011145517230034,0.031037896871566772
1459,0.00010193618370315313,0.0025160531513392925,0.010093445,0.050160274,0.9986779093742371,0.9631149768829346,0.007714052218943834,0.03269926458597183
1460,0.00011370768962396224,0.002323398133739829,0.010574387,0.04820164,0.9985488653182983,0.9659392237663269,0.00798817165195942,0.030378077179193497
1461,0.00017693060462161984,0.0023772488348186016,0.013224157,0.048757043,0.9977304935455322,0.9651498198509216,0.009831898845732212,0.0316358245909214
1462,0.000148667225320506,0.0023949570022523403,0.012208655,0.048938297,0.998065710067749,0.96489018201828,0.009063824079930782,0.031935155391693115
1463,0.00011939934913905084,0.002284730551764369,0.010947281,0.047798853,0.9984447360038757,0.9665061235427856,0.0083925137296319,0.03103059157729149
1464,0.00011816780104047872,0.0024221092462539673,0.010808977,0.04921493,0.9984837770462036,0.96449214220047,0.008203757926821709,0.031091568991541862
1465,0.00011061273802294058,0.0024338788352906704,0.010493169,0.04933436,0.9985710978507996,0.9643195867538452,0.008013161830604076,0.03226795420050621
1466,9.81776809732599e-05,0.0023965060245245695,0.009933407,0.04895412,0.9987194538116455,0.9648674726486206,0.007524129934608936,0.03139727562665939
1467,9.499798728608188e-05,0.0024558152072131634,0.009733921,0.049556185,0.9987704157829285,0.963998019695282,0.0075562987476587296,0.03196373209357262
1468,0.00013666944902400826,0.002275248756632209,0.01164742,0.047699567,0.9982394576072693,0.9666451215744019,0.008814373053610325,0.030496133491396904
1469,9.948342234234919e-05,0.002373137278482318,0.009987531,0.048714858,0.9987055063247681,0.9652100801467896,0.007629317231476307,0.03147922828793526
1470,0.00012077820511794098,0.002446427009999752,0.010957287,0.049461372,0.9984418749809265,0.9641356468200684,0.008136768825352192,0.03223773464560509
1471,0.00011067692023723133,0.0024955032858997583,0.010530406,0.049955014,0.998560905456543,0.9634162187576294,0.007990371435880661,0.03232884779572487
1472,0.0001161153170621467,0.0024917633272707462,0.010789128,0.049917564,0.9984893202781677,0.9634710550308228,0.008153712376952171,0.03128757327795029
1473,8.614126504240134e-05,0.0023803338408470154,0.009263149,0.048788667,0.9988864660263062,0.9651045799255371,0.007124357856810093,0.031053172424435616
1474,8.984824059800964e-05,0.0024478870909661055,0.00950034,0.049476128,0.9988287091255188,0.964114248752594,0.0072623360902071,0.0319540910422802
1475,0.00011595522102487104,0.002627954352647066,0.010757029,0.05126358,0.9984983205795288,0.9614744782447815,0.008066038601100445,0.03233734518289566
1476,0.00016391269309679046,0.002591742668300867,0.012786315,0.05090916,0.9978783130645752,0.9620053172111511,0.00943848118185997,0.03304420784115791
1477,0.00014549597141343509,0.0026001615915447474,0.012028484,0.05099178,0.9981223344802856,0.9618819355964661,0.008997758850455284,0.03221101313829422
1478,0.0001264642593345012,0.0025288781616836786,0.011269185,0.05028795,0.9983519315719604,0.9629269242286682,0.008556774817407131,0.03172759339213371
1479,9.868864733355373e-05,0.0023886749986559153,0.009925737,0.048874073,0.9987214803695679,0.964982271194458,0.007589746732264757,0.030630405992269516
1480,0.00011151573661746542,0.002423057099804282,0.01055994,0.04922456,0.9985528588294983,0.9644782543182373,0.007943193428218365,0.031212663277983665
1481,9.95263170890129e-05,0.002507410943508148,0.009966237,0.050074056,0.9987109899520874,0.9632416367530823,0.0075980969704687595,0.03178589791059494
1482,0.00013094324987667443,0.002401018748059869,0.011095127,0.049000192,0.9984024167060852,0.9648013114929199,0.008136766962707043,0.03158527612686157
1483,0.00017424631170632148,0.002481942530721426,0.013188343,0.049819097,0.997742772102356,0.9636150002479553,0.009872893802821636,0.03234437108039856
1484,0.00013663514850618824,0.0025656060315668583,0.011718493,0.05065181,0.9982178807258606,0.9623885154724121,0.00871548056602478,0.03178148716688156
1485,0.00011210548539317891,0.002471291460096836,0.010539313,0.049712084,0.998558521270752,0.9637711644172668,0.007935159839689732,0.03082635998725891
1486,0.00012990469688454388,0.0024297351483255625,0.01141777,0.049292345,0.9983081817626953,0.9643803834915161,0.008632376790046692,0.03101436235010624
1487,0.00010170072048574433,0.002386469393968582,0.01006141,0.0488515,0.9986862540245056,0.965014636516571,0.007561616133898497,0.031022805720567703
1488,0.0001398280543402176,0.0023914570920169353,0.011843912,0.048902526,0.99817955493927,0.9649415016174316,0.00893453136086464,0.03162045776844025
1489,0.00011235729305719195,0.0023469289299100637,0.010615348,0.048445113,0.9985376000404358,0.9655942916870117,0.007922048680484295,0.031027231365442276
1490,0.00010327222166365986,0.002393632661551237,0.010132863,0.048924766,0.9986675381660461,0.9649096131324768,0.007678573485463858,0.03089359775185585
1491,9.818197345752692e-05,0.0025569687131792307,0.009885822,0.050566472,0.9987317323684692,0.962515115737915,0.007418633904308081,0.032587986439466476
1492,9.91379608670038e-05,0.002446971135213971,0.009940647,0.04946687,0.9987176060676575,0.9641276597976685,0.007578147109597921,0.031495656818151474
1493,0.00010525419301385145,0.0024771839380264282,0.010221499,0.049771316,0.9986441135406494,0.9636847972869873,0.0077537065371870995,0.0316026471555233
1494,9.588014588437297e-05,0.002338939346373081,0.009750398,0.048362583,0.9987662434577942,0.9657114148139954,0.0074260784313082695,0.031431298702955246
1495,0.00012070968626754951,0.0024724388495087624,0.010981386,0.049723625,0.9984350204467773,0.9637543559074402,0.008419797755777836,0.03152056038379669
1496,0.0001252618970862717,0.00242405291646719,0.011053562,0.049234673,0.9984143972396851,0.9644636511802673,0.008235588669776917,0.031123295426368713
1497,0.00010846048065683466,0.0024088744539767504,0.0103874635,0.049080286,0.9985997080802917,0.9646861553192139,0.007905298843979836,0.030943024903535843
1498,0.00011439239328451963,0.002395263407379389,0.010671883,0.04894143,0.9985219836235046,0.9648857116699219,0.007800614926964045,0.03103085607290268
1499,0.00010213011773885228,0.00235646590590477,0.010047272,0.048543446,0.9986899495124817,0.9654544591903687,0.007607704494148493,0.030580593273043633
1500,0.00012738319326837717,0.00240308977663517,0.01131156,0.04902132,0.9983395338058472,0.9647709727287292,0.0084797078743577,0.0320117250084877
1501,0.00012265269039992498,0.0024401280097663403,0.010973006,0.04939765,0.9984374046325684,0.9642280340194702,0.0084937559440732,0.031963564455509186
1502,0.00012146120802340606,0.0023772139102220535,0.010998198,0.04875668,0.9984302520751953,0.9651502966880798,0.008438142016530037,0.03085574321448803
1503,0.00011923019800716165,0.0023815669119358063,0.010886189,0.0488013,0.9984620213508606,0.9650865197181702,0.008361149579286575,0.030607212334871292
1504,0.0001286724387186537,0.0023456618655472994,0.0113579165,0.048432037,0.9983258843421936,0.9656128883361816,0.008710432797670364,0.03168642148375511
1505,0.00010803267402727876,0.002395263174548745,0.010416065,0.048941426,0.9985920190811157,0.9648857116699219,0.007968771271407604,0.031140264123678207
1506,0.00010444812604956414,0.002409092616289854,0.010194569,0.049082506,0.9986512660980225,0.9646829962730408,0.007582563906908035,0.031269244849681854
1507,0.00010746833107656461,0.0025463502388447523,0.010325907,0.050461374,0.9986162781715393,0.9626708030700684,0.007713714148849249,0.032119013369083405
1508,9.165163349032149e-05,0.002395239658653736,0.009556877,0.048941184,0.9988147020339966,0.9648860692977905,0.0072100781835615635,0.031451255083084106
1509,9.469462152496403e-05,0.002433865098282695,0.009689699,0.049334217,0.9987815618515015,0.9643198251724243,0.007321933284401894,0.030590061098337173
1510,9.303994044206443e-05,0.0022074508015066385,0.009577638,0.046983518,0.9988095760345459,0.9676390290260315,0.007288640830665827,0.03018895536661148
1511,0.00010372671319849111,0.002409133827313781,0.010194282,0.04908293,0.9986513257026672,0.9646823406219482,0.007695427630096674,0.0314500667154789
1512,0.00011394873002824501,0.002292423276230693,0.010603154,0.047879256,0.998540997505188,0.9663933515548706,0.008018304593861103,0.030970968306064606
1513,0.00010129934955991551,0.0023525774013251066,0.010067107,0.048503373,0.9986847639083862,0.9655115008354187,0.007654126733541489,0.031072787940502167
1514,9.888652824553323e-05,0.002378663280978799,0.009927264,0.048771545,0.9987210631370544,0.9651290774345398,0.007647737395018339,0.03210378438234329
1515,9.725816711248957e-05,0.002299828687682748,0.00982958,0.04795653,0.9987460970878601,0.9662847518920898,0.007579541765153408,0.030922316014766693
1516,8.87565471533559e-05,0.0023196313995867968,0.0093808295,0.048162553,0.9988579750061035,0.9659944772720337,0.00722199771553278,0.031197281554341316
1517,0.00010093032059640709,0.002350190421566367,0.01001225,0.048478764,0.9986990690231323,0.9655464887619019,0.007641196250915527,0.030593806877732277
1518,0.00011640170553371057,0.0023572430945932865,0.010807077,0.048551448,0.9984843134880066,0.9654430747032166,0.008133242838084698,0.031768154352903366
1519,0.00010862674786370586,0.0022989388089627028,0.010382272,0.04794725,0.9986011385917664,0.9662978053092957,0.0077988095581531525,0.030500024557113647
1520,9.127922451377593e-05,0.002230586251243949,0.009550395,0.047229085,0.9988163113594055,0.9672998785972595,0.0072563039138913155,0.03070531226694584
1521,9.605819055154412e-05,0.0023587632458657026,0.009798839,0.0485671,0.9987539649009705,0.9654207825660706,0.007424888666719198,0.03086603246629238
1522,0.00011694904920163522,0.0023939970415085554,0.010803974,0.04892849,0.9984852075576782,0.964904248714447,0.008118429221212864,0.03148402273654938
1523,0.00010651123970588246,0.0024180328473448753,0.010316078,0.049173497,0.9986189007759094,0.9645519256591797,0.007855027914047241,0.031875599175691605
1524,0.00011108342600478367,0.0023777903988957405,0.010543964,0.048762593,0.9985572099685669,0.9651418328285217,0.007997486740350723,0.030808554962277412
1525,0.00012050958751139909,0.0023670250084251165,0.010895702,0.04865208,0.9984593391418457,0.965299665927887,0.008229466155171394,0.032003793865442276
1526,0.0001245141651121561,0.0022613464388996363,0.011153251,0.047553618,0.9983856678009033,0.9668489098548889,0.008406619541347027,0.03009478561580181
1527,9.466575118660165e-05,0.002261130837723613,0.009686952,0.04755135,0.998782217502594,0.966852068901062,0.007465270347893238,0.030809786170721054
1528,9.756015622935428e-05,0.0023619444109499454,0.0098921815,0.04859984,0.9987300634384155,0.9653741717338562,0.007426699623465538,0.030792204663157463
1529,8.748728015978651e-05,0.0026409325655549765,0.00934473,0.051390003,0.9988667368888855,0.9612842202186584,0.006997217889875174,0.0319388285279274
1530,0.00015482627317065965,0.0023896703496575356,0.01240866,0.048884254,0.9980018138885498,0.9649677276611328,0.00829298235476017,0.03130292892456055
1531,0.0001814253565416121,0.0022521757055073977,0.013293728,0.047457095,0.9977065920829773,0.9669833779335022,0.009536745958030224,0.03080940432846546
1532,0.00040210566228118046,0.0038798281457275152,0.020108623,0.06228827,0.9947524666786194,0.943122148513794,0.009615891613066196,0.03539799153804779
1533,0.0004697692301388915,0.0026036500930786133,0.021790598,0.051025975,0.9938378930091858,0.9618307948112488,0.012754365801811218,0.03274073451757431
1534,0.00034273433927658266,0.002903440734371543,0.018419776,0.053883582,0.9955968856811523,0.9574359059333801,0.01271594874560833,0.0340779647231102
1535,0.00024338538919850677,0.0027118960861116648,0.015608873,0.05207587,0.9968382120132446,0.9602439403533936,0.011264813132584095,0.032882023602724075
1536,0.00021795874536937018,0.002876958576962352,0.01470329,0.05363729,0.9971944093704224,0.9578241109848022,0.01067268755286932,0.03361765295267105
1537,0.00021038574645486236,0.0025967713445425034,0.014555445,0.05095853,0.9972505569458008,0.9619316458702087,0.010769982822239399,0.032561659812927246
1538,0.0001531649074670647,0.002446813741698861,0.012399463,0.04946528,0.9980047345161438,0.9641299843788147,0.00921183917671442,0.031802091747522354
1539,0.00013411411055130884,0.0024408106692135334,0.0115735,0.049404565,0.9982616901397705,0.964218020439148,0.008389202877879143,0.03155974671244621
1540,0.00012835682156781496,0.0026570202317088842,0.011230491,0.05154629,0.998363196849823,0.9610483646392822,0.008459795266389847,0.03362908586859703
1541,0.00013066232052303596,0.0025265368167310953,0.011456867,0.050264668,0.9982965588569641,0.9629612565040588,0.00867207907140255,0.031875573098659515
1542,0.00014593628227223897,0.0025197614450007677,0.012096849,0.05019722,0.9981009364128113,0.9630606174468994,0.009251553565263748,0.032111864537000656
1543,0.00011831867728191851,0.0025302802678197622,0.010900896,0.05030189,0.9984579086303711,0.9629063606262207,0.0081837372854352,0.03254139423370361
1544,0.00011617311015883884,0.002541534835472703,0.010756424,0.05041364,0.9984984993934631,0.9627413749694824,0.008086849935352802,0.03195886313915253
1545,0.00014105462171507745,0.0024705419782549143,0.011897646,0.049704548,0.9981629848480225,0.9637821316719055,0.008902880363166332,0.03193590044975281
1546,0.00012669555673545057,0.0023326249793171883,0.011211372,0.04829726,0.9983687996864319,0.9658039808273315,0.008476261049509048,0.03106474131345749
1547,0.0001494813854647377,0.002399974502623081,0.012233893,0.048989534,0.9980576634407043,0.9648166298866272,0.009095401503145695,0.031937383115291595
1548,0.00011490874782215211,0.0023744364734739065,0.010671498,0.04872819,0.9985221028327942,0.9651910066604614,0.008100670762360096,0.030481789261102676
1549,0.00011768458187527193,0.002536879386752844,0.010805076,0.050367445,0.9984849095344543,0.9628096222877502,0.00823371671140194,0.031828586012125015
1550,0.00011739607196597552,0.0025986875407397747,0.010829841,0.050977327,0.9984779357910156,0.9619035124778748,0.008162155747413635,0.03266047313809395
1551,0.00012699274950798346,0.002524381270632148,0.0112747215,0.050243225,0.9983503222465515,0.9629928469657898,0.008545656688511372,0.03147447854280472
1552,0.0001242349803347183,0.00242143333889544,0.011130334,0.049208064,0.9983922839164734,0.9645020365715027,0.008533153682947159,0.031589575111866
1553,0.00011770183019424704,0.0026084526907652617,0.010734965,0.05107301,0.9985044598579407,0.961760401725769,0.008105008862912655,0.032331209629774094
1554,0.00014611556484438054,0.002574942074716091,0.012081272,0.050743885,0.9981058239936829,0.9622516632080078,0.009031286463141441,0.03255043551325798
1555,0.00010165274546703917,0.0023669428192079067,0.010036247,0.048651237,0.9986928105354309,0.9653009176254272,0.007700408808887005,0.03165691718459129
1556,0.0001300307793082373,0.0024269737768918276,0.011269459,0.049264327,0.9983518719673157,0.9644208550453186,0.008491349406540394,0.03093884326517582
1557,0.00013250235199600203,0.0026633250527083874,0.0114855375,0.05160741,0.9982880353927612,0.9609559774398804,0.00869062077254057,0.03395833075046539
1558,0.0001490574891663114,0.0023607320617884398,0.012232671,0.048587367,0.9980580806732178,0.9653919339179993,0.009281654842197895,0.031206730753183365
1559,0.00011324874900641258,0.0026279555168002844,0.010607338,0.05126359,0.9985398054122925,0.9614744782447815,0.00798223726451397,0.03343974053859711
1560,0.00013560489771242084,0.0025050733238458633,0.011571389,0.050050713,0.998262345790863,0.9632759094238281,0.008711553178727627,0.03167303279042244
1561,0.00012251727490696464,0.0023382517974823713,0.011086614,0.048355475,0.9984049201011658,0.9657214879989624,0.008271778002381325,0.031149430200457573
1562,0.000120080256072635,0.002595615806058049,0.010962003,0.050947186,0.9984405636787415,0.961948573589325,0.008402143605053425,0.03290100768208504
1563,9.730954347601669e-05,0.0025803991593420506,0.009857274,0.05079763,0.9987390041351318,0.9621716141700745,0.00742357037961483,0.03242087736725807
1564,0.00012784881883734752,0.0023362147621810436,0.011313419,0.04833441,0.9983389377593994,0.9657513499259949,0.008643501438200474,0.03053424134850502
1565,0.00011916549159319733,0.002556196181103587,0.010878859,0.05055884,0.9984641075134277,0.9625264406204224,0.008174754679203033,0.03292810171842575
1566,0.0001048659485770093,0.002350016962736845,0.010249988,0.04847697,0.9986365437507629,0.9655489921569824,0.007834558375179768,0.031108319759368896
1567,0.00010124412272654644,0.002388392575085163,0.01005285,0.048871182,0.9986885190010071,0.9649864435195923,0.007673307787626982,0.03153510391712189
1568,0.0001013092399013906,0.0023651381488889456,0.0100753335,0.048632685,0.9986826181411743,0.9653273224830627,0.0077054742723703384,0.031218431890010834
1569,8.175546661897732e-05,0.0023580999113619328,0.009035349,0.048560265,0.9989405274391174,0.9654305577278137,0.006949013564735651,0.0316486656665802
1570,9.604209877910431e-05,0.0023050177842378616,0.009802268,0.0480106,0.9987530708312988,0.9662086963653564,0.007538327015936375,0.03169451653957367
1571,0.00010198366131093776,0.0024266415275633335,0.010049405,0.04926095,0.9986894130706787,0.9644256830215454,0.007582902442663908,0.03205641731619835
1572,9.832644784844227e-05,0.002432254608720541,0.0099054985,0.049317893,0.9987266659736633,0.9643434286117554,0.007472400553524494,0.03228336200118065
1573,9.380333755292337e-05,0.0024262696970254183,0.009679681,0.049257178,0.998784065246582,0.9644311666488647,0.007484720088541508,0.0311026219278574
1574,0.00010154085248359479,0.0025220003444701433,0.010022285,0.05021952,0.9986964464187622,0.9630277752876282,0.007704572752118111,0.032161254435777664
1575,9.762968858756886e-05,0.002418982330709696,0.009858239,0.049183153,0.9987387657165527,0.9645379781723022,0.007523861713707447,0.031349699944257736
1576,9.021611681832424e-05,0.00245432136580348,0.009440006,0.04954111,0.9988435506820679,0.9640199542045593,0.007093101739883423,0.03140850365161896
1577,0.0001053030748814556,0.0024652378633618355,0.010296155,0.049651165,0.9986242651939392,0.9638599157333374,0.00745521392673254,0.032197993248701096
1578,0.000106920626256562,0.0023381486535072327,0.010333002,0.048354406,0.9986143708229065,0.9657230377197266,0.0076025426387786865,0.030960287898778915
1579,9.423812893642621e-05,0.002332070143893361,0.009677054,0.04829151,0.9987847208976746,0.965812087059021,0.0074022794142365456,0.03061004914343357
1580,0.0001026714154167249,0.0023725791834294796,0.010145173,0.04870913,0.9986643195152283,0.9652182459831238,0.007745093200355768,0.03155963495373726
1581,0.00011782927603317975,0.002305580535903573,0.01083921,0.048016462,0.9984753131866455,0.9662004709243774,0.008274807594716549,0.03150532767176628
1582,0.00011074023843155538,0.0023044885601848364,0.010467733,0.048005093,0.9985780119895935,0.9662164449691772,0.0078774094581604,0.031067438423633575
1583,0.00012281562488748352,0.0024487259797751904,0.011110925,0.049484603,0.9983978867530823,0.9641019701957703,0.008474166505038738,0.032275132834911346
1584,0.00014086981371457858,0.0023425212129950523,0.011867284,0.048399597,0.9981723427772522,0.9656589031219482,0.00877645704895258,0.031254325062036514
1585,0.00011892540582762608,0.002318604849278927,0.010745882,0.048151895,0.9985014200210571,0.9660094976425171,0.00814630463719368,0.03130992501974106
1586,9.932389862528494e-05,0.0023592018987983465,0.0098524215,0.048571616,0.9987402558326721,0.9654143452644348,0.007541398983448744,0.03169641271233559
1587,0.00013814216965163888,0.002400401746854186,0.0117433015,0.048993897,0.9982103109359741,0.9648103713989258,0.00898555014282465,0.031024379655718803
1588,0.00012339346821218814,0.002529611811041832,0.011095725,0.050295245,0.9984022974967957,0.9629161953926086,0.007983243092894554,0.03337821364402771
1589,0.00011572778021218255,0.0023667942732572556,0.010740038,0.04864971,0.9985030889511108,0.9653030633926392,0.008182474412024021,0.03092896193265915
1590,0.0001036026481994089,0.0022725362796336412,0.0101413205,0.047671128,0.9986653327941895,0.966684877872467,0.007483374793082476,0.030631767585873604
1591,9.462589266397778e-05,0.0023751386906951666,0.00971207,0.048735395,0.9987758994102478,0.9651807546615601,0.007422442547976971,0.031581707298755646
1592,0.00010230523565207312,0.0022627969738096,0.01008146,0.047568865,0.9986810088157654,0.9668276309967041,0.007627973798662424,0.03044896572828293
1593,9.838134064921178e-05,0.002278766594827175,0.009916689,0.04773643,0.9987238049507141,0.9665935635566711,0.00745996180921793,0.030920889228582382
1594,9.523670318726958e-05,0.0023493405897170305,0.009762174,0.048469998,0.9987632632255554,0.9655589461326599,0.0074650878086686134,0.03158717602491379
1595,9.27347517228389e-05,0.0023079749662429094,0.009545702,0.04804139,0.998817503452301,0.9661653637886047,0.0072674923576414585,0.030847519636154175
1596,0.00011228576245643622,0.0023657670244574547,0.010608585,0.048639152,0.9985395073890686,0.9653181433677673,0.008144313469529152,0.030764952301979065
1597,8.931763808174186e-05,0.0024783529806882143,0.009428304,0.04978306,0.9988464117050171,0.963667631149292,0.007226244546473026,0.03164539858698845
1598,8.935641149450517e-05,0.0023071609903126955,0.009426927,0.048032917,0.998846709728241,0.9661772847175598,0.007241849787533283,0.030598361045122147
1599,9.638187839300372e-05,0.0022485265508294106,0.009815663,0.047418628,0.9987496733665466,0.9670368432998657,0.007371625397354364,0.03099818527698517
1600,0.00011322866240251724,0.002328641479834914,0.010677215,0.048256,0.99852055311203,0.9658623933792114,0.00802711769938469,0.030451815575361252
1601,0.00010241776081701656,0.0023298515006899834,0.01010739,0.048268534,0.998674213886261,0.9658446311950684,0.00763087859377265,0.03103540651500225
1602,9.620518308524466e-05,0.0024164600763469934,0.009815832,0.049157504,0.9987496137619019,0.9645749926567078,0.007588558830320835,0.03095107153058052
1603,8.159442851055329e-05,0.0025031527038663626,0.009007959,0.05003152,0.9989469647407532,0.9633040428161621,0.006928865797817707,0.03158397227525711
1604,8.230234793286813e-05,0.0025050099939107895,0.009066257,0.050050076,0.9989333152770996,0.9632768630981445,0.006880767177790403,0.032352350652217865
1605,8.393923698432363e-05,0.0023725831415504217,0.009153828,0.04870917,0.9989125728607178,0.965218186378479,0.007184716407209635,0.030958058312535286
1606,9.440166782455476e-05,0.002390922512859106,0.009732311,0.04889706,0.9987707734107971,0.964949369430542,0.007293110713362694,0.030682776123285294
1607,0.00010163091594056988,0.0024302469100803137,0.010087801,0.049297534,0.9986793398857117,0.9643728733062744,0.007577545940876007,0.03206592798233032
1608,8.134787243431096e-05,0.0024595323484390974,0.008974218,0.049593676,0.9989548325538635,0.9639435410499573,0.006894820835441351,0.0313391387462616
1609,8.548161829160314e-05,0.002391473390161991,0.009253587,0.048902694,0.9988887310028076,0.9649412631988525,0.007143561728298664,0.031005704775452614
1610,7.984089461388066e-05,0.00246625323779881,0.008903931,0.049661387,0.998971164226532,0.9638450145721436,0.006842632312327623,0.031574003398418427
1611,0.00011715236409641379,0.0023163065779954195,0.010797794,0.04812802,0.9984869360923767,0.96604323387146,0.008305910043418407,0.030471473932266235
1612,0.00011264393403755754,0.0024919870775192976,0.010620919,0.049919806,0.9985361099243164,0.9634677767753601,0.008055301383137703,0.03140714019536972
1613,8.336414281405847e-05,0.00243588094599545,0.009127416,0.049354646,0.9989188313484192,0.9642902612686157,0.006958827842026949,0.03137015923857689
1614,8.055540721133266e-05,0.002258879831060767,0.008963553,0.047527675,0.9989573359489441,0.9668850898742676,0.006778172682970762,0.030839284881949425
1615,7.53712492124495e-05,0.002415912924334407,0.008683423,0.04915194,0.9990214705467224,0.9645829796791077,0.006609626114368439,0.03164542838931084
1616,7.616541254471734e-05,0.0024276450276374817,0.008696366,0.049271137,0.9990185499191284,0.9644110202789307,0.006635190453380346,0.030638882890343666
1617,9.419707351877481e-05,0.002459559589624405,0.009671695,0.049593948,0.9987860918045044,0.9639431238174438,0.007368125021457672,0.03228107467293739
1618,8.519700333470774e-05,0.0025645631831139326,0.009223724,0.050641518,0.9988958835601807,0.9624037742614746,0.0069738393649458885,0.0332217700779438
1619,0.00010387643355484629,0.0023011446464806795,0.010181499,0.047970247,0.9986547231674194,0.9662654995918274,0.007546919398009777,0.03025464341044426
1620,8.825390118131922e-05,0.002304474823176861,0.009383574,0.048004948,0.998857319355011,0.9662166833877563,0.007064375560730696,0.03098139725625515
1621,0.00010243697744788898,0.002403277438133955,0.010112991,0.049023237,0.9986727833747864,0.9647682309150696,0.007786447647958994,0.030912451446056366
1622,8.164558676071465e-05,0.0023740502074360847,0.009041094,0.048724227,0.9989392161369324,0.9651966691017151,0.0069984328001737595,0.031403202563524246
1623,0.00010055241827186282,0.0024544482585042715,0.010027326,0.04954239,0.9986951351165771,0.9640180468559265,0.007446374278515577,0.03137888014316559
1624,0.00011735186589331451,0.0024504277389496565,0.010831034,0.04950179,0.998477578163147,0.9640769958496094,0.008232266642153263,0.0319540873169899
1625,0.00012417347864935766,0.002394256414845586,0.011074622,0.04893114,0.998408317565918,0.9649004936218262,0.008451974019408226,0.03065689280629158
1626,0.00013689707140491174,0.00226143398322165,0.011670369,0.047554538,0.9982324838638306,0.9668476581573486,0.008783779107034206,0.030649900436401367
1627,0.00011496905062813312,0.0022875017020851374,0.010657831,0.047827832,0.9985259175300598,0.9664654731750488,0.00805600918829441,0.03027559630572796
1628,9.144265938878313e-05,0.00239220610819757,0.009539901,0.048910186,0.9988189339637756,0.964930534362793,0.007302211131900549,0.030853336676955223
1629,8.360665213496594e-05,0.002494139363989234,0.009121063,0.04994136,0.9989203810691833,0.9634361863136292,0.007008139044046402,0.03156229853630066
1630,0.00010260193332876291,0.002566554117947817,0.010125141,0.05066117,0.9986695647239685,0.9623746275901794,0.007628289051353931,0.033226072788238525
1631,0.00010630219069505323,0.0023971120826900005,0.010298852,0.048960313,0.9986235499382019,0.9648585915565491,0.007765612099319696,0.030936241149902344
1632,0.00010076816612457729,0.002405870007351041,0.010015727,0.049049668,0.9986981749534607,0.9647302031517029,0.007595853414386511,0.031411174684762955
1633,8.073291577271779e-05,0.002405457431450486,0.008962344,0.049045462,0.9989575743675232,0.96473628282547,0.006896451581269503,0.03134928643703461
1634,9.09137525013648e-05,0.002444961341097951,0.009566007,0.04944655,0.9988124370574951,0.9641571640968323,0.007243410684168339,0.031115107238292694
1635,8.293450313927183e-05,0.002469523111358285,0.00911349,0.049694296,0.9989221692085266,0.9637970924377441,0.006859895307570696,0.03235813230276108
1636,8.446465554615398e-05,0.0024093701504170895,0.0091903815,0.049085334,0.9989038705825806,0.9646788835525513,0.007033567409962416,0.03112661838531494
1637,8.586209002136125e-05,0.002446092665195465,0.009256679,0.04945799,0.9988880157470703,0.9641405344009399,0.007088010665029287,0.031125107780098915
1638,8.327001871128397e-05,0.0025144892279058695,0.009140743,0.05014468,0.9989156723022461,0.9631378650665283,0.007024920545518398,0.03226280212402344
1639,7.839392260807058e-05,0.0025137909688055515,0.00884015,0.05013772,0.9989858269691467,0.9631481170654297,0.006748143117874861,0.031568512320518494
1640,7.987789219689809e-05,0.002430696738883853,0.008934861,0.0493021,0.9989640116691589,0.9643662571907043,0.006851947400718927,0.031129015609622
1641,9.365841337553734e-05,0.0024990830570459366,0.009685077,0.04999083,0.9987826943397522,0.9633637070655823,0.007312037516385317,0.031438492238521576
1642,0.00012028786196341653,0.0024686052929610014,0.010985346,0.04968506,0.9984338879585266,0.9638105034828186,0.008216913789510727,0.032274890691041946
1643,9.875068710905246e-05,0.002458656206727028,0.009849799,0.04958484,0.9987409114837646,0.963956356048584,0.0075234342366456985,0.031515829265117645
1644,9.170974623306061e-05,0.0024482132866978645,0.009547926,0.04947942,0.9988169074058533,0.964109480381012,0.0073095387779176235,0.03168340399861336
1645,0.00010384857887402177,0.0023841867223381996,0.010181581,0.048828136,0.9986546635627747,0.96504807472229,0.007736275438219309,0.031096216291189194
1646,8.846063908342991e-05,0.0024041151627898216,0.009323364,0.04903178,0.998871922492981,0.9647559523582458,0.0071168276481330395,0.03164593502879143
1647,9.616239946229722e-05,0.0022281522396951914,0.009694081,0.04720331,0.9987804293632507,0.9673355221748352,0.007316902279853821,0.030118679627776146
1648,9.220012378302107e-05,0.0022697774693369865,0.0095556,0.047642183,0.9988150596618652,0.9667253494262695,0.007348285987973213,0.03070293366909027
1649,0.00010697425783622417,0.002409382490441203,0.0103634205,0.04908546,0.9986062049865723,0.9646787047386169,0.007952405139803886,0.031307145953178406
1650,8.87644395830152e-05,0.0023013248573988676,0.009413815,0.047972124,0.9988499283790588,0.9662628173828125,0.00719913374632597,0.030174968764185905
1651,8.18861811818682e-05,0.0023214411921799183,0.009062977,0.048181336,0.9989340305328369,0.9659679532051086,0.006882456596940756,0.030792364850640297
1652,8.30901598502268e-05,0.0023529401514679193,0.0091073755,0.048507117,0.9989235997200012,0.9655061364173889,0.007011652458459139,0.030771976336836815
1653,9.011427193234505e-05,0.0023435610346496105,0.009514596,0.04841034,0.998825192451477,0.9656436443328857,0.007231026887893677,0.030659709125757217
1654,9.118508817416362e-05,0.0021850878838449717,0.009545864,0.046744924,0.9988174438476562,0.9679668545722961,0.00739867752417922,0.030937762930989265
1655,8.31914014931747e-05,0.0023991211783140898,0.009112691,0.048980825,0.9989223480224609,0.96482914686203,0.0069800689816474915,0.0310896597802639
1656,8.026451541809365e-05,0.0022954947780817747,0.008955078,0.047911324,0.9989593029022217,0.9663482904434204,0.006928053218871355,0.030745835974812508
1657,7.74795705431395e-05,0.002429063431918621,0.008783057,0.04928553,0.9989988803863525,0.964390218257904,0.006676223129034042,0.030809776857495308
1658,0.00010050437198184558,0.002260515931993723,0.009996693,0.04754488,0.998703122138977,0.9668610692024231,0.007610655389726162,0.03064090758562088
1659,8.098548228603745e-05,0.0023025458212941885,0.009025936,0.04798485,0.9989427328109741,0.9662449359893799,0.0069373371079564095,0.030805200338363647
1660,8.330111913065511e-05,0.0023751608096063137,0.009121037,0.048735622,0.9989203810691833,0.9651803970336914,0.007037122268229723,0.030733231455087662
1661,7.252031669354024e-05,0.002190633676946163,0.008509879,0.04680421,0.9990602135658264,0.9678855538368225,0.006414123810827732,0.03017091006040573
1662,8.143495770954442e-05,0.0023205706384032965,0.008994242,0.0481723,0.998950183391571,0.9659807085990906,0.006841761525720358,0.03118358552455902
1663,9.188201147480868e-05,0.0023421437945216894,0.009472127,0.0483957,0.9988356232643127,0.9656644463539124,0.0072028120048344135,0.030960720032453537
1664,0.0001653178184245586,0.002379797399044037,0.012886133,0.04878317,0.9978450536727905,0.9651124477386475,0.009525422006845474,0.031427185982465744
1665,9.861273362978615e-05,0.002276713028550148,0.009893776,0.047714915,0.9987296462059021,0.9666236639022827,0.007505006156861782,0.031021220609545708
1666,8.611374042547223e-05,0.002211617073044181,0.009259666,0.047027834,0.998887300491333,0.9675779342651367,0.007118297275155783,0.030414851382374763
1667,9.29884200476491e-05,0.0024033761583268642,0.009628532,0.04902424,0.9987968802452087,0.964766800403595,0.007321195676922798,0.031274791806936264
1668,8.236765676305036e-05,0.002402910031378269,0.009071804,0.049019486,0.9989320039749146,0.9647735953330994,0.006937025580555201,0.03102298453450203
1669,8.682562772512689e-05,0.0023690531961619854,0.009294104,0.048672922,0.9988790154457092,0.965269923210144,0.007149096112698317,0.030862851068377495
1670,0.00010157100702847607,0.0024977358989417553,0.009998751,0.04997735,0.9987025856971741,0.9633834958076477,0.0076677268370985985,0.03158990666270256
1671,0.00010381651703606953,0.002336187055334449,0.01020539,0.048334118,0.9986484050750732,0.9657517671585083,0.007753818761557341,0.03135481849312782
1672,0.00011410178889160638,0.002411401132121682,0.010700022,0.04910602,0.9985141754150391,0.9646491408348083,0.007998576387763023,0.031294096261262894
1673,0.00010843726076101038,0.0023596833925694227,0.010433605,0.048576575,0.9985872507095337,0.9654073119163513,0.007853294722735882,0.03187776356935501
1674,0.00010491119643451053,0.0024916534312069416,0.010230312,0.04991647,0.9986417889595032,0.9634726643562317,0.00778680806979537,0.033330824226140976
1675,0.00011742115979855457,0.0022186010610312223,0.010839968,0.047102027,0.9984750747680664,0.9674755334854126,0.008365093730390072,0.030903222039341927
1676,9.822703643955968e-05,0.002396881114691496,0.0099204825,0.04895795,0.9987227916717529,0.9648619890213013,0.007567120250314474,0.03147564455866814
1677,0.00011595462208126925,0.0022435239516198635,0.010652817,0.04736585,0.9985272884368896,0.9671102166175842,0.007984286174178123,0.030835801735520363
1678,9.767119362632829e-05,0.0025546043179929256,0.009831922,0.050543092,0.9987455010414124,0.9625498056411743,0.007380164228379726,0.03223446011543274
1679,9.38784656186313e-05,0.002474037231877446,0.009699683,0.049739696,0.9987789988517761,0.9637308716773987,0.007407646160572767,0.032187484204769135
1680,7.923103525668425e-05,0.0023976622615009546,0.008898534,0.04896593,0.9989724159240723,0.9648505449295044,0.006832719314843416,0.03099767677485943
1681,9.214725039121483e-05,0.002525280462577939,0.009599587,0.05025217,0.9988040924072266,0.9629796743392944,0.007253201212733984,0.03231603279709816
1682,9.322444450597025e-05,0.0024072008673101664,0.009640183,0.04906323,0.9987939596176147,0.9647107124328613,0.007435340899974108,0.03128618746995926
1683,8.07606133590029e-05,0.002472160616889596,0.008983592,0.049720827,0.9989526271820068,0.9637584090232849,0.006958918645977974,0.032178327441215515
1684,9.81068159572632e-05,0.0024832922499626875,0.009870613,0.049832642,0.9987356066703796,0.9635952115058899,0.007471395190805197,0.03178275749087334
1685,8.985254498838913e-05,0.0024310487788170576,0.009467311,0.049305666,0.9988368153572083,0.9643610715866089,0.007170326542109251,0.03161424770951271
1686,9.940107718813869e-05,0.0024825260043144226,0.009958868,0.049824953,0.9987128973007202,0.9636064767837524,0.007563895080238581,0.032856255769729614
1687,0.0001183632774138294,0.0024596478324383497,0.010889178,0.04959484,0.9984611868858337,0.9639418721199036,0.00805620476603508,0.03129618242383003
1688,0.00010823123672955923,0.0023783035576343536,0.01034839,0.048767854,0.998610258102417,0.96513432264328,0.007782255299389362,0.03083954192698002
1689,0.00010292772441806102,0.0023688378278166056,0.010169629,0.048670705,0.9986578226089478,0.9652731418609619,0.00770461093634367,0.0304945707321167
1690,9.870113486117175e-05,0.0023129561450332403,0.009936184,0.0480932,0.9987187385559082,0.9660923480987549,0.007594279479235411,0.030854178592562675
1691,9.798608450430699e-05,0.002467178273946047,0.009890645,0.0496707,0.998730480670929,0.9638314247131348,0.007469551637768745,0.03174435347318649
1692,8.895350038073957e-05,0.002346108667552471,0.009444176,0.048436645,0.9988424777984619,0.9656063318252563,0.007159461732953787,0.030878139659762383
1693,7.576542057821908e-05,0.002319255843758583,0.008716505,0.048158653,0.9990140199661255,0.965999960899353,0.006695189047604799,0.030666382983326912
1694,7.98413367936684e-05,0.0022131374571472406,0.008870731,0.047043994,0.9989787936210632,0.9675556421279907,0.006742671597748995,0.030341042205691338
1695,8.547772631573025e-05,0.0023410676512867212,0.009212436,0.048384584,0.9988986253738403,0.9656802415847778,0.007006202358752489,0.030591841787099838
1696,8.207132519931871e-05,0.0024390725884586573,0.009019245,0.049386967,0.9989443421363831,0.964243471622467,0.006937061436474323,0.031724750995635986
1697,0.00013857577803057873,0.002337530953809619,0.011477756,0.04834802,0.9982903599739075,0.9657320380210876,0.00833254773169756,0.031049087643623352
1698,0.00015330604880794206,0.0024994935374706984,0.012414527,0.049994934,0.997999906539917,0.96335768699646,0.008606542833149433,0.031827159225940704
1699,0.00016905162721576,0.002491869730874896,0.013018848,0.049918633,0.9978004097938538,0.9634694457054138,0.009149223566055298,0.03218655660748482
1700,0.00012048590360791422,0.0024690728168934584,0.010938625,0.04968977,0.9984471797943115,0.9638036489486694,0.008254548534750938,0.03150290995836258
1701,0.00013468359049346128,0.0023435200564563274,0.011620197,0.048409916,0.9982476830482483,0.9656442403793335,0.008812012150883675,0.03137784078717232
1702,0.00011160238268943927,0.0024805457796901464,0.010566459,0.04980508,0.998551070690155,0.9636355042457581,0.007861660793423653,0.03300560265779495
1703,0.0001180505714728497,0.0024973340332508087,0.010824361,0.04997333,0.9984794855117798,0.9633893966674805,0.008126654662191868,0.03190465644001961
1704,0.0001312728626627094,0.002442359458655119,0.011474731,0.049420234,0.9982912540435791,0.9641953110694885,0.008761194534599781,0.03169598430395126
1705,9.370974492578006e-05,0.0025065243244171143,0.009693288,0.050065205,0.9987806081771851,0.9632546305656433,0.007505802903324366,0.03280125558376312
1706,0.00010370217602361332,0.002411369699984789,0.01015185,0.0491057,0.998662531375885,0.9646496176719666,0.007894258014857769,0.03149520605802536
1707,0.00010990441428889012,0.002424286212772131,0.010463822,0.049237043,0.9985790848731995,0.9644602537155151,0.007923045195639133,0.031390853226184845
1708,8.725776966788213e-05,0.002405803184956312,0.009348219,0.049048986,0.9988659024238586,0.9647312164306641,0.0071342624723911285,0.03132684528827667
1709,8.386236533459106e-05,0.0024675927124917507,0.009117829,0.04967487,0.9989210963249207,0.9638253450393677,0.006910161580890417,0.031329650431871414
1710,8.86590066577562e-05,0.00258428743109107,0.009378075,0.050835885,0.998858630657196,0.9621146321296692,0.007128970697522163,0.032027408480644226
1711,9.958575653647792e-05,0.0023598698899149895,0.00993728,0.048578493,0.9987185001373291,0.9654045701026917,0.007530160713940859,0.03098990023136139
1712,9.124386980891524e-05,0.002451204229146242,0.009527794,0.04950964,0.9988219141960144,0.9640656113624573,0.007314568385481834,0.03149418905377388
1713,8.00984337481416e-05,0.0023721398320049047,0.008908059,0.048704617,0.9989702105522156,0.9652246832847595,0.0068155997432768345,0.031591035425662994
1714,0.00010569518715122037,0.0024292338639497757,0.010285498,0.04928726,0.9986270666122437,0.9643877148628235,0.007734331768006086,0.031246354803442955
1715,0.00010034345078483139,0.0023994280491024256,0.010041163,0.048983958,0.9986915588378906,0.9648246765136719,0.007531261071562767,0.03174078091979027
1716,9.534833357478915e-05,0.0023814719170331955,0.0097250175,0.048800327,0.9987726211547852,0.965087890625,0.007404313422739506,0.031344495713710785
1717,0.00014268472957403654,0.002304208930581808,0.011835011,0.048002176,0.9981822967529297,0.9662205576896667,0.008999256417155266,0.03153850883245468
1718,0.00015032203538629057,0.0023559972178190947,0.01219822,0.048538618,0.9980689883232117,0.9654613733291626,0.009421495720744133,0.03169413283467293
1719,0.00011196655428978953,0.002338184043765068,0.01055681,0.04835477,0.9985536932945251,0.9657225012779236,0.008080296218395233,0.030858773738145828
1720,9.366210377431179e-05,0.002214378211647272,0.009682963,0.04705718,0.9987832307815552,0.9675374627113342,0.007298178970813751,0.03064071573317051
1721,9.924324099715291e-05,0.002398077864199877,0.009984335,0.048970174,0.9987063407897949,0.9648444652557373,0.007550639100372791,0.032079294323921204
1722,0.00010084861886835742,0.0024049081839621067,0.009931855,0.049039867,0.9987198710441589,0.9647443294525146,0.007479166146367788,0.031387198716402054
1723,9.694497632815249e-05,0.0024084746837615967,0.009829346,0.049076214,0.9987461566925049,0.9646920561790466,0.007485753390938044,0.031306419521570206
1724,9.66632648090705e-05,0.0023973595816642046,0.009833474,0.04896284,0.9987450838088989,0.9648549556732178,0.00760419387370348,0.031273193657398224
1725,9.096106127386024e-05,0.002264627255499363,0.009489526,0.047588103,0.9988313317298889,0.9668008089065552,0.007215982768684626,0.030511654913425446
1726,0.00011821767210759307,0.002306749112904072,0.010866907,0.04802863,0.9984675049781799,0.9661833047866821,0.00830782949924469,0.03099873475730419
1727,0.00010799602320978671,0.0024868480395525694,0.010372943,0.049868308,0.9986036419868469,0.9635431170463562,0.007857480086386204,0.03185203671455383
1728,0.00013408355913601224,0.002391886431723833,0.011591863,0.04890692,0.9982562065124512,0.9649351835250854,0.00872469786554575,0.032599493861198425
1729,9.957819003664719e-05,0.00233891187235713,0.010008754,0.0483623,0.998699963092804,0.9657118320465088,0.007562690880149603,0.031368352472782135
1730,0.00012074533068781338,0.0023686422500759363,0.010968071,0.0486687,0.998438835144043,0.9652759432792664,0.008299975655972958,0.031081799417734146
1731,0.0001275493443906519,0.0024167620576918125,0.011320724,0.049160574,0.9983367919921875,0.9645705223083496,0.008318438194692135,0.03099542111158371
1732,0.00011212496346243742,0.0024135105777531862,0.010597088,0.049127493,0.9985426664352417,0.9646182060241699,0.00797743909060955,0.031613729894161224
1733,0.00010103238442256539,0.002514768624678254,0.010030703,0.05014747,0.9986942410469055,0.9631337523460388,0.007755253463983536,0.031409285962581635
1734,0.00010882669084821828,0.00239351368509233,0.010389519,0.04892355,0.9985991716384888,0.9649113416671753,0.007742657326161861,0.031617093831300735
1735,0.00013793839190673845,0.0022898996248841286,0.011774926,0.0478529,0.9982006549835205,0.9664303064346313,0.008874017745256424,0.030370285734534264
1736,0.000137422875427133,0.0024205250665545464,0.0117393145,0.049198832,0.9982115626335144,0.9645153880119324,0.008859408088028431,0.03161628171801567
1737,0.00011342354231270623,0.002174103632569313,0.010591288,0.046627283,0.9985442161560059,0.9681279063224792,0.007980228401720524,0.02992294542491436
1738,0.0001392298707452772,0.0021385657601058483,0.011803996,0.046244632,0.998191773891449,0.9686488509178162,0.00878369715064764,0.030351819470524788
1739,0.00012048875727156305,0.002229968784376979,0.010999027,0.047222547,0.9984300136566162,0.9673088788986206,0.008315810933709145,0.030998095870018005
1740,9.127111744336699e-05,0.0022266185842454433,0.0095530655,0.04718706,0.998815655708313,0.9673580527305603,0.007287879940122366,0.030102737247943878
1741,9.016241032937118e-05,0.0022657362278550863,0.009490846,0.04759975,0.998831033706665,0.9667845964431763,0.007078051101416349,0.030744582414627075
1742,8.289280264183286e-05,0.002323947148397565,0.009098961,0.048207335,0.9989255666732788,0.9659311771392822,0.007020090240985155,0.030410394072532654
1743,0.0001456435585913079,0.0023987062741070986,0.012026528,0.04897659,0.9981229901313782,0.9648352265357971,0.008904434740543365,0.031510721892118454
1744,0.00011099571168994193,0.002384775783866644,0.010399161,0.048834167,0.9985966086387634,0.9650394320487976,0.007761668413877487,0.031142281368374825
1745,8.72670613964808e-05,0.0023525289725512266,0.009254421,0.048502877,0.9988885521888733,0.965512216091156,0.0069304946810007095,0.031010299921035767
1746,9.220127354968677e-05,0.002322825603187084,0.009601271,0.0481957,0.9988036751747131,0.9659476280212402,0.00733225466683507,0.03061327338218689
1747,8.910473545917988e-05,0.002401886507868767,0.009417941,0.049009044,0.9988489151000977,0.9647886157035828,0.007138884160667658,0.03144339099526405
1748,9.829317241383251e-05,0.0024622250348329544,0.009930161,0.049620815,0.9987202882766724,0.963904082775116,0.007500250358134508,0.031164640560746193
1749,0.0001012964669577989,0.002346560126170516,0.010022173,0.04844131,0.998696506023407,0.9655997157096863,0.007541166618466377,0.03136702999472618
1750,9.30310480643212e-05,0.0023507389705628157,0.009653247,0.04848442,0.9987906813621521,0.9655384421348572,0.007274276111274958,0.03129531815648079
1751,7.214112189434341e-05,0.002352352486923337,0.008468516,0.048501056,0.999069333076477,0.9655147790908813,0.006346189882606268,0.03134603425860405
1752,7.67115265758052e-05,0.002138016512617469,0.008731746,0.04623869,0.9990105628967285,0.9686568975448608,0.006485766265541315,0.029699061065912247
1753,7.594086094865237e-05,0.002259200904518366,0.00870439,0.047531053,0.9990167617797852,0.9668803811073303,0.006703693885356188,0.03069084696471691
1754,9.113435325244527e-05,0.0023463801480829716,0.0095316265,0.04843945,0.998820960521698,0.9656023383140564,0.007131036836653948,0.030679602175951004
1755,0.00010704967297153252,0.0023329027462750673,0.010282143,0.048300136,0.9986279606819153,0.9657999277114868,0.007991471327841282,0.03150084987282753
1756,0.00010242823769989296,0.0021592043340206146,0.0101488335,0.04646724,0.9986633062362671,0.9683462977409363,0.007713719736784697,0.029876375570893288
1757,7.784233044234993e-05,0.0024352925829589367,0.008781489,0.049348682,0.9989992380142212,0.9642989039421082,0.006730345543473959,0.03150370717048645
1758,0.00010780190049527764,0.0022818823345005512,0.010393125,0.04776905,0.9985982179641724,0.9665478467941284,0.00792174506932497,0.030311061069369316
1759,9.128267629421316e-05,0.0023105584550648928,0.0095392065,0.04806827,0.99881911277771,0.9661274552345276,0.007303814869374037,0.030889946967363358
1760,0.0001530599438410718,0.0023755270522087812,0.012395739,0.04873938,0.9980059266090393,0.9651750326156616,0.009239127859473228,0.030667245388031006
1761,0.00010513908604149368,0.002164018340408802,0.010228096,0.04651901,0.9986423850059509,0.9682757258415222,0.0077590541914105415,0.030527161434292793
1762,0.00012089298219176602,0.002424958162009716,0.010982474,0.049243867,0.9984347224235535,0.9644503593444824,0.008398986421525478,0.03112243488430977
1763,0.0001188803785639307,0.0023380571510642767,0.010889363,0.04835346,0.998461127281189,0.9657243490219116,0.00818234495818615,0.030570318922400475
1764,9.27440702401906e-05,0.0022857063449919224,0.009656099,0.047809064,0.9987899661064148,0.9664918184280396,0.007327546831220388,0.03070721961557865
1765,7.88252946222201e-05,0.002304208930581808,0.0088723,0.048002176,0.9989784359931946,0.9662205576896667,0.006752120330929756,0.03075455129146576
1766,9.615822438552806e-05,0.00237691355869174,0.00976893,0.0487536,0.9987615346908569,0.9651547074317932,0.007441200781613588,0.03132707253098488
1767,8.04756375807549e-05,0.0024040802381932735,0.008948914,0.04903142,0.9989607334136963,0.9647564888000488,0.006872369442135096,0.030642811208963394
1768,7.50686133621705e-05,0.002381465630605817,0.0086598685,0.048800264,0.9990267753601074,0.9650880098342896,0.006659167353063822,0.03136796876788139
1769,8.518811095696451e-05,0.0023979477118700743,0.009185646,0.04896884,0.9989050030708313,0.9648463726043701,0.007129790261387825,0.03077089786529541
1770,7.954114351543302e-05,0.0025337187107652426,0.008883871,0.05033606,0.9989757537841797,0.9628559947013855,0.006697723641991615,0.03136501461267471
1771,9.196726221654734e-05,0.0025294653605669737,0.009522653,0.050293792,0.9988231658935547,0.9629183411598206,0.0070446268655359745,0.032671429216861725
1772,0.00010803032108180395,0.0023384983651340008,0.01040021,0.048358023,0.9985963106155396,0.9657179117202759,0.007712125778198242,0.03118707239627838
1773,8.4575019255598e-05,0.002341627608984709,0.009204557,0.04839037,0.9989004731178284,0.9656720161437988,0.00710015743970871,0.031812407076358795
1774,8.722479006709446e-05,0.0022306048776954412,0.009377312,0.04722928,0.9988588094711304,0.9672995805740356,0.007195919286459684,0.031372468918561935
1775,7.765719188186763e-05,0.002430761232972145,0.008778357,0.049302753,0.9989999532699585,0.9643653035163879,0.006788020022213459,0.03144615888595581
1776,7.886112094142432e-05,0.0023801831994205713,0.008848758,0.04878712,0.9989838600158691,0.9651067852973938,0.006847644690424204,0.031401392072439194
1777,8.827250332449859e-05,0.002420006087049842,0.009347363,0.049193557,0.9988661408424377,0.9645229578018188,0.006891163997352123,0.03148612380027771
1778,8.325505405082367e-05,0.0023458153009414673,0.009065011,0.04843362,0.9989335536956787,0.9656106233596802,0.00690604280680418,0.030746079981327057
1779,9.471139492234215e-05,0.00244492432102561,0.009721926,0.04944618,0.9987733960151672,0.9641577005386353,0.007418081164360046,0.03161177039146423
1780,8.456984803408638e-05,0.0022929299157112837,0.009189471,0.047884546,0.9989041090011597,0.9663859009742737,0.007062148302793503,0.030926544219255447
1781,8.234408034530298e-05,0.002420127158984542,0.00910121,0.049194787,0.9989250302314758,0.9645212292671204,0.007032684050500393,0.032145529985427856
1782,0.00010741346804107624,0.0023505287244915962,0.010296667,0.04848225,0.9986240863800049,0.9655415415763855,0.00772371469065547,0.030864300206303596
1783,9.591906283193649e-05,0.0022991399746388197,0.009792129,0.047949348,0.9987556338310242,0.9662948846817017,0.007415199652314186,0.030601810663938522
1784,8.26027075659526e-05,0.0022983448579907417,0.009103236,0.047941055,0.9989245533943176,0.9663065075874329,0.006870342884212732,0.030346376821398735
1785,8.311730049502908e-05,0.002360234735533595,0.009099908,0.04858225,0.9989253282546997,0.9653992056846619,0.00693543953821063,0.030646147206425667
1786,0.00010604799453259065,0.002264404436573386,0.010333767,0.047585756,0.9986141920089722,0.9668040871620178,0.007726242300122976,0.030828705057501793
1787,0.00010171647640659516,0.002396495547145605,0.010006264,0.048954014,0.9987006187438965,0.9648676514625549,0.00760431494563818,0.031131446361541748
1788,0.0001299673779364887,0.0023427277337759733,0.011409587,0.048401736,0.9983106255531311,0.9656558632850647,0.008441543206572533,0.031200315803289413
1789,9.934379936153577e-05,0.0023263394832611084,0.009971984,0.04823214,0.998709499835968,0.9658961296081543,0.007517305202782154,0.030888259410858154
1790,9.849599188204262e-05,0.002354629570618272,0.009907626,0.04852453,0.9987261295318604,0.9654814004898071,0.007570707239210606,0.030865903943777084
1791,0.00010350861339247786,0.0023669477086514235,0.010145391,0.048651285,0.9986642599105835,0.9653007984161377,0.0076499218121171,0.030864160507917404
1792,0.00010110162921509155,0.0022453994024544954,0.00995595,0.047385644,0.9987136721611023,0.967082679271698,0.007563398685306311,0.030698662623763084
1793,0.00012781513991781552,0.0023284035269171,0.011242085,0.048253532,0.9983598589897156,0.9658658504486084,0.008534019812941551,0.030820360407233238
1794,9.984910965696062e-05,0.0024417301174253225,0.009982667,0.049413867,0.9987067580223083,0.9642044901847839,0.007626015227288008,0.03148238733410835
1795,8.808169365114405e-05,0.00241107982583344,0.00941244,0.049102746,0.9988502860069275,0.9646538496017456,0.007152294274419546,0.03152812272310257
1796,7.891432158596052e-05,0.002313625533133745,0.008869287,0.048100162,0.9989791512489319,0.9660825133323669,0.0066367448307573795,0.030519478023052216
1797,9.237676948197821e-05,0.002407572465017438,0.009646981,0.04906702,0.9987922310829163,0.9647052884101868,0.007401227951049805,0.03097599186003208
1798,9.935610465948808e-05,0.002354745054617524,0.009946832,0.048525717,0.9987159967422485,0.9654797315597534,0.007662693038582802,0.031976163387298584
1799,9.182317675863901e-05,0.0025154666509479284,0.009604195,0.050154425,0.9988029599189758,0.9631235599517822,0.007479759398847818,0.03325295075774193
1800,0.00011495664346677421,0.002367371926084161,0.010761413,0.048655644,0.9984971284866333,0.965294599533081,0.008174777962267399,0.031029583886265755
1801,8.295938393778421e-05,0.0023815270978957415,0.009107119,0.048800893,0.998923659324646,0.9650870561599731,0.006909122224897146,0.03101908043026924
1802,0.00011053003287419084,0.002438620198518038,0.01053636,0.04938239,0.998559296131134,0.9642500877380371,0.00776760233566165,0.03287940472364426
1803,0.00010422704574673183,0.002264586975798011,0.010217111,0.047587674,0.9986453056335449,0.9668014049530029,0.007655373774468899,0.03015730530023575
1804,0.00011890813452323941,0.0023624023888260126,0.010923918,0.04860455,0.9984513521194458,0.9653674364089966,0.00822366215288639,0.03094973787665367
1805,0.00011979328635127537,0.0023983244318515062,0.010903858,0.048972692,0.9984570741653442,0.964840829372406,0.008063574321568012,0.031026093289256096
1806,9.300069326524284e-05,0.0021996689029037952,0.009503272,0.046900626,0.9988279938697815,0.9677531123161316,0.007167770527303219,0.030194539576768875
1807,9.190335367748048e-05,0.0022330053616315126,0.009559801,0.047254693,0.9988139867782593,0.9672644138336182,0.007254599127918482,0.030221831053495407
1808,6.908853224145291e-05,0.002323377877473831,0.008300877,0.04820143,0.9991058111190796,0.9659395217895508,0.006375809665769339,0.03080013580620289
1809,8.40858685313089e-05,0.0023805066011846066,0.009129248,0.048790436,0.9989184141159058,0.9651020169258118,0.006728196982294321,0.03113592229783535
1810,7.986346099642105e-05,0.0023961926344782114,0.008895493,0.04895092,0.9989730715751648,0.9648720622062683,0.0067807761952281,0.030916858464479446
1811,8.25978326743511e-05,0.0024314376059919596,0.009042312,0.04930961,0.9989389181137085,0.9643554091453552,0.006952914409339428,0.032353319227695465
1812,0.00010967245047636838,0.0023145636077970266,0.01049922,0.04810991,0.9985694289207458,0.9660687446594238,0.00776426587253809,0.03093564882874489
1813,9.090348182574168e-05,0.0022997285705059767,0.009533244,0.047955487,0.9988205432891846,0.9662862420082092,0.007233592215925455,0.031006669625639915
1814,7.575880822101185e-05,0.002358468482270837,0.008680299,0.04856407,0.9990221858024597,0.9654251337051392,0.0066749113611876965,0.03106323815882206
1815,8.427471038885415e-05,0.0022086582612246275,0.0091332095,0.046996363,0.9989174604415894,0.9676213264465332,0.006939999759197235,0.030869295820593834
1816,8.606354359389198e-05,0.0023737712763249874,0.009189121,0.048721362,0.9989041686058044,0.9652007818222046,0.006940287537872791,0.030824633315205574
1817,8.10491540257565e-05,0.002494964748620987,0.008962669,0.049949624,0.9989575147628784,0.9634240865707397,0.006863958667963743,0.03248400241136551
1818,8.005856943782419e-05,0.002380318008363247,0.008940268,0.048788503,0.9989627003669739,0.9651048183441162,0.006899493280798197,0.031205376610159874
1819,7.62825498399748e-05,0.002401751931756735,0.008739214,0.049007673,0.99900883436203,0.9647905826568604,0.006632115691900253,0.031183669343590736
1820,8.404033228130588e-05,0.0023002291563898325,0.009166384,0.047960706,0.998909592628479,0.9662789106369019,0.0070206415839493275,0.031007902696728706
1821,8.894550691448703e-05,0.0023787235841155052,0.009429685,0.048772164,0.9988460540771484,0.9651281833648682,0.007136248517781496,0.031523577868938446
1822,7.875632019766437e-05,0.002372700721025467,0.008856238,0.048710376,0.9989821314811707,0.9652164578437805,0.006731059402227402,0.03107457235455513
1823,0.00010909693545810032,0.0023428425192832947,0.010466771,0.048402917,0.9985782504081726,0.965654194355011,0.007815894670784473,0.030873984098434448
1824,8.627346869616304e-05,0.002368214540183544,0.009298112,0.048664305,0.998878002166748,0.9652822613716125,0.007171923760324717,0.03089981898665428
1825,8.658063531832092e-05,0.0022991057485342026,0.009237097,0.047948994,0.9988927245140076,0.9662953615188599,0.0070038363337516785,0.03109590895473957
1826,0.00011658753911350769,0.002274242229759693,0.010653186,0.047689013,0.9985271692276001,0.9666598439216614,0.007987556047737598,0.031202146783471107
1827,8.813405392257582e-05,0.00226656929589808,0.009372346,0.0476085,0.9988600611686707,0.9667723774909973,0.007195363752543926,0.030269689857959747
1828,8.585028825274838e-05,0.0024560117162764072,0.00927574,0.049558166,0.9988834261894226,0.9639951586723328,0.007011408917605877,0.03134750574827194
1829,9.880452059653841e-05,0.00224783131852746,0.009960781,0.0474113,0.998712420463562,0.9670470356941223,0.007568754721432924,0.030153809115290642
1830,0.00011966597495219585,0.00237334705889225,0.010961901,0.04871701,0.9984405636787415,0.9652069807052612,0.00819343887269497,0.031478457152843475
1831,0.00010979837696306112,0.002339568454772234,0.010453193,0.048369087,0.9985819458961487,0.9657021760940552,0.007822643034160137,0.031150849536061287
1832,8.4049256077957e-05,0.0023237895220518112,0.009116907,0.048205696,0.9989213347434998,0.9659335017204285,0.00684324698522687,0.03084617853164673
1833,8.834352278923193e-05,0.002387103857472539,0.009430053,0.048857998,0.9988459348678589,0.9650053381919861,0.0070816222578287125,0.03172691911458969
1834,9.18152302553856e-05,0.0022570001892745495,0.009620956,0.047507893,0.9987987875938416,0.9669126272201538,0.007263761013746262,0.030973942950367928
1835,9.242736268788576e-05,0.002438813680782914,0.009558291,0.049384348,0.9988143444061279,0.9642472863197327,0.007207224145531654,0.03230918198823929
1836,8.170314008153086e-05,0.002369231078773737,0.008966927,0.048674747,0.998956561088562,0.9652673602104187,0.006852783728390932,0.030699973925948143
1837,9.741738176671788e-05,0.0024828508030623198,0.009852469,0.049828213,0.9987402558326721,0.9636017084121704,0.007523338310420513,0.03282156586647034
1838,0.0001185469323404091,0.002471786690875888,0.010842686,0.04971707,0.9984742999076843,0.9637638926506042,0.008065680041909218,0.031557586044073105
1839,8.741704682920086e-05,0.0023421035148203373,0.009373477,0.048395284,0.9988597631454468,0.9656650424003601,0.007215804420411587,0.031331829726696014
1840,8.137000540128528e-05,0.002316804835572839,0.008981022,0.0481332,0.9989532232284546,0.9660359025001526,0.006721701938658953,0.031148899346590042
1841,7.861359137512574e-05,0.002317561535164714,0.008857158,0.048141055,0.9989819526672363,0.9660248160362244,0.006676112301647663,0.030935240909457207
1842,8.453075563672677e-05,0.0023093335330486298,0.009174989,0.04805553,0.9989075660705566,0.9661454558372498,0.007127545308321714,0.030304504558444023
1843,8.026821226601236e-05,0.0023544789291918278,0.008873308,0.04852297,0.9989781975746155,0.9654836058616638,0.006855997256934643,0.030521588400006294
1844,0.00011511332906428089,0.002326050540432334,0.01065368,0.048229147,0.9985270500183105,0.9659003615379333,0.008017701096832752,0.031410299241542816
1845,0.0001371726509453517,0.0023170800413936377,0.011675864,0.04813606,0.9982308149337769,0.9660318493843079,0.008844906464219093,0.030953839421272278
1846,0.00014671402227990754,0.002284620888531208,0.012131515,0.04779771,0.9980900287628174,0.9665077328681946,0.008929197676479816,0.031849540770053864
1847,0.00014187124725140166,0.0021816249936819077,0.011919306,0.04670787,0.9981563091278076,0.9680176377296448,0.008964314125478268,0.029542110860347748
1848,9.915912927350622e-05,0.002179207745939493,0.009854118,0.04668199,0.9987398386001587,0.9680530428886414,0.007381437812000513,0.029914723709225655
1849,0.00010241807665972209,0.002375963842496276,0.010107461,0.04874386,0.998674213886261,0.9651686549186707,0.007440638728439808,0.03101980686187744
1850,8.140989038193683e-05,0.002370476722717285,0.008995158,0.04868754,0.9989499449729919,0.9652490615844727,0.006853632163256407,0.03106359764933586
1851,9.074122681340668e-05,0.002299265004694462,0.009517367,0.047950655,0.9988244771957397,0.9662930369377136,0.007173717487603426,0.030606238171458244
1852,8.519566869257356e-05,0.0021576243452727795,0.009222686,0.046450235,0.9988961815834045,0.9683694839477539,0.007000816985964775,0.03013206459581852
1853,9.150246693355835e-05,0.0024312858004122972,0.009580291,0.04930807,0.9988089203834534,0.9643576145172119,0.00721177039667964,0.03219545632600784
1854,7.443857000246432e-05,0.0022480159532278776,0.008639443,0.047413245,0.9990313649177551,0.9670443534851074,0.006553120911121368,0.03028375282883644
1855,8.55061705144842e-05,0.002323335502296686,0.009261656,0.04820099,0.9988868236541748,0.9659401774406433,0.006908958312124014,0.03097127377986908
1856,8.897023789441764e-05,0.002323941793292761,0.009383801,0.04820728,0.9988572597503662,0.9659312963485718,0.007124135736376047,0.030759725719690323
1857,8.894303011237008e-05,0.002341051585972309,0.009398297,0.048384417,0.9988537430763245,0.9656804800033569,0.007145887240767479,0.03160857409238815
1858,9.11618457890158e-05,0.00223335949704051,0.00945131,0.047258437,0.9988407492637634,0.9672592282295227,0.007070522289723158,0.030001871287822723
1859,0.00011133779513660225,0.0022415504790842533,0.010532281,0.047345016,0.9985604286193848,0.9671391248703003,0.00798459816724062,0.030300287529826164
1860,0.00013510753606996414,0.0023232069797813892,0.011580275,0.048199657,0.9982596635818481,0.9659420251846313,0.008642681874334812,0.03003838285803795
1861,9.086996330800254e-05,0.002255086088553071,0.00953652,0.04748775,0.9988197684288025,0.966940701007843,0.007316761650145054,0.030547121539711952
1862,8.170367684876759e-05,0.0022353059612214565,0.009065394,0.047279023,0.9989334940910339,0.9672306776046753,0.006811574567109346,0.030104203149676323
1863,7.203783620339395e-05,0.0022679585963487625,0.0084842015,0.047623087,0.9990658760070801,0.9667519927024841,0.0064276172779500484,0.03019001893699169
1864,8.602308050533544e-05,0.0023326287046074867,0.009223382,0.048297293,0.9988960027694702,0.9658039212226868,0.0069183954037725925,0.031614456325769424
1865,0.00011118601783395702,0.0022659916430711746,0.0105653005,0.047602434,0.9985513687133789,0.9667808413505554,0.007971720770001411,0.03038622997701168
1866,0.00010650186595739797,0.002369712805375457,0.01026589,0.048679695,0.9986323118209839,0.9652602672576904,0.007787991315126419,0.03150060772895813
1867,9.747410447082736e-05,0.002339365892112255,0.009892382,0.04836699,0.9987300038337708,0.965705156326294,0.007541792932897806,0.03060520999133587
1868,7.934230399603786e-05,0.002463148208335042,0.008902369,0.049630117,0.9989715218544006,0.963890552520752,0.006857732310891151,0.03140636160969734
1869,8.007979803633961e-05,0.002384925726801157,0.008951572,0.048835702,0.9989600777626038,0.9650372862815857,0.006890192162245512,0.03174492344260216
1870,8.243154744294853e-05,0.002285546390339732,0.009073573,0.047807388,0.9989315867424011,0.9664941430091858,0.006939463317394257,0.03085258975625038
1871,7.805581431470769e-05,0.0022984405513852835,0.008766029,0.047942057,0.9990027546882629,0.966305136680603,0.006775733549147844,0.030736908316612244
1872,8.882198645468716e-05,0.0023076138459146023,0.0094241,0.04803763,0.9988474249839783,0.9661706686019897,0.007140715140849352,0.031445231288671494
1873,0.00010275147806995929,0.002291602548211813,0.010128025,0.047870684,0.9986687898635864,0.9664053916931152,0.007722512353211641,0.03126995265483856
1874,9.222362115741072e-05,0.0023752106353640556,0.009623049,0.048736133,0.9987982511520386,0.9651796817779541,0.007298681885004044,0.031005673110485077
1875,7.580366152317517e-05,0.002378693548962474,0.008695888,0.04877185,0.999018669128418,0.9651286005973816,0.006743827369064093,0.030898025259375572
1876,7.880667461987204e-05,0.0022719320841133595,0.008865451,0.04766479,0.9989800453186035,0.9666937589645386,0.006667586509138346,0.030312182381749153
1877,7.52650480122115e-05,0.0023142648860812187,0.008628457,0.04810681,0.9990338087081909,0.9660731554031372,0.0065773241221904755,0.031117131933569908
1878,9.355644645190544e-05,0.0024340273812413216,0.009683423,0.049335867,0.9987831115722656,0.9643174409866333,0.0072228992357850075,0.03181290253996849
1879,9.967438332254956e-05,0.0022803046740591526,0.009964634,0.047752537,0.9987114071846008,0.9665709733963013,0.007630780804902315,0.030399011448025703
1880,8.260786440091165e-05,0.0023744155187159777,0.009072796,0.048727978,0.9989317655563354,0.9651913642883301,0.007024588529020548,0.031113198027014732
1881,6.989232199636966e-05,0.002366426633670926,0.008316365,0.048645932,0.9991024732589722,0.965308427810669,0.006374163553118706,0.0311589352786541
1882,7.343088096108245e-05,0.0023720385506749153,0.008526694,0.04870358,0.9990564584732056,0.9652261734008789,0.006349728908389807,0.031053245067596436
1883,6.868218224553857e-05,0.002255719620734453,0.008279192,0.047494415,0.9991104602813721,0.9669314026832581,0.006371980533003807,0.03090668097138405
1884,7.180730591988487e-05,0.0022933632135391235,0.00849174,0.047889076,0.9990642070770264,0.9663795828819275,0.006512808613479137,0.030319323763251305
1885,6.725836283294484e-05,0.0022277699317783117,0.008154581,0.04719926,0.9991370439529419,0.9673411250114441,0.00619314331561327,0.03021363727748394
1886,6.748083168614275e-05,0.002289574360474944,0.008183234,0.0478495,0.9991309642791748,0.9664350748062134,0.006143930833786726,0.03039584867656231
1887,7.587502510763112e-05,0.0024318539071828127,0.008717924,0.049313832,0.9990136623382568,0.9643492698669434,0.006715767551213503,0.03196248412132263
1888,8.252379153749312e-05,0.002296293852850795,0.009066893,0.04791966,0.9989331364631653,0.9663366079330444,0.006962533574551344,0.030983585864305496
1889,7.046191901529461e-05,0.002400696277618408,0.008359878,0.0489969,0.9990930557250977,0.964806079864502,0.0064923446625471115,0.03064725175499916
1890,9.040043815647633e-05,0.002323790453374386,0.009497739,0.04820571,0.9988293647766113,0.9659335017204285,0.007291199639439583,0.030100423842668533
1891,8.733517891166478e-05,0.002350856317207217,0.009352671,0.04848563,0.9988648295402527,0.9655367136001587,0.0071046482771635056,0.03129010275006294
1892,0.0001181217033842007,0.002330205636098981,0.010805162,0.0482722,0.9984848499298096,0.9658394455909729,0.007911085151135921,0.030720187351107597
1893,0.00012531436765460637,0.0023605981841683388,0.011137943,0.04858599,0.9983900785446167,0.9653939008712769,0.008310501463711262,0.031128648668527603
1894,0.00012971306056318679,0.0023046350106596947,0.011444935,0.048006617,0.9983001351356506,0.9662142992019653,0.00862143374979496,0.0305518489331007
1895,8.220782877866772e-05,0.002461734926328063,0.009067755,0.04961587,0.998932957649231,0.963911235332489,0.006904027424752712,0.0320378914475441
1896,7.260194202403495e-05,0.0024009831249713898,0.008470178,0.048999827,0.9990689158439636,0.9648018479347229,0.006526976823806763,0.030922994017601013
1897,6.663562966092617e-05,0.002234997693449259,0.008121164,0.047275763,0.9991440773010254,0.9672352075576782,0.006173298694193363,0.03018200397491455
1898,8.185253020862795e-05,0.0023618137929588556,0.009024479,0.048598494,0.9989430904388428,0.965376079082489,0.006849559023976326,0.03137363865971565
1899,8.661716475961094e-05,0.0023555734660476446,0.009316732,0.04853425,0.9988735318183899,0.9654675722122192,0.0071679758839309216,0.030914196744561195
1900,9.065527873727578e-05,0.002421463606879115,0.0095135635,0.04920837,0.9988254308700562,0.9645016193389893,0.007324814330786467,0.03132489323616028
1901,7.90727755718928e-05,0.0022823160979896784,0.008763116,0.04777359,0.9990034103393555,0.9665415287017822,0.006582397967576981,0.030767275020480156
1902,8.242151422812391e-05,0.002307751914486289,0.00904853,0.048039068,0.9989374279975891,0.9661686420440674,0.006914935540407896,0.030934076756238937
1903,7.672102881108664e-05,0.0022597352508455515,0.008769131,0.04753667,0.9990020394325256,0.96687251329422,0.0066670323722064495,0.030187245458364487
1904,8.501969486215702e-05,0.0023971786722540855,0.009182962,0.04896099,0.9989056587219238,0.9648576378822327,0.007026490289717913,0.031124921515583992
1905,0.00010019840126253918,0.0023639381397515535,0.0100367665,0.048620343,0.9986926913261414,0.9653449654579163,0.007493885233998299,0.031272999942302704
1906,0.00016370231853877405,0.0024886426981538534,0.012620707,0.0498863,0.9979329109191895,0.9635167717933655,0.00919615663588047,0.03171899914741516
1907,0.00020003346567550167,0.0021974281407892704,0.013918653,0.046876736,0.997485876083374,0.9677859544754028,0.01022624596953392,0.0302805807441473
1908,0.00015664507273785685,0.002629141556099057,0.012573959,0.051275156,0.997948169708252,0.9614570736885071,0.009242027066648006,0.03230015188455582
1909,0.00027396119085923686,0.0028410188388079405,0.016231539,0.05330121,0.9965808987617493,0.9583510160446167,0.00898598413914442,0.03409567102789879
1910,0.00026729926916728306,0.00289132515899837,0.016390642,0.053771045,0.9965135455131531,0.9576135277748108,0.010505452752113342,0.034516096115112305
1911,0.00020536680478306317,0.0027978376019746065,0.014351417,0.05289459,0.9973270893096924,0.9589840173721313,0.009745795279741287,0.034342750906944275
1912,0.00019865542807648043,0.002525310730561614,0.014101681,0.05025247,0.9974192976951599,0.962979257106781,0.01008635200560093,0.032040175050497055
1913,0.00016115465835107236,0.0024990919046103954,0.012713093,0.04999092,0.997902512550354,0.9633635878562927,0.009238377213478088,0.03207198902964592
1914,0.00011784174123683691,0.0026751328259706497,0.010864467,0.05172169,0.9984681606292725,0.9607828855514526,0.008269049227237701,0.03485783562064171
1915,0.00013383878021241716,0.0026118021924048662,0.0116298385,0.051105794,0.9982447624206543,0.9617112874984741,0.0087540028616786,0.032442983239889145
1916,0.0001372537616672079,0.002431758213788271,0.011669496,0.04931286,0.9982327818870544,0.964350700378418,0.00879660900682211,0.03191358596086502
1917,0.00011615411362568425,0.0023884696420282125,0.010755107,0.04887197,0.9984988570213318,0.9649853110313416,0.008101779967546463,0.03108096495270729
1918,9.523251339322252e-05,0.0024510405492037535,0.009735368,0.049507987,0.998769998550415,0.9640679955482483,0.007373904809355736,0.031101351603865623
1919,9.777813498989086e-05,0.0024321144446730614,0.009874219,0.049316473,0.998734712600708,0.9643454551696777,0.007489146664738655,0.031226012855768204
1920,0.00011299960731941445,0.0021987431682646275,0.010618907,0.046890754,0.9985366463661194,0.9677667021751404,0.00799359381198883,0.030425099655985832
1921,9.851667842171578e-05,0.002418097108602524,0.009831889,0.049174152,0.9987455010414124,0.9645509719848633,0.00746323075145483,0.031890057027339935
1922,7.968125861556142e-05,0.002421884099021554,0.008914651,0.049212646,0.9989686608314514,0.9644954800605774,0.006800470873713493,0.03162842616438866
1923,0.00011162979783627883,0.0023689011577516794,0.010502208,0.04867136,0.9985686540603638,0.9652721881866455,0.007654096465557814,0.030982837080955505
1924,0.00010375732381362468,0.002330451039597392,0.010040315,0.048274744,0.998691737651825,0.9658358693122864,0.007388622034341097,0.030885273590683937
1925,0.0001195846327225974,0.0023904843255877495,0.010944349,0.04889258,0.9984455704689026,0.964955747127533,0.008383282460272312,0.03249702230095863
1926,0.00010859217582037672,0.0023333104327321053,0.010421419,0.048304353,0.9985905885696411,0.9657939672470093,0.007646351121366024,0.030587805435061455
1927,9.836175211768767e-05,0.0024007319007068872,0.009937852,0.048997264,0.9987183213233948,0.964805543422699,0.007464082445949316,0.031695179641246796
1928,8.585563095535194e-05,0.002515300875529647,0.009233957,0.05015278,0.9988934397697449,0.9631259441375732,0.007032847963273525,0.03215561434626579
1929,8.176477025368844e-05,0.0022926346864551306,0.009041729,0.047881465,0.998939037322998,0.9663902521133423,0.00688945921137929,0.031126413494348526
1930,9.008576621867674e-05,0.002529584104195237,0.009496251,0.05029497,0.99882972240448,0.9629166126251221,0.007115970365703106,0.03228029981255531
1931,7.375866566276686e-05,0.0023521622642874718,0.008565276,0.048499096,0.9990479350090027,0.9655175805091858,0.0064926776103675365,0.031006058678030968
1932,7.313610512937885e-05,0.002369467867538333,0.008517515,0.048677184,0.9990584850311279,0.965263843536377,0.006524744909256697,0.03127818554639816
1933,7.437052458540579e-05,0.002453198889270425,0.008581885,0.04952978,0.9990442395210266,0.9640364050865173,0.006458711810410023,0.03168724849820137
1934,6.932164582064037e-05,0.002481417264789343,0.008268541,0.04981383,0.9991127252578735,0.9636226892471313,0.006366994231939316,0.03177386149764061
1935,0.0001267005267105891,0.0024719741195440292,0.0111913,0.049718954,0.9983746409416199,0.9637611508369446,0.008478136733174324,0.031365424394607544
1936,0.00010907543169609694,0.0024851469788700342,0.010479792,0.04985125,0.9985747337341309,0.9635680317878723,0.007852232083678246,0.0310081597417593
1937,0.00010680739201647653,0.0025031676050275564,0.0102930125,0.050031666,0.9986250996589661,0.9633038640022278,0.007604022976011038,0.032181430608034134
1938,9.088160004466772e-05,0.0025538639165461063,0.009514601,0.050535772,0.998825192451477,0.9625606536865234,0.007202601991593838,0.031835075467824936
1939,7.628212849588387e-05,0.0023958066012710333,0.008671097,0.048946977,0.9990242719650269,0.964877724647522,0.006570450961589813,0.0314142182469368
1940,6.861875673083969e-05,0.00230991467833519,0.008218605,0.04806157,0.9991234540939331,0.9661369323730469,0.006353937089443207,0.030489647760987282
1941,7.104172172231219e-05,0.0023605101741850376,0.0084047085,0.048585083,0.9990832805633545,0.9653952121734619,0.0064278868958354,0.03168947622179985
1942,8.446003432089293e-05,0.0023067649453878403,0.009165793,0.048028793,0.9989097118377686,0.966183066368103,0.007000066805630922,0.030873287469148636
1943,7.760261608134236e-05,0.0024467911571264267,0.008780896,0.04946505,0.9989993572235107,0.9641303420066833,0.006820649839937687,0.03191031888127327
1944,8.13346887298394e-05,0.002436720533296466,0.009029593,0.04936315,0.9989418983459473,0.964277982711792,0.007067397702485323,0.03173812851309776
1945,6.449507616873069e-05,0.0025418295990675688,0.008002685,0.05041656,0.999168872833252,0.9627370834350586,0.006106952205300331,0.03192220255732536
1946,7.593499421173792e-05,0.0023093880154192448,0.008732718,0.048056096,0.9990103244781494,0.9661446213722229,0.00659338291734457,0.03089466132223606
1947,6.89282260282198e-05,0.002510752761736512,0.00831445,0.050107416,0.9991028904914856,0.9631926417350769,0.006354256067425013,0.032672178000211716
1948,7.475094240693248e-05,0.0024885113816708326,0.008655802,0.049884982,0.999027669429779,0.9635186791419983,0.0066246697679162025,0.03169873356819153
1949,8.931320156658661e-05,0.00248183635994792,0.009351072,0.04981803,0.9988651871681213,0.9636165499687195,0.007142735179513693,0.031683456152677536
1950,9.445775040975687e-05,0.002318771556019783,0.009622627,0.048153624,0.9987983703613281,0.9660070538520813,0.007367786020040512,0.03125669062137604
1951,9.039748544058635e-05,0.002281874418258667,0.009513122,0.047768965,0.9988255500793457,0.966547966003418,0.007260360289365053,0.030706211924552917
1952,0.00017996170638732357,0.002421327866613865,0.0132695865,0.049206987,0.9977148771286011,0.9645035862922668,0.009680910967290401,0.03248276561498642
1953,0.00015042830471594988,0.002346646273508668,0.012266767,0.048442196,0.9980472326278687,0.965598464012146,0.009176784195005894,0.031048689037561417
1954,9.623380802540024e-05,0.0024675445165485144,0.0098093795,0.049674384,0.9987512826919556,0.963826060295105,0.00746520422399044,0.032478250563144684
1955,0.00013485700616332576,0.0024710518773645163,0.011608916,0.049709678,0.9982510805130005,0.9637746810913086,0.00875324010848999,0.03117295354604721
1956,9.03486434253864e-05,0.0024945279583334923,0.009457195,0.04994525,0.9988393187522888,0.9634305238723755,0.007377301808446646,0.03256551921367645
1957,0.0001243963690120092,0.002326949965208769,0.011064354,0.04823847,0.9984112977981567,0.965887188911438,0.008354224264621735,0.030175501480698586
1958,0.0001045674507622607,0.002390047535300255,0.010131829,0.048888113,0.99866783618927,0.9649621844291687,0.007679339963942766,0.031232330948114395
1959,9.098304111499932e-05,0.002467977348715067,0.009491976,0.049678743,0.9988307356834412,0.9638197422027588,0.0071503655053675175,0.03150380775332451
1960,8.953876898555212e-05,0.002328596543520689,0.009486824,0.048255537,0.9988320469856262,0.965863049030304,0.007232915610074997,0.03098350390791893
1961,7.521212782276879e-05,0.002261147601529956,0.008664234,0.047551524,0.999025821685791,0.9668518304824829,0.0066289110109210014,0.03066890686750412
1962,8.437962506749582e-05,0.0023241802118718624,0.009172979,0.04820975,0.9989080429077148,0.96592777967453,0.006892554461956024,0.0307404026389122
1963,8.141244374697139e-05,0.002377610420808196,0.00902434,0.048760746,0.9989431500434875,0.9651445150375366,0.0068684774450957775,0.031210882589221
1964,9.870944830419666e-05,0.002455050591379404,0.009822315,0.049548466,0.9987479448318481,0.9640092253684998,0.007380868773907423,0.03202350065112114
1965,0.00010050855598819908,0.0024233171716332436,0.010034587,0.049227197,0.9986932277679443,0.9644744396209717,0.007501271553337574,0.03207743167877197
1966,9.155791518754664e-05,0.002499063266441226,0.009486355,0.049990635,0.9988321661949158,0.9633640050888062,0.007158723659813404,0.0319986529648304
1967,9.605494762416294e-05,0.0025354030076414347,0.009788632,0.050352782,0.9987565279006958,0.9628312587738037,0.007242721039801836,0.03228158876299858
1968,9.323583782878069e-05,0.0024687217082828283,0.009696295,0.04968623,0.9987798929214478,0.9638088345527649,0.007487463764846325,0.03175247088074684
1969,8.340399935233026e-05,0.0025570469442754984,0.009139789,0.050567254,0.9989159107208252,0.9625139832496643,0.0069324723444879055,0.03277214616537094
1970,8.835648143510546e-05,0.0023546230513602495,0.009413217,0.048524454,0.9988501071929932,0.9654815196990967,0.007116108201444149,0.030880462378263474
1971,8.458174372869756e-05,0.0025836473796516657,0.00911529,0.05082959,0.9989216923713684,0.9621240496635437,0.006939565297216177,0.03232791647315025
1972,8.12906230500878e-05,0.002594543155282736,0.009034906,0.05093666,0.998940646648407,0.9619643092155457,0.006864144001156092,0.03222291171550751
1973,8.934603614431002e-05,0.002532673766836524,0.009456865,0.050325677,0.9988393783569336,0.9628713130950928,0.007063106168061495,0.032186441123485565
1974,0.00014185795027349906,0.002465354511514306,0.01194543,0.04965233,0.9981482028961182,0.9638581871986389,0.009095330722630024,0.031755074858665466
1975,0.00019407278192705814,0.0026680845767259598,0.013956491,0.051653504,0.9974721670150757,0.9608861804008484,0.010166177526116371,0.033337343484163284
1976,0.00013096153072018006,0.0025549903512001038,0.011471226,0.05054691,0.9982923269271851,0.9625441431999207,0.008641588501632214,0.03170688450336456
1977,0.00012145451381167567,0.002534080296754837,0.011039217,0.05033965,0.9984185099601746,0.9628506898880005,0.008356142789125443,0.03247280791401863
1978,0.00013150194817254405,0.0024525336921215057,0.011503424,0.049523063,0.9982827305793762,0.9640461206436157,0.008506531827151775,0.031922679394483566
1979,8.344647622751918e-05,0.0025784955359995365,0.009116577,0.05077889,0.9989213943481445,0.9621995687484741,0.006932854186743498,0.03165636211633682
1980,9.688214281182313e-05,0.0024027987383306026,0.0097128395,0.04901835,0.9987757205963135,0.9647752642631531,0.007370664272457361,0.032005760818719864
1981,0.00010952051111830356,0.002411671681329608,0.010293133,0.049108773,0.9986250400543213,0.9646451473236084,0.007895252667367458,0.031068414449691772
1982,9.592543442109177e-05,0.0024999005254358053,0.009757589,0.049999006,0.9987643957138062,0.9633517265319824,0.007448546588420868,0.03190287575125694
1983,8.75895453976806e-05,0.0022854297421872616,0.009282551,0.04780617,0.9988817572593689,0.9664958715438843,0.0071675460785627365,0.030872123315930367
1984,7.85565377803075e-05,0.0023602682631462812,0.008876264,0.048582595,0.998977541923523,0.9653987288475037,0.0067624179646372795,0.03054802119731903
1985,7.379556502035649e-05,0.0022784918546676636,0.008555049,0.04773355,0.9990501999855042,0.9665975570678711,0.006513327360153198,0.030652256682515144
1986,9.018951161785729e-05,0.002453560708090663,0.009428541,0.04953343,0.9988463521003723,0.9640311002731323,0.00713150342926383,0.03159752115607262
1987,9.246501709144054e-05,0.0023531154729425907,0.009588524,0.04850892,0.9988068342208862,0.9655035734176636,0.007165122777223587,0.030355576425790787
1988,7.615906972866718e-05,0.002297939034178853,0.008744906,0.047936823,0.9990075826644897,0.9663124680519104,0.006611221004277468,0.030343137681484222
1989,8.991476285948671e-05,0.002375660464167595,0.009486576,0.04874075,0.998832106590271,0.965173065662384,0.007111614104360342,0.031110074371099472
1990,8.846864577869631e-05,0.0023231464438140392,0.0093629155,0.048199028,0.9988623261451721,0.965942919254303,0.007108372636139393,0.0313514843583107
1991,7.43985105641927e-05,0.0024003018625080585,0.008607368,0.048992876,0.9990385174751282,0.9648118615150452,0.006672947201877832,0.03075364977121353
1992,6.935242940512994e-05,0.0023773154243826866,0.008265635,0.04875772,0.9991133809089661,0.9651488065719604,0.006346380803734064,0.03185580298304558
1993,7.570928441551091e-05,0.0023398331832140684,0.008689076,0.04837182,0.9990202188491821,0.9656983017921448,0.006562842056155205,0.030478212982416153
1994,6.801574702628635e-05,0.0024593148846179247,0.008239908,0.04959148,0.9991188645362854,0.9639467000961304,0.006301097106188536,0.031518593430519104
1995,6.120695764945016e-05,0.0022937047760933638,0.007818877,0.047892638,0.9992066025733948,0.9663745760917664,0.005971668753772974,0.0307565126568079
1996,7.454336578534408e-05,0.002304971218109131,0.008588333,0.048010115,0.999042809009552,0.9662094116210938,0.006455266382545233,0.030390921980142593
1997,8.076186283936046e-05,0.0025725143495947123,0.0089942925,0.050719958,0.998950183391571,0.9622872471809387,0.006808536592870951,0.03202013298869133
1998,7.58300153723791e-05,0.002392371417954564,0.008694706,0.048911877,0.9990189075469971,0.9649280905723572,0.0066836182959377766,0.03085215575993061
1999,6.71887153823098e-05,0.0023803699295967817,0.008172146,0.048789036,0.999133288860321,0.9651040434837341,0.0062807472422719,0.031243745237588882
2000,8.453324550249486e-05,0.002406406681984663,0.009224954,0.04905514,0.9988956451416016,0.9647223353385925,0.007114804349839687,0.03121553547680378
