Epoch,Train_Loss,Test_Loss,Train_RMSE,Test_RMSE,Train_R2,Test_R2,Train_MAE,Test_MAE
1,0.0863869891247966,0.053952500224113464,0.29523414,0.23227678,-0.17720437049865723,0.2848161458969116,0.23010429739952087,0.1896582692861557
2,0.04506428150290793,0.03649260103702545,0.21246004,0.19103037,0.39036035537719727,0.5162611603736877,0.16808082163333893,0.15151728689670563
3,0.03273969338360158,0.029321741312742233,0.18117346,0.17123593,0.5566896200180054,0.6113166809082031,0.14059706032276154,0.1330139935016632
4,0.023563203825192017,0.02429143898189068,0.15345892,0.15585712,0.6819444298744202,0.6779974102973938,0.1168636679649353,0.11849566549062729
5,0.018709682520817627,0.016600344330072403,0.13664265,0.12884232,0.7478312253952026,0.7799490690231323,0.10476865619421005,0.0984920784831047
6,0.014201168563555588,0.013546667993068695,0.11908023,0.116390154,0.8084871172904968,0.8204280138015747,0.09047596156597137,0.08709825575351715
7,0.013722085817293688,0.012749124318361282,0.11689137,0.11291202,0.8154629468917847,0.8310000896453857,0.08752508461475372,0.08573102205991745
8,0.012298598716204817,0.01640515774488449,0.110814765,0.12808262,0.8341505527496338,0.7825363874435425,0.08520125597715378,0.09479689598083496
9,0.013671506788920273,0.012133290059864521,0.11709843,0.11015122,0.8148086071014404,0.8391634225845337,0.08931510895490646,0.08091077953577042
10,0.011177741266279058,0.013894973322749138,0.10575668,0.11787694,0.8489452600479126,0.8158109188079834,0.07899491488933563,0.08568023145198822
11,0.009780762103301558,0.010647803544998169,0.098504916,0.103188194,0.8689507246017456,0.8588547706604004,0.07412455976009369,0.07536861300468445
12,0.009062599390745163,0.010901885107159615,0.095250115,0.104412094,0.877467930316925,0.8554867506027222,0.07146918773651123,0.07864958047866821
13,0.008388765537264671,0.009988924488425255,0.09112129,0.09994461,0.8878605365753174,0.8675887584686279,0.06873118877410889,0.07327661663293839
14,0.00776591727679426,0.008486971259117126,0.087451026,0.09212477,0.8967123031616211,0.8874983787536621,0.06449343264102936,0.06680821627378464
15,0.007582406322895126,0.012290441431105137,0.08704313,0.11086227,0.8976736068725586,0.8370802998542786,0.06577806174755096,0.08289433270692825
16,0.006902061826126142,0.009352920576930046,0.082986526,0.0967105,0.9069890975952148,0.8760194778442383,0.06275220215320587,0.07196606695652008
17,0.007716249886222861,0.008070668205618858,0.08772954,0.089836895,0.8960533738136292,0.8930168151855469,0.06563376635313034,0.06766941398382187
18,0.006379609059711749,0.0070598130114376545,0.07974656,0.08402269,0.914110004901886,0.9064164757728577,0.06089544668793678,0.06107518821954727
19,0.006087980296632106,0.008421800099313259,0.07805854,0.09177037,0.917707622051239,0.8883622288703918,0.0589737631380558,0.0669771209359169
20,0.005792776630683379,0.007522695232182741,0.07594366,0.086733475,0.9221063852310181,0.9002805948257446,0.056254349648952484,0.06294041872024536
21,0.005705036487515,0.007701203692704439,0.075309604,0.0877565,0.9234016537666321,0.8979143500328064,0.05673147365450859,0.06427347660064697
22,0.005688011117110198,0.007588139735162258,0.07546145,0.08710993,0.9230924844741821,0.8994131088256836,0.05773308500647545,0.06455086171627045
23,0.0055116811153394256,0.006882213521748781,0.0742905,0.0829591,0.925460696220398,0.908770740032196,0.05658159777522087,0.0625317245721817
24,0.004896320974115621,0.007291481830179691,0.06963991,0.08539018,0.9345009326934814,0.90334552526474,0.05285932868719101,0.062099337577819824
25,0.004809336842630397,0.00592018011957407,0.069196634,0.07694271,0.9353321194648743,0.9215232133865356,0.05209706723690033,0.05541627109050751
26,0.005656795533881946,0.008451397530734539,0.075150006,0.091931485,0.923725962638855,0.8879699110984802,0.056559301912784576,0.07005231827497482
27,0.0047406823882325125,0.006317610386759043,0.06896446,0.0794834,0.9357653260231018,0.916254997253418,0.05312497913837433,0.05791066586971283
28,0.004591228122907606,0.005964337848126888,0.067624,0.07722912,0.9382381439208984,0.9209378957748413,0.05044623836874962,0.056246597319841385
29,0.0033374589508060703,0.004929257556796074,0.05774313,0.070208676,0.9549682140350342,0.9346587061882019,0.04393954202532768,0.050384681671857834
30,0.0037954915420744906,0.005292068235576153,0.061410986,0.072746605,0.949065625667572,0.92984938621521,0.04581404849886894,0.05303001403808594
31,0.004030738396316089,0.0061227623373270035,0.06348624,0.07824808,0.9455650448799133,0.91883784532547,0.04732570797204971,0.05672189220786095
32,0.003945467877201736,0.005746807437390089,0.0627032,0.075807706,0.9468995332717896,0.9238214492797852,0.046969033777713776,0.055588576942682266
33,0.003822229104116559,0.005689498037099838,0.06181405,0.07542876,0.9483948349952698,0.9245811104774475,0.0471605509519577,0.056074339896440506
34,0.003800902981311083,0.006059254985302687,0.06164714,0.077841215,0.9486731290817261,0.9196797013282776,0.04728289321064949,0.05490237474441528
35,0.003329349634110589,0.005071816500276327,0.0578207,0.07121669,0.9548470973968506,0.9327690005302429,0.04344895854592323,0.051981229335069656
36,0.003557944352823225,0.0060366918332874775,0.05938961,0.07769615,0.9523634910583496,0.9199787974357605,0.04538572579622269,0.055223602801561356
37,0.0033492749895561824,0.005514528602361679,0.05789348,0.07425988,0.9547333717346191,0.9269005060195923,0.04458223283290863,0.053158700466156006
38,0.0033855868439952082,0.005703754257410765,0.05822032,0.075523205,0.9542208313941956,0.9243921637535095,0.045196738094091415,0.05634307861328125
39,0.00311658325583928,0.0045293401926755905,0.055726822,0.06730037,0.9580581784248352,0.9399599432945251,0.04282749816775322,0.04904090240597725
40,0.0030983247243883934,0.005330443847924471,0.05541643,0.07300989,0.9585241079330444,0.929340660572052,0.04215995594859123,0.053324609994888306
41,0.003939184593036771,0.006107891909778118,0.06283776,0.07815301,0.9466714262962341,0.9190349578857422,0.04712511599063873,0.05903184413909912
42,0.003212338154712184,0.0050490666180849075,0.05671664,0.07105678,0.9565550088882446,0.9330705404281616,0.04288365691900253,0.051185302436351776
43,0.0034341543108563533,0.005868482869118452,0.058431372,0.07660603,0.9538883566856384,0.9222085475921631,0.0442027673125267,0.05847613513469696
44,0.003892441020897505,0.004781671799719334,0.062400658,0.069149636,0.9474107623100281,0.9366151094436646,0.047259621322155,0.050808027386665344
45,0.0033816400153393097,0.0044166394509375095,0.0581271,0.0664578,0.9543673396110535,0.9414538741111755,0.044313520193099976,0.048244550824165344
46,0.0030952751033262098,0.004746414255350828,0.05568901,0.06889423,0.9581151008605957,0.9370824694633484,0.04211915284395218,0.04990284517407417
47,0.0027066847489384763,0.004343395587056875,0.0521036,0.06590444,0.9633347988128662,0.9424247741699219,0.03918313980102539,0.04738194867968559
48,0.002450228425335478,0.004728605970740318,0.049448725,0.06876486,0.9669760465621948,0.9373185038566589,0.03741173446178436,0.04861196503043175
49,0.0027027490802786565,0.004428408574312925,0.0518879,0.06654629,0.9636377096176147,0.9412978887557983,0.0384427048265934,0.04837715998291969
50,0.0027913049720651047,0.004490633960813284,0.05240181,0.06701219,0.9629138708114624,0.9404730200767517,0.039918601512908936,0.04814206063747406
51,0.002732366360512308,0.004484517965465784,0.052149553,0.06696654,0.9632700681686401,0.9405540823936462,0.03916914388537407,0.04817463085055351
52,0.0028096469521353192,0.00504731573164463,0.053078942,0.07104446,0.9619492292404175,0.933093786239624,0.04036280885338783,0.051076069474220276
53,0.0025248627432368016,0.00406451104208827,0.05000926,0.063753515,0.9662231206893921,0.9461216330528259,0.03784283995628357,0.04610365629196167
54,0.0025742799519899895,0.0044168466702103615,0.050897505,0.066459365,0.9650126099586487,0.9414511322975159,0.038064587861299515,0.048747800290584564
55,0.002580840929030356,0.003723054425790906,0.050624106,0.061016835,0.9653874635696411,0.9506478905677795,0.03825061395764351,0.0433124303817749
56,0.0023486544960178435,0.004097480792552233,0.048497256,0.06401157,0.9682347178459167,0.9456846117973328,0.03623003140091896,0.04486162215471268
57,0.002155922808345746,0.0041386522352695465,0.046247985,0.06433236,0.971112847328186,0.9451388120651245,0.034761134535074234,0.04598189517855644
58,0.002368419732771475,0.005623148288577795,0.048406895,0.07498766,0.9683529734611511,0.9254606366157532,0.03707302361726761,0.05609692633152008
59,0.003325605918441645,0.004232988227158785,0.057789292,0.06506142,0.9548961520195007,0.9438883066177368,0.0439712256193161,0.046153340488672256
60,0.0023864760190587153,0.004467804450541735,0.048990697,0.06684164,0.967585027217865,0.9407756328582764,0.036598965525627136,0.0471205860376358
61,0.0021644272756847468,0.004304744768887758,0.046540312,0.06561055,0.9707465171813965,0.9429371356964111,0.03534694015979767,0.04771864786744118
62,0.0021681053860282355,0.003947029821574688,0.046623144,0.06282539,0.9706423282623291,0.9476789236068726,0.03530912473797798,0.043561793863773346
63,0.0020792897875336084,0.003355368971824646,0.0456727,0.05792555,0.9718270897865295,0.9555218815803528,0.03451702743768692,0.040134135633707047
64,0.0017848678557625549,0.003630570136010647,0.042272687,0.060254212,0.9758654832839966,0.9518738389015198,0.0319715179502964,0.042729590088129044
65,0.0019822772274809804,0.004319330677390099,0.04424536,0.065721616,0.9735604524612427,0.9427437782287598,0.03278946876525879,0.047644224017858505
66,0.001865733229682188,0.0038462167140096426,0.04302381,0.062017873,0.9750002026557922,0.9490153193473816,0.03266819193959236,0.04432431235909462
67,0.0019586087913591077,0.004105387255549431,0.044286884,0.064073294,0.9735108017921448,0.9455797672271729,0.03355787694454193,0.04717447608709335
68,0.002226113436997614,0.0039017419330775738,0.047263686,0.062463924,0.9698300957679749,0.9482792615890503,0.035656701773405075,0.04428290203213692
69,0.0020981033343229105,0.004229133483022451,0.04535634,0.06503179,0.972216010093689,0.9439394474029541,0.033976566046476364,0.0463421456515789
70,0.0020351670576598158,0.004333962686359882,0.045153476,0.06583284,0.9724639654159546,0.9425498247146606,0.03390328958630562,0.046453919261693954
71,0.0018306171140548859,0.004254050087183714,0.042823903,0.06522308,0.9752320051193237,0.9436091184616089,0.032609112560749054,0.04633685573935509
72,0.0025494021088392897,0.0045023816637694836,0.050266873,0.06709979,0.9658742547035217,0.9403172731399536,0.03759333863854408,0.04995454475283623
73,0.0023682731182568455,0.004120985511690378,0.048774473,0.0641949,0.9678705334663391,0.945372998714447,0.03709196299314499,0.04685746505856514
74,0.0019772315387275407,0.003954974934458733,0.044534802,0.06288859,0.9732133746147156,0.9475736021995544,0.033639516681432724,0.044785626232624054
75,0.0019588211646557534,0.004141009878367186,0.04433278,0.06435067,0.9734558463096619,0.9451075792312622,0.0332212969660759,0.04480503499507904
76,0.0016346228922801938,0.0033468289766460657,0.040481493,0.057851784,0.9778674244880676,0.9556350708007812,0.031007938086986542,0.04047689214348793
77,0.0017552456225861204,0.003926601726561785,0.041601438,0.0626626,0.9766258597373962,0.9479497075080872,0.03146225959062576,0.045831069350242615
78,0.0018409806705841963,0.003656841116026044,0.042507682,0.06047182,0.9755964279174805,0.9515256285667419,0.03163875639438629,0.04307086765766144
79,0.0017078853640917011,0.003520618425682187,0.04143947,0.0593348,0.9768075346946716,0.9533313512802124,0.03152717277407646,0.04284074157476425
80,0.0016993871329098263,0.0038044063840061426,0.041341387,0.061679874,0.9769172072410583,0.9495695233345032,0.03141031041741371,0.04204376041889191
81,0.0016962769282558425,0.0036590187810361385,0.041148245,0.060489822,0.9771323800086975,0.9514967799186707,0.031105419620871544,0.04346930980682373
82,0.001613090714355084,0.0033204341307282448,0.04019091,0.05762321,0.9781840443611145,0.9559849500656128,0.030027136206626892,0.040989551693201065
83,0.0015859453282742338,0.0036740070208907127,0.039824978,0.060613587,0.9785795211791992,0.9512980580329895,0.03015797957777977,0.04427843540906906
84,0.0016732490568591113,0.0031994085293263197,0.040602602,0.056563314,0.9777348041534424,0.9575892686843872,0.030366674065589905,0.03948619216680527
85,0.0018041614305481992,0.0034077446907758713,0.042514015,0.058375895,0.9755891561508179,0.954827606678009,0.03222881257534027,0.04099327325820923
86,0.0019742188054475596,0.004206229001283646,0.04434043,0.06485545,0.9734467267990112,0.9442430734634399,0.032952312380075455,0.047828540205955505
87,0.0019236278815448961,0.0038136180955916643,0.043967225,0.0617545,0.9738917946815491,0.9494473934173584,0.03338899090886116,0.04164808988571167
88,0.0018798828505995598,0.003413819009438157,0.04320081,0.058427896,0.9747940897941589,0.9547470808029175,0.032612573355436325,0.04139501973986626
89,0.0016848318786783652,0.0032079757656902075,0.04099725,0.056638997,0.9772998690605164,0.9574756622314453,0.03074006736278534,0.04007668420672417
90,0.0014189849395982244,0.003389745717868209,0.037618026,0.058221523,0.9808878302574158,0.9550662040710449,0.028340961784124374,0.04187146574258804
91,0.0014088031444275243,0.003410150995478034,0.037253946,0.058396496,0.9812559485435486,0.9547957181930542,0.02782600000500679,0.041212793439626694
92,0.0014232858930799093,0.003162930253893137,0.03758083,0.056239937,0.9809255599975586,0.9580727815628052,0.0287727452814579,0.03929680585861206
93,0.0014495083781763572,0.0032501970417797565,0.038010214,0.0570105,0.9804872274398804,0.9569160342216492,0.0286000594496727,0.03984662890434265
94,0.001470555434934795,0.003391530131921172,0.038350232,0.058236845,0.9801365733146667,0.9550425410270691,0.028743978589773178,0.04046691954135895
95,0.0014544792012946511,0.003528434317559004,0.038119514,0.05940062,0.980374813079834,0.9532277584075928,0.02842794544994831,0.04111947864294052
96,0.001680760771374811,0.004887919407337904,0.041031603,0.06991366,0.9772618412971497,0.9352066516876221,0.031059930101037025,0.05157275125384331
97,0.0018804054178128188,0.004364061169326305,0.043239012,0.06606104,0.9747495055198669,0.9421508312225342,0.03277669847011566,0.04657834768295288
98,0.0020119082870554516,0.004070636350661516,0.04481769,0.06380154,0.9728720188140869,0.9460404515266418,0.03361498937010765,0.0434255376458168
99,0.001547251515810124,0.0033038309775292873,0.039354447,0.05747896,0.9790826439857483,0.9562050700187683,0.029156465083360672,0.04029197618365288
100,0.0013997222889553416,0.003334722714498639,0.037467152,0.05774706,0.9810407757759094,0.9557955861091614,0.028159933164715767,0.04004428908228874
101,0.0015173189775933597,0.003148035379126668,0.038922746,0.056107357,0.9795390367507935,0.958270251750946,0.028883906081318855,0.03905384987592697
102,0.0013880918770816854,0.0031956674065440893,0.037335303,0.056530233,0.9811739921569824,0.9576388597488403,0.02797010913491249,0.03833331912755966
103,0.0014525205981706015,0.0033116107806563377,0.037865996,0.057546597,0.9806349873542786,0.9561019539833069,0.02853567712008953,0.040539197623729706
104,0.001683267018630762,0.0034807955380529165,0.041091766,0.058998268,0.9771950840950012,0.953859269618988,0.031080344691872597,0.04149654507637024
105,0.0016646396278784696,0.004812544211745262,0.040653184,0.069372505,0.9776793122291565,0.9362058639526367,0.030772853642702103,0.05266156792640686
106,0.0017994612677615476,0.003478822996839881,0.042100668,0.05898155,0.9760615229606628,0.9538853764533997,0.031584203243255615,0.04031690955162048
107,0.0015453640689057383,0.003219866892322898,0.03940858,0.05674387,0.9790250658988953,0.9573180675506592,0.030075261369347572,0.03824218362569809
108,0.0012183471143626693,0.0030418396927416325,0.03495493,0.05515288,0.9834980368614197,0.9596779346466064,0.0264215636998415,0.03903404250741005
109,0.0012677364072508433,0.0032720041926950216,0.035478327,0.057201434,0.9830001592636108,0.9566269516944885,0.02687416970729828,0.04063849523663521
110,0.00133492461331612,0.0031878198496997356,0.0365099,0.056460783,0.9819971919059753,0.9577428698539734,0.027267523109912872,0.03949369490146637
111,0.0015018985405648973,0.003376603126525879,0.038727958,0.058108546,0.9797433614730835,0.9552404284477234,0.029065199196338654,0.039917685091495514
112,0.0012813861513595011,0.0029881882946938276,0.035768703,0.054664325,0.9827207326889038,0.9603891372680664,0.02679196186363697,0.037984877824783325
113,0.0010762152934065934,0.002852682489901781,0.0326866,0.053410508,0.9855702519416809,0.9621853828430176,0.024871762841939926,0.037379246205091476
114,0.001116004986794327,0.003040339332073927,0.033345673,0.055139273,0.9849824905395508,0.9596978425979614,0.0250823013484478,0.03767016902565956
115,0.0012095490502278235,0.0030171622056514025,0.034639295,0.0549287,0.9837946891784668,0.9600051045417786,0.02592334896326065,0.03802100941538811
116,0.0011134856825017116,0.003060184419155121,0.033103123,0.055318933,0.9852001667022705,0.9594348073005676,0.02491532824933529,0.038137584924697876
117,0.0011528158316981387,0.0030654079746454954,0.033753663,0.055366132,0.984612762928009,0.9593655467033386,0.025391142815351486,0.037587400525808334
118,0.0011437111031475731,0.0032315822318196297,0.033861987,0.05684701,0.9845138192176819,0.9571627974510193,0.025561721995472908,0.04034726694226265
119,0.0010725304812446914,0.003055889392271638,0.032753747,0.0552801,0.9855109453201294,0.9594917297363281,0.0246211476624012,0.03814232721924782
120,0.00106261380080303,0.0029739311430603266,0.03263388,0.054533765,0.9856168031692505,0.9605781435966492,0.024372968822717667,0.03708694875240326
121,0.001320587026632645,0.003331107087433338,0.036383636,0.057715744,0.9821215271949768,0.9558435082435608,0.02782377041876316,0.040172919631004333
122,0.0011665797792375088,0.0029814932495355606,0.03404413,0.05460305,0.9843468070030212,0.960477888584137,0.025567905977368355,0.03694853559136391
123,0.0012924618415788493,0.0030667968094348907,0.03552494,0.055378668,0.9829554557800293,0.959347128868103,0.02670227736234665,0.038533829152584076
124,0.0011566118892832574,0.0031440085731446743,0.033879522,0.05607146,0.9844977855682373,0.9583236575126648,0.025639494881033897,0.03873436525464058
125,0.0013178226257547397,0.0030768990982323885,0.03632081,0.055469807,0.9821832180023193,0.9592131972312927,0.027394898235797882,0.03790987655520439
126,0.0012251925707625394,0.002967909909784794,0.034937512,0.054478526,0.9835144877433777,0.9606579542160034,0.026414232328534126,0.03814023733139038
127,0.0013092136597895826,0.003352571977302432,0.036175005,0.057901397,0.9823259711265564,0.9555589556694031,0.026797158643603325,0.04089054837822914
128,0.00124292083571411,0.0030290335416793823,0.035310697,0.05503666,0.9831604361534119,0.9598476886749268,0.026535212993621826,0.038793183863162994
129,0.0011311275937425141,0.0027920734137296677,0.03361096,0.052840076,0.9847425818443298,0.9629887938499451,0.02502746507525444,0.0368807353079319
130,0.0012826152008280835,0.002909362083300948,0.03563306,0.053938504,0.9828515648841858,0.9614340662956238,0.02654040977358818,0.03709512576460838
131,0.0010966137871781195,0.0031544892117381096,0.033166558,0.056164842,0.9851434230804443,0.9581847190856934,0.0247233584523201,0.03878495842218399
132,0.00099904870942489,0.0028233628254383802,0.031561684,0.053135324,0.9865463972091675,0.9625740647315979,0.02387014590203762,0.03610895201563835
133,0.0010029300385874442,0.003093709470704198,0.031591732,0.055621125,0.9865207672119141,0.9589903950691223,0.023574046790599823,0.03808092325925827
134,0.0011351563390979375,0.0028847423382103443,0.033687778,0.053709798,0.9846727848052979,0.961760401725769,0.0253058522939682,0.03768465295433998
135,0.0012673660319044509,0.003246128326281905,0.03528912,0.056974806,0.9831809997558594,0.9569699764251709,0.026189159601926804,0.03964470699429512
136,0.0011359856157055633,0.003177122911438346,0.033680294,0.05636597,0.9846795797348022,0.957884669303894,0.025787780061364174,0.03966766595840454
137,0.0015031885519750756,0.002868953626602888,0.038837824,0.053562615,0.9796282649040222,0.9619697332382202,0.02862587757408619,0.03733912482857704
138,0.001348031512779099,0.003102879272773862,0.03652436,0.055703495,0.981982946395874,0.9588688611984253,0.027548354119062424,0.038085076957941055
139,0.0012317972802768716,0.00309001631103456,0.035041932,0.055587918,0.9834157824516296,0.9590393304824829,0.026162929832935333,0.03787718340754509
140,0.0014151302827733823,0.003326643956825137,0.037257425,0.057677064,0.9812524318695068,0.955902636051178,0.027584347873926163,0.03980354219675064
141,0.001397277852943675,0.0038064138498157263,0.037474215,0.061696142,0.9810336232185364,0.9495429396629333,0.02740754745900631,0.04468504711985588
142,0.001468337662200528,0.003124811453744769,0.038447317,0.05590001,0.9800358414649963,0.9585781097412109,0.028889695182442665,0.03913012146949768
143,0.0011968621216841382,0.003279775148257613,0.03469109,0.05726932,0.9837462306022644,0.9565239548683167,0.02572781778872013,0.039270151406526566
144,0.0010710944691461257,0.0032391331624239683,0.03266198,0.056913383,0.9855920076370239,0.9570626616477966,0.024593684822320938,0.04057612642645836
145,0.0011348491534590721,0.0032181995920836926,0.03345247,0.05672918,0.9848861694335938,0.9573401808738708,0.02530856430530548,0.039133649319410324
146,0.0009827866107860411,0.003096980042755604,0.03139039,0.055650517,0.9866920113563538,0.9589470624923706,0.023975152522325516,0.03838100656867027
147,0.0010031074528921056,0.003019151743501425,0.031630453,0.05494681,0.9864876866340637,0.9599786996841431,0.02395964413881302,0.03772512078285217
148,0.0009466339622370222,0.003177622565999627,0.030778797,0.056370407,0.9872055649757385,0.957878053188324,0.022969761863350868,0.03947541117668152
149,0.0012106567817020484,0.0029923568945378065,0.034785178,0.05470244,0.983657956123352,0.9603338837623596,0.02617381140589714,0.03727901354432106
150,0.0010328260118099438,0.0030464690644294024,0.03215202,0.05519483,0.9860383868217468,0.9596166014671326,0.023981012403964996,0.03708561882376671
151,0.0009533983644690703,0.0029389511328190565,0.030861838,0.054212097,0.9871364235877991,0.9610418081283569,0.02336004562675953,0.03615357354283333
152,0.0008877865567972714,0.0031006589997559786,0.029779991,0.05568356,0.9880224466323853,0.9588982462882996,0.022557176649570465,0.0390026718378067
153,0.0009798119320872831,0.0031302538700401783,0.03127304,0.05594867,0.9867913126945496,0.9585059881210327,0.023293396458029747,0.03886003419756889
154,0.0009023493965452707,0.002896722173318267,0.030057684,0.053821206,0.9877980351448059,0.9616016149520874,0.022642837837338448,0.03735324740409851
155,0.0009514086017258127,0.0031059407629072666,0.030751519,0.05573097,0.9872282147407532,0.9588282704353333,0.023185228928923607,0.0382259227335453
156,0.0010524881178174508,0.0030351036693900824,0.03250281,0.055091776,0.9857320785522461,0.9597672820091248,0.024518821388483047,0.03879164531826973
157,0.0010916483032898132,0.0031082313507795334,0.03283761,0.055751517,0.9854366183280945,0.9587978720664978,0.024334825575351715,0.039467792958021164
158,0.0013745795215734026,0.0032383021898567677,0.037122767,0.056906085,0.981387734413147,0.9570736885070801,0.027716713026165962,0.038326967507600784
159,0.0010803950056222013,0.003492106217890978,0.032852508,0.059094045,0.9854234457015991,0.9537093043327332,0.02519478090107441,0.041238877922296524
160,0.0009766490415627645,0.002934916876256466,0.031121904,0.054174874,0.9869186878204346,0.9610953330993652,0.023334981873631477,0.03793877363204956
161,0.0015174785724163733,0.0032087545841932297,0.03875606,0.05664587,0.9797139167785645,0.9574653506278992,0.028903109952807426,0.03881783038377762
162,0.0009965679068541663,0.0027744320686906576,0.03138143,0.052672874,0.986699640750885,0.9632226824760437,0.023682983592152596,0.036452408879995346
163,0.0009402186869093301,0.0029859989881515503,0.030597199,0.054644294,0.9873560667037964,0.960418164730072,0.022871263325214386,0.037557587027549744
164,0.0009960193605035204,0.0030617048032581806,0.03141462,0.055332676,0.9866714477539062,0.9594146609306335,0.02321196347475052,0.037699367851018906
165,0.0011903397204481405,0.003745252499356866,0.03461826,0.06119847,0.9838143587112427,0.9503536820411682,0.026162566617131233,0.04259108006954193
166,0.0011448052325497636,0.0031538712792098522,0.03391979,0.05615934,0.9844609498977661,0.9581928849220276,0.025905946269631386,0.03914342075586319
167,0.0010990552863487128,0.0029723041225224733,0.03320788,0.054518845,0.985106348991394,0.9605997204780579,0.025118183344602585,0.03772835060954094
168,0.0008927150126758286,0.003075950313359499,0.029907048,0.05546125,0.9879200458526611,0.9592257738113403,0.02228899858891964,0.0372517965734005
169,0.0010047362328888003,0.002700482029467821,0.031465683,0.051966164,0.9866281151771545,0.9642029404640198,0.023523926734924316,0.035768914967775345
170,0.0010809716160028156,0.0029365746304392815,0.032947205,0.05419017,0.9853392839431763,0.9610733389854431,0.024484548717737198,0.03712831810116768
171,0.000938082486920228,0.0029210681095719337,0.030684153,0.054046903,0.9872841238975525,0.9612789154052734,0.02291853353381157,0.03696203604340553
172,0.0009259716951584613,0.0030163987539708614,0.03025681,0.05492175,0.9876358509063721,0.9600151777267456,0.022833438590168953,0.03710269182920456
173,0.0011152103463907472,0.0032525795977562666,0.033317205,0.05703139,0.9850081205368042,0.9568844437599182,0.024466268718242645,0.03849859908223152
174,0.0010593952690462836,0.0034093197900801897,0.032585647,0.05838938,0.9856592416763306,0.9548067450523376,0.02403930202126503,0.04015067592263222
175,0.001063620631942864,0.0032163425348699093,0.032673407,0.056712806,0.9855819344520569,0.9573647975921631,0.0243744608014822,0.039024434983730316
176,0.0010299798582722856,0.003529822453856468,0.032130636,0.05941231,0.9860569834709167,0.9532093405723572,0.024012157693505287,0.04144221544265747
177,0.0010948925363746557,0.0031779520213603973,0.033045184,0.056373328,0.9852519631385803,0.9578737020492554,0.02509196475148201,0.03921434283256531
178,0.001077238748125224,0.003578334581106901,0.032839306,0.059819184,0.9854351282119751,0.9525662660598755,0.02490888722240925,0.041076164692640305
179,0.0009836602575060997,0.00283395079895854,0.031266328,0.053234864,0.9867969751358032,0.9624336957931519,0.023443298414349556,0.03527897223830223
180,0.0010017317756798795,0.003260883968323469,0.031548355,0.05710415,0.9865577220916748,0.9567743539810181,0.02360190451145172,0.038589876145124435
181,0.0011608906286048957,0.002842799061909318,0.034209292,0.053317904,0.9841945767402649,0.9623163938522339,0.02567024528980255,0.036749862134456635
182,0.000977800627217882,0.0029831300489604473,0.031271886,0.054618042,0.9867923259735107,0.9604561924934387,0.02330837957561016,0.03743372857570648
183,0.0009068629296962172,0.0034456774592399597,0.030183222,0.058699895,0.9876958727836609,0.9543247818946838,0.022571954876184464,0.04125223308801651
184,0.0011217682516540992,0.0033527566120028496,0.03358565,0.057902995,0.9847655892372131,0.9555565118789673,0.025079917162656784,0.04028790816664696
185,0.0009308929412244735,0.0030450739432126284,0.030573808,0.05518219,0.9873753786087036,0.9596350789070129,0.02309838868677616,0.038464900106191635
186,0.0008124300590927967,0.0027713095769286156,0.028323812,0.05264323,0.989165186882019,0.9632640480995178,0.021458566188812256,0.03548434004187584
187,0.0008393360026688738,0.00292294193059206,0.028972413,0.05406424,0.9886632561683655,0.9612540602684021,0.021460777148604393,0.03631988540291786
188,0.0008893666447627104,0.002677635755389929,0.029830888,0.05174588,0.9879814982414246,0.9645057916641235,0.022223420441150665,0.034491922706365585
189,0.0009865131075705656,0.0030645010992884636,0.031243237,0.055357937,0.9868165254592896,0.9593775868415833,0.022998929023742676,0.03782157599925995
190,0.0008106847738169811,0.0027931167278438807,0.028498372,0.052849945,0.989031195640564,0.9629749655723572,0.021705104038119316,0.03639254719018936
191,0.0009361437802329998,0.0029938695952296257,0.030434873,0.054716263,0.9874898791313171,0.9603138566017151,0.022824231535196304,0.0371851921081543
192,0.0007941605025817724,0.003087658667936921,0.02811609,0.055566706,0.9893234968185425,0.9590705633163452,0.02106955647468567,0.03848918527364731
193,0.0009518857563803481,0.0029966430738568306,0.030788692,0.054741602,0.9871973395347595,0.9602770805358887,0.023372074589133263,0.038375720381736755
194,0.0010116904079702429,0.0031070082914084196,0.0317934,0.05574055,0.9863480925559998,0.9588140845298767,0.024233076721429825,0.03951435163617134
195,0.0009331548776985569,0.003130801487714052,0.030423421,0.055953566,0.9874992966651917,0.9584987163543701,0.02326747588813305,0.03856018930673599
196,0.0008897220938127826,0.0030768795404583216,0.029704556,0.05546963,0.9880830645561218,0.9592134952545166,0.022377174347639084,0.03760074824094772
197,0.0008070623867256058,0.0029948484152555466,0.028298428,0.054725207,0.989184558391571,0.960300862789154,0.021329717710614204,0.037113506346940994
198,0.0009214955128052018,0.002698176307603717,0.030332884,0.051943976,0.9875735640525818,0.9642335176467896,0.022674430161714554,0.03679409995675087
199,0.0011516611239957538,0.0029294295236468315,0.03405684,0.054124206,0.9843351244926453,0.9611680507659912,0.02512708306312561,0.0376942902803421
200,0.0010973828347315166,0.003144145244732499,0.032964796,0.05607268,0.9853236079216003,0.9583218097686768,0.02485591731965542,0.03917843848466873
201,0.001037461183097383,0.0028504058718681335,0.03212962,0.053389195,0.9860578775405884,0.9622155427932739,0.024027995765209198,0.036383192986249924
202,0.0009416797044898638,0.0027935951948165894,0.030591298,0.052854475,0.987360954284668,0.962968647480011,0.023017462342977524,0.03659091144800186
203,0.0010025976278649812,0.0035090104211121798,0.031742156,0.0592369,0.986392080783844,0.9534852504730225,0.024106452241539955,0.041252683848142624
204,0.0009364760348530995,0.0031378299463540316,0.030618992,0.056016337,0.9873380661010742,0.9584055542945862,0.022586815059185028,0.0373011976480484
205,0.0007566289145457135,0.002832386875525117,0.02730082,0.053220175,0.9899336695671082,0.9624544382095337,0.020405957475304604,0.036175720393657684
206,0.00094530013368719,0.0029494964983314276,0.030542005,0.054309268,0.9874016642570496,0.9609020352363586,0.022595301270484924,0.036520037800073624
207,0.0007320921299238266,0.0029200315475463867,0.027069513,0.054037318,0.990103542804718,0.9612926244735718,0.020358994603157043,0.037320178002119064
208,0.0009540406780698421,0.0027683412190526724,0.03090833,0.05261503,0.9870976209640503,0.9633033871650696,0.02320977672934532,0.03660205751657486
209,0.0008190183117139069,0.0028154735919088125,0.028688548,0.05306104,0.9888843297958374,0.9626786112785339,0.021259764209389687,0.036139342933893204
210,0.0010663680256005716,0.0030779261142015457,0.03259778,0.05547906,0.9856485724449158,0.9591996073722839,0.024500973522663116,0.0365382581949234
211,0.0009667109010148455,0.003046829719096422,0.031015132,0.055198096,0.987008273601532,0.9596118330955505,0.02300909347832203,0.03749905154109001
212,0.0009434261274608699,0.0029877948109060526,0.030698307,0.054660726,0.9872723817825317,0.9603943824768066,0.023682009428739548,0.03754570335149765
213,0.0009138979949057102,0.003265704959630966,0.0301802,0.057146348,0.9876983761787415,0.9567104578018188,0.022733600810170174,0.03757530450820923
214,0.0007991969019216908,0.0026805081870406866,0.028178427,0.051773623,0.989276111125946,0.9644677042961121,0.021163761615753174,0.03448386862874031
215,0.0008185231021012772,0.0028658120427280664,0.02862583,0.053533286,0.9889328479766846,0.9620113372802734,0.021492794156074524,0.03607720881700516
216,0.00085712997877801,0.0029918744694441557,0.029336702,0.05469803,0.9883763790130615,0.9603402614593506,0.021467270329594612,0.03632892668247223
217,0.0008910522976128215,0.0030260246712714434,0.029902391,0.055009313,0.987923800945282,0.9598876237869263,0.02198423072695732,0.037845179438591
218,0.0007691090167182582,0.0027271974831819534,0.027824374,0.05222258,0.9895439147949219,0.9638488292694092,0.02102247066795826,0.03531965613365173
219,0.0008856525501786647,0.0027014808729290962,0.029720735,0.05197577,0.9880700707435608,0.9641897082328796,0.022260282188653946,0.03598704934120178
220,0.0009109713983806697,0.002954297699034214,0.030263793,0.054353453,0.9876301288604736,0.9608383774757385,0.022525161504745483,0.03736141696572304
221,0.0008764822295316579,0.0029290623497217894,0.029569268,0.054120813,0.9881913661956787,0.9611729383468628,0.022189339622855186,0.03669390454888344
222,0.0009272704998941415,0.002788145560771227,0.030530425,0.052802894,0.9874112010002136,0.9630408883094788,0.022735757753252983,0.036578863859176636
223,0.0008519299920986999,0.0028163448441773653,0.02912425,0.053069245,0.9885441064834595,0.9626671075820923,0.021863393485546112,0.036195751279592514
224,0.0007731750215911729,0.0029580972623080015,0.027694656,0.054388393,0.9896411895751953,0.9607880115509033,0.02057957462966442,0.03761979192495346
225,0.0013297970660708168,0.0031949502881616354,0.036019884,0.056523893,0.9824771881103516,0.9576483368873596,0.02659524790942669,0.0377536378800869
226,0.0011149736158338121,0.003130679251626134,0.033338733,0.055952474,0.9849887490272522,0.958500325679779,0.024650629609823227,0.04050776734948158
227,0.001069787641013549,0.0028689142782241106,0.03269618,0.053562246,0.9855617880821228,0.9619702100753784,0.02455572411417961,0.03669428825378418
228,0.0008484675728885287,0.0026187661569565535,0.029100848,0.05117388,0.9885625243186951,0.965286135673523,0.022122232243418694,0.03508010506629944
229,0.0008523908406707712,0.002789077814668417,0.029006148,0.05281172,0.98863685131073,0.9630285501480103,0.021881265565752983,0.035670336335897446
230,0.0008455825273730708,0.0027505038306117058,0.02890712,0.052445248,0.9887142777442932,0.9635398387908936,0.02185935527086258,0.03548230603337288
231,0.0006913290046875111,0.0026965546421706676,0.02631036,0.05192836,0.9906508326530457,0.9642549753189087,0.019889548420906067,0.03477149084210396
232,0.000648592491581274,0.002895440673455596,0.025463533,0.0538093,0.9912430047988892,0.9616186022758484,0.01869918406009674,0.03575744107365608
233,0.0006914282368432561,0.0030381258111447096,0.026232436,0.0551192,0.9907061457633972,0.9597271680831909,0.019426491111516953,0.03621642664074898
234,0.0008304718252144415,0.003197534941136837,0.028788807,0.05654675,0.9888064861297607,0.9576141238212585,0.021491900086402893,0.03775862231850624
235,0.0008247334494213151,0.0030214597936719656,0.02849148,0.054967806,0.989036500453949,0.9599481225013733,0.02120155468583107,0.03732919320464134
236,0.0008532107749488205,0.0030577497091144323,0.029131847,0.055296924,0.9885381460189819,0.9594670534133911,0.02188798412680626,0.038507960736751556
237,0.0007798369637880983,0.0027825108263641596,0.027938131,0.05274951,0.9894582033157349,0.9631155729293823,0.02087356336414814,0.035255130380392075
238,0.0009113372930600731,0.0029561477713286877,0.030253386,0.054370467,0.9876386523246765,0.9608138799667358,0.022415831685066223,0.036910127848386765
239,0.0007348074895245107,0.002677754731848836,0.027154865,0.051747028,0.9900410175323486,0.9645041823387146,0.020315831527113914,0.03526480495929718
240,0.0007740761132233522,0.003012964501976967,0.02777696,0.054890476,0.9895794987678528,0.960060715675354,0.021024862304329872,0.037074796855449677
241,0.0006945325532631779,0.002820458495989442,0.026181398,0.053107988,0.9907422661781311,0.9626125693321228,0.01952112279832363,0.035207606852054596
242,0.0006671942299528217,0.0026553680654615164,0.02589419,0.051530264,0.9909442663192749,0.9648009538650513,0.019270896911621094,0.034654758870601654
243,0.0007074750544482165,0.002740449272096157,0.026388802,0.052349307,0.9905950427055359,0.9636731147766113,0.019652603194117546,0.0355583094060421
244,0.0007935121737484059,0.00262459390796721,0.027953675,0.051230792,0.9894465208053589,0.965208888053894,0.020807603374123573,0.03404577821493149
245,0.0007288937234658409,0.002778582274913788,0.026980713,0.052712258,0.9901683926582336,0.963167667388916,0.020109694451093674,0.03523833677172661
246,0.0007302464655367658,0.002834266284480691,0.026898526,0.05323783,0.9902281761169434,0.9624295234680176,0.020273812115192413,0.03586968407034874
247,0.0008541603085838935,0.0029154045041650534,0.02920082,0.05399449,0.9884837865829468,0.9613539576530457,0.0216870978474617,0.03610676899552345
248,0.0009295449047137729,0.0028276783414185047,0.03050757,0.053175922,0.9874300360679626,0.9625168442726135,0.02280789613723755,0.035582274198532104
249,0.0008042988774832338,0.00298867654055357,0.028340816,0.05466879,0.9891521334648132,0.9603826999664307,0.021539801731705666,0.03746668994426727
250,0.0009271126314574344,0.0031836871057748795,0.030094422,0.05642417,0.9877681732177734,0.957797646522522,0.022139128297567368,0.038340602070093155
251,0.0008073904398109087,0.0030972445383667946,0.028473226,0.055652894,0.989050567150116,0.9589435458183289,0.021274613216519356,0.0373879000544548
252,0.0007292624769351361,0.0030631283298134804,0.026857957,0.055345535,0.9902576208114624,0.9593957662582397,0.020232820883393288,0.03692762553691864
253,0.000742647366926328,0.0027849271427839994,0.027306255,0.05277241,0.9899296760559082,0.9630835652351379,0.02015662007033825,0.035766929388046265
254,0.00078676014858171,0.0026856951881200075,0.02786377,0.051823694,0.9895142912864685,0.9643989205360413,0.020533744245767593,0.035091254860162735
255,0.000719167493199083,0.002646073931828141,0.026794804,0.051440004,0.9903033971786499,0.964924156665802,0.02023344114422798,0.034820519387722015
256,0.000727565660120242,0.0027405887376517057,0.026957927,0.052350633,0.9901849627494812,0.9636712670326233,0.02021198906004429,0.03670484200119972
257,0.000669837167317217,0.0024017933756113052,0.025816916,0.049008094,0.9909982681274414,0.9681622982025146,0.01924014836549759,0.033755507320165634
258,0.0007554401421326805,0.002609695540741086,0.02751214,0.051085178,0.9897772669792175,0.9654063582420349,0.02058425173163414,0.0350160151720047
259,0.0007299862759695811,0.0028212759643793106,0.027022678,0.053115685,0.9901377558708191,0.9626017212867737,0.020718522369861603,0.03644498810172081
260,0.0006507585732668468,0.0027885932940989733,0.025460625,0.052807134,0.9912449717521667,0.9630349278450012,0.019319884479045868,0.03611593693494797
261,0.000637497804498046,0.0028469404205679893,0.025328442,0.053356733,0.9913356304168701,0.9622614979743958,0.0191961582750082,0.03549659624695778
262,0.0007664905980081213,0.0031508279498666525,0.027652405,0.056132235,0.9896727800369263,0.9582332372665405,0.020508451387286186,0.0393042154610157
263,0.0008190422641663728,0.0029934688936918974,0.028628226,0.054712605,0.9889310002326965,0.9603191614151001,0.021494491025805473,0.03632602095603943
264,0.0006798250899671323,0.0024731720332056284,0.02611498,0.049730998,0.9907891750335693,0.9672161340713501,0.019657881930470467,0.03451620787382126
265,0.0007790803157893771,0.0030218290630728006,0.027896391,0.054971166,0.989489734172821,0.9599432349205017,0.021086733788251877,0.03587205708026886
266,0.0006411087207115171,0.002817825647071004,0.025213515,0.0530832,0.9914141297340393,0.9626474380493164,0.019002234563231468,0.03502674773335457
267,0.0006208655223335055,0.0027023153379559517,0.02482894,0.0519838,0.99167400598526,0.9641786217689514,0.01876349002122879,0.034753236919641495
268,0.0006309613527264446,0.0029447628185153008,0.02515763,0.05426567,0.9914520978927612,0.9609647989273071,0.01895277015864849,0.03707243129611015
269,0.0007344227051362395,0.0026133900973945856,0.027143793,0.051121328,0.9900491833686829,0.9653574228286743,0.020363761112093925,0.034153636544942856
270,0.0008880503446562216,0.0028139601927250624,0.029853657,0.053046774,0.9879631400108337,0.9626986980438232,0.022092079743742943,0.03538993000984192
271,0.0007017900233305144,0.0028706383891403675,0.026509797,0.05357834,0.9905085563659668,0.9619473814964294,0.019725831225514412,0.03546265512704849
272,0.0006934702872637321,0.003050536848604679,0.026375229,0.055231668,0.9906046986579895,0.9595626592636108,0.019644737243652344,0.03725916147232056
273,0.0007153544879243286,0.00282244011759758,0.026838128,0.05312664,0.9902719855308533,0.9625862836837769,0.01988961733877659,0.03575947508215904
274,0.0006873388152929361,0.0029694396071135998,0.026239216,0.054492567,0.9907013177871704,0.9606376886367798,0.01962929219007492,0.03652983903884888
275,0.0007340423220408742,0.0028126409742981195,0.027089555,0.05303434,0.9900888800621033,0.9627161622047424,0.020218390971422195,0.035840410739183426
276,0.0007547856075689197,0.0031597837805747986,0.02736137,0.056211956,0.9898889660835266,0.958114504814148,0.020441226661205292,0.038671936839818954
277,0.0008091344471639869,0.0032652211375534534,0.028426776,0.057142116,0.9890862703323364,0.9567168354988098,0.02099531888961792,0.03767484426498413
278,0.0006928285557395694,0.002824026858434081,0.026373092,0.053141575,0.9906061887741089,0.9625652432441711,0.019481584429740906,0.03527304157614708
279,0.0006846175515833734,0.00284785870462656,0.0261474,0.05336533,0.9907662868499756,0.9622493386268616,0.019798073917627335,0.0351564958691597
280,0.0007233766651056199,0.002903952728956938,0.026824351,0.053888336,0.9902819991111755,0.9615057706832886,0.019850298762321472,0.03711516037583351
281,0.0007411052356474102,0.002732673427090049,0.027109515,0.05227498,0.9900742769241333,0.9637762308120728,0.019960304722189903,0.0354820191860199
282,0.0007033575410869988,0.0031173548195511103,0.026564816,0.055833276,0.9904691576957703,0.9586769342422485,0.01999460905790329,0.037818968296051025
283,0.0007364027961474759,0.0029045420233160257,0.027164353,0.053893805,0.9900341033935547,0.961497962474823,0.019962286576628685,0.036916427314281464
284,0.0006811504175526683,0.002861057175323367,0.026112853,0.053488854,0.9907906651496887,0.9620743989944458,0.01957073248922825,0.036214977502822876
285,0.0006734835902038453,0.0028382819145917892,0.02593237,0.05327553,0.9909175634384155,0.9623762965202332,0.01965559460222721,0.03581243380904198
286,0.0006302731966239993,0.0029448289424180984,0.02506795,0.054266278,0.9915129542350769,0.9609639048576355,0.018746044486761093,0.036712706089019775
287,0.000771975005839274,0.003303840756416321,0.027880179,0.057479046,0.9895018935203552,0.9562049508094788,0.02080203779041767,0.03990064933896065
288,0.0007656966772628948,0.0026635583490133286,0.027622135,0.051609673,0.9896953701972961,0.9646924138069153,0.020444231107831,0.03496573865413666
289,0.000751142821338197,0.0029146913439035416,0.027446952,0.053987883,0.9898256659507751,0.9613634347915649,0.020545719191432,0.036161161959171295
290,0.000660477793479169,0.002764099044725299,0.025729273,0.052574698,0.9910592436790466,0.9633596539497375,0.019257672131061554,0.035149771720170975
291,0.0007094751093642448,0.0028933589346706867,0.026412055,0.053789955,0.9905784130096436,0.9616461992263794,0.019916748628020287,0.03599867224693298
292,0.0007689885175998577,0.002737702103331685,0.027654907,0.052323055,0.9896708726882935,0.9637095332145691,0.020786045119166374,0.03426877036690712
293,0.0007005650470752946,0.0025992996525019407,0.02644053,0.05098333,0.9905580878257751,0.9655441641807556,0.01985413208603859,0.03398624062538147
294,0.0006079118730585006,0.002621891675516963,0.024675606,0.05120441,0.9917765259742737,0.965244710445404,0.018368298187851906,0.033954817801713943
295,0.0006171411104415628,0.0027540859300643206,0.024833895,0.052479386,0.9916707277297974,0.9634923934936523,0.018635857850313187,0.035861678421497345
296,0.0008580896868476306,0.002708049723878503,0.02906833,0.052038927,0.9885880947113037,0.9641026258468628,0.02143023908138275,0.0360250286757946
297,0.0006995977270311083,0.003072392661124468,0.026361769,0.05542917,0.9906142950057983,0.9592729806900024,0.01955604925751686,0.038750384002923965
298,0.0007975607361665673,0.002439559204503894,0.028355775,0.049391896,0.9891406893730164,0.9676616787910461,0.0211748369038105,0.03405795246362686
299,0.0005396197904536331,0.002529711229726672,0.023236748,0.050296232,0.9927076101303101,0.9664666652679443,0.01727879047393799,0.03380342572927475
300,0.0006126857042545453,0.002706552157178521,0.024591459,0.052024536,0.9918325543403625,0.964122474193573,0.018270034343004227,0.034769389778375626
301,0.0006175462952920828,0.002532639540731907,0.024640735,0.050325338,0.9917997717857361,0.9664278030395508,0.018442342057824135,0.03368823230266571
302,0.0006142532378858464,0.0026775409933179617,0.02470047,0.05174496,0.9917599558830261,0.9645070433616638,0.018428750336170197,0.03553267568349838
303,0.0005350808774396269,0.0026259017176926136,0.023137404,0.051243555,0.9927698373794556,0.9651915431022644,0.01731567643582821,0.033631712198257446
304,0.0005293385435255583,0.0028832596726715565,0.02295358,0.05369599,0.9928842782974243,0.9617800712585449,0.01735112816095352,0.03557862341403961
305,0.0006457314157159999,0.0028288965113461018,0.025311133,0.05318737,0.9913474917411804,0.9625006914138794,0.018884485587477684,0.035945650190114975
306,0.0007787081836299462,0.0028127923142164946,0.027992256,0.053035766,0.9894173741340637,0.9627141952514648,0.02085505984723568,0.035341836512088776
307,0.0006826099852332845,0.0027075461111962795,0.026082642,0.052034087,0.9908120036125183,0.9641093015670776,0.01934324949979782,0.03530730679631233
308,0.0005308356498558583,0.002792903920635581,0.023034643,0.052847933,0.9928339123725891,0.9629778265953064,0.01728164032101631,0.035877082496881485
309,0.0006951825661500069,0.002859034575521946,0.026332116,0.05346994,0.9906353950500488,0.9621012210845947,0.019396880641579628,0.03540550917387009
310,0.000700418519872156,0.003009624080732465,0.026432907,0.054860044,0.9905635714530945,0.9601050019264221,0.019728565588593483,0.03745938092470169
311,0.0007713601728689603,0.00256260740570724,0.027742164,0.050622206,0.9896056056022644,0.9660305976867676,0.02045304886996746,0.033803313970565796
312,0.0007206915853947231,0.002729953732341528,0.026868606,0.05224896,0.9902499318122864,0.9638122916221619,0.019966384395956993,0.03554847463965416
313,0.00077175907922951,0.002654986223205924,0.027671563,0.051526558,0.9896584153175354,0.9648060202598572,0.020215345546603203,0.03565269708633423
314,0.0006385373787700453,0.002849391894415021,0.025334027,0.053379696,0.9913318157196045,0.9622290134429932,0.01873004622757435,0.035289350897073746
315,0.0007321407346435907,0.0030579478479921818,0.02687935,0.055298716,0.9902421236038208,0.959464430809021,0.01942438818514347,0.03640655428171158
316,0.0009651364525780082,0.003230474656447768,0.031069322,0.056837264,0.9869628548622131,0.957177460193634,0.02221265621483326,0.03795749694108963
317,0.0013797419113953683,0.003936669323593378,0.037084106,0.06274289,0.981426477432251,0.9478162527084351,0.025683002546429634,0.041879959404468536
318,0.0014266427077183669,0.0035833592992275953,0.037791956,0.05986117,0.9807106852531433,0.9524996876716614,0.026912109926342964,0.04031922295689583
319,0.0018334848573431373,0.004481997806578875,0.042727157,0.06694773,0.9753437638282776,0.9405875205993652,0.029320010915398598,0.04599959775805473
320,0.0022242389598184013,0.004922745283693075,0.047162537,0.07016228,0.9699590802192688,0.9347450733184814,0.03416924551129341,0.05139301344752312
321,0.0021888855791820042,0.003376722801476717,0.046929162,0.058109578,0.9702556729316711,0.9552388191223145,0.03376505523920059,0.041179582476615906
322,0.0023507650317200882,0.0048243142664432526,0.048211567,0.069457285,0.9686078429222107,0.9360498189926147,0.03204885870218277,0.04607958719134331
323,0.0028319091917100277,0.0041152918711304665,0.053194284,0.06415054,0.9617837071418762,0.9454485177993774,0.036257304251194,0.0435100682079792
324,0.00249024903380566,0.0041168429888784885,0.049905594,0.064162634,0.9663630127906799,0.9454278945922852,0.03409763425588608,0.04426147788763046
325,0.0019017830014821482,0.0031133214943110943,0.043547276,0.05579715,0.9743881821632385,0.9587303996086121,0.031033113598823547,0.03867294266819954
326,0.0015272154996637255,0.003411628073081374,0.03893621,0.058409143,0.9795249104499817,0.9547761082649231,0.028177814558148384,0.04100856930017471
327,0.0015702368268235164,0.003078537294641137,0.039636966,0.05548457,0.9787812829017639,0.9591915011405945,0.029124660417437553,0.038622017949819565
328,0.001049205917462876,0.002691550413146615,0.032438125,0.051880155,0.9857888221740723,0.9643213152885437,0.024138938635587692,0.034955721348524094
329,0.0009389615363695405,0.0029738899320364,0.03064653,0.054533385,0.98731529712677,0.9605786800384521,0.02278783544898033,0.03741652891039848
330,0.0008819229498674923,0.0028154104948043823,0.029760778,0.053060442,0.9880378842353821,0.9626794457435608,0.02214735560119152,0.03527498617768288
331,0.0009057115609969267,0.002485057106241584,0.030155055,0.049850345,0.9877188801765442,0.967058539390564,0.022407112643122673,0.03361620008945465
332,0.0008459630163005469,0.0030962559394538403,0.029062202,0.055644013,0.9885928630828857,0.9589565992355347,0.021196795627474785,0.03846149891614914
333,0.0007531191777988253,0.002715742914006114,0.02728338,0.05211279,0.9899465441703796,0.9640006422996521,0.02025510184466839,0.03502148017287254
334,0.0007333627965470606,0.002765853889286518,0.02704533,0.052591387,0.9901212453842163,0.9633363485336304,0.020079312846064568,0.03596939891576767
335,0.0008144578287928281,0.002751106396317482,0.02856454,0.052450992,0.988980233669281,0.9635318517684937,0.02162102423608303,0.03613919019699097
336,0.0006532695776761764,0.002725700382143259,0.025501993,0.05220824,0.9912165403366089,0.9638686180114746,0.01912398636341095,0.035872891545295715
337,0.000635780903394334,0.0023869520518928766,0.02518094,0.048856445,0.9914363026618958,0.9683590531349182,0.0189165361225605,0.0334114246070385
338,0.0006482618019535122,0.0027705729007720947,0.02550036,0.052636232,0.9912176132202148,0.963273823261261,0.019397960975766182,0.03592775762081146
339,0.0007075292418118228,0.0025588711723685265,0.026592389,0.050585285,0.9904493689537048,0.9660800695419312,0.019787736237049103,0.03382871672511101
340,0.0009295881318394095,0.0030874081421643496,0.03054682,0.055564456,0.9873976707458496,0.9590739011764526,0.02277056686580181,0.03839608281850815
341,0.0007201116981873797,0.0026778217870742083,0.026718466,0.051747676,0.9903585910797119,0.964503288269043,0.019983867183327675,0.03496235981583595
342,0.0005911693588132039,0.0025809176731854677,0.024310498,0.050802734,0.9920181035995483,0.9657878875732422,0.018317587673664093,0.03406289964914322
343,0.0005461882445326245,0.0025952504947781563,0.02332294,0.050943602,0.9926534295082092,0.9655978679656982,0.017518825829029083,0.03403652086853981
344,0.0006220840375383639,0.0025853621773421764,0.024886677,0.050846457,0.991635262966156,0.9657289385795593,0.018157437443733215,0.03337452560663223
345,0.0005628547276666558,0.0028480426408350468,0.023727387,0.053367056,0.9923964142799377,0.9622468948364258,0.01779245398938656,0.03614453971385956
346,0.0005933705489786172,0.002752027940005064,0.024220882,0.052459773,0.9920768141746521,0.9635196328163147,0.0181356780230999,0.03564777597784996
347,0.0006814558146288618,0.0027278163470327854,0.026172519,0.052228503,0.9907485246658325,0.9638406038284302,0.019665062427520752,0.03421726077795029
348,0.0006645562005525625,0.002350999740883708,0.025660388,0.048487112,0.9911070466041565,0.9688355922698975,0.019142907112836838,0.033568017184734344
349,0.0005680864084173332,0.0024325568228960037,0.023784965,0.04932096,0.992359459400177,0.9677544832229614,0.01758153922855854,0.033174771815538406
350,0.0006508224257479676,0.0028631528839468956,0.025557725,0.05350844,0.9911780953407288,0.9620466232299805,0.01881646364927292,0.03607570752501488
351,0.0005072011607064104,0.0026178343687206507,0.022453288,0.051164776,0.9931910634040833,0.9652984738349915,0.0167232658714056,0.03376961499452591
352,0.0005434352893974971,0.002640005899593234,0.023365764,0.05138099,0.992626428604126,0.965004563331604,0.017416346818208694,0.03451250120997429
353,0.0006017686537234113,0.002913141855970025,0.024468051,0.053973533,0.9919143319129944,0.9613839387893677,0.018070602789521217,0.03650045022368431
354,0.0005916504398390481,0.0025420039892196655,0.024194663,0.05041829,0.9920939803123474,0.9663037061691284,0.017779981717467308,0.03383912891149521
355,0.0006501340579813008,0.002590048359706998,0.025487874,0.05089252,0.9912262558937073,0.9656668305397034,0.019065218046307564,0.03393784165382385
356,0.00047854406081817365,0.0024197124876081944,0.021892373,0.049190573,0.9935269951820374,0.9679247736930847,0.016428422182798386,0.03344060853123665
357,0.0005440006670224565,0.002408060245215893,0.023217097,0.049071994,0.9927199482917786,0.9680792093276978,0.017363842576742172,0.033051297068595886
358,0.0005787092919821258,0.002695927396416664,0.023771755,0.05192232,0.9923679232597351,0.9642633199691772,0.017245080322027206,0.03406944498419762
359,0.0005351107988231392,0.002501352224498987,0.023135606,0.050013524,0.9927709698677063,0.966842532157898,0.017187170684337616,0.03341977298259735
360,0.0006134454928211529,0.002505371579900384,0.02476634,0.050053686,0.9917159676551819,0.9667893052101135,0.01867971196770668,0.033140551298856735
361,0.0005182039458304644,0.002597016980871558,0.022758799,0.050960936,0.9930045008659363,0.9655744433403015,0.01709805801510811,0.03394255414605141
362,0.0005819951580964367,0.002642808947712183,0.024173789,0.05140826,0.992107629776001,0.9649674296379089,0.01817418448626995,0.034791890531778336
363,0.0005189921609020199,0.0024720386136323214,0.022816377,0.0497196,0.9929690957069397,0.9672311544418335,0.016933750361204147,0.03331313282251358
364,0.0005451490009859713,0.002987228101119399,0.02336181,0.05465554,0.9926289319992065,0.9604018926620483,0.017371229827404022,0.03722186014056206
365,0.0006301924110051583,0.002616916550323367,0.024933966,0.05115581,0.991603434085846,0.9653106331825256,0.01881708763539791,0.03382640704512596
366,0.0005287838615582917,0.0027453654911369085,0.022922514,0.052396238,0.9929035305976868,0.9636079668998718,0.017091436311602592,0.03538324683904648
367,0.000568300358612429,0.002807833719998598,0.023767453,0.052988995,0.9923707246780396,0.9627798795700073,0.017744190990924835,0.03515675663948059
368,0.0005611091143112968,0.002756638452410698,0.02344488,0.0525037,0.9925764203071594,0.9634585380554199,0.017556851729750633,0.036358002573251724
369,0.0006862678763520142,0.0026794227305799723,0.026138999,0.05176314,0.9907722473144531,0.9644820690155029,0.01946665160357952,0.0334063395857811
370,0.0005503428520486606,0.0026613047812134027,0.023421807,0.05158784,0.9925910234451294,0.9647222757339478,0.01771056093275547,0.034026265144348145
371,0.0004671865687917241,0.002444919664412737,0.021597518,0.04944613,0.9937002062797546,0.9675906300544739,0.01628745160996914,0.033110279589891434
372,0.0003963663052259521,0.0024476940743625164,0.01992752,0.049474176,0.9946367740631104,0.9675538539886475,0.01495926920324564,0.03289037197828293
373,0.00042254215011119163,0.002552260644733906,0.020598503,0.050519902,0.9942695498466492,0.9661677479743958,0.015483023598790169,0.03386760875582695
374,0.00044863889739975673,0.002389502478763461,0.021154415,0.04888254,0.9939560294151306,0.9683251976966858,0.015637235715985298,0.032993562519550323
375,0.00045104630540167403,0.0025953578297048807,0.021245936,0.050944656,0.993903636932373,0.9655964374542236,0.01587378978729248,0.034239113330841064
376,0.0004513245737391778,0.002472381806001067,0.021169893,0.04972305,0.9939472079277039,0.9672265648841858,0.015903301537036896,0.032834772020578384
377,0.00043130523276472974,0.0026478273794054985,0.020796396,0.051457047,0.994158923625946,0.9649009108543396,0.01573280431330204,0.03388439491391182
378,0.00042127154434142125,0.002491132589057088,0.020539401,0.049911246,0.9943023920059204,0.9669780135154724,0.015292917378246784,0.033257801085710526
379,0.0005028006681558592,0.0026015571784228086,0.022440897,0.051005464,0.993198573589325,0.9655142426490784,0.016847843304276466,0.033962905406951904
380,0.0004244939998236739,0.00247198436409235,0.020560395,0.049719058,0.9942907094955444,0.9672318696975708,0.015460780821740627,0.03307449445128441
381,0.0004440638122931969,0.002541999099776149,0.02103245,0.050418243,0.9940255284309387,0.9663037657737732,0.015752242878079414,0.03420484438538551
382,0.000407811284689656,0.0025786058977246284,0.020162635,0.050779976,0.9945094585418701,0.9658185243606567,0.015441515482962132,0.03424299880862236
383,0.0004055876660541716,0.0025129078421741724,0.020138565,0.05012891,0.9945225715637207,0.96668940782547,0.015148840844631195,0.03344643861055374
384,0.0004592363111441955,0.0029246434569358826,0.021325117,0.054079972,0.9938580989837646,0.9612314701080322,0.01583222858607769,0.03658386692404747
385,0.00046556772775313055,0.0025166082195937634,0.021548353,0.050165806,0.9937288761138916,0.9666403532028198,0.016285475343465805,0.03325991332530975
386,0.00045457507473077965,0.002477449830621481,0.02120726,0.049773987,0.9939258098602295,0.9671593904495239,0.015869053080677986,0.03376009315252304
387,0.00047134126361925155,0.0025037263985723257,0.021636056,0.05003725,0.9936776757240295,0.9668110609054565,0.016181498765945435,0.03321586176753044
388,0.0004379010126947171,0.002556517953053117,0.020763118,0.05056202,0.9941775798797607,0.9661113023757935,0.015533686615526676,0.03379449248313904
389,0.0005801289596340873,0.0028765408787876368,0.02393126,0.05363339,0.9922651648521423,0.9618691205978394,0.017423134297132492,0.03510686010122299
390,0.0005701215069910342,0.0029746447689831257,0.023837525,0.054540303,0.9923256635665894,0.9605686664581299,0.017468852922320366,0.037858642637729645
391,0.00046205778992523187,0.0025859877932816744,0.021505404,0.050852608,0.9937538504600525,0.9657206535339355,0.016177460551261902,0.033739231526851654
392,0.0005588005191053857,0.0024008096661418676,0.023585929,0.048998058,0.992486834526062,0.9681753516197205,0.01787823811173439,0.032645273953676224
393,0.0005280062363123183,0.0024758046492934227,0.02296821,0.049757462,0.9928752183914185,0.9671812057495117,0.017001301050186157,0.033157505095005035
394,0.000440954450327395,0.002684889128431678,0.020937584,0.05181592,0.9940792918205261,0.9644096493721008,0.015547876246273518,0.03502842038869858
395,0.0005290918713647195,0.0026890544686466455,0.022990307,0.051856093,0.9928615093231201,0.964354395866394,0.017323166131973267,0.03469560667872429
396,0.0005724138014060868,0.0027004436124116182,0.023970572,0.05196579,0.992239773273468,0.964203417301178,0.017516952008008957,0.034560706466436386
397,0.00045278840909966016,0.002369866706430912,0.021257946,0.048681278,0.9938967227935791,0.9685854911804199,0.015935031697154045,0.03241897001862526
398,0.0006218489367959344,0.0034180779475718737,0.025019048,0.05846433,0.9915460348129272,0.9546906352043152,0.018740961328148842,0.04054754599928856
399,0.0005571816992332143,0.00259885611012578,0.023586065,0.050978974,0.9924867153167725,0.9655500650405884,0.01741594262421131,0.033941786736249924
400,0.0005393750126875767,0.0025399934966117144,0.023279695,0.05039835,0.9926806092262268,0.966330349445343,0.017280565574765205,0.033952828496694565
401,0.0005236868627517568,0.0025077469181269407,0.022856839,0.05007741,0.9929441213607788,0.9667577743530273,0.016640491783618927,0.032811813056468964
402,0.00047729521942197937,0.0023880156222730875,0.021884268,0.048867326,0.9935318231582642,0.9683449268341064,0.016291016712784767,0.03305894881486893
403,0.0004266398093684322,0.0024082541931420565,0.020616023,0.049073968,0.994259774684906,0.9680766463279724,0.015652719885110855,0.032733965665102005
404,0.00039713102689182216,0.002463259967043996,0.019925088,0.049631238,0.9946380853652954,0.9673475027084351,0.015074118040502071,0.03327566012740135
405,0.0005515382945304736,0.0024906012695282698,0.023353903,0.049905926,0.9926338791847229,0.9669850468635559,0.017374226823449135,0.03265959024429321
406,0.0004927701242691414,0.0027001069393008947,0.021986935,0.051962554,0.9934709668159485,0.9642078876495361,0.01656986214220524,0.035530779510736465
407,0.000608479442731054,0.0026702575851231813,0.024643328,0.051674534,0.9917980432510376,0.9646036028862,0.01841125823557377,0.03413925692439079
408,0.00048494411484253675,0.002688514767214656,0.022028644,0.05185089,0.9934461712837219,0.9643615484237671,0.016597414389252663,0.03442847356200218
409,0.0004974667535861954,0.0025644050911068916,0.022319168,0.050639953,0.9932721853256226,0.9660067558288574,0.01647087000310421,0.034140389412641525
410,0.0006425183210839433,0.00244280812330544,0.024986789,0.049424775,0.991567850112915,0.9676185846328735,0.01859457790851593,0.03316131606698036
411,0.0005936847936192697,0.0026934309862554073,0.024447033,0.05189828,0.9919281601905823,0.9642964005470276,0.018326852470636368,0.03530176356434822
412,0.0007228865843816576,0.00258110323920846,0.026917685,0.05080456,0.9902142286300659,0.9657853841781616,0.020125584676861763,0.033514510840177536
413,0.0005901913894128732,0.0025684570427984,0.024270775,0.05067995,0.9920441508293152,0.9659530520439148,0.01759716495871544,0.034892454743385315
414,0.0007684772109231827,0.0034187131095677614,0.027581265,0.05846976,0.9897258281707764,0.9546822309494019,0.019941523671150208,0.04209523648023605
415,0.0006022206944180652,0.002759013557806611,0.024590578,0.052526314,0.9918331503868103,0.9634270668029785,0.018609801307320595,0.03387069329619408
416,0.0005213899328902534,0.002401637611910701,0.022692667,0.049006507,0.9930450916290283,0.9681643843650818,0.016903869807720184,0.033049989491701126
417,0.0005553218268852851,0.002409877022728324,0.023599884,0.0490905,0.9924778938293457,0.9680551290512085,0.017486246302723885,0.03234797716140747
418,0.000707425498562357,0.0025197528302669525,0.026670719,0.050197143,0.9903929829597473,0.966598629951477,0.019906358793377876,0.03402037173509598
419,0.000523910460866649,0.0024069035425782204,0.022868603,0.049060203,0.9929368495941162,0.968094527721405,0.016918238252401352,0.032248467206954956
420,0.00044601143268995327,0.00246120966039598,0.02111227,0.049610578,0.9939801096916199,0.9673746824264526,0.015748292207717896,0.03270459547638893
421,0.0004342907619006424,0.0023531902115792036,0.020795772,0.04850969,0.9941592216491699,0.9688065648078918,0.01552567072212696,0.03218209370970726
422,0.0004294091168875721,0.0023203908931463957,0.020571705,0.04817044,0.994284451007843,0.9692413210868835,0.015397974289953709,0.03163709491491318
423,0.0004408856978195465,0.0025254124775528908,0.020976383,0.05025348,0.9940573573112488,0.9665236473083496,0.015776921063661575,0.0343359149992466
424,0.0003673230292571878,0.0024211835116147995,0.01915511,0.049205527,0.995044469833374,0.9679052829742432,0.014303449541330338,0.03271357715129852
425,0.000402051521549848,0.002535490784794092,0.020063732,0.050353657,0.9945632219314575,0.9663900136947632,0.015023608691990376,0.03325704485177994
426,0.0004962464822297493,0.0024961228482425213,0.02227449,0.049961217,0.9932990670204163,0.9669118523597717,0.016679491847753525,0.03344085440039635
427,0.00041477257036603987,0.002347957342863083,0.02040213,0.048455726,0.9943782687187195,0.9688759446144104,0.015171283856034279,0.03227170184254646
428,0.00038054937480906534,0.002382996492087841,0.019488875,0.048815943,0.9948703050613403,0.9684114456176758,0.01464358251541853,0.0321093387901783
429,0.0003573120299155231,0.0023958117235451937,0.018922685,0.048947033,0.9951640367507935,0.9682415723800659,0.014056650921702385,0.03244124725461006
430,0.0004169533799127252,0.0024195348378270864,0.02043946,0.049188767,0.994357705116272,0.967927098274231,0.015287459827959538,0.03257174417376518
431,0.00041538195562845266,0.002312706783413887,0.020269033,0.04809061,0.9944514036178589,0.9693431854248047,0.015034361742436886,0.03195662423968315
432,0.00045439303887013176,0.0025116601027548313,0.021237772,0.05011647,0.9939083456993103,0.9667059183120728,0.01560739241540432,0.033077422529459
433,0.0004095271089516411,0.0027798530645668507,0.020192645,0.052724313,0.9944931268692017,0.9631507992744446,0.014687659218907356,0.03398950397968292
434,0.0006063569083132527,0.002896389923989773,0.024689391,0.05381812,0.9917673468589783,0.9616060256958008,0.018139004707336426,0.03540899604558945
435,0.0004920236374759538,0.002652754308655858,0.022012534,0.051504895,0.9934557676315308,0.9648355841636658,0.016050253063440323,0.03357475996017456
436,0.000472056098673916,0.002599363913759589,0.02174465,0.05098396,0.9936140775680542,0.9655433297157288,0.016030382364988327,0.033682357519865036
437,0.00040449993949468165,0.002473212545737624,0.019995328,0.049731404,0.994600236415863,0.9672155976295471,0.01494086254388094,0.03304193541407585
438,0.00044543859786989,0.0026442520320415497,0.020895705,0.05142229,0.994102954864502,0.964948296546936,0.015037145465612411,0.034056298434734344
439,0.0005702772019007666,0.0029419695492833853,0.023825523,0.054239925,0.9923334121704102,0.9610018134117126,0.01728241518139839,0.03730371966958046
440,0.0006171206425113434,0.002611347008496523,0.024817685,0.05110134,0.9916815757751465,0.9653844833374023,0.017923617735505104,0.03395241126418114
441,0.0005246382365426557,0.0027180472388863564,0.022939675,0.052134894,0.992892861366272,0.9639700651168823,0.017059670761227608,0.035453230142593384
442,0.00046420038878833026,0.0026305587962269783,0.021492518,0.051288977,0.9937613010406494,0.9651298522949219,0.015999717637896538,0.034126926213502884
443,0.0005019689150768417,0.0027190290857106447,0.022259977,0.05214431,0.9933078289031982,0.9639570713043213,0.016484836116433144,0.03559546917676926
444,0.0006624757066178559,0.002594916382804513,0.025689244,0.050940324,0.9910870790481567,0.9656022787094116,0.01881110668182373,0.03418371453881264
445,0.00048349365666085345,0.0024491148069500923,0.021925438,0.049488533,0.993507444858551,0.9675350189208984,0.01642763428390026,0.03310967609286308
446,0.0005272359174506909,0.0025565610267221928,0.022825405,0.050562445,0.9929634928703308,0.9661107063293457,0.0169032271951437,0.034126341342926025
447,0.0005207855177683417,0.00234989239834249,0.022791822,0.04847569,0.9929842352867126,0.9688502550125122,0.017128702253103256,0.03279878571629524
448,0.00041406302691691303,0.002425388665869832,0.020381877,0.04924824,0.9943894147872925,0.9678494930267334,0.015218231827020645,0.03339066356420517
449,0.00037671695198779077,0.0022030817344784737,0.019331636,0.046937,0.9949527382850647,0.9707963466644287,0.014294632710516453,0.030930709093809128
450,0.00039205480689733207,0.0023014782927930355,0.019800551,0.047973726,0.9947049021720886,0.9694920778274536,0.014723943546414375,0.03141001984477043
451,0.00037504352539227426,0.002383577637374401,0.019367056,0.048821896,0.9949342012405396,0.9684037566184998,0.014382501132786274,0.03237077593803406
452,0.0004071195342641493,0.0024687866680324078,0.020091666,0.04968689,0.9945480823516846,0.9672742486000061,0.014994935132563114,0.033065665513277054
453,0.00042976829916535115,0.002412517089396715,0.020689959,0.049117383,0.9942185282707214,0.9680201411247253,0.015458258800208569,0.03279029577970505
454,0.0004015030532503839,0.002183350035920739,0.019981991,0.046726335,0.9946074485778809,0.9710579514503479,0.01483825221657753,0.030919848009943962
455,0.00042673603986093605,0.0024787234142422676,0.020455679,0.04978678,0.9943487048149109,0.9671425223350525,0.014967383816838264,0.03341100364923477
456,0.00040405929228820077,0.0025027121882885695,0.020071946,0.050027113,0.9945587515830994,0.9668245315551758,0.01515475008636713,0.03325321525335312
457,0.0003679654209091413,0.002389555098488927,0.019184576,0.048883077,0.9950292110443115,0.9683245420455933,0.014446200802922249,0.03252798318862915
458,0.0003621131327236071,0.002339077414944768,0.018858531,0.04836401,0.9951967597007751,0.9689936637878418,0.014096214435994625,0.03238633647561073
459,0.00039266283883162856,0.0022943157237023115,0.01979169,0.04789902,0.9947096705436707,0.969586968421936,0.014932244084775448,0.03234735503792763
460,0.0003271892816304568,0.002420639619231224,0.018059326,0.049199995,0.9955952167510986,0.967912495136261,0.013531475327908993,0.03244534134864807
461,0.000392543444335884,0.0027025113813579082,0.019781996,0.05198569,0.9947148561477661,0.9641760587692261,0.01464858092367649,0.03462442383170128
462,0.00048317049434196883,0.0028551300056278706,0.022045463,0.05343342,0.9934361577033997,0.9621529579162598,0.016206156462430954,0.03649618849158287
463,0.000512333093369803,0.002503730123862624,0.022647602,0.050037287,0.9930726885795593,0.9668110609054565,0.01669955439865589,0.03272833675146103
464,0.00043616144499868494,0.0024322739336639643,0.020939324,0.04931809,0.9940783381462097,0.9677582383155823,0.015633830800652504,0.032493531703948975
465,0.00039380129204470325,0.0024114614352583885,0.019762466,0.049106635,0.9947252869606018,0.9680341482162476,0.01476401649415493,0.03267970681190491
466,0.0003976339252072979,0.0025667226873338223,0.019920036,0.050662834,0.9946408271789551,0.9659759998321533,0.014824969694018364,0.03320029377937317
467,0.00041093520055503836,0.002526155672967434,0.020288417,0.050260875,0.9944407939910889,0.9665137529373169,0.015101099386811256,0.034008949995040894
468,0.00034386227145494723,0.0023504835553467274,0.01851132,0.048481785,0.9953719973564148,0.9688424468040466,0.013921966776251793,0.03228788822889328
469,0.00035932819644751197,0.0024130879901349545,0.018952968,0.04912319,0.9951485395431519,0.9680125713348389,0.013797732070088387,0.032678473740816116
470,0.0004257449486017735,0.0025818964932113886,0.020690482,0.050812367,0.9942182302474976,0.9657748937606812,0.015520957298576832,0.03383433446288109
471,0.00040246921443295747,0.002496096771210432,0.020055301,0.049960956,0.9945678114891052,0.9669122099876404,0.014905943535268307,0.03276004642248154
472,0.00038416852939090774,0.0024642623029649258,0.019577825,0.049641337,0.9948233366012573,0.9673342108726501,0.014434506185352802,0.03315431624650955
473,0.00034340680775296113,0.002366842469200492,0.01850765,0.048650205,0.9953738451004028,0.9686256051063538,0.013898110948503017,0.032012030482292175
474,0.0003650228424124758,0.0025429977104067802,0.019096745,0.050428145,0.9950746297836304,0.9662905335426331,0.014435906894505024,0.033974118530750275
475,0.00039243876314933664,0.002632316667586565,0.01979334,0.051306106,0.994708776473999,0.9651065468788147,0.014896013773977757,0.03333904221653938
476,0.0004376547638623213,0.0024250783026218414,0.020996572,0.04924508,0.9940459132194519,0.9678536653518677,0.015759196132421494,0.03224201500415802
477,0.00035225259290944615,0.0024653268046677113,0.018776022,0.04965206,0.995238721370697,0.9673200845718384,0.013968034647405148,0.032565731555223465
478,0.0003192884211206216,0.002561509609222412,0.017808555,0.05061136,0.9957167506217957,0.9660451412200928,0.013391409069299698,0.033721230924129486
479,0.0003958191710725342,0.00243365834467113,0.019807084,0.049332123,0.9947014451026917,0.9677398800849915,0.014871247112751007,0.03236769139766693
480,0.0003804424519661221,0.002500515431165695,0.01952474,0.050005153,0.9948514103889465,0.966853678226471,0.014667020179331303,0.033158112317323685
481,0.00038808908191805875,0.0027244314551353455,0.01953439,0.05219609,0.9948462843894958,0.963885486125946,0.014710776507854462,0.03571399301290512
482,0.00046979167646813124,0.002569554140791297,0.021683574,0.050690766,0.9936498999595642,0.9659385085105896,0.01613006740808487,0.034128639847040176
483,0.0004115944281114604,0.0025222194381058216,0.020258682,0.050221704,0.9944570660591125,0.9665659666061401,0.015232405625283718,0.034219544380903244
484,0.00038328860616523093,0.0023890880402177572,0.019578183,0.048878297,0.994823157787323,0.9683307409286499,0.014424682594835758,0.03243609890341759
485,0.00040327554796187377,0.00246990192681551,0.020035872,0.049698107,0.9945783019065857,0.9672594666481018,0.01505659893155098,0.032835956662893295
486,0.00037136336852034384,0.002504903357475996,0.019289311,0.05004901,0.9949747920036316,0.9667955040931702,0.01433574128895998,0.032876383513212204
487,0.0003724182566987689,0.002526514697819948,0.019278545,0.05026445,0.9949803948402405,0.9665089845657349,0.01440212782472372,0.03431529551744461
488,0.00037618128408212215,0.002686620457097888,0.01935693,0.05183262,0.9949395060539246,0.9643867015838623,0.014592395164072514,0.033967845141887665
489,0.00040232993143779987,0.00275750202126801,0.019993734,0.05251192,0.9946010708808899,0.963447093963623,0.014857173897325993,0.03493738919496536
490,0.00042429068840151143,0.00242090062238276,0.02050312,0.049202647,0.9943224787712097,0.967909038066864,0.015378897078335285,0.0324956551194191
491,0.0004425076728115197,0.002573467558249831,0.02095572,0.050729357,0.9940690398216248,0.9658865928649902,0.015147344209253788,0.03337039053440094
492,0.0004952576114605604,0.0025258935056626797,0.022296151,0.050258268,0.9932860136032104,0.9665172696113586,0.016720665618777275,0.03336299583315849
493,0.0004185378453588452,0.0023906086571514606,0.020473812,0.04889385,0.9943386912345886,0.968310534954071,0.01531617995351553,0.03189263120293617
494,0.0004230630398854952,0.0027361055836081505,0.020578168,0.052307796,0.9942808151245117,0.9637306928634644,0.01527006272226572,0.03431904315948486
495,0.00039642758135662666,0.0026331308763474226,0.019920694,0.05131404,0.9946404695510864,0.9650957584381104,0.015079914592206478,0.034835197031497955
496,0.0004385752928845415,0.002575559774413705,0.020980734,0.050749972,0.994054913520813,0.9658588767051697,0.01575290784239769,0.03409402817487717
497,0.00038456676437900484,0.002485583769157529,0.019578414,0.04985563,0.9948230385780334,0.9670515656471252,0.01466336939483881,0.0336543470621109
498,0.00048759342594580215,0.0024332900065928698,0.022125024,0.04932839,0.9933887124061584,0.967744767665863,0.01664593257009983,0.033016387373209
499,0.00037565241985827345,0.0023797752801328897,0.019321352,0.04878294,0.9949581027030945,0.9684541821479797,0.01454387791454792,0.03262810781598091
500,0.00036973127333278006,0.002743877936154604,0.01912752,0.05238204,0.9950587749481201,0.9636276960372925,0.013943810015916824,0.03379473835229874
501,0.0005572848683434793,0.0032150703482329845,0.023555264,0.05670159,0.9925063252449036,0.9573816657066345,0.016338316723704338,0.03790195658802986
502,0.0008305503645467318,0.0028147860430181026,0.028847903,0.05305456,0.9887604713439941,0.9626877307891846,0.02098705619573593,0.03537917509675026
503,0.0005964931690620936,0.0024696742184460163,0.02443044,0.049695816,0.991939127445221,0.9672625064849854,0.018027789890766144,0.033520493656396866
504,0.0005856619377895681,0.002406375715509057,0.024237381,0.049054828,0.9920660257339478,0.9681015610694885,0.01783091016113758,0.033036865293979645
505,0.0005285024883712388,0.00260657980106771,0.022988852,0.051054675,0.9928624033927917,0.9654476642608643,0.017083387821912766,0.033746324479579926
506,0.00047234041928525335,0.002323055872693658,0.02159607,0.04819809,0.9937010407447815,0.9692060351371765,0.01577116549015045,0.03225526958703995
507,0.0004091310759328983,0.002497958717867732,0.020216456,0.049979582,0.9944801330566406,0.9668875336647034,0.014500227756798267,0.0331866517663002
508,0.0004170564550969919,0.002490469953045249,0.02033763,0.049904607,0.9944137334823608,0.9669868350028992,0.014983736909925938,0.03336586803197861
509,0.0005001984503575262,0.0027237359900027514,0.02239308,0.052189425,0.9932275414466858,0.9638946652412415,0.01653747819364071,0.03436591848731041
510,0.00042669989025770604,0.0024197164457291365,0.020453064,0.049190614,0.9943501949310303,0.9679247140884399,0.015377610921859741,0.032228779047727585
511,0.00044482250946616244,0.002713921945542097,0.021094382,0.05209532,0.9939903020858765,0.9640247821807861,0.015466148033738136,0.035204146057367325
512,0.00041339626212985337,0.0024884205777198076,0.02025319,0.049884073,0.9944600462913513,0.967013955116272,0.015334462746977806,0.03265068307518959
513,0.0004696061077993363,0.0024306594859808683,0.021677636,0.049301717,0.9936533570289612,0.9677796363830566,0.0158475860953331,0.03320561721920967
514,0.00041554291303989225,0.0024125196505337954,0.02042271,0.049117405,0.9943669438362122,0.9680200815200806,0.015453859232366085,0.033156897872686386
515,0.00037409197631694207,0.0025196911301463842,0.019354088,0.05019652,0.994940996170044,0.9665994644165039,0.014578926376998425,0.03386089205741882
516,0.0004428445906589993,0.00235148542560637,0.02103522,0.048492115,0.9940239787101746,0.9688291549682617,0.015798769891262054,0.032022874802351
517,0.00037078250765758145,0.0023495566565543413,0.01928227,0.04847223,0.9949784874916077,0.9688547253608704,0.014368502423167229,0.032100774347782135
518,0.0003336056066803973,0.002392630558460951,0.018181918,0.048914522,0.9955352544784546,0.9682837724685669,0.013809396885335445,0.03228689357638359
519,0.00034602579068053853,0.00238615064881742,0.018609159,0.04884824,0.9953229427337646,0.9683696627616882,0.014010053128004074,0.03197135403752327
520,0.0003317943271461197,0.002368128625676036,0.018159276,0.048663422,0.9955463409423828,0.968608558177948,0.013252106495201588,0.03173616901040077
521,0.0003849543480266055,0.002503619296476245,0.019509379,0.05003618,0.994859516620636,0.9668124914169312,0.014737137593328953,0.03257032111287117
522,0.0004983860986116765,0.0023873806931078434,0.022358352,0.048860833,0.9932485222816467,0.9683533310890198,0.01653703860938549,0.03210281953215599
523,0.0003410552731524645,0.0023887204006314278,0.018458633,0.04887454,0.9953982830047607,0.9683355689048767,0.013761807233095169,0.03207486867904663
524,0.0003852018430321054,0.0026287657674402,0.019680936,0.051271494,0.9947686791419983,0.9651535749435425,0.014874348416924477,0.03285521641373634
525,0.0003863603130660274,0.002526715863496065,0.019628162,0.05026645,0.9947966933250427,0.9665063619613647,0.014863468706607819,0.03363997861742973
526,0.00036603767710568553,0.0024334602057933807,0.019045357,0.049330115,0.9951010942459106,0.9677425026893616,0.014275983907282352,0.03186490014195442
527,0.0003571587770817463,0.0025546159595251083,0.018912291,0.050543208,0.9951693415641785,0.9661365151405334,0.013935786671936512,0.03287038952112198
528,0.0003330067378225398,0.0025552946608513594,0.018169094,0.050549924,0.995541512966156,0.9661275148391724,0.013383284211158752,0.03259842470288277
529,0.00031810927546096286,0.0023244223557412624,0.01786087,0.048212264,0.9956915378570557,0.9691879153251648,0.013391848653554916,0.03210311010479927
530,0.00033039930117824537,0.0024492922239005566,0.018177826,0.049490325,0.9955372214317322,0.9675326347351074,0.013530191034078598,0.03292766585946083
531,0.0002945539970162579,0.0024123897310346365,0.01720116,0.049116082,0.9960039258003235,0.968021810054779,0.013130692765116692,0.03187752887606621
532,0.0003092572462099435,0.0024763080291450024,0.017505255,0.049762517,0.9958613514900208,0.9671745300292969,0.013086088933050632,0.03246679902076721
533,0.0003217153756519441,0.0022441779728978872,0.017884381,0.047372755,0.9956801533699036,0.9702516198158264,0.013423776254057884,0.03167009726166725
534,0.00029441980123837396,0.0024465734604746103,0.017053986,0.04946285,0.996071994304657,0.9675686955451965,0.012738463468849659,0.032503314316272736
535,0.0003282120418258604,0.002322953660041094,0.017959258,0.04819703,0.9956439137458801,0.9692074060440063,0.013034897856414318,0.030937248840928078
536,0.0003259049937531183,0.002389347180724144,0.018005237,0.04888095,0.9956215620040894,0.9683272838592529,0.013421181589365005,0.03211402893066406
537,0.00032237757642922753,0.0025660281535238028,0.01795112,0.05065598,0.9956478476524353,0.9659852385520935,0.013603954575955868,0.03303308039903641
538,0.0003203400218891065,0.002233965089544654,0.017900834,0.047264844,0.9956722259521484,0.9703869819641113,0.013645224273204803,0.03206818178296089
539,0.0003452237922994589,0.002372560789808631,0.018590998,0.048708938,0.9953320622444153,0.9685497879981995,0.01378693152219057,0.03172144293785095
540,0.0003387778911432675,0.002474409295246005,0.018423164,0.049743436,0.995415985584259,0.9671996831893921,0.013616972602903843,0.03219303488731384
541,0.0003630579449236393,0.0024751266464591026,0.018996738,0.049750645,0.9951261281967163,0.9671902060508728,0.014006586745381355,0.03243166208267212
542,0.00034465081328314477,0.0024724320974200964,0.018611522,0.049723558,0.9953217506408691,0.9672259092330933,0.013998499140143394,0.03273628652095795
543,0.00034688422138887375,0.0024512335658073425,0.01845213,0.049509935,0.9954015612602234,0.9675069451332092,0.013764827512204647,0.03261229768395424
544,0.0003572486728609709,0.0024091654922813177,0.018818086,0.049083248,0.9952173233032227,0.968064546585083,0.013883949257433414,0.03253166750073433
545,0.00035516212400662795,0.002499999012798071,0.018917697,0.04999999,0.9951665997505188,0.9668604731559753,0.013992014341056347,0.03320271894335747
546,0.0003414654036698101,0.0023993782233446836,0.018254194,0.048983447,0.9954996705055237,0.968194305896759,0.0135745694860816,0.03224601224064827
547,0.00036901465368414807,0.002513466402888298,0.019142313,0.050134484,0.9950510859489441,0.966681957244873,0.014419395476579666,0.033128682523965836
548,0.0003704148396288722,0.002854246413335204,0.019183174,0.053425148,0.9950299859046936,0.9621646404266357,0.014116835780441761,0.0358457937836647
549,0.0003921906973118894,0.0026465076953172684,0.019739507,0.051444218,0.9947375059127808,0.9649184346199036,0.01424007210880518,0.033732347190380096
550,0.0003537323388048786,0.0025343589950352907,0.018785879,0.05034242,0.9952337145805359,0.9664050340652466,0.01405834499746561,0.033337850123643875
551,0.00036216907160864633,0.00277710915543139,0.01892181,0.052698288,0.9951644539833069,0.9631871581077576,0.01394963264465332,0.03398415073752403
552,0.00040232109181074935,0.0025502098724246025,0.020088708,0.050499603,0.9945496916770935,0.9661949276924133,0.014748604036867619,0.03307212516665459
553,0.00037392066257201475,0.002444714307785034,0.019356526,0.049444053,0.9949397444725037,0.9675933122634888,0.014390350319445133,0.03198793902993202
554,0.0003418640103931962,0.0028239930979907513,0.018492492,0.053141255,0.9953814148902893,0.9625657200813293,0.013763069175183773,0.03498603031039238
555,0.00035787326818205077,0.0027597188018262386,0.018946495,0.05253303,0.9951518177986145,0.9634177088737488,0.013925394974648952,0.03499212861061096
556,0.0003361863484976559,0.0024858342949301004,0.018340088,0.049858145,0.9954572319984436,0.9670482873916626,0.013745272532105446,0.03252708166837692
557,0.0003413943407146937,0.0022688088938593864,0.018422224,0.047632016,0.9954164624214172,0.9699251055717468,0.013758786022663116,0.03136991709470749
558,0.0004097863288321109,0.002872332464903593,0.020296473,0.053594146,0.9944363236427307,0.9619249105453491,0.015153038315474987,0.036357633769512177
559,0.00032778649487723175,0.0023675719276070595,0.018126158,0.0486577,0.9955625534057617,0.9686159491539001,0.013671834021806717,0.03209880366921425
560,0.00039873742405854335,0.0023157272953540087,0.01995523,0.048122004,0.9946218729019165,0.9693031907081604,0.015039588324725628,0.03081892989575863
561,0.00041533949446271765,0.0026831026189029217,0.020363033,0.05179867,0.9943997859954834,0.9644333124160767,0.015349109657108784,0.034759461879730225
562,0.0003849497654962099,0.0023955474607646465,0.019530902,0.04894433,0.9948481321334839,0.9682450890541077,0.014561617746949196,0.03237298130989075
563,0.00036785198013107714,0.0026364668738096952,0.019221501,0.051346537,0.9950100779533386,0.965051531791687,0.013864542357623577,0.03421740233898163
564,0.00036826663893986154,0.0025988591369241476,0.01910748,0.050979003,0.9950690865516663,0.9655500054359436,0.014588995836675167,0.03369203954935074
565,0.0003531298471815799,0.002551530720666051,0.018741699,0.050512683,0.9952560663223267,0.9661774039268494,0.01380244456231594,0.033487025648355484
566,0.0003584682410953312,0.002345563843846321,0.01894618,0.048431024,0.9951519966125488,0.9689076542854309,0.01424945704638958,0.03200767561793327
567,0.0003193380272767337,0.0025259368121623993,0.01788978,0.0502587,0.9956775903701782,0.9665166735649109,0.013474998995661736,0.03269651532173157
568,0.0003116308296078139,0.00258087320253253,0.017702637,0.050802294,0.9957675337791443,0.9657884240150452,0.01343502476811409,0.033718306571245193
569,0.00038477279568641364,0.002364169107750058,0.01964241,0.04862272,0.9947891235351562,0.9686610102653503,0.014546777121722698,0.03203978016972542
570,0.00030821454856777564,0.002430446445941925,0.017457657,0.049299557,0.9958838820457458,0.9677824974060059,0.01302784588187933,0.0320083424448967
571,0.0003089808583767577,0.002304492052644491,0.017610833,0.048005126,0.9958112835884094,0.9694520831108093,0.01324074249714613,0.03202236816287041
572,0.0002661816536353647,0.0023381654173135757,0.016314872,0.04835458,0.9964051246643066,0.9690057039260864,0.012389560230076313,0.03150009363889694
573,0.00027871700083117253,0.0024225949309766293,0.016665831,0.04921986,0.9962487816810608,0.9678865671157837,0.012485429644584656,0.03221350163221359
574,0.0002930154951172881,0.0025223009288311005,0.017102687,0.050222512,0.9960495233535767,0.9665648937225342,0.012830380350351334,0.03301415219902992
575,0.00029667815000390294,0.002560731489211321,0.017172096,0.050603673,0.9960173964500427,0.9660554528236389,0.013088217005133629,0.032707635313272476
576,0.00033574468331855974,0.002503604395315051,0.018400112,0.05003603,0.9954274296760559,0.9668127298355103,0.013534055091440678,0.03340040147304535
577,0.000283144763009411,0.0024012031499296427,0.016728103,0.049002074,0.9962207078933716,0.9681701064109802,0.012632498517632484,0.03121599182486534
578,0.0002728129283323969,0.002429540967568755,0.016516192,0.049290374,0.9963158369064331,0.9677944779396057,0.012465937063097954,0.03188211843371391
579,0.0003200855518860573,0.0023526859004050493,0.017892234,0.048504494,0.9956763982772827,0.9688132405281067,0.013276522047817707,0.031700585037469864
580,0.0003671520760028877,0.002387796062976122,0.019144408,0.048865084,0.9950500130653381,0.9683478474617004,0.014099638909101486,0.03166643902659416
581,0.0002691653657662259,0.0022728850599378347,0.016359285,0.047674783,0.9963855147361755,0.9698711037635803,0.012184211984276772,0.031110255047678947
582,0.00026806121406314725,0.002502977382391691,0.016377695,0.050029766,0.9963773488998413,0.966821014881134,0.012195345014333725,0.03273456543684006
583,0.00033655817837412047,0.002403830410912633,0.018356213,0.049028873,0.9954492449760437,0.9681352972984314,0.013774234801530838,0.03209295496344566
584,0.0002710115057363344,0.002363649196922779,0.016444458,0.048617374,0.9963477849960327,0.9686679244041443,0.012392099015414715,0.03188491240143776
585,0.0002557610807178373,0.002461015246808529,0.016024096,0.04960862,0.9965320825576782,0.967377245426178,0.012057054787874222,0.03246449679136276
586,0.00025744878009639,0.0025227265432476997,0.016031379,0.050226755,0.9965289235115051,0.9665592312812805,0.012021158821880817,0.033548153936862946
587,0.0002418734240398573,0.0024349212180823088,0.01559496,0.049344923,0.9967153668403625,0.9677231311798096,0.011839102022349834,0.032481610774993896
588,0.0002519940303913741,0.0025509006809443235,0.015890557,0.050506447,0.9965896606445312,0.9661857485771179,0.01200171560049057,0.032555293291807175
589,0.00026202904899202457,0.0026146857999265194,0.016134892,0.051133998,0.9964839816093445,0.965340256690979,0.012225545011460781,0.03409172222018242
590,0.0003742995712937872,0.0024938369169831276,0.019366926,0.049938332,0.9949343204498291,0.9669421911239624,0.014380143955349922,0.0330919548869133
591,0.00034423508557004175,0.0022454089485108852,0.018566605,0.047385745,0.995344340801239,0.970235288143158,0.013906030915677547,0.03109007515013218
592,0.00028869242801606146,0.0023117992095649242,0.0169413,0.048081174,0.996123731136322,0.9693552255630493,0.012754994444549084,0.03153092414140701
593,0.0002825086134676398,0.0023522365372627974,0.016819926,0.04849986,0.9961791038513184,0.9688192009925842,0.012681003659963608,0.03128573298454285
594,0.0002570589905107309,0.0023921243846416473,0.01597431,0.04890935,0.9965535998344421,0.9682904481887817,0.011788224801421165,0.03195183351635933
595,0.00024657547659113664,0.0024290322326123714,0.015667148,0.049285214,0.9966849088668823,0.9678012132644653,0.011770550161600113,0.031711891293525696
596,0.00027796469459479505,0.0025430326350033283,0.016654149,0.050428487,0.996254026889801,0.9662900567054749,0.01230656448751688,0.03276442736387253
597,0.0002761154603583484,0.0025067597161978483,0.016555382,0.05006755,0.9962983131408691,0.9667708873748779,0.012467916123569012,0.032484687864780426
598,0.0002555616189387034,0.002376528223976493,0.015972279,0.048749648,0.9965544939041138,0.9684972167015076,0.012237616814672947,0.03240914270281792
599,0.0002174934991423718,0.0021671312861144543,0.014715097,0.046552457,0.9970755577087402,0.9712729454040527,0.011026684194803238,0.030317921191453934
600,0.00028764271436640144,0.0022847759537398815,0.016982673,0.04779933,0.9961047768592834,0.9697134494781494,0.012407179921865463,0.03137463331222534
601,0.0002854547902560708,0.002344129141420126,0.016841799,0.04841621,0.9961691498756409,0.9689266681671143,0.012658420018851757,0.031966447830200195
602,0.00030874221490442074,0.002423267811536789,0.017499361,0.049226698,0.9958641529083252,0.9678776264190674,0.012849672697484493,0.0332193486392498
603,0.0003323157447580756,0.0024234578013420105,0.018162662,0.04922863,0.9955446720123291,0.9678751230239868,0.013093923218548298,0.0318102203309536
604,0.00031645407910797405,0.002600878244265914,0.017775632,0.050998807,0.9957325458526611,0.9655232429504395,0.01296525914222002,0.03361473232507706
605,0.0003585380863197233,0.002667885273694992,0.018532831,0.05165158,0.9953612089157104,0.9646350145339966,0.013630065135657787,0.03533060848712921
606,0.0005931454414332455,0.003187933238223195,0.024265451,0.056461785,0.9920476675033569,0.957741379737854,0.017654133960604668,0.038793064653873444
607,0.0005113708916310729,0.002523703034967184,0.022455772,0.05023647,0.9931895732879639,0.9665462970733643,0.015620455145835876,0.032838430255651474
608,0.0004460985206109895,0.002735612215474248,0.021120258,0.05230308,0.9939755797386169,0.9637372493743896,0.015119439922273159,0.03472335264086723
609,0.0005980371352052316,0.0024335847701877356,0.024307072,0.04933138,0.9920203685760498,0.9677408933639526,0.01771037094295025,0.03316504880785942
610,0.0005580209200905466,0.0025931403506547213,0.023619853,0.050922886,0.9924651980400085,0.9656258225440979,0.01736501231789589,0.03352370113134384
611,0.0004770978451812301,0.0026830851566046476,0.021889254,0.051798508,0.9935288429260254,0.9644335508346558,0.01577802002429962,0.03340506926178932
612,0.0005099754317515445,0.002646992215886712,0.02254322,0.05144893,0.9931364059448242,0.9649119973182678,0.016198255121707916,0.03405134379863739
613,0.0003987389394420792,0.002704830141738057,0.019980796,0.05200798,0.9946080446243286,0.964145302772522,0.014879372902214527,0.034991875290870667
614,0.0003991782511796125,0.002457263180986047,0.019988718,0.04957079,0.9946038126945496,0.9674270153045654,0.014528105035424232,0.032978542149066925
615,0.000343277460408651,0.0025973881129175425,0.018545227,0.05096458,0.9953550100326538,0.9655694961547852,0.013820035383105278,0.0334148183465004
616,0.00030101738759020174,0.0026697053108364344,0.017303953,0.05166919,0.9959560036659241,0.9646109342575073,0.012973719276487827,0.03455636277794838
617,0.0003219776130704717,0.0024827802553772926,0.017944384,0.049827505,0.995651125907898,0.9670887589454651,0.013386780396103859,0.03240375593304634
618,0.00027782185167201203,0.002467444632202387,0.016637854,0.04967338,0.9962613582611084,0.9672920107841492,0.012490726076066494,0.03275762125849724
619,0.0003164136327210475,0.0025312714278697968,0.01780254,0.050311744,0.9957196116447449,0.9664459824562073,0.013431040570139885,0.03323224186897278
620,0.00032995276044609704,0.0024019789416342974,0.01820139,0.04900999,0.9955256581306458,0.9681598544120789,0.013689572922885418,0.031833309680223465
621,0.00033356827837203377,0.0024114660918712616,0.018271595,0.04910668,0.995491087436676,0.9680340886116028,0.013012615963816643,0.032517798244953156
622,0.00034491885096279225,0.002577640349045396,0.018589212,0.05077047,0.9953329563140869,0.9658312797546387,0.013916831463575363,0.03338662162423134
623,0.00035779044926378197,0.002693777671083808,0.018876204,0.051901616,0.9951877593994141,0.9642918109893799,0.014168428257107735,0.034626659005880356
624,0.0003814276874023066,0.0023720036260783672,0.01956426,0.048703223,0.9948305487632751,0.9685571789741516,0.014598107896745205,0.03182971850037575
625,0.00037252460077235645,0.002664523432031274,0.019223439,0.051619023,0.9950090646743774,0.9646795988082886,0.014480753801763058,0.03307328000664711
626,0.0003231583230610175,0.0024975857231765985,0.017957358,0.049975853,0.9956448674201965,0.9668924808502197,0.01356008742004633,0.03269640728831291
627,0.00025914076501397756,0.002460686257109046,0.016085051,0.049605306,0.9965056777000427,0.9673815965652466,0.01214034017175436,0.03167709335684776
628,0.00028083882220512765,0.0023064676206558943,0.016732682,0.0480257,0.9962186217308044,0.9694259166717529,0.012505580671131611,0.031184716150164604
629,0.0004241425829770213,0.0029936200007796288,0.020537302,0.054713983,0.9943035244941711,0.9603171348571777,0.014242872595787048,0.03531455248594284
630,0.0005539622202790765,0.0026590819470584393,0.023584332,0.051566284,0.9924878478050232,0.9647517204284668,0.015751706436276436,0.033954814076423645
631,0.00044634028480769217,0.0024045330937951803,0.021031238,0.049036037,0.994026243686676,0.9681259989738464,0.015314871445298195,0.03261556476354599
632,0.00044689725804015654,0.0025232029147446156,0.021095967,0.05023149,0.9939894080162048,0.9665529131889343,0.015615328215062618,0.032886143773794174
633,0.00036166138439015907,0.0026595103554427624,0.01896003,0.05157044,0.9951449036598206,0.9647460579872131,0.014031266793608665,0.03392362967133522
634,0.0003468717742097479,0.002482594456523657,0.018569916,0.049825642,0.9953426718711853,0.9670912027359009,0.014136879704892635,0.032818492501974106
635,0.00027845252043334767,0.0027562067843973637,0.016625946,0.05249959,0.9962667226791382,0.9634642601013184,0.012114406563341618,0.03341572731733322
636,0.000283094683916054,0.0026719297748059034,0.016731365,0.051690716,0.9962192177772522,0.9645814299583435,0.012529064901173115,0.03540384769439697
637,0.00030072593058734623,0.002404689323157072,0.017357923,0.049037628,0.9959307312965393,0.9681239128112793,0.01299158576875925,0.03260194882750511
638,0.00028224823869426143,0.0023052950855344534,0.016744567,0.04801349,0.9962132573127747,0.9694414734840393,0.01268954947590828,0.030997300520539284
639,0.0003429785680385645,0.0027061407454311848,0.018528847,0.05202058,0.9953632354736328,0.9641278982162476,0.01380335632711649,0.034442607313394547
640,0.0002828977270506915,0.0022986610420048237,0.016776491,0.047944352,0.9961987733840942,0.969529390335083,0.01248322706669569,0.031653858721256256
641,0.0003436259033729915,0.0024699291680008173,0.018575136,0.049698383,0.9953400492668152,0.9672591090202332,0.013696814887225628,0.032740142196416855
642,0.000292687305111692,0.002571187214925885,0.017066259,0.050706875,0.9960663318634033,0.9659168720245361,0.01269618608057499,0.0334499292075634
643,0.0003089969977736473,0.0022901075426489115,0.017604958,0.04785507,0.9958140850067139,0.9696427583694458,0.013186859898269176,0.031481724232435226
644,0.00026952457913218745,0.002445315709337592,0.016342815,0.049450133,0.9963927865028381,0.9675853848457336,0.012219549156725407,0.032786525785923004
645,0.00029459785119715065,0.002451102714985609,0.016856406,0.049508616,0.996162474155426,0.9675086736679077,0.012360266409814358,0.032513946294784546
646,0.0002612301547990435,0.002652636496350169,0.016125204,0.05150375,0.9964882135391235,0.9648371934890747,0.011843311600387096,0.03362471982836723
647,0.00024851239603859455,0.0025819235015660524,0.01574114,0.05081263,0.9966534972190857,0.9657745361328125,0.011569378897547722,0.033152222633361816
648,0.00027522542024433443,0.002343087689951062,0.016520374,0.048405454,0.9963139891624451,0.9689404964447021,0.012519532814621925,0.03171854093670845
649,0.00024755704031452876,0.0023543506395071745,0.015732639,0.048521653,0.996657133102417,0.9687911868095398,0.012005574069917202,0.03254816308617592
650,0.0002585956013221717,0.0023696720600128174,0.015959669,0.04867928,0.9965599179267883,0.96858811378479,0.011955688707530499,0.03207163140177727
651,0.00025307679144051775,0.0022058594040572643,0.015878264,0.04696658,0.9965949654579163,0.9707595705986023,0.01193278655409813,0.03167935460805893
652,0.00030190610215702856,0.0022649443708360195,0.017179621,0.047591433,0.9960139393806458,0.9699763655662537,0.012797157280147076,0.03093540109694004
653,0.0003323718370996754,0.0025086200330406427,0.018251447,0.050086122,0.9955010414123535,0.9667462110519409,0.013435791246592999,0.03383489325642586
654,0.0002919465590490621,0.002539785811677575,0.017135115,0.05039629,0.996034562587738,0.9663330912590027,0.012754954397678375,0.0327274426817894
655,0.000273030894194645,0.002387355314567685,0.016466662,0.04886057,0.996337890625,0.9683536887168884,0.012186899781227112,0.03225842863321304
656,0.0002532404535238377,0.0023466215934604406,0.01592121,0.04844194,0.9965764880180359,0.9688936471939087,0.011949392035603523,0.03232070431113243
657,0.0002426170983447016,0.0023007493000477552,0.015614173,0.047966126,0.9967072606086731,0.9695017337799072,0.011805002577602863,0.031857434660196304
658,0.00020459005926651034,0.0024236624594777822,0.014328135,0.049230706,0.9972273111343384,0.9678723812103271,0.011035959236323833,0.03247524052858353
659,0.00018659664221393706,0.0022898197639733553,0.013644689,0.04785206,0.9974855184555054,0.9696465730667114,0.010300621390342712,0.031619708985090256
660,0.0002359870135974647,0.002469615777954459,0.015292173,0.04969523,0.9968416690826416,0.9672632217407227,0.011447436176240444,0.03216063231229782
661,0.0002584711037343368,0.002465981524437666,0.016016357,0.049658652,0.9965354800224304,0.967311441898346,0.01189544890075922,0.03198882192373276
662,0.00022693574349184266,0.002491170074790716,0.015010712,0.049911626,0.9969568848609924,0.9669775366783142,0.011160660535097122,0.0323251448571682
663,0.00022655471548205242,0.0024367389269173145,0.015003177,0.049363337,0.996959924697876,0.9676990509033203,0.011150399222970009,0.03218821808695793
664,0.00025579514873573896,0.0026761209592223167,0.015940608,0.051731236,0.9965681433677673,0.9645258784294128,0.011899697594344616,0.03449011594057083
665,0.00021153331445847553,0.0023959330283105373,0.014533292,0.048948273,0.9971473813056946,0.968239963054657,0.011034439317882061,0.031558558344841
666,0.0001857827671549537,0.002332967007532716,0.013584881,0.048300795,0.9975075125694275,0.9690746665000916,0.010203691199421883,0.031667400151491165
667,0.00021267916765116917,0.0026255245320498943,0.014551503,0.051239874,0.9971402287483215,0.9651965498924255,0.010713664814829826,0.0339561402797699
668,0.0002816863892472942,0.002198978094384074,0.016805477,0.04689326,0.9961856603622437,0.9708507657051086,0.01262795738875866,0.03142188861966133
669,0.00023315263718938115,0.0022185426205396652,0.01522904,0.047101412,0.9968677163124084,0.9705914258956909,0.011407444253563881,0.03130221739411354
670,0.00019558137203355065,0.002324748318642378,0.013907119,0.048215643,0.9973878860473633,0.9691835641860962,0.010503342375159264,0.03128141537308693
671,0.00018238973478384486,0.002470328938215971,0.013514152,0.049702406,0.9975334405899048,0.9672538042068481,0.010168436914682388,0.032415393739938736
672,0.00020027893465753138,0.0025318986736238003,0.014185462,0.050317973,0.9972822666168213,0.9664376378059387,0.010499509051442146,0.03223146125674248
673,0.00020503021633802828,0.0022241626866161823,0.01435282,0.047161028,0.9972177743911743,0.9705169200897217,0.010924303904175758,0.030767226591706276
674,0.00019894335326336494,0.002167830243706703,0.013984857,0.046559963,0.9973586201667786,0.9712636470794678,0.010449651628732681,0.030546611174941063
675,0.00021995547087333927,0.0024040776770561934,0.014856311,0.049031395,0.9970191717147827,0.9681320190429688,0.01118540670722723,0.03204209357500076
676,0.0002608530653973999,0.002610581461340189,0.016077507,0.05109385,0.9965089559555054,0.9653946161270142,0.01218215748667717,0.034943245351314545
677,0.0002897007050871087,0.002445593709126115,0.01690633,0.049452946,0.9961397051811218,0.9675816893577576,0.012649182230234146,0.03214206546545029
678,0.0002712168319373053,0.0024823287967592478,0.016494557,0.04982297,0.9963254928588867,0.9670947194099426,0.012520953081548214,0.03163442760705948
679,0.00029395570362050256,0.0024255122989416122,0.017101169,0.049249493,0.996050238609314,0.9678478837013245,0.01252259686589241,0.03259311243891716
680,0.00023091563674494284,0.0023558326065540314,0.015225489,0.04853692,0.9968691468238831,0.9687715172767639,0.0113581083714962,0.03192691504955292
681,0.00022696801963981918,0.002492444356903434,0.015038192,0.04992439,0.9969457387924194,0.9669606685638428,0.011384761892259121,0.032382845878601074
682,0.00019871723766713828,0.002764206612482667,0.014043946,0.052575722,0.997336208820343,0.9633582234382629,0.010884569957852364,0.035249993205070496
683,0.0002832305022324859,0.0024465422611683607,0.016775193,0.049462534,0.996199369430542,0.96756911277771,0.012547539547085762,0.03182706981897354
684,0.00026493516700363466,0.002360329730436206,0.016293831,0.04858323,0.9964143633842468,0.9687119126319885,0.012165463529527187,0.03155554458498955
685,0.0002697921987749975,0.0023395931348204613,0.016458012,0.048369344,0.9963417649269104,0.9689868092536926,0.012232165783643723,0.03157879039645195
686,0.00022477950816127387,0.002622662577778101,0.014979307,0.05121194,0.9969695806503296,0.9652345180511475,0.011302737519145012,0.03343844786286354
687,0.00023825656998352233,0.0026602267753332853,0.015419933,0.05157739,0.9967886805534363,0.9647365212440491,0.011450089514255524,0.032973576337099075
688,0.0002225258603258143,0.0024332241155207157,0.014886916,0.049327727,0.9970068335533142,0.9677456617355347,0.011140021495521069,0.03218761831521988
689,0.00028360404725059527,0.0023463533725589514,0.016858794,0.04843917,0.9961614012718201,0.9688972234725952,0.012904969044029713,0.03142906725406647
690,0.00023474826792318544,0.0023695474956184626,0.0153329,0.048678,0.9968248009681702,0.968589723110199,0.011737082153558731,0.03154352307319641
691,0.00019471357650631532,0.002575080143287778,0.013939195,0.05074525,0.9973758459091187,0.9658652544021606,0.010591793805360794,0.03207894414663315
692,0.00020786147003739396,0.0023251285310834646,0.014381472,0.048219584,0.9972066283226013,0.9691785573959351,0.010745646432042122,0.03176913410425186
693,0.00018831276115220547,0.002505160868167877,0.013697587,0.050051585,0.9974660277366638,0.9667920470237732,0.01028932724148035,0.03230757266283035
694,0.00019023635799054648,0.002381869126111269,0.013741179,0.048804395,0.9974498152732849,0.9684264063835144,0.01040008757263422,0.032716892659664154
695,0.00020342865834457123,0.0024130502715706825,0.014242158,0.04912281,0.9972605109214783,0.9680130481719971,0.010770992375910282,0.03121994249522686
696,0.00020273005859714678,0.002325992798432708,0.014214662,0.048228547,0.9972710609436035,0.9691671133041382,0.010968727990984917,0.031963787972927094
697,0.00021893236010906878,0.002401934703812003,0.014797868,0.04900954,0.9970425367355347,0.9681603908538818,0.011143290437757969,0.03205619379878044
698,0.00023731370774013075,0.00238778511993587,0.015397599,0.048864968,0.9967979788780212,0.96834796667099,0.011186600662767887,0.03226602450013161
699,0.00030273907891982657,0.00254512089304626,0.017418021,0.050449185,0.9959025382995605,0.9662624001502991,0.01195325143635273,0.03356589004397392
700,0.00025678217141169375,0.002394844777882099,0.01601492,0.048937153,0.9965360760688782,0.9682543873786926,0.011866186745464802,0.03230556100606918
701,0.00024307682377349755,0.0023758476600050926,0.0155634675,0.04874267,0.9967285990715027,0.9685062170028687,0.01166464388370514,0.03229621797800064
702,0.00018646565678698772,0.002304558642208576,0.013605532,0.048005816,0.997499942779541,0.9694512486457825,0.01029201503843069,0.03115624189376831
703,0.0002019407084762034,0.002300746738910675,0.014205381,0.047966097,0.99727463722229,0.9695017337799072,0.01088728941977024,0.03147323802113533
704,0.00021588994489072567,0.0022709595505148172,0.014687956,0.047654584,0.9970863461494446,0.9698966145515442,0.011126270517706871,0.031194986775517464
705,0.00021675119668626311,0.0023067519068717957,0.01474117,0.048028655,0.9970651865005493,0.9694221615791321,0.011050254106521606,0.031521789729595184
706,0.00028708907881412995,0.0025720184203237295,0.016885038,0.05071507,0.9961494207382202,0.9659058451652527,0.01233776193112135,0.034106697887182236
707,0.0004805877278241414,0.002818383276462555,0.021765871,0.05308845,0.9936016201972961,0.9626400470733643,0.01528281532227993,0.03494318574666977
708,0.0003834300388751382,0.0026246714405715466,0.019574767,0.05123155,0.994825005531311,0.9652078747749329,0.014430958777666092,0.03371897339820862
709,0.00036381527421657336,0.002515253145247698,0.019044766,0.050152298,0.9951014518737793,0.9666582942008972,0.014158315025269985,0.03247305378317833
710,0.00038563330070411956,0.0026471023447811604,0.01963201,0.05145,0.9947946667671204,0.9649105072021484,0.014382867142558098,0.034178633242845535
711,0.00030882405090696096,0.0024103017058223486,0.017551532,0.049094826,0.9958394765853882,0.9680495262145996,0.013135479763150215,0.03216046839952469
712,0.0002724029704536819,0.0024703226517885923,0.016422642,0.04970234,0.9963574409484863,0.9672538638114929,0.012314821593463421,0.03270435705780983
713,0.00026275090071563187,0.002335510915145278,0.016177304,0.048327126,0.9964655041694641,0.9690409302711487,0.012219032272696495,0.03198220953345299
714,0.00023133516846097666,0.0023723046761006117,0.015149374,0.04870631,0.9969003796577454,0.9685531854629517,0.0113877784460783,0.03143949434161186
715,0.0002392603849082,0.0024775939527899027,0.01548538,0.049775437,0.9967613816261292,0.9671574831008911,0.011671804822981358,0.0323513001203537
716,0.00025776768134991556,0.0023085842840373516,0.01596186,0.048047733,0.9965589642524719,0.9693978428840637,0.01199115626513958,0.03081473335623741
717,0.0002236700681599111,0.002643817337229848,0.014936489,0.051418066,0.9969868659973145,0.9649540781974792,0.011432738974690437,0.034384556114673615
718,0.0002613766945697452,0.0023376166354864836,0.016161192,0.048348904,0.9964725375175476,0.9690130352973938,0.012154346331954002,0.03170284628868103
719,0.00023247830606785348,0.0022774545941501856,0.015223715,0.047722686,0.9968698620796204,0.9698104858398438,0.011547324247658253,0.03128761798143387
720,0.0002341833976309069,0.0022579545620828867,0.015305254,0.04751794,0.996836245059967,0.9700689911842346,0.011688514612615108,0.030941564589738846
721,0.00022579581656662577,0.002466378267854452,0.015006307,0.049662646,0.9969586730003357,0.9673061370849609,0.011380142532289028,0.032898593693971634
722,0.00022352805866500023,0.00239000516012311,0.014942825,0.048887677,0.9969843029975891,0.9683185815811157,0.011066334322094917,0.03141329064965248
723,0.00025063238717848435,0.0024149990640580654,0.015831541,0.04914264,0.996614933013916,0.9679872393608093,0.01186954602599144,0.03263874351978302
724,0.0002425675259225748,0.0022996310144662857,0.015540822,0.04795447,0.9967381358146667,0.9695165157318115,0.011690936051309109,0.031327392905950546
725,0.000246219170962418,0.0024277889169752598,0.015662005,0.049272597,0.9966870546340942,0.9678177237510681,0.011551149189472198,0.0321337953209877
726,0.00022425527343081987,0.002402861602604389,0.014934954,0.04901899,0.996987521648407,0.9681481122970581,0.011319267563521862,0.03195350989699364
727,0.00021434969940773127,0.002435589674860239,0.0146625545,0.049351696,0.9970964193344116,0.9677143096923828,0.011218644678592682,0.03155205771327019
728,0.00020284500351408496,0.0024950429797172546,0.014202445,0.04995041,0.9972757697105408,0.9669262170791626,0.010614464059472084,0.03270132094621658
729,0.00029309603467647156,0.0025265358854085207,0.017048288,0.05026466,0.9960746169090271,0.9665087461471558,0.012651759199798107,0.03320847451686859
730,0.0002459715330835686,0.002331947674974799,0.015660774,0.048290245,0.9966875910758972,0.9690881371498108,0.011993126943707466,0.03136759623885155
731,0.00021655339250256392,0.0024572527036070824,0.014714049,0.049570683,0.9970759749412537,0.967427134513855,0.011255313642323017,0.032882239669561386
732,0.00024074486811348999,0.002363637089729309,0.015425619,0.04861725,0.9967862963676453,0.9686681032180786,0.011635064147412777,0.03153836354613304
733,0.00023693366396897048,0.0023974773939698935,0.0153857535,0.048964042,0.9968029260635376,0.968219518661499,0.011617823503911495,0.03189917653799057
734,0.0002312838365800086,0.002431394997984171,0.015193911,0.04930918,0.9968821406364441,0.9677699208259583,0.011259329505264759,0.0326046384871006
735,0.00024453437336805194,0.002500765724107623,0.0155928135,0.05000766,0.9967162609100342,0.9668503403663635,0.011814773082733154,0.03264214098453522
736,0.00023086094932461327,0.0023744094651192427,0.015153008,0.048727915,0.996898889541626,0.9685252904891968,0.011243084445595741,0.03100794553756714
737,0.0002548730553826317,0.0024724595714360476,0.015889369,0.049723834,0.9965901970863342,0.9672255516052246,0.01197818387299776,0.033179979771375656
738,0.0003123600201268511,0.002679291646927595,0.017615715,0.051761873,0.9958089590072632,0.9644838571548462,0.012945425696671009,0.0337776243686676
739,0.0002688071055507118,0.0025135718751698732,0.016396731,0.050135534,0.996368944644928,0.9666805863380432,0.011968638747930527,0.03248290717601776
740,0.00023697813660626045,0.002510534832254052,0.015410132,0.050105236,0.996792733669281,0.9667208194732666,0.011457521468400955,0.03198661655187607
741,0.00021874693100636995,0.0021709937136620283,0.01476311,0.046593923,0.9970564246177673,0.9712217450141907,0.011146689765155315,0.03017539717257023
742,0.00021661748310593381,0.0023321465123444796,0.014696464,0.048292305,0.9970829486846924,0.9690855145454407,0.011238636448979378,0.030929481610655785
743,0.00020339230898323214,0.00235964497551322,0.014281682,0.048576176,0.9972452521324158,0.9687210321426392,0.01068626157939434,0.03182626888155937
744,0.00019096780306426808,0.002282915636897087,0.013803323,0.047779866,0.9974267482757568,0.9697381258010864,0.010353362187743187,0.031745295971632004
745,0.00020055717455265537,0.00231428281404078,0.014167519,0.048106994,0.9972891211509705,0.9693223237991333,0.010794864036142826,0.03036668337881565
746,0.000187120979138523,0.002204345539212227,0.013695049,0.04695046,0.9974669218063354,0.9707795977592468,0.0102617796510458,0.030082538723945618
747,0.00019260135145900264,0.002271311590448022,0.013885269,0.04765828,0.9973961114883423,0.9698919057846069,0.010543475858867168,0.030920187011361122
748,0.00020816298836672848,0.0022956845350563526,0.01440892,0.047913305,0.9971959590911865,0.9695688486099243,0.010862492956221104,0.03085305541753769
749,0.0002864894056322307,0.002369864610955119,0.01692957,0.04868125,0.9961290955543518,0.9685855507850647,0.012850620783865452,0.032110344618558884
750,0.0002439903771367178,0.0024078423157334328,0.015607257,0.049069773,0.9967101812362671,0.9680821299552917,0.011943974532186985,0.03209923952817917
751,0.00022490457029727457,0.0023617621045559645,0.015017979,0.048597965,0.9969539046287537,0.96869295835495,0.011217505671083927,0.03146505728363991
752,0.00022244379083117977,0.002205893164500594,0.014841838,0.04696694,0.9970249533653259,0.9707590937614441,0.011160357855260372,0.030605414882302284
753,0.0002427259288114411,0.002345372224226594,0.015499242,0.048429046,0.9967555403709412,0.9689102172851562,0.01173496339470148,0.03160521388053894
754,0.00024434288405411115,0.002235640771687031,0.01564726,0.04728256,0.9966933131217957,0.9703648090362549,0.011809888295829296,0.030674556270241737
755,0.0002202796610865996,0.0024720304645597935,0.014851803,0.049719516,0.997020959854126,0.967231273651123,0.011106468737125397,0.03179130703210831
756,0.00023543748631544241,0.00220900378189981,0.015390834,0.04700004,0.9968007802963257,0.9707178473472595,0.011740670539438725,0.030357051640748978
757,0.00024012179412900215,0.0023470274172723293,0.0155383805,0.04844613,0.9967391490936279,0.9688882827758789,0.011647100560367107,0.03170032426714897
758,0.00022159744350408965,0.0024504840839654207,0.01486431,0.049502365,0.9970159530639648,0.9675168395042419,0.011296126060187817,0.03239862620830536
759,0.00022354696987101553,0.0021930132061243057,0.014963311,0.046829615,0.9969760775566101,0.9709298610687256,0.011241317726671696,0.02986207976937294
760,0.00019752121112436396,0.0026328556705266237,0.014053421,0.05131136,0.9973326325416565,0.9650993943214417,0.010697003453969955,0.03377866744995117
761,0.0002310238527239893,0.002251380356028676,0.01521696,0.04744871,0.9968726634979248,0.9701561331748962,0.011423448100686073,0.030276156961917877
762,0.00018472487202168188,0.002434004098176956,0.013570512,0.04933563,0.9975128173828125,0.9677352905273438,0.010241628624498844,0.031641967594623566
763,0.0001609718095675238,0.002341026905924082,0.012717839,0.04838416,0.9978155493736267,0.9689677953720093,0.009543363936245441,0.031465139240026474
764,0.00019527014956111088,0.002472911262884736,0.013866182,0.049728375,0.9974032640457153,0.9672195911407471,0.010347224771976471,0.032274819910526276
765,0.00020867851774462244,0.0023397617042064667,0.014428731,0.048371084,0.9971882700920105,0.9689845442771912,0.010950861498713493,0.03142016753554344
766,0.00021739295665280554,0.0021580776665359735,0.014736359,0.046455115,0.9970670938491821,0.9713929295539856,0.011098373681306839,0.02938566729426384
767,0.00017866843832466245,0.0022432859987020493,0.013375252,0.04736334,0.9975838661193848,0.9702634215354919,0.010001707822084427,0.030869150534272194
768,0.0001734000708727928,0.002403473248705268,0.01316011,0.049025234,0.9976609349250793,0.9681400060653687,0.009859851561486721,0.03230390325188637
769,0.00017471450304252687,0.002347763394936919,0.013248314,0.048453726,0.9976295232772827,0.9688785076141357,0.01015063002705574,0.03189918026328087
770,0.00019891432020813227,0.0022790206130594015,0.013882357,0.04773909,0.9973971843719482,0.9697897434234619,0.01030336320400238,0.030933575704693794
771,0.00020999142990066585,0.0023106406442821026,0.014491713,0.048069127,0.9971636533737183,0.9693706035614014,0.010737887583673,0.031341057270765305
772,0.00019360340626338836,0.002321444684639573,0.013873973,0.048181374,0.9974003434181213,0.9692273736000061,0.010404993779957294,0.031231800094246864
773,0.0001832375042299232,0.002438842784613371,0.013547899,0.049384642,0.9975211024284363,0.9676711559295654,0.010286372154951096,0.031967245042324066
774,0.00018106534149741162,0.002202247967943549,0.013469487,0.046928115,0.9975497126579285,0.9708074331283569,0.010253049433231354,0.03056935779750347
775,0.00020238789610712874,0.0025707343593239784,0.014199606,0.050702408,0.9972768425941467,0.9659228324890137,0.010829305276274681,0.03328535705804825
776,0.00023736330595883456,0.002199774608016014,0.015431354,0.04690176,0.9967839121818542,0.9708402156829834,0.011655832640826702,0.030246075242757797
777,0.00019829349846325138,0.0023591171484440565,0.014083181,0.048570745,0.9973213076591492,0.9687280058860779,0.010527768172323704,0.03169132396578789
778,0.00020369338414060292,0.0022330961655825377,0.014266568,0.047255646,0.9972510933876038,0.970398485660553,0.01090436801314354,0.03070651926100254
779,0.0001902614024981052,0.0022234797943383455,0.0137813045,0.047153786,0.9974349141120911,0.9705259799957275,0.010472082532942295,0.030420230701565742
780,0.00018787745052990928,0.0022687241435050964,0.013693123,0.047631126,0.9974676370620728,0.9699262380599976,0.010382899083197117,0.03072691336274147
781,0.0001834438047477637,0.0023143126163631678,0.013408759,0.048107304,0.9975717067718506,0.9693219065666199,0.00987078808248043,0.030934154987335205
782,0.00025269748518687925,0.0026623536832630634,0.015927449,0.051598,0.996573805809021,0.9647083282470703,0.011512410826981068,0.03364638239145279
783,0.00026116325104587963,0.002462924923747778,0.016161764,0.049627867,0.9964722394943237,0.9673519134521484,0.011765736155211926,0.03213392198085785
784,0.0002299492367786694,0.0024376148357987404,0.015119575,0.049372204,0.9969125390052795,0.9676874279975891,0.011182980611920357,0.032248906791210175
785,0.00022572549179048193,0.0025952551513910294,0.014922234,0.050943647,0.9969926476478577,0.9655978083610535,0.011251077055931091,0.033750325441360474
786,0.0002231705921903168,0.0024500491563230753,0.014931691,0.04949797,0.996988832950592,0.9675226211547852,0.011145977303385735,0.03215258568525314
787,0.00022201542477970096,0.00249326485209167,0.014855029,0.049932607,0.9970196485519409,0.9669497609138489,0.011037752032279968,0.031968794763088226
788,0.0002618886567440561,0.002440375741571188,0.016183633,0.04940016,0.9964627027511597,0.967650830745697,0.011832427233457565,0.03274008631706238
789,0.00026912478312045675,0.002319849794730544,0.016395763,0.04816482,0.9963693618774414,0.9692485332489014,0.012545274570584297,0.03212866932153702
790,0.00022650167308959433,0.0023434069007635117,0.014830889,0.04840875,0.9970293641090393,0.9689362645149231,0.01120435819029808,0.030912114307284355
791,0.0003071427504024045,0.0025496184825897217,0.017519107,0.050493747,0.9958548545837402,0.9662027359008789,0.01196691207587719,0.033143140375614166
792,0.0003219992087741213,0.002671258756890893,0.017891651,0.051684223,0.9956766366958618,0.964590311050415,0.01325930655002594,0.03430423140525818
793,0.0005387268134985458,0.0029297915752977133,0.022818537,0.054127548,0.9929677248001099,0.9611632823944092,0.015408528037369251,0.035006146878004074
794,0.0005308148207735609,0.002855064580217004,0.023067974,0.053432804,0.9928131699562073,0.9621537923812866,0.01601930893957615,0.03406280279159546
795,0.0006866862492064353,0.002931019989773631,0.026199406,0.054138895,0.9907295107841492,0.9611469507217407,0.017508193850517273,0.03581277281045914
796,0.0007217067680109969,0.0028068276587873697,0.026326962,0.052979503,0.9906390309333801,0.962793231010437,0.017860539257526398,0.0351954847574234
797,0.0009976480346681042,0.0033240490593016148,0.03163421,0.057654567,0.9864844679832458,0.9559370279312134,0.020891308784484863,0.038436587899923325
798,0.0007409266148566861,0.003366724820807576,0.027151102,0.058023483,0.9900438189506531,0.9553713798522949,0.01921267993748188,0.036919932812452316
799,0.0006462237890280613,0.003112520556896925,0.025029983,0.05578997,0.9915386438369751,0.9587410092353821,0.01774689368903637,0.0372130461037159
800,0.000849904299353842,0.0029305005446076393,0.02921779,0.054134097,0.9884704351425171,0.9611538648605347,0.019850313663482666,0.03546895086765289
801,0.000584280602528121,0.002586956834420562,0.024117127,0.050862137,0.9921445846557617,0.9657077789306641,0.01757998578250408,0.03384319692850113
802,0.0003407859926069663,0.002449959283694625,0.018417113,0.049497064,0.9954189658164978,0.9675238132476807,0.013576401397585869,0.03237704932689667
803,0.0003022320888703689,0.0024308052379637957,0.017393127,0.049303196,0.9959142208099365,0.9677777290344238,0.01322807464748621,0.031891945749521255
804,0.000307342056079175,0.002484558615833521,0.017464982,0.049845345,0.9958804249763489,0.967065155506134,0.012966059148311615,0.03285092115402222
805,0.00029883278396234596,0.0025028216186910868,0.017216535,0.05002821,0.9959967732429504,0.9668231010437012,0.01283259503543377,0.03284408897161484
806,0.0003045062330784276,0.0024083189200609922,0.017411754,0.049074627,0.9959054589271545,0.9680758118629456,0.013013332150876522,0.031726300716400146
807,0.0002852862122712064,0.0023904982954263687,0.016848065,0.04889272,0.9961662888526917,0.9683120250701904,0.012642799876630306,0.03217538818717003
808,0.00022967611518900165,0.002396523719653487,0.0150752375,0.0489543,0.9969306588172913,0.9682321548461914,0.011233066208660603,0.03177819028496742
809,0.00022608176963827148,0.002461160533130169,0.015057546,0.049610086,0.9969378709793091,0.9673753380775452,0.011351626366376877,0.031956225633621216
810,0.00023448707890400493,0.002711136359721422,0.015249172,0.052068572,0.9968594312667847,0.9640616774559021,0.011389450170099735,0.03426452353596687
811,0.00025125719350233504,0.0024150784593075514,0.015838157,0.04914345,0.9966121315956116,0.9679861664772034,0.011808877810835838,0.03208357095718384
812,0.00023984768697780302,0.0022574940230697393,0.015463719,0.047513094,0.996770441532135,0.9700750708580017,0.011354362592101097,0.03147834911942482
813,0.00022086963541699913,0.002433338901028037,0.014877986,0.049328882,0.9970104694366455,0.9677441120147705,0.011367886327207088,0.03219425305724144
814,0.0002516616064398973,0.0023490122985094786,0.01592035,0.048466604,0.9965768456459045,0.9688619375228882,0.01210358552634716,0.030875369906425476
815,0.00023463622842841275,0.0025796915870159864,0.01530077,0.050790668,0.9968380928039551,0.9658041000366211,0.0114437909796834,0.033546533435583115
816,0.00019552371734541586,0.0022237764205783606,0.013952829,0.047156934,0.9973706603050232,0.9705220460891724,0.010636026039719582,0.030227866023778915
817,0.00020894045949469066,0.002380593679845333,0.014283259,0.048791327,0.997244656085968,0.9684433341026306,0.010613251477479935,0.031512439250946045
818,0.000205568752955349,0.002383413491770625,0.014361927,0.04882022,0.9972142577171326,0.9684059619903564,0.010747901163995266,0.031161904335021973
819,0.0002009443937409246,0.002345257205888629,0.014128638,0.048427857,0.9973040223121643,0.9689117074012756,0.010617304593324661,0.03149275854229927
820,0.0001794698870402168,0.002286797622218728,0.013386602,0.04782047,0.9975797533988953,0.9696866273880005,0.010218895971775055,0.030624408274888992
821,0.00016314819400907834,0.0022834271658211946,0.012779458,0.047785223,0.9977943301200867,0.969731330871582,0.009599908255040646,0.030919654294848442
822,0.00017603707370157778,0.002324713161215186,0.0132706035,0.048215285,0.9976215362548828,0.9691840410232544,0.01013559103012085,0.03135117143392563
823,0.0002212437770636329,0.0023097877856343985,0.0148447715,0.048060253,0.9970237612724304,0.9693819284439087,0.011106948368251324,0.031200187280774117
824,0.00022759123649765652,0.002576618455350399,0.015104805,0.050760403,0.9969186186790466,0.9658448696136475,0.011324063874781132,0.0328412763774395
825,0.00019884367925855756,0.002482860116288066,0.014116702,0.049828306,0.9973085522651672,0.9670876860618591,0.010648781433701515,0.03233814612030983
826,0.00017510981474928982,0.0023798670154064894,0.013135334,0.048783883,0.9976697564125061,0.9684529304504395,0.009935637935996056,0.03140636906027794
827,0.00023212829017376697,0.0022754890378564596,0.015288552,0.047702085,0.996843159198761,0.9698365330696106,0.01154633890837431,0.030789369717240334
828,0.00019429539084244013,0.002341761952266097,0.0139185265,0.048391756,0.9973835945129395,0.9689580798149109,0.01040038000792265,0.03149592503905296
829,0.00021032988661318086,0.0025705734733492136,0.014540477,0.05070082,0.9971445202827454,0.9659249782562256,0.010960333980619907,0.03259795904159546
830,0.00017686561808328736,0.0025054444558918476,0.0132806925,0.050054412,0.9976179003715515,0.9667882919311523,0.009923921898007393,0.03227899596095085
831,0.00018467500326964497,0.002217681845650077,0.013599664,0.04709227,0.9975020885467529,0.9706028699874878,0.010298950597643852,0.030164595693349838
832,0.00017569740355776793,0.002446745987981558,0.013190312,0.04946459,0.9976502060890198,0.9675664305686951,0.009937034919857979,0.031730566173791885
833,0.0001889363437922756,0.0024039624258875847,0.013751874,0.04903022,0.9974458813667297,0.9681335687637329,0.010453312657773495,0.031242454424500465
834,0.0001707243199317335,0.00229438254609704,0.013041631,0.047899712,0.9977028965950012,0.9695861339569092,0.009914496913552284,0.03102032095193863
835,0.00017806029129794544,0.002360050566494465,0.013096183,0.048580352,0.9976836442947388,0.9687156081199646,0.009683338925242424,0.031420815736055374
836,0.00019726793437836352,0.002250941237434745,0.01403219,0.047444087,0.9973406791687012,0.9701619744300842,0.010495210997760296,0.03107254020869732
837,0.000163514319204048,0.0021856080275028944,0.012800046,0.046750486,0.9977871775627136,0.9710280299186707,0.009742895141243935,0.029969440773129463
838,0.00024231116417054594,0.0023825247772037983,0.015632723,0.048811115,0.9966994524002075,0.9684177041053772,0.011655810289084911,0.0316619947552681
839,0.00017641119484324008,0.0022151274606585503,0.01328864,0.04706514,0.9976150393486023,0.9706367254257202,0.010128822177648544,0.03020765259861946
840,0.00020986651626034555,0.0023023609537631273,0.014394652,0.047982924,0.9972015023231506,0.9694803357124329,0.0108585050329566,0.030968567356467247
841,0.00021854618667434394,0.002397705800831318,0.014806915,0.04896637,0.9970389604568481,0.9682164788246155,0.011014279909431934,0.03127405047416687
842,0.00015602466473038393,0.0023367342073470354,0.012495072,0.04833978,0.997891366481781,0.9690247178077698,0.009527944959700108,0.03098779171705246
843,0.00016503959374280055,0.0023993689101189375,0.0128444005,0.048983354,0.9977718591690063,0.9681944251060486,0.009672580286860466,0.0316004753112793
844,0.00017875018999223937,0.0022036400623619556,0.013322706,0.04694294,0.9976028203964233,0.9707889556884766,0.010013727471232414,0.030146386474370956
845,0.00016708589696050197,0.0022824727930128574,0.012919363,0.04777523,0.9977457523345947,0.9697439670562744,0.009901191107928753,0.030648238956928253
846,0.0001634169338186356,0.0022748804185539484,0.012666695,0.047695708,0.9978330731391907,0.9698446393013,0.009715414606034756,0.029981274157762527
847,0.0001570701503872194,0.0023764153011143208,0.012546432,0.04874849,0.9978740215301514,0.968498706817627,0.009486800990998745,0.0317179337143898
848,0.0001599024481865027,0.002392307622358203,0.012651065,0.04891122,0.9978384375572205,0.9682880640029907,0.00948862824589014,0.031298909336328506
849,0.00018383359697922557,0.002365730470046401,0.0134000955,0.048638776,0.9975748658180237,0.9686403274536133,0.010033193975687027,0.03138813376426697
850,0.00019710782924614085,0.0021662861108779907,0.01395924,0.04654338,0.9973682761192322,0.9712841510772705,0.010660087689757347,0.030708711594343185
851,0.0001634548041858414,0.002322648884728551,0.012792908,0.04819387,0.9977896809577942,0.9692113995552063,0.009711875580251217,0.03094153292477131
852,0.0001476349809143523,0.002276655286550522,0.012148311,0.047714308,0.9980068206787109,0.9698210954666138,0.009210544638335705,0.030053043738007545
853,0.00014333826700087891,0.0022418152075260878,0.011986224,0.04734781,0.9980596303939819,0.9702829122543335,0.009058461524546146,0.03066171333193779
854,0.00015693584249344315,0.0024927386548370123,0.012549816,0.049927335,0.9978728890419006,0.9669567346572876,0.009542235173285007,0.033393096178770065
855,0.0001853288145370739,0.0022725139278918505,0.013610393,0.047670893,0.9974981546401978,0.9698759913444519,0.010170847177505493,0.030707670375704765
856,0.00017206708005026238,0.0022521885111927986,0.013093342,0.047457226,0.9976846575737,0.9701454043388367,0.009930540807545185,0.03091713786125183
857,0.00014830256953824903,0.0022975376341491938,0.012154221,0.047932636,0.9980048537254333,0.9695442914962769,0.009298852644860744,0.03136630356311798
858,0.0001580197637271009,0.002344718435779214,0.012550026,0.048422292,0.9978728294372559,0.9689188599586487,0.009492520242929459,0.03160194680094719
859,0.00016148437862284482,0.002188642043620348,0.012725087,0.046782926,0.9978130459785461,0.9709877967834473,0.009752695448696613,0.030367085710167885
860,0.0001672916094486771,0.0024328322615474463,0.012838285,0.049323753,0.9977739453315735,0.9677508473396301,0.009645229205489159,0.03190097585320473
861,0.00015568732785389082,0.0023339020553976297,0.012462623,0.048310477,0.9979023337364197,0.9690622687339783,0.009372024796903133,0.030672213062644005
862,0.00014047996294473043,0.0023850607685744762,0.011813335,0.048837088,0.9981151819229126,0.9683840870857239,0.008892317302525043,0.031095417216420174
863,0.00017761472256758927,0.0023618298582732677,0.013295113,0.048598662,0.997612714767456,0.9686920642852783,0.010118458420038223,0.03157269209623337
864,0.00012899775306736544,0.002283733803778887,0.01137542,0.047788426,0.9982523322105408,0.9697272777557373,0.008728115819394588,0.030767766758799553
865,0.00015443066447253594,0.0023181105498224497,0.012244578,0.048146762,0.9979751110076904,0.9692716002464294,0.009121532551944256,0.031013166531920433
866,0.00016445846631540917,0.0024574093986302614,0.01282483,0.049572263,0.9977786540985107,0.9674250483512878,0.009676020592451096,0.032922737300395966
867,0.000196536784642376,0.0022536651231348515,0.013977673,0.04747278,0.9973613023757935,0.9701258540153503,0.010692526586353779,0.030994322150945663
868,0.00015770653573616238,0.00230362918227911,0.012555267,0.047996137,0.9978710412979126,0.9694635272026062,0.00960460677742958,0.03064831905066967
869,0.00017665697470709512,0.002293044701218605,0.013085803,0.04788575,0.9976872801780701,0.9696038365364075,0.009689195081591606,0.030267838388681412
870,0.00018993781618932687,0.0023340804036706686,0.013761785,0.048312325,0.9974421858787537,0.9690598845481873,0.010473549365997314,0.03154374286532402
871,0.0001708923138556367,0.002417319919914007,0.013063546,0.049166247,0.9976951479911804,0.9679564833641052,0.009774944745004177,0.031658835709095
872,0.00015948197588758458,0.002184557728469372,0.01260526,0.046739254,0.9978540539741516,0.9710419178009033,0.009594287723302841,0.030114101245999336
873,0.0001486162598832214,0.0022334831301122904,0.012170668,0.04725974,0.9979994297027588,0.9703933596611023,0.00932990200817585,0.030328964814543724
874,0.00017366963948006742,0.0024024746380746365,0.013219185,0.049015045,0.9976398944854736,0.9681532382965088,0.009868108667433262,0.031542662531137466
875,0.00015709899525973015,0.002265858929604292,0.012558409,0.04760104,0.9978699684143066,0.9699642062187195,0.009565755724906921,0.030685774981975555
876,0.00017302868945989758,0.0022829347290098667,0.013180998,0.047780067,0.9976535439491272,0.9697378873825073,0.009929587133228779,0.030375424772500992
877,0.00014526047810001975,0.0024184719659388065,0.012066713,0.049177963,0.9980334639549255,0.9679412245750427,0.00921409297734499,0.03238140791654587
878,0.00019207989085275173,0.0021887794137001038,0.013733133,0.046784393,0.9974528551101685,0.9709859490394592,0.010346746072173119,0.029659351333975792
879,0.0001858273376869461,0.0025136913172900677,0.013659489,0.05013673,0.9974800944328308,0.9666789770126343,0.010229538194835186,0.03251226991415024
880,0.00020880292570588856,0.002319642808288336,0.0144636175,0.04816267,0.9971746206283569,0.969251275062561,0.011057103052735329,0.03110627643764019
881,0.00017586326761044222,0.002319162944331765,0.013117861,0.048157685,0.9976759552955627,0.969257652759552,0.009819524362683296,0.030858296900987625
882,0.00018926047447497365,0.002357168821617961,0.013794636,0.048550684,0.9974299669265747,0.9687538146972656,0.010406575165688992,0.03187074884772301
883,0.0001587127298989799,0.002236530650407076,0.012605612,0.047291975,0.9978539347648621,0.9703530073165894,0.009571083821356297,0.030253052711486816
884,0.00016741571115827273,0.002292343182489276,0.012944784,0.04787842,0.9977368712425232,0.9696131348609924,0.009683094918727875,0.030568599700927734
885,0.00016035316763339904,0.0023037935607135296,0.012559838,0.04799785,0.9978694915771484,0.9694613814353943,0.00961973611265421,0.030944788828492165
886,0.00016865935785145584,0.0022661418188363314,0.013006475,0.04760401,0.9977152347564697,0.9699604511260986,0.009951760061085224,0.030319133773446083
887,0.0001443818284976508,0.002329958835616708,0.012041656,0.048269648,0.9980416297912598,0.9691145420074463,0.00901210680603981,0.031217077746987343
888,0.00015225737330514346,0.00243602623231709,0.012332544,0.049356118,0.9979459047317505,0.9677085280418396,0.009428862482309341,0.0324857160449028
889,0.0001870889182927468,0.0022396619897335768,0.013631731,0.047325067,0.9974902868270874,0.9703114628791809,0.010453819297254086,0.030620526522397995
890,0.00021014228960583833,0.0023210030049085617,0.014532776,0.048176788,0.9971475601196289,0.9692332148551941,0.010900871828198433,0.03116794116795063
891,0.00015725468388568103,0.002420051023364067,0.012557627,0.049194016,0.9978702068328857,0.9679203033447266,0.009477857500314713,0.031398601830005646
892,0.00016794373798554508,0.002243595663458109,0.012868427,0.04736661,0.9977635145187378,0.9702593088150024,0.009658899158239365,0.03016924485564232
893,0.0001646371400221886,0.0023348263930529356,0.012820135,0.048320044,0.9977802634239197,0.9690499901771545,0.009634707123041153,0.03138943761587143
894,0.00018673682908146557,0.002551332348957658,0.01366545,0.050510716,0.9974778890609741,0.9661800265312195,0.010249793529510498,0.03317509964108467
895,0.0001535164370910603,0.0023637351114302874,0.012393633,0.04861826,0.9979254603385925,0.9686667919158936,0.0093301460146904,0.03151588514447212
896,0.00016057772948194972,0.0022278595715761185,0.012682188,0.047200207,0.9978277683258057,0.9704679250717163,0.009426883421838284,0.031086282804608345
897,0.0001605253310117405,0.002207247307524085,0.012655704,0.046981353,0.9978368282318115,0.9707411527633667,0.009654134511947632,0.030775049701333046
898,0.0001582896716585806,0.002534933388233185,0.012547013,0.05034812,0.997873842716217,0.9663974046707153,0.00961610209196806,0.03341827914118767
899,0.0001821635246001692,0.002298864535987377,0.0134552615,0.047946475,0.9975548386573792,0.9695267081260681,0.010124205611646175,0.030919184908270836
900,0.00015168720578499645,0.002282387111335993,0.012294715,0.047774337,0.9979584813117981,0.9697450995445251,0.009633036330342293,0.031649570912122726
901,0.00018169198896926403,0.0021369599271565676,0.013506571,0.046227265,0.9975361824035645,0.9716728925704956,0.010181383229792118,0.030713483691215515
902,0.00015143304236434315,0.0021784515120089054,0.012291999,0.046673886,0.9979593753814697,0.9711228609085083,0.009233793243765831,0.030551448464393616
903,0.00014976757831225933,0.002241040812805295,0.012214855,0.047339633,0.9979848861694336,0.9702932238578796,0.00923928152769804,0.03095100075006485
904,0.0001639086126074703,0.002320509869605303,0.01275944,0.04817167,0.9978012442588806,0.9692397713661194,0.009582215920090675,0.030572684481739998
905,0.00017430295834360137,0.0023436923511326313,0.013065657,0.048411697,0.9976944327354431,0.9689324498176575,0.00978607777506113,0.03147997707128525
906,0.00017545490482007153,0.0022318221163004637,0.013246488,0.047242165,0.9976301789283752,0.9704154133796692,0.009848043322563171,0.03012431412935257
907,0.00017238174835008314,0.0023910868912935257,0.0130820265,0.048898745,0.9976886510848999,0.9683042168617249,0.010068177245557308,0.031798820942640305
908,0.00016298832071532325,0.0023755172733217478,0.012778362,0.048739277,0.9977946877479553,0.968510627746582,0.009727954864501953,0.031625524163246155
909,0.0001973374528461136,0.0023324715439230204,0.014039482,0.048295666,0.9973379373550415,0.9690812230110168,0.01036592572927475,0.03148675709962845
910,0.00019367244418721054,0.002451445674523711,0.013936106,0.049512077,0.9973769783973694,0.96750408411026,0.0105630187317729,0.03149677440524101
911,0.00016001879207165487,0.0024022019933909178,0.01258738,0.04901226,0.9978601336479187,0.9681568741798401,0.009455046616494656,0.03203533589839935
912,0.00015279563244389877,0.0025271165650337934,0.012308561,0.05027043,0.9979538917541504,0.9665010571479797,0.009318375028669834,0.03299080207943916
913,0.00017244669123266993,0.0024732588790357113,0.01304683,0.04973187,0.9977010488510132,0.9672149419784546,0.009832055307924747,0.03190532326698303
914,0.00016084768636078067,0.002305013360455632,0.012655663,0.04801055,0.9978368282318115,0.9694451689720154,0.009598619304597378,0.03141915425658226
915,0.00015803314950475894,0.00233658729121089,0.012571852,0.04833826,0.9978653788566589,0.9690266251564026,0.009607492946088314,0.030674871057271957
916,0.00016397990475525148,0.0026273897383362055,0.012734814,0.05125807,0.9978097081184387,0.9651718139648438,0.009268421679735184,0.03247799351811409
917,0.00016928248541344973,0.0024873078800737858,0.013015175,0.04987292,0.9977121949195862,0.9670287370681763,0.009667485021054745,0.03255048766732216
918,0.00015629580891320737,0.002434174995869398,0.012515795,0.049337357,0.9978843927383423,0.9677330255508423,0.009419566951692104,0.0312664620578289
919,0.0001819066651064945,0.0023651656229048967,0.0134981545,0.04863297,0.997539222240448,0.968647837638855,0.010217474773526192,0.03215285390615463
920,0.00018337113645181736,0.00234031118452549,0.013499898,0.048376758,0.9975386261940002,0.9689772725105286,0.010239867493510246,0.030976369976997375
921,0.00016595926056404343,0.0022820658050477505,0.012900546,0.047770973,0.99775230884552,0.969749391078949,0.009804906323552132,0.03098069503903389
922,0.0002093553174001334,0.0024173513520509005,0.014443054,0.049166568,0.9971826672554016,0.9679560661315918,0.010851419530808926,0.03181392699480057
923,0.00017918409569326533,0.0024428945034742355,0.013378115,0.049425647,0.9975827932357788,0.9676174521446228,0.010014754720032215,0.031547270715236664
924,0.00015501336714475076,0.002299915300682187,0.012438506,0.04795743,0.9979104399681091,0.9695127606391907,0.009313853457570076,0.030754391103982925
925,0.00020257253477625042,0.0023230176884680986,0.014229412,0.048197694,0.9972653985023499,0.9692065119743347,0.010722395963966846,0.030920859426259995
926,0.0001418481075564738,0.002374716103076935,0.0118511235,0.048731055,0.998103141784668,0.968521237373352,0.009049179963767529,0.03143107518553734
927,0.00014784467268989167,0.0023812279105186462,0.012159628,0.048797823,0.9980030655860901,0.9684349298477173,0.009232504293322563,0.03103007562458515
928,0.00013514366020734252,0.0024595854338258505,0.011593484,0.04959421,0.9981846809387207,0.9673961997032166,0.008798248134553432,0.03199932724237442
929,0.00013185532390542159,0.0023573662620037794,0.01147462,0.048552718,0.998221755027771,0.9687511920928955,0.008768400177359581,0.03164447844028473
930,0.00015385718043861826,0.0021447697654366493,0.01235854,0.046311658,0.9979372024536133,0.9715693593025208,0.009474101476371288,0.030081139877438545
931,0.00013403529109465043,0.0022487235255539417,0.011583978,0.04742071,0.9981876611709595,0.9701913595199585,0.008897271938621998,0.03047950193285942
932,0.00014740716671274805,0.0022464271169155836,0.012130832,0.047396492,0.9980125427246094,0.9702218174934387,0.009208324365317822,0.03016819804906845
933,0.00013753546690250832,0.002094743773341179,0.011727877,0.045768373,0.9981423616409302,0.972232460975647,0.008962451480329037,0.02917427197098732
934,0.00015823651814240623,0.0023500763345509768,0.012513909,0.04847759,0.9978850483894348,0.9688478708267212,0.009679652750492096,0.030643781647086143
935,0.00017279874042618428,0.002501879818737507,0.013142565,0.050018795,0.9976671934127808,0.9668355584144592,0.009849702008068562,0.03354627639055252
936,0.0001806671409047505,0.0021990127861499786,0.013402071,0.046893634,0.9975741505622864,0.9708502888679504,0.01026331540197134,0.03055482916533947
937,0.00015045379801780325,0.002379288198426366,0.012231273,0.04877795,0.997979462146759,0.9684606194496155,0.009203629568219185,0.03150230273604393
938,0.0001688994264193091,0.002346691442653537,0.012992774,0.048442665,0.9977200627326965,0.9688926935195923,0.009749996475875378,0.03123716078698635
939,0.00012731061989060518,0.00235164538025856,0.011298017,0.048493765,0.9982760548591614,0.9688270688056946,0.008537089452147484,0.03127633407711983
940,0.00014417266092178497,0.0023949595633894205,0.011885648,0.048938323,0.9980920553207397,0.9682528972625732,0.008975297212600708,0.031397826969623566
941,0.00014006354004694995,0.002421347424387932,0.01182743,0.04920719,0.9981107115745544,0.9679030776023865,0.009077551774680614,0.031568244099617004
942,0.00020830117236156102,0.0024916536640375853,0.0144011965,0.04991647,0.9971989989280701,0.9669710993766785,0.010317284613847733,0.03192008286714554
943,0.00023119845189450479,0.0024509141221642494,0.015068633,0.04950671,0.9969333410263062,0.9675111770629883,0.011220154352486134,0.032858312129974365
944,0.0002095322045285932,0.0022457719314843416,0.014416001,0.047389578,0.9971932172775269,0.9702304601669312,0.010810387320816517,0.030228959396481514
945,0.00022917101093546742,0.002516866894438863,0.01517704,0.050168388,0.996889054775238,0.9666368961334229,0.011447803117334843,0.03214706853032112
946,0.00019611992717149076,0.0022331131622195244,0.013996056,0.047255825,0.9973543882369995,0.9703983068466187,0.010612282902002335,0.03035571612417698
947,0.00019890512538206002,0.0022455209400504827,0.014101416,0.04738693,0.9973143935203552,0.9702337980270386,0.010646149516105652,0.030637765303254128
948,0.00018245535433048974,0.0023446986451745033,0.013518522,0.048422087,0.9975318312644958,0.9689191579818726,0.010186132974922657,0.030651859939098358
949,0.0001645075661310164,0.0022738685365766287,0.012749281,0.047685094,0.9978047013282776,0.9698580503463745,0.009481367655098438,0.030509820207953453
950,0.00019106108943974092,0.0022160718217492104,0.013849002,0.047075175,0.9974096417427063,0.9706242084503174,0.01031103078275919,0.030341757461428642
951,0.00019131736388027838,0.0022444180212914944,0.0138443895,0.04737529,0.9974113702774048,0.9702484011650085,0.010415616445243359,0.030569152906537056
952,0.00015424820528344506,0.0022776180412620306,0.012408068,0.047724396,0.9979206323623657,0.9698083400726318,0.009387746453285217,0.0306400079280138
953,0.00016796105840264565,0.00229299976490438,0.012958482,0.047885276,0.9977321028709412,0.9696044325828552,0.00979739148169756,0.03037814050912857
954,0.0001538631705360868,0.0024155916180461645,0.012438441,0.04914867,0.9979104399681091,0.967979371547699,0.009523758664727211,0.03198396414518356
955,0.00017082388115919787,0.002313283970579505,0.013084138,0.048096612,0.9976878762245178,0.9693355560302734,0.009837677702307701,0.030833546072244644
956,0.00013863680247926493,0.0021616185549646616,0.011742093,0.046493214,0.998137891292572,0.9713460206985474,0.008954809978604317,0.03025813028216362
957,0.00016404905181843787,0.002286936156451702,0.012655831,0.047821924,0.9978367686271667,0.9696848392486572,0.009617452509701252,0.031107284128665924
958,0.00017177671146452087,0.002369736088439822,0.013118686,0.048679937,0.9976756572723389,0.9685872197151184,0.009988255798816681,0.03199133276939392
959,0.0001703718073920093,0.002292860299348831,0.013077845,0.047883824,0.9976900815963745,0.9696062803268433,0.009990700520575047,0.03102160431444645
960,0.0001411630787929012,0.002305147238075733,0.011920366,0.048011947,0.9980809092521667,0.9694434404373169,0.009116062894463539,0.031204814091324806
961,0.00019560255697632039,0.0022307592444121838,0.0139534585,0.047230918,0.9973704218864441,0.9704294800758362,0.010470322333276272,0.030188724398612976
962,0.00015201178592343984,0.002460890682414174,0.012326079,0.049607366,0.9979480504989624,0.9673789143562317,0.009384348057210445,0.03225814178586006
963,0.00017111661046245982,0.002240748843178153,0.013101886,0.047336552,0.9976816177368164,0.9702970385551453,0.010016719810664654,0.030739035457372665
964,0.00014533551571234554,0.0023503496777266264,0.01209295,0.048480406,0.9980249404907227,0.9688442349433899,0.009126920253038406,0.031122781336307526
965,0.00019547366007993168,0.0023638547863811255,0.013863109,0.04861949,0.9974043965339661,0.9686651825904846,0.010152900591492653,0.0313873365521431
966,0.00022203554743265903,0.0024093384854495525,0.0148985,0.049085014,0.9970021843910217,0.9680622816085815,0.010866574943065643,0.03187079727649689
967,0.0001765528941177763,0.002367966342717409,0.013247719,0.048661757,0.997629702091217,0.9686107039451599,0.009838692843914032,0.0306087713688612
968,0.00015843483991127206,0.0023239769507199526,0.012577177,0.048207644,0.9978635907173157,0.9691938161849976,0.00958835706114769,0.03088412992656231
969,0.0002381315700238867,0.0024089787621051073,0.015427038,0.04908135,0.9967857003211975,0.9680670499801636,0.011542101390659809,0.03192026913166046
970,0.00017227966666475615,0.0021943957544863224,0.013076859,0.046844378,0.9976904392242432,0.9709115028381348,0.009857905097305775,0.02989889681339264
971,0.00013968532882493244,0.002375940093770623,0.011757374,0.048743617,0.9981330037117004,0.9685050249099731,0.009013502858579159,0.03146206587553024
972,0.00014510343085434712,0.0023195596877485514,0.011996452,0.04816181,0.9980562925338745,0.969252347946167,0.00912746787071228,0.031320247799158096
973,0.00017680917848007414,0.002292043063789606,0.013225323,0.04787529,0.9976377487182617,0.9696171283721924,0.010087274946272373,0.030615856871008873
974,0.00016482326001013544,0.0024199525360018015,0.012798179,0.049193013,0.9977878332138062,0.9679215550422668,0.009820685721933842,0.03157472237944603
975,0.0001597114837336862,0.0023289471864700317,0.012606565,0.048259165,0.9978535771369934,0.9691279530525208,0.009413435123860836,0.030474314466118813
976,0.00015233823069138452,0.002417279640212655,0.012315983,0.049165837,0.9979513883590698,0.9679570198059082,0.009267766028642654,0.032273028045892715
977,0.0001355576932837721,0.0022553454618901014,0.011586938,0.04749048,0.9981867671012878,0.9701035618782043,0.008879049681127071,0.030487924814224243
978,0.00014773736455192028,0.002509354380890727,0.012008874,0.050093457,0.9980522990226746,0.9667364954948425,0.00887062307447195,0.03293786942958832
979,0.00017846859621138057,0.0024024187587201595,0.01337833,0.04901448,0.997582733631134,0.9681540131568909,0.010182276368141174,0.0313790887594223
980,0.00013590224791021848,0.00238844845443964,0.01164633,0.048871756,0.9981681108474731,0.968339204788208,0.008898841217160225,0.03142691031098366
981,0.0001272356626445385,0.002363580511882901,0.011250679,0.04861667,0.998290479183197,0.9686688184738159,0.008563131093978882,0.031086822971701622
982,0.00017721837205251424,0.0024474419187754393,0.013333429,0.049471628,0.9975989460945129,0.9675571918487549,0.010071901604533195,0.031841106712818146
983,0.00018101158308457923,0.002305497881025076,0.013481209,0.048015602,0.9975454211235046,0.9694387912750244,0.010192285291850567,0.03156842663884163
984,0.00016191735134766944,0.0023777654860168695,0.012688482,0.04876234,0.9978256225585938,0.9684808254241943,0.009604517370462418,0.03134826570749283
985,0.00014768426825123078,0.0024501050356775522,0.012155694,0.049498536,0.9980043768882751,0.9675219058990479,0.009188960306346416,0.03176109865307808
986,0.00014395437624030322,0.0023028217256069183,0.012014161,0.047987726,0.9980505704879761,0.9694742560386658,0.009051023982465267,0.031194446608424187
987,0.00012356626096086322,0.0022854949347674847,0.011130915,0.04780685,0.9983266592025757,0.9697039127349854,0.008436324074864388,0.03150041028857231
988,0.00012437702885522,0.0023498248774558306,0.011151355,0.048474994,0.9983205199241638,0.9688511490821838,0.008455962873995304,0.0312410369515419
989,0.00012648283948444507,0.0022368875797837973,0.011173184,0.04729575,0.9983139634132385,0.9703482389450073,0.008439062163233757,0.03084220364689827
990,0.00012337091638156298,0.0023007034324109554,0.011065196,0.04796565,0.9983463883399963,0.969502329826355,0.008282679133117199,0.030454793944954872
991,0.00019524161887767895,0.002285418100655079,0.013582107,0.047806047,0.9975085258483887,0.9697049260139465,0.009973603300750256,0.030929353088140488
992,0.000177972489340887,0.0023589383345097303,0.0133236395,0.048568904,0.9976024627685547,0.9687303900718689,0.009938148781657219,0.030985310673713684
993,0.00016577065583657134,0.0023102834820747375,0.012891908,0.04806541,0.9977553486824036,0.9693753123283386,0.009782612323760986,0.03100845031440258
994,0.0001669851080805529,0.002415101509541273,0.012937525,0.049143683,0.9977394342422485,0.9679858684539795,0.009740618988871574,0.0320342481136322
995,0.00014237360962645405,0.002231622813269496,0.011868553,0.047240056,0.9980975389480591,0.9704180359840393,0.009028952568769455,0.030495300889015198
996,0.00013901776864341545,0.0023408071137964725,0.011705255,0.04838189,0.9981495141983032,0.9689707159996033,0.008825707249343395,0.030941035598516464
997,0.00017422730789720927,0.0024581397883594036,0.013146297,0.04957963,0.9976658821105957,0.9674153923988342,0.009896550327539444,0.03215767815709114
998,0.00016693034426266834,0.0022608169820159674,0.012821948,0.047548052,0.9977796077728271,0.9700310230255127,0.009621191769838333,0.030114322900772095
999,0.0001599091761322184,0.0023689023219048977,0.012597694,0.04867137,0.997856616973877,0.9685983061790466,0.009452440775930882,0.03171040117740631
1000,0.0001482859330611642,0.002500334521755576,0.0121796215,0.050003346,0.9979965090751648,0.966856062412262,0.009219209663569927,0.031781721860170364
1001,0.00013821176980854943,0.002374732168391347,0.011712235,0.048731223,0.9981473088264465,0.968520998954773,0.008830874226987362,0.031141452491283417
1002,0.0001438958107345653,0.0024390672333538532,0.011938095,0.049386915,0.9980751872062683,0.9676681756973267,0.009100322611629963,0.032141901552677155
1003,0.000156090185059425,0.002347514731809497,0.012466145,0.04845116,0.9979011416435242,0.9688817858695984,0.009638501331210136,0.03149150311946869
1004,0.00013852080320992337,0.002271689474582672,0.011734747,0.047662243,0.9981402158737183,0.9698868989944458,0.008997185155749321,0.030507927760481834
1005,0.0001585441383543763,0.0022341161966323853,0.012553661,0.04726644,0.9978715777397156,0.9703850150108337,0.00949129369109869,0.03089980222284794
1006,0.0001282108073196882,0.0022534991148859262,0.011278963,0.047471035,0.9982818365097046,0.970128059387207,0.008667195215821266,0.030749088153243065
1007,0.00013095584885873407,0.0022277587559074163,0.011415412,0.047199138,0.998240053653717,0.9704692363739014,0.008686990477144718,0.030869146808981895
1008,0.00017216408377862535,0.0022130943834781647,0.013140317,0.04704354,0.9976679682731628,0.9706636667251587,0.009800014086067677,0.030300242826342583
1009,0.00014347782416734844,0.0023399374913424253,0.011978224,0.048372902,0.998062252998352,0.9689822196960449,0.009019846096634865,0.03073262795805931
1010,0.00015208441552452066,0.002422261517494917,0.012284481,0.04921648,0.9979618787765503,0.9678909778594971,0.009292148053646088,0.03111167438328266
1011,0.00015952205715372904,0.0023175892420113087,0.012557378,0.048141345,0.9978703260421753,0.9692785143852234,0.00955843273550272,0.030219193547964096
1012,0.00015188923994587228,0.0024144966155290604,0.012292916,0.04913753,0.9979590773582458,0.9679939150810242,0.009277502074837685,0.0316505953669548
1013,0.000188191262581809,0.0022743467707186937,0.013709568,0.047690112,0.9974615573883057,0.9698517322540283,0.010439473204314709,0.030523480847477913
1014,0.00014707476988074961,0.002390959532931447,0.012036078,0.048897438,0.9980434775352478,0.9683058857917786,0.009012124501168728,0.030850395560264587
1015,0.00018303165945160964,0.002764014760032296,0.013530348,0.0525739,0.9975274801254272,0.9633607864379883,0.010016338899731636,0.033659737557172775
1016,0.0001926621814411853,0.002399775432422757,0.0138788605,0.048987504,0.9973984956741333,0.9681890606880188,0.010280624032020569,0.031341802328825
1017,0.00013989507186290047,0.0024995971471071243,0.0117965285,0.049995974,0.9981205463409424,0.9668658375740051,0.00885702297091484,0.032067544758319855
1018,0.0001537061616545543,0.0024399254471063614,0.012401983,0.049395602,0.9979227185249329,0.9676568508148193,0.009294121526181698,0.03204304724931717
1019,0.00017497352118053558,0.0024394895881414413,0.013217056,0.049391188,0.9976406693458557,0.9676625728607178,0.009808666072785854,0.03181144595146179
1020,0.00016547182299704715,0.00240549398586154,0.012861082,0.049045835,0.9977660775184631,0.9681132435798645,0.009687785990536213,0.03144839406013489
1021,0.0001443402096893723,0.0024439869448542595,0.012031408,0.049436696,0.9980449676513672,0.9676029682159424,0.009081784635782242,0.031860485672950745
1022,0.00013403751720695502,0.002223765244707465,0.0115413545,0.047156814,0.9982010126113892,0.9705222249031067,0.008808181621134281,0.030087562277913094
1023,0.00013152540916714563,0.0023369218688458204,0.011431686,0.04834172,0.9982350468635559,0.9690222144126892,0.008805567398667336,0.030734414234757423
1024,0.00012955152553993023,0.0023655227851122618,0.011375414,0.04863664,0.9982523322105408,0.968643069267273,0.008663090877234936,0.03092011623084545
1025,0.00012595698056181638,0.002312850672751665,0.0110824285,0.048092104,0.9983412027359009,0.9693412780761719,0.00836958922445774,0.03081078827381134
1026,0.00013494943877131763,0.0022749193012714386,0.011638981,0.047696114,0.9981704354286194,0.9698441028594971,0.008755696006119251,0.02978721633553505
1027,0.00011980622333463874,0.002338267397135496,0.010924971,0.048355635,0.9983879923820496,0.9690043926239014,0.008215177804231644,0.030899394303560257
1028,0.00012961784159415402,0.0023480658419430256,0.011396735,0.048456844,0.9982457756996155,0.9688745141029358,0.00862894207239151,0.031068164855241776
1029,0.00011990339209494942,0.002339422469958663,0.010877631,0.048367575,0.998401939868927,0.9689890742301941,0.008293130435049534,0.030840378254652023
1030,0.00013171730626543814,0.002313162200152874,0.011473416,0.048095345,0.9982221126556396,0.9693371653556824,0.008677095174789429,0.030779100954532623
1031,0.00014894198896151713,0.0023292687255889177,0.012190283,0.0482625,0.997992992401123,0.9691236615180969,0.00906620267778635,0.030931197106838226
1032,0.00016171252884140068,0.0026020321529358625,0.012710995,0.05101012,0.997817873954773,0.965507984161377,0.009328973479568958,0.03307056427001953
1033,0.00019777018182635814,0.0023543064016848803,0.014000045,0.048521195,0.9973528385162354,0.9687917828559875,0.010658079758286476,0.030962640419602394
1034,0.00014212873198134318,0.0023973772767931223,0.011911348,0.048963018,0.9980838298797607,0.9682208299636841,0.00903805997222662,0.03167983517050743
1035,0.0001540536441924897,0.002392928581684828,0.012412628,0.048917573,0.9979191422462463,0.9682797789573669,0.009301085956394672,0.03191254287958145
1036,0.00013985185532047498,0.0023246719501912594,0.011836265,0.048214853,0.99810791015625,0.9691845774650574,0.0089356554672122,0.030821846798062325
1037,0.00013560555850166236,0.002285115886479616,0.0116181085,0.047802888,0.9981769919395447,0.9697089195251465,0.00886530801653862,0.030744075775146484
1038,0.00014835838803926228,0.002235549036413431,0.012086125,0.047281597,0.9980271458625793,0.9703660011291504,0.009122082963585854,0.030602818354964256
1039,0.00015329287204870278,0.0022363541647791862,0.012332291,0.04729011,0.9979459643363953,0.9703553318977356,0.009250188246369362,0.03013959527015686
1040,0.0001502939472133717,0.0023244800977408886,0.0122394655,0.048212864,0.9979767799377441,0.9691871404647827,0.009253708645701408,0.030902685597538948
1041,0.000143689981500343,0.0023024906404316425,0.0119560445,0.047984272,0.9980694055557251,0.9694786071777344,0.009117821231484413,0.03157338872551918
1042,0.00013937939167424867,0.002251142868772149,0.011763866,0.047446214,0.9981309771537781,0.9701592922210693,0.008923912420868874,0.03033791109919548
1043,0.00011898552673466673,0.002321405103430152,0.0107581895,0.048180964,0.9984368681907654,0.9692279100418091,0.008202370256185532,0.031041976064443588
1044,0.00013198399723147634,0.002163707045838237,0.011481496,0.046515662,0.9982196092605591,0.9713183045387268,0.008785794489085674,0.030167972669005394
1045,0.00012271229272962293,0.0022397004067897797,0.010979676,0.047325473,0.9983718395233154,0.9703109860420227,0.00831312220543623,0.030294766649603844
1046,0.00012884310754915614,0.0022230083122849464,0.011307846,0.04714879,0.9982730746269226,0.970532238483429,0.008392120711505413,0.03012217953801155
1047,0.00014223673530399208,0.0023874156177043915,0.011946085,0.048861187,0.998072624206543,0.9683529138565063,0.008916601538658142,0.0322866328060627
1048,0.00015098493101752618,0.0024359039962291718,0.01227894,0.049354877,0.9979637265205383,0.9677101373672485,0.009219295345246792,0.03127337619662285
1049,0.00016560901746164416,0.00233293860219419,0.012862176,0.0483005,0.9977656602859497,0.9690750241279602,0.00968819297850132,0.030741967260837555
1050,0.00018668789297490466,0.0022566337138414383,0.0136691565,0.04750404,0.9974765181541443,0.9700865149497986,0.010268697515130043,0.03074364736676216
1051,0.00018924267053741707,0.0023679297883063555,0.013594507,0.04866138,0.9975039958953857,0.9686111807823181,0.009960378520190716,0.031004495918750763
1052,0.00016818035576513714,0.002313875127583742,0.012886907,0.048102755,0.997757077217102,0.9693277478218079,0.009461757726967335,0.030916938558220863
1053,0.00018838839936175975,0.0023898696526885033,0.013706202,0.04888629,0.997462809085846,0.968320369720459,0.010393109172582626,0.03136763721704483
1054,0.0001708761165818115,0.0023518679663538933,0.013066811,0.04849606,0.9976940155029297,0.9688240885734558,0.00978037714958191,0.03068961575627327
1055,0.00019204016015547413,0.0026489263400435448,0.013842728,0.05146772,0.9974120259284973,0.9648863673210144,0.010411618277430534,0.0335472971200943
1056,0.00023995819422204724,0.00236534234136343,0.015524074,0.048634786,0.9967451691627502,0.968645453453064,0.011525338515639305,0.03136100620031357
1057,0.0002663639587064443,0.002975060371682048,0.016234165,0.054544117,0.996440589427948,0.9605631828308105,0.012085159309208393,0.036655865609645844
1058,0.00022743944414700806,0.0023790912237018347,0.015091877,0.04877593,0.9969238638877869,0.9684632420539856,0.011250515468418598,0.03180497884750366
1059,0.00023561642162597062,0.0025425960775464773,0.015181539,0.050424162,0.99688720703125,0.9662958383560181,0.011286413297057152,0.03322376310825348
1060,0.0002451349944087931,0.0026602651923894882,0.015654547,0.051577758,0.9966902136802673,0.9647360444068909,0.011593238450586796,0.03364173322916031
1061,0.0001694729144219309,0.002217599656432867,0.013015454,0.0470914,0.9977120757102966,0.9706039428710938,0.009717286564409733,0.030303942039608955
1062,0.00017469750210611065,0.0022914125584065914,0.01320539,0.047868703,0.99764484167099,0.9696254730224609,0.0097818523645401,0.03073974885046482
1063,0.00014590625968677077,0.0022122403606772423,0.012089219,0.047034457,0.9980261325836182,0.970674991607666,0.009114943444728851,0.030162611976265907
1064,0.00013152350650422952,0.002358900848776102,0.011460055,0.04856852,0.9982262253761292,0.9687308669090271,0.008681547828018665,0.030654113739728928
1065,0.00012470472045771947,0.002363223349675536,0.010988509,0.048612997,0.9983692169189453,0.968673586845398,0.008323919028043747,0.03113069012761116
1066,0.00014255185041375543,0.0024327686987817287,0.011973134,0.049323108,0.998063862323761,0.967751681804657,0.008842887356877327,0.032260723412036896
1067,0.00030349404683378947,0.00248857494443655,0.017457023,0.04988562,0.9958841800689697,0.9670119285583496,0.013032479211688042,0.03167759254574776
1068,0.00016925351122732866,0.002428454114124179,0.0130516235,0.04927935,0.9976993799209595,0.9678089022636414,0.009715195745229721,0.03193453699350357
1069,0.00014417959160213783,0.002444687532261014,0.011915456,0.049443785,0.9980824589729309,0.9675936698913574,0.009040636010468006,0.031329695135354996
1070,0.00016211362460374156,0.002511102007701993,0.012753753,0.0501109,0.9978031516075134,0.9667133092880249,0.009755952283740044,0.03308791294693947
1071,0.00012978708499841477,0.0023056315258145332,0.011386425,0.048016995,0.9982489943504333,0.9694370031356812,0.008747855201363564,0.030796432867646217
1072,0.00011714449399071533,0.002316185738891363,0.010767125,0.04812677,0.9984342455863953,0.9692971110343933,0.008190244436264038,0.031054913997650146
1073,0.0001408246134815272,0.0023813985753804445,0.011832302,0.048799574,0.9981091618537903,0.9684326648712158,0.008835384622216225,0.031280968338251114
1074,0.00011684608133774336,0.0021860329434275627,0.0108110905,0.04675503,0.9984214305877686,0.971022367477417,0.008181306533515453,0.0303511805832386
1075,0.00014688369463494217,0.002362549304962158,0.012135789,0.048606064,0.9980109333992004,0.9686825275421143,0.00931603740900755,0.03199097514152527
1076,0.00012679157126430337,0.0023074792698025703,0.011246473,0.04803623,0.9982917308807373,0.9694125056266785,0.008503959514200687,0.031228911131620407
1077,0.00012125436114729382,0.002208772348240018,0.011021981,0.046997577,0.9983592629432678,0.9707209467887878,0.008286993950605392,0.0300555732101202
1078,0.00013106772530591115,0.0020634932443499565,0.011366618,0.04542569,0.9982550740242004,0.9726467132568359,0.008458243682980537,0.02997034415602684
1079,0.00013338872337375176,0.002321135252714157,0.011558218,0.048178162,0.9981957077980042,0.9692314863204956,0.008843867108225822,0.031504109501838684
1080,0.0001360127945107789,0.002182277850806713,0.011592554,0.04671486,0.9981849789619446,0.9710721373558044,0.008876913227140903,0.030099336057901382
1081,0.00015146748178680852,0.0022688438184559345,0.01210674,0.04763238,0.9980204105377197,0.9699246287345886,0.009038086980581284,0.03035479038953781
1082,0.00015001927815980955,0.0022882306948304176,0.012205906,0.047835454,0.9979878664016724,0.9696676731109619,0.008822351694107056,0.03058505430817604
1083,0.00014012488033834168,0.0022503789514303207,0.011868115,0.04743816,0.9980976581573486,0.9701694250106812,0.008923836052417755,0.030074212700128555
1084,0.00015406005530332385,0.002359455218538642,0.01235946,0.048574228,0.9979369044303894,0.9687235355377197,0.00900105107575655,0.031220916658639908
1085,0.00016956489443228665,0.0024447960313409567,0.013062762,0.04944488,0.9976954460144043,0.9675922393798828,0.009704317897558212,0.032346345484256744
1086,0.00015492683748809875,0.0022715278901159763,0.012469206,0.047660545,0.997900128364563,0.9698890447616577,0.009380344301462173,0.03041326068341732
1087,0.00013972059836801648,0.0023020037915557623,0.011799807,0.047979202,0.9981195330619812,0.9694851040840149,0.00886529590934515,0.03135053068399429
1088,0.00015718827952778983,0.0022165807895362377,0.012505689,0.04708058,0.9978877902030945,0.970617413520813,0.009371518157422543,0.029975563287734985
1089,0.00013456144105558369,0.002180600306019187,0.011572478,0.0466969,0.9981912970542908,0.9710943698883057,0.008863805793225765,0.030378418043255806
1090,0.0001481400699545206,0.0024511662777513266,0.0121429805,0.049509253,0.9980085492134094,0.9675078392028809,0.009043524041771889,0.03132321685552597
1091,0.0001715218895697035,0.0021613978315144777,0.01312339,0.046490837,0.9976739883422852,0.9713489413261414,0.009767678566277027,0.030231855809688568
1092,0.00013942907918879592,0.0023216092959046364,0.0118060205,0.04818308,0.9981175661087036,0.9692251682281494,0.008598321117460728,0.030552543699741364
1093,0.00013697010052221066,0.0024159708991646767,0.011668505,0.049152527,0.9981611371040344,0.9679743647575378,0.008622813038527966,0.03133349120616913
1094,0.0001478486473471011,0.0023584619630128145,0.012171767,0.048564002,0.9979990720748901,0.9687367081642151,0.009182199835777283,0.03071148507297039
1095,0.00014575795218909414,0.002437269315123558,0.012090304,0.049368706,0.9980257749557495,0.9676920175552368,0.00914007704705,0.0315396673977375
1096,0.00014105029119739564,0.0023102040868252516,0.0118871825,0.048064582,0.9980915784835815,0.9693763852119446,0.009126103483140469,0.030328942462801933
1097,0.0001503242287567859,0.0023108089808374643,0.01227777,0.048070878,0.997964084148407,0.9693683385848999,0.00920633040368557,0.030637875199317932
1098,0.0001338120442100758,0.0023380026686936617,0.011568786,0.048352893,0.9981924295425415,0.9690079092979431,0.008671115152537823,0.031497541815042496
1099,0.0001220599055655343,0.002272405894473195,0.010977717,0.047669757,0.9983724355697632,0.9698774218559265,0.008418227545917034,0.030519722029566765
1100,0.0001147808130057952,0.002350267954170704,0.010709765,0.048479564,0.9984508752822876,0.9688453078269958,0.008180413395166397,0.0310046449303627
1101,0.00012082417742931284,0.002323406981304288,0.010910373,0.048201732,0.9983923435211182,0.969201385974884,0.00805591605603695,0.030094342306256294
1102,0.00012754579504623754,0.0023779678158462048,0.0112874145,0.04876441,0.9982792735099792,0.9684781432151794,0.008479396812617779,0.03162645548582077
1103,0.0001143915300913663,0.0021658288314938545,0.010693359,0.046538465,0.9984556436538696,0.9712901711463928,0.00835131760686636,0.02940216287970543
1104,0.00011547159109878439,0.0022401371970772743,0.0107101565,0.047330085,0.9984508156776428,0.9703052043914795,0.008114908821880817,0.03035380318760872
1105,0.0001184041757369414,0.002194395288825035,0.010886472,0.046844374,0.9983993768692017,0.9709115028381348,0.00841450970619917,0.030645722523331642
1106,0.00013213413463249296,0.002291426295414567,0.011513327,0.047868844,0.9982097148895264,0.9696252942085266,0.008736461400985718,0.03075207769870758
1107,0.0001163081893041222,0.0021320267114788294,0.010794415,0.046173874,0.9984263181686401,0.9717382788658142,0.008159436285495758,0.030018441379070282
1108,0.00012695221713246693,0.0023106334265321493,0.011247153,0.048069052,0.998291552066803,0.9693706631660461,0.00853218324482441,0.030513741075992584
1109,0.0001667679700238461,0.002358959289267659,0.012873116,0.04856912,0.9977618455886841,0.968730092048645,0.009663697332143784,0.03141196444630623
1110,0.00014085691774115813,0.0022669292520731688,0.011873928,0.04761228,0.9980958104133606,0.9699500203132629,0.008869325742125511,0.030130047351121902
1111,0.00012373407463945279,0.0022454147692769766,0.011111588,0.04738581,0.9983325004577637,0.9702352285385132,0.008479180745780468,0.030403172597289085
1112,0.0001188097455517643,0.0022181689273566008,0.010922687,0.04709744,0.9983887076377869,0.9705963730812073,0.008173263631761074,0.030604830011725426
1113,0.0001189939096300143,0.0020932103507220745,0.010850059,0.04575162,0.9984100461006165,0.9722527861595154,0.008239868097007275,0.02934742346405983
1114,0.00012652262144415133,0.0023166665341705084,0.011208538,0.048131764,0.998303234577179,0.9692907333374023,0.008445375598967075,0.03007226064801216
1115,0.00013169319440335542,0.002170368330553174,0.011475722,0.04658721,0.9982213973999023,0.9712300300598145,0.008850937709212303,0.02990378811955452
1116,0.00014623449566318993,0.0021774545311927795,0.011833343,0.046663202,0.9981088042259216,0.9711360931396484,0.008799945935606956,0.0301922969520092
1117,0.00019473351031510074,0.0023586703464388847,0.0139788035,0.04856614,0.99736088514328,0.9687339067459106,0.010516071692109108,0.0319545678794384
1118,0.00015800269433053802,0.0020701978355646133,0.012576617,0.04549943,0.99786376953125,0.9725578427314758,0.009467830881476402,0.029250992462038994
1119,0.00015285060957963154,0.002363801235333085,0.012319919,0.04861894,0.9979500770568848,0.9686658978462219,0.009179603308439255,0.031164947897195816
1120,0.00018618593987246805,0.0022263338323682547,0.013626657,0.047184043,0.9974921941757202,0.9704881310462952,0.010323885828256607,0.030361313372850418
1121,0.00013309842159453018,0.002155992900952697,0.011574308,0.046432674,0.998190701007843,0.9714205861091614,0.00890865083783865,0.030050713568925858
1122,0.00011759388276418163,0.002231868216767907,0.010827943,0.047242653,0.998416543006897,0.9704147577285767,0.008155985735356808,0.030071165412664413
1123,0.0001030456924953879,0.0022659460082650185,0.010133636,0.047601957,0.9986130595207214,0.9699630737304688,0.007705675903707743,0.030627259984612465
1124,0.00011835850521244787,0.0022320221178233624,0.010847409,0.04724428,0.9984108209609985,0.9704127311706543,0.008285807445645332,0.03057187795639038
1125,0.00011987193283857778,0.002273562829941511,0.0109739,0.04768189,0.9983735680580139,0.9698621034622192,0.008401193656027317,0.030802223831415176
1126,0.00012838530561897312,0.0024398888926953077,0.011294709,0.04939523,0.9982770681381226,0.9676573276519775,0.00848482083529234,0.0321853905916214
1127,0.00012987940697877838,0.0022068016696721315,0.011403133,0.046976607,0.9982438087463379,0.9707470536231995,0.008724533952772617,0.030053608119487762
1128,0.00012275022990334864,0.0022785994224250317,0.011070633,0.047734678,0.9983447790145874,0.9697953462600708,0.00850735791027546,0.030638674274086952
1129,0.00010514099333456464,0.002257632091641426,0.010268839,0.04751455,0.9985758066177368,0.9700732827186584,0.007803179789334536,0.031034192070364952
1130,0.00011569032358238474,0.002213607309386134,0.01074122,0.04704899,0.9984418153762817,0.9706568717956543,0.00819344911724329,0.030447756871581078
1131,0.00011637728609705597,0.0022053243592381477,0.010699684,0.046960883,0.9984537959098816,0.9707666635513306,0.008152416907250881,0.031230993568897247
1132,0.00012725049468413502,0.0022417909931391478,0.011230768,0.047347557,0.9982964992523193,0.9702832698822021,0.008453140035271645,0.030427057296037674
1133,0.00013696038943387313,0.0023774858564138412,0.011650291,0.048759468,0.9981668591499329,0.9684845209121704,0.008597065694630146,0.031613606959581375
1134,0.00013957545954988083,0.0024059510324150324,0.011700035,0.0490505,0.9981511831283569,0.9681071639060974,0.00863280426710844,0.03183552250266075
1135,0.00013820816424082625,0.0023293192498385906,0.011748548,0.048263025,0.9981358051300049,0.9691230058670044,0.008880723267793655,0.031391337513923645
1136,0.00012235009787466632,0.002402260899543762,0.0110356575,0.049012866,0.9983552098274231,0.968156099319458,0.008459636941552162,0.03126620501279831
1137,0.0001290430736844428,0.0022772103548049927,0.011091553,0.047720127,0.9983384609222412,0.9698137640953064,0.008265160024166107,0.03077547438442707
1138,0.00016417938670863143,0.002365052467212081,0.012812774,0.048631806,0.997782826423645,0.9686493277549744,0.009667218662798405,0.031096994876861572
1139,0.00012384849767179483,0.002146343933418393,0.011100074,0.046328653,0.9983359575271606,0.9715484976768494,0.008395791985094547,0.0293500367552042
1140,0.00013522985252414153,0.0022685148287564516,0.011490252,0.047628928,0.9982168674468994,0.9699289798736572,0.008774008601903915,0.03132098913192749
1141,0.00013573596978941086,0.0025140366051346064,0.011670005,0.050140172,0.9981606602668762,0.9666743874549866,0.008988826535642147,0.03200196102261543
1142,0.00015373353942942975,0.002302293898537755,0.01238144,0.047982223,0.997929573059082,0.9694812297821045,0.009338592179119587,0.031009403988718987
1143,0.00011288925882333636,0.0022397609427571297,0.010640551,0.047326114,0.9984708428382874,0.9703101515769958,0.008014543913304806,0.030877988785505295
1144,0.00013987740749143995,0.0023265385534614325,0.01182049,0.048234206,0.9981129169464111,0.9691598415374756,0.008995276875793934,0.03118937648832798
1145,0.00011323473948075183,0.0022669974714517593,0.010641971,0.047613,0.9984704256057739,0.9699491262435913,0.008044260554015636,0.030561644583940506
1146,0.00012501608712641016,0.0023837427143007517,0.011173189,0.048823588,0.9983139634132385,0.9684015512466431,0.008388461545109749,0.03187853842973709
1147,0.00011041776980908418,0.002283939393237233,0.010489739,0.04779058,0.9985138773918152,0.9697245359420776,0.007984576746821404,0.030795054510235786
1148,0.0001030985255387019,0.002315117046236992,0.010158982,0.048115663,0.9986061453819275,0.9693112373352051,0.00782428216189146,0.03118152543902397
1149,0.00011407087996221063,0.0023755941074341536,0.010682743,0.048740063,0.9984586834907532,0.9685096144676208,0.007983657531440258,0.03133096545934677
1150,0.00010766855650052258,0.0023006927222013474,0.010367429,0.047965534,0.9985483288764954,0.9695024490356445,0.007916896604001522,0.03113849088549614
1151,0.00010829778164572252,0.0023372892756015062,0.0103799645,0.04834552,0.9985448122024536,0.9690173268318176,0.00790195632725954,0.03129066154360771
1152,0.00010697894686018117,0.002217195462435484,0.010318772,0.047087107,0.9985619187355042,0.9706093072891235,0.007837135344743729,0.030113117769360542
1153,0.0001110334851546213,0.0022194182965904474,0.0105396025,0.047110703,0.9984997510910034,0.9705798029899597,0.00795057974755764,0.0300311129540205
1154,0.00013338725693756714,0.0022069739643484354,0.011545729,0.04697844,0.9981996417045593,0.970744788646698,0.008872786536812782,0.0301688089966774
1155,0.00013890106228328395,0.002121700905263424,0.011741894,0.046061926,0.9981379508972168,0.9718751311302185,0.008874382823705673,0.02941911853849888
1156,0.00010505378139152361,0.002132647205144167,0.010237815,0.04618059,0.9985844492912292,0.9717300534248352,0.007732895202934742,0.029611917212605476
1157,0.00013201272998809475,0.002246258081868291,0.011478351,0.047394704,0.9982205629348755,0.9702240228652954,0.008125215768814087,0.030463896691799164
1158,0.00011312177858516489,0.00221824599429965,0.010587877,0.04709826,0.9984859824180603,0.9705953598022461,0.007923206314444542,0.029712801799178123
1159,0.00013157167135928333,0.002399556105956435,0.011456897,0.048985265,0.9982272386550903,0.9681919813156128,0.008465690538287163,0.031653329730033875
1160,0.00016459223611904733,0.00233566970564425,0.01285046,0.04832877,0.9977697134017944,0.9690388441085815,0.009542138315737247,0.030681787058711052
1161,0.00012555820351487702,0.002199156442657113,0.01121061,0.046895165,0.9983026385307312,0.9708483815193176,0.008461968973279,0.030279019847512245
1162,0.0001177513526768466,0.002191539155319333,0.010862374,0.04681388,0.9984064698219299,0.9709494113922119,0.0083235464990139,0.03009432926774025
1163,0.00011129753230224279,0.0021353368647396564,0.01053335,0.046209704,0.9985015392303467,0.9716944098472595,0.008004674687981606,0.030085401609539986
1164,0.00010411070682245985,0.002191606443375349,0.010144568,0.0468146,0.9986100792884827,0.9709485173225403,0.00774283055216074,0.03065837174654007
1165,0.000129897316086995,0.0021414468064904213,0.011277199,0.046275772,0.9982824325561523,0.9716134071350098,0.008550072088837624,0.029638908803462982
1166,0.0001317996922642289,0.002278878353536129,0.011491641,0.0477376,0.998216450214386,0.9697916507720947,0.008807091042399406,0.03104986809194088
1167,0.00010510868709058163,0.002205959986895323,0.010200944,0.046967648,0.9985945820808411,0.9707581996917725,0.007712888065725565,0.030224068090319633
1168,0.00012281899530948564,0.0022979802452027798,0.011115683,0.04793725,0.9983312487602234,0.9695384502410889,0.008410713635385036,0.030361894518136978
1169,0.0001428349162531297,0.0022934642620384693,0.011910503,0.04789013,0.9980840682983398,0.9695982933044434,0.009020092897117138,0.030694618821144104
1170,0.00011725197327905335,0.0022571152076125145,0.010745083,0.047509108,0.998440682888031,0.9700801372528076,0.008072282187640667,0.030751653015613556
1171,0.00011813564792233096,0.002248705830425024,0.010821,0.04742052,0.9984185695648193,0.9701915979385376,0.008136281743645668,0.029801758006215096
1172,0.00010231116043128581,0.0021753949113190174,0.010056231,0.046641126,0.9986342191696167,0.9711633920669556,0.007584694307297468,0.029893727973103523
1173,0.00010882886338301681,0.0022223524283617735,0.010335065,0.04714183,0.9985573887825012,0.9705409407615662,0.007931639440357685,0.030109671875834465
1174,0.00012768018826715309,0.002318521263077855,0.011277546,0.048151027,0.9982823133468628,0.9692661166191101,0.008330979384481907,0.031268127262592316
1175,0.000134053768719737,0.0022587513085454702,0.0115991775,0.04752632,0.9981829524040222,0.9700584411621094,0.008608188480138779,0.03052014298737049
1176,0.00011983627535466275,0.0022439807653427124,0.010925615,0.047370672,0.9983878135681152,0.9702542424201965,0.008210483938455582,0.030674858018755913
1177,0.00011201359269431454,0.0021995194256305695,0.010572048,0.046899036,0.9984905123710632,0.9708436131477356,0.0080639086663723,0.030689775943756104
1178,0.0001281452307673383,0.0021648795809596777,0.011316968,0.046528265,0.9982702732086182,0.9713027477264404,0.008780834265053272,0.029476290568709373
1179,0.00011422518946346827,0.0023034086916595697,0.010683799,0.047993843,0.9984583854675293,0.9694664478302002,0.008051007986068726,0.031305551528930664
1180,0.0001229795938839247,0.002113264286890626,0.0110263415,0.045970254,0.9983579516410828,0.9719869494438171,0.00844593532383442,0.02949308604001999
1181,0.00017036086865118705,0.0022476129233837128,0.012988675,0.047408998,0.9977214932441711,0.970206081867218,0.009773663245141506,0.031045734882354736
1182,0.00015190625047332352,0.002398088341578841,0.012335746,0.04897028,0.9979448318481445,0.9682114124298096,0.009265661239624023,0.03142157569527626
1183,0.0001220021784485487,0.002374618547037244,0.011052803,0.048730057,0.9983500838279724,0.9685225486755371,0.00839325226843357,0.03084375523030758
1184,0.00013687852565040387,0.0023002142552286386,0.01172272,0.04796055,0.9981440305709839,0.9695088267326355,0.008942155167460442,0.03054312989115715
1185,0.00010248276422234167,0.002252687234431505,0.010119084,0.047462482,0.9986170530319214,0.9701387882232666,0.007673289626836777,0.030783070251345634
1186,0.00012983343185624108,0.0021785632707178593,0.011372047,0.046675082,0.9982534050941467,0.9711213707923889,0.008582331240177155,0.029969720169901848
1187,0.00013302215599899435,0.0022785684559494257,0.011534353,0.047734354,0.9982031583786011,0.9697957634925842,0.008586130104959011,0.030706314370036125
1188,0.00012003537895824675,0.0022576372139155865,0.0109076975,0.0475146,0.9983931183815002,0.9700732231140137,0.008240213617682457,0.030281368643045425
1189,0.00011175337352721148,0.0022465281654149294,0.010463322,0.047397558,0.9985213875770569,0.9702204465866089,0.007916996255517006,0.03033343143761158
1190,0.00014037861017806625,0.00241655926220119,0.011848185,0.04915851,0.9981040954589844,0.9679665565490723,0.008812629617750645,0.03176335245370865
1191,0.00011718417822108181,0.002225874923169613,0.010805513,0.04717918,0.9984230995178223,0.9704942107200623,0.008183027617633343,0.030213894322514534
1192,0.00014006581113790162,0.002403882797807455,0.011827598,0.049029406,0.9981106519699097,0.9681345820426941,0.00894099473953247,0.032531533390283585
1193,0.00015406296072548932,0.0025579340290278196,0.012413113,0.050576024,0.997918963432312,0.9660925269126892,0.009386871941387653,0.03304014354944229
1194,0.00017868781320761298,0.0023762963246554136,0.013208872,0.04874727,0.9976435899734497,0.9685002565383911,0.00982100609689951,0.03162258490920067
1195,0.00016016017451130955,0.002455242210999131,0.01262507,0.0495504,0.9978472590446472,0.9674537777900696,0.009581474587321281,0.03151882439851761
1196,0.00028523576276546174,0.0028278743848204613,0.016802706,0.053177763,0.9961869120597839,0.9625142216682434,0.010759485885500908,0.03426854684948921
1197,0.0003139488253509626,0.0025823130272328854,0.017789671,0.050816465,0.9957258105278015,0.965769350528717,0.012009663507342339,0.03331400454044342
1198,0.00018614145797486842,0.002341359853744507,0.013634862,0.048387602,0.9974891543388367,0.9689633846282959,0.010205904021859169,0.0316988080739975
1199,0.0001719399842841085,0.002290126634761691,0.013126992,0.04785527,0.9976727366447449,0.9696425199508667,0.009912948124110699,0.030918484553694725
1200,0.00013233275306199423,0.0022517198231071234,0.011427051,0.04745229,0.9982364773750305,0.9701516628265381,0.00858983676880598,0.03061491809785366
1201,0.00015529626034549437,0.0024548324290663004,0.012481503,0.049546268,0.9978959560394287,0.9674592018127441,0.009409569203853607,0.032086603343486786
1202,0.00014451485681506298,0.0022723800502717495,0.012048912,0.04766949,0.9980393052101135,0.9698777794837952,0.009066822938621044,0.03069879114627838
1203,0.00015419735725365834,0.0023127878084778786,0.012396607,0.048091453,0.9979245066642761,0.9693421125411987,0.009455104358494282,0.030783770605921745
1204,0.00011728863848309794,0.0023065891582518816,0.010794801,0.048026964,0.9984261989593506,0.969424307346344,0.008289216086268425,0.030900856480002403
1205,0.0001240863976735537,0.002222857205197215,0.01116378,0.04714719,0.998316764831543,0.9705342054367065,0.008485103957355022,0.030162187293171883
1206,0.00011480028049184263,0.0022569617722183466,0.010688345,0.04750749,0.9984570741653442,0.97008216381073,0.008110498078167439,0.030504385009407997
1207,0.0001373647802128372,0.002303115325048566,0.011731667,0.047990788,0.9981411695480347,0.9694703221321106,0.0088993851095438,0.030922777950763702
1208,0.00012379049009971575,0.0024284489918500185,0.0111547485,0.0492793,0.9983195066452026,0.9678089618682861,0.008472658693790436,0.03177570179104805
1209,0.00013349759485043415,0.002386966720223427,0.011539868,0.048856597,0.9982014298439026,0.9683588147163391,0.0087055005133152,0.03105289302766323
1210,0.00013279158520163037,0.002328311325982213,0.011486256,0.04825258,0.9982181191444397,0.9691363573074341,0.008738985285162926,0.03081694431602955
1211,0.00010809858643121764,0.002267730887979269,0.010364157,0.0476207,0.9985492825508118,0.9699394106864929,0.00788950826972723,0.030267048627138138
1212,0.00011031173430224457,0.0025066942907869816,0.010484276,0.0500669,0.9985154271125793,0.9667717218399048,0.008025984279811382,0.03289806470274925
1213,0.00012581741248141043,0.00234788260422647,0.011221638,0.048454955,0.9982993006706238,0.9688768982887268,0.008271615952253342,0.03146551176905632
1214,0.00011451916758563708,0.0023462986573576927,0.010626679,0.048438605,0.9984748363494873,0.9688979387283325,0.008070307783782482,0.03066362999379635
1215,0.0001150022534685294,0.002239892026409507,0.01071355,0.047327496,0.9984498023986816,0.9703084230422974,0.008080070838332176,0.03040808066725731
1216,0.00013996512345990843,0.002267342060804367,0.011854142,0.047616616,0.9981021881103516,0.9699445366859436,0.009021810255944729,0.030561618506908417
1217,0.00011628547839460556,0.002314232289791107,0.010815211,0.04810647,0.998420238494873,0.9693229794502258,0.008079355582594872,0.031136291101574898
1218,0.00012333837466113354,0.0023267404176294804,0.011070413,0.0482363,0.9983448386192322,0.9691571593284607,0.008407466113567352,0.03039414808154106
1219,0.00012967381652825597,0.002394217299297452,0.01133008,0.048930746,0.9982662796974182,0.9682627320289612,0.008699482306838036,0.03217501565814018
1220,0.00013137297620150176,0.0023240717127919197,0.011191368,0.048208628,0.9983084201812744,0.9691925644874573,0.00842529907822609,0.03159334883093834
1221,0.00022344421317525715,0.002481800736859441,0.014984041,0.049817674,0.9969676733016968,0.9671017527580261,0.011275171302258968,0.031961482018232346
1222,0.0001312482127104886,0.002415280556306243,0.011478036,0.0491455,0.998220682144165,0.9679834842681885,0.00869003776460886,0.030998948961496353
1223,0.00013160862991670993,0.0023273304104804993,0.011471116,0.048242413,0.998222827911377,0.9691493511199951,0.008669343777000904,0.030780775472521782
1224,0.00013448026055067947,0.0024122183676809072,0.011542647,0.04911434,0.9982005953788757,0.9680240750312805,0.008691773749887943,0.03209696710109711
1225,0.00014423556785914116,0.00219132611528039,0.011896701,0.046811603,0.998088538646698,0.9709522128105164,0.008721972815692425,0.03033846989274025
1226,0.00012729376480406657,0.002510565100237727,0.011264606,0.050105542,0.998286247253418,0.966720461845398,0.008580333553254604,0.03216192498803139
1227,0.00015031808387985538,0.002427611267194152,0.012229931,0.049270794,0.9979799389839172,0.9678200483322144,0.009110754355788231,0.031323716044425964
1228,0.0002177155316034755,0.0025277389213442802,0.014701954,0.050276626,0.9970807433128357,0.966492772102356,0.010818288661539555,0.03286901116371155
1229,0.00019326648610083132,0.002319649327546358,0.01383695,0.04816274,0.9974141716957092,0.9692511558532715,0.010345407761633396,0.03132287412881851
1230,0.00018979134620167315,0.002361494116485119,0.013809251,0.048595205,0.9974245429039001,0.9686964750289917,0.010461927391588688,0.031111588701605797
1231,0.00013157339311543512,0.002232589526101947,0.011426432,0.04725029,0.9982366561889648,0.9704052209854126,0.008707568980753422,0.03035895898938179
1232,0.00013064360146844675,0.0023581599816679955,0.011414246,0.048560888,0.9982404112815857,0.968740701675415,0.008539021946489811,0.031621914356946945
1233,0.00016865932047949173,0.0024838417302817106,0.012792325,0.049838156,0.9977898597717285,0.9670746922492981,0.009415023028850555,0.03303395211696625
1234,0.0001492283097997477,0.0024310490116477013,0.012200293,0.049305666,0.9979897141456604,0.967774510383606,0.00913988333195448,0.031495336443185806
1235,0.00015514655884048395,0.0022522439248859882,0.012417046,0.04745781,0.997917652130127,0.9701446890830994,0.009355900809168816,0.0308744627982378
1236,0.00014756094672272658,0.0024767564609646797,0.012102204,0.04976702,0.9980219006538391,0.9671685695648193,0.009150492958724499,0.0322825089097023
1237,0.00011891627350864424,0.002301977714523673,0.010872952,0.04797893,0.9984033107757568,0.9694854021072388,0.00834972970187664,0.03082095831632614
1238,0.00012608366688999178,0.002261639107018709,0.0112590855,0.047556695,0.9982879161834717,0.9700201749801636,0.008557927794754505,0.03074307180941105
1239,0.00011116800305899233,0.0023146281018853188,0.010506771,0.048110586,0.9985090494155884,0.9693177342414856,0.00803433172404766,0.030741458758711815
1240,0.0001275331868038682,0.0023266247007995844,0.011250009,0.0482351,0.9982906579971313,0.9691587090492249,0.008463072590529919,0.031661972403526306
1241,0.00015204030205495656,0.0022093544248491526,0.012321174,0.047003772,0.9979496598243713,0.970713198184967,0.00938404630869627,0.030716437846422195
1242,0.00012274486752258699,0.0021832180209457874,0.011039001,0.046724923,0.9983541965484619,0.9710596799850464,0.008559068664908409,0.03044009767472744
1243,0.00012563299242174253,0.002209826372563839,0.011172951,0.04700879,0.9983140230178833,0.9707069396972656,0.008500909432768822,0.030742041766643524
1244,0.000124458903883351,0.0022992906160652637,0.01116313,0.04795092,0.9983170032501221,0.9695210456848145,0.008472247049212456,0.031619079411029816
1245,0.00012389847556319595,0.0020438649225980043,0.011147614,0.04520913,0.9983216524124146,0.9729069471359253,0.008548791520297527,0.029372401535511017
1246,0.00014941379115705124,0.0022555729374289513,0.0121794995,0.04749287,0.9979965686798096,0.9701005816459656,0.00907590240240097,0.03128897398710251
1247,0.00012429685110956515,0.002243482042104006,0.0111614745,0.04736541,0.9983174800872803,0.9702608585357666,0.008489157073199749,0.03106740489602089
1248,0.00011744664450154893,0.002227349206805229,0.0108332345,0.0471948,0.9984149932861328,0.9704747200012207,0.00816571619361639,0.030257612466812134
1249,0.000106032226374902,0.002274098340421915,0.010294381,0.04768751,0.9985687136650085,0.969855010509491,0.007772479671984911,0.03104972653090954
1250,0.00010782191152843139,0.0022573352325707674,0.010332718,0.04751142,0.9985580444335938,0.9700772166252136,0.007796151097863913,0.030960064381361008
1251,0.00010115315407429907,0.0022494664881378412,0.010016858,0.047428545,0.9986448884010315,0.9701815247535706,0.00761427404358983,0.030800335109233856
1252,0.00014127936347821642,0.002335319761186838,0.011888842,0.048325144,0.9980910420417786,0.9690434336662292,0.009052968584001064,0.03205881267786026
1253,0.00011623963357785463,0.0023218891583383083,0.010798739,0.048185986,0.9984250664710999,0.9692214727401733,0.008113578893244267,0.031073160469532013
1254,0.000124066292549039,0.0021608287934213877,0.01113244,0.046484716,0.9983262419700623,0.9713564515113831,0.008320515044033527,0.030786020681262016
1255,0.00010786990738283335,0.0022918328177183867,0.010346227,0.04787309,0.9985542893409729,0.9696199297904968,0.007927504368126392,0.031200138852000237
1256,0.00013890673885312438,0.002331650583073497,0.011770686,0.04828717,0.9981287717819214,0.969092071056366,0.008863781578838825,0.03041394241154194
1257,0.00011216547434080646,0.002288498915731907,0.010576655,0.04783826,0.9984891414642334,0.9696640968322754,0.00793322641402483,0.03046848438680172
1258,9.953783724499358e-05,0.0024418425746262074,0.00997167,0.049415004,0.9986570477485657,0.9676313996315002,0.007628412451595068,0.032525792717933655
1259,0.000136996197728546,0.0022746792528778315,0.011653164,0.0476936,0.9981659650802612,0.9698473215103149,0.0088249696418643,0.03101198747754097
1260,0.00012793271459734322,0.002300892723724246,0.011321919,0.04796762,0.9982687830924988,0.9694998264312744,0.008495721034705639,0.03148503974080086
1261,0.0001571891195701689,0.002286722185090184,0.012569762,0.047819685,0.9978660941123962,0.9696876406669617,0.009304063394665718,0.031179606914520264
1262,0.00012309616927681915,0.002172882668673992,0.01109749,0.04661419,0.9983367323875427,0.971196711063385,0.008328327909111977,0.029714040458202362
1263,0.0001301725903679405,0.0022040344774723053,0.01141794,0.046947144,0.998239278793335,0.9707837700843811,0.008648599497973919,0.031038353219628334
1264,0.00010085824033012614,0.002278177300468087,0.01000218,0.047730256,0.9986488223075867,0.9698009490966797,0.0076330238953232765,0.03029007837176323
1265,8.949831102323846e-05,0.002212048042565584,0.009377033,0.047032416,0.9988124370574951,0.9706774950027466,0.007101533003151417,0.029766002669930458
1266,0.00010620667374248363,0.0021963552571833134,0.010273095,0.04686529,0.9985746741294861,0.9708855152130127,0.007764572277665138,0.03000234067440033
1267,0.00011982009097912602,0.0022078005131334066,0.010934505,0.04698724,0.9983851909637451,0.9707338213920593,0.008291221223771572,0.03016749396920204
1268,0.00012459316547557881,0.002255101688206196,0.011175329,0.04748791,0.998313307762146,0.970106840133667,0.008609500713646412,0.03027287870645523
1269,0.0001093809405574575,0.0022338260896503925,0.010439569,0.047263373,0.9985280632972717,0.9703888297080994,0.00783421378582716,0.030595144256949425
1270,0.00010590226520434953,0.002251159166917205,0.010298391,0.04744638,0.9985676407814026,0.9701590538024902,0.007862718775868416,0.030830280855298042
1271,0.00011486782022984698,0.002311840420588851,0.010682297,0.048081603,0.9984588623046875,0.9693546891212463,0.008055689744651318,0.030510399490594864
1272,0.00012418930121136575,0.002170490799471736,0.011093441,0.046588525,0.9983379244804382,0.9712284207344055,0.008301381953060627,0.030388468876481056
1273,0.00010954283656742932,0.002170027932152152,0.010445284,0.04658356,0.9985264539718628,0.9712345600128174,0.007931499741971493,0.029811393469572067
1274,0.00010899001129225574,0.002240690402686596,0.010427049,0.047335934,0.9985315799713135,0.9702978134155273,0.007816222496330738,0.030517317354679108
1275,0.00011545540870759974,0.0024579744786024094,0.010770118,0.049577966,0.9984334111213684,0.9674175381660461,0.008232252672314644,0.033140767365694046
1276,0.00015490962720253844,0.0022372594103217125,0.012403669,0.047299676,0.9979221224784851,0.9703433513641357,0.009544510394334793,0.030492683872580528
1277,0.0001592040187626315,0.00227374117821455,0.012654258,0.04768376,0.9978373050689697,0.9698597192764282,0.009408502839505672,0.030985914170742035
1278,0.00010653444835704498,0.002168564358726144,0.010286744,0.046567846,0.9985708594322205,0.9712539315223694,0.007912909612059593,0.029913926497101784
1279,0.00013824272404731758,0.002349585061892867,0.011658238,0.04847252,0.9981643557548523,0.9688543677330017,0.008951845578849316,0.031284742057323456
1280,0.00013700721253619784,0.0022083690855652094,0.011640853,0.04699329,0.9981698393821716,0.9707263112068176,0.008782944642007351,0.029888104647397995
1281,0.00010530742375439414,0.002095604781061411,0.010238261,0.04577778,0.9985843300819397,0.9722210764884949,0.007699434645473957,0.029670683667063713
1282,0.00010193295979247937,0.002066546818241477,0.0100561045,0.04545929,0.9986342191696167,0.9726062417030334,0.0075820027850568295,0.030042454600334167
1283,0.00011564411827500656,0.00225670263171196,0.01075561,0.047504768,0.9984375834465027,0.9700855612754822,0.008203593082726002,0.030420446768403053
1284,0.00010596281704651615,0.002229630248621106,0.010263576,0.04721896,0.9985772967338562,0.9704444408416748,0.007939585484564304,0.030361764132976532
1285,0.00010129880816252394,0.002237450797110796,0.01004781,0.0473017,0.9986364841461182,0.9703407883644104,0.007684121374040842,0.030006209388375282
1286,0.00010362635326931591,0.002227426040917635,0.010164962,0.047195613,0.9986044764518738,0.9704736471176147,0.00794247630983591,0.030339067801833153
1287,9.613705234104683e-05,0.002271476201713085,0.00977891,0.047660004,0.9987084865570068,0.969889760017395,0.007535295095294714,0.03032366745173931
1288,0.00010515533821572635,0.0022877822630107403,0.010214016,0.047830768,0.9985910058021545,0.9696735739707947,0.007769390475004911,0.030415285378694534
1289,0.00010219035969136961,0.0022372573148459196,0.010123226,0.04729966,0.9986159205436707,0.9703433513641357,0.007618271745741367,0.030695535242557526
1290,0.0001252622883343561,0.0022205470595508814,0.0111398855,0.04712268,0.9983239769935608,0.9705648422241211,0.008594517596065998,0.030300214886665344
1291,0.00011898317792325874,0.002265664516016841,0.010916948,0.047599,0.9983903765678406,0.9699667692184448,0.008416363038122654,0.030251886695623398
1292,0.00011025144472527741,0.0022802110761404037,0.010440494,0.047751557,0.9985278248786926,0.9697739481925964,0.007980715483427048,0.03018876165151596
1293,0.00013134334254904058,0.002379574114456773,0.011480898,0.048780877,0.9982197880744934,0.9684568047523499,0.008621743880212307,0.030778151005506516
1294,0.0001231768652690913,0.0023164821323007345,0.011052614,0.048129845,0.9983501434326172,0.9692931771278381,0.008291038684546947,0.03047790192067623
1295,0.00011012057604437524,0.0022946400567889214,0.0104358075,0.047902405,0.9985291361808777,0.9695826768875122,0.008014590479433537,0.030459068715572357
1296,9.89498469359453e-05,0.0022373234387487173,0.009931685,0.047300357,0.99866783618927,0.9703424572944641,0.007596179842948914,0.03024446964263916
1297,9.15655079800424e-05,0.0022850418463349342,0.00951848,0.047802113,0.998776376247406,0.9697099328041077,0.007166159804910421,0.03040185756981373
1298,9.079534356715158e-05,0.0022696370724588633,0.009509891,0.04764071,0.9987785816192627,0.9699141383171082,0.007241917308419943,0.03079867735505104
1299,0.00010384053497215395,0.0022829240188002586,0.010082343,0.04777996,0.9986270666122437,0.9697380065917969,0.007706924807280302,0.03078286163508892
1300,9.65778179472016e-05,0.002227204153314233,0.009812641,0.047193263,0.9986995458602905,0.9704766273498535,0.007522833067923784,0.030320817604660988
1301,9.836654928883284e-05,0.002311859279870987,0.009926921,0.0480818,0.9986690878868103,0.9693544507026672,0.007470075972378254,0.03058353066444397
1302,9.252332661576061e-05,0.002247303258627653,0.009530908,0.04740573,0.9987731575965881,0.9702101945877075,0.007228822447359562,0.03052082099020481
1303,9.214308077141389e-05,0.0023720033932477236,0.009538852,0.048703223,0.9987711310386658,0.9685571789741516,0.007266858592629433,0.030666200444102287
1304,0.00010314058321951465,0.0021736002527177334,0.01013808,0.04662189,0.9986118674278259,0.971187174320221,0.0077741071581840515,0.02995537407696247
1305,0.00012903087851803073,0.002261073561385274,0.0112975575,0.047550745,0.9982761740684509,0.9700276255607605,0.008477236144244671,0.030303627252578735
1306,0.00012564145303754643,0.0022519545163959265,0.011214568,0.04745476,0.9983014464378357,0.970148503780365,0.008076849393546581,0.031017666682600975
1307,0.00011912244305924766,0.002391123678535223,0.010911025,0.048899118,0.9983921051025391,0.9683037400245667,0.008207769133150578,0.03106703981757164
1308,0.00010389478517357598,0.0022703201975673437,0.010170528,0.04764788,0.9986029863357544,0.9699050784111023,0.0075944033451378345,0.03040599450469017
1309,0.00020696438845003615,0.0026501368265599012,0.014057397,0.05147948,0.9973311424255371,0.964870274066925,0.008792264387011528,0.032779574394226074
1310,0.00031012431943302295,0.0023672832176089287,0.017654808,0.04865473,0.9957903623580933,0.9686197638511658,0.01154708955436945,0.031336989253759384
1311,0.000562396209385373,0.0030436492525041103,0.023726746,0.05516928,0.9923968315124512,0.9596539735794067,0.014072392135858536,0.03767494112253189
1312,0.0004605905487551354,0.0025512422434985638,0.021407004,0.05050982,0.9938108325004578,0.966181218624115,0.015316524542868137,0.033361904323101044
1313,0.00030192539072066376,0.0025509269908070564,0.017359275,0.050506704,0.9959301352500916,0.9661853909492493,0.01280822604894638,0.03307228162884712
1314,0.0002088659801467491,0.0023391186259686947,0.014433997,0.048364434,0.9971861839294434,0.968993067741394,0.01069361250847578,0.03135418891906738
1315,0.00021010195698843083,0.002489508828148246,0.014407227,0.04989498,0.997196614742279,0.9669995307922363,0.010582542978227139,0.03186764940619469
1316,0.0001741522765686651,0.002496024826541543,0.013215132,0.049960237,0.997641384601593,0.9669131636619568,0.00953361764550209,0.032356299459934235
1317,0.0002940831651688892,0.0026514041237533092,0.017091312,0.051491786,0.9960547685623169,0.9648535251617432,0.01170362625271082,0.03380481153726578
1318,0.0002510116193496453,0.0026360179763287306,0.01586572,0.051342167,0.996600329875946,0.9650574326515198,0.011380568146705627,0.03256741911172867
1319,0.0002038796989257786,0.002481115283444524,0.01427854,0.049810793,0.997246503829956,0.967110812664032,0.010379208251833916,0.03192434832453728
1320,0.00018211259289686993,0.002623044652864337,0.013502882,0.051215667,0.9975375533103943,0.9652294516563416,0.009812923148274422,0.033896513283252716
1321,0.00018091959083738567,0.0023865329567342997,0.01344659,0.048852157,0.9975579977035522,0.9683645963668823,0.010112633928656578,0.03116263821721077
1322,0.0001563171489661644,0.0025973613373935223,0.012522522,0.050964314,0.9978821277618408,0.9655698537826538,0.00944291241466999,0.032825395464897156
1323,0.00015342063356497832,0.002341425744816661,0.012330474,0.04838828,0.997946560382843,0.9689624905586243,0.009151017293334007,0.03098290041089058
1324,0.00014509962883576836,0.002309498144313693,0.011968029,0.04805724,0.9980655312538147,0.9693857431411743,0.008964817970991135,0.03108673356473446
1325,0.00011847240636019374,0.00224645365960896,0.010821483,0.047396768,0.998418390750885,0.9702214598655701,0.008020566776394844,0.0309589970856905
1326,0.00012106172818510623,0.002403019927442074,0.011004655,0.049020607,0.9983644485473633,0.968146026134491,0.008322331123054028,0.03173496946692467
1327,0.00012281411281120117,0.0023421000223606825,0.011042755,0.048395246,0.9983530640602112,0.968953549861908,0.008454800583422184,0.031693603843450546
1328,0.00012971656939374623,0.0023568931501358747,0.011376292,0.048547845,0.9982520937919617,0.9687575101852417,0.00878805760294199,0.03148352727293968
1329,0.00014349360505796292,0.002402171492576599,0.011982958,0.049011953,0.9980607032775879,0.9681572914123535,0.008974296040832996,0.03172548860311508
1330,0.00012633898983370852,0.0024424779694527388,0.011172548,0.049421433,0.9983141422271729,0.9676229953765869,0.008515504188835621,0.03274785354733467
1331,0.00011563252271364696,0.0025113606825470924,0.0107676,0.050113477,0.9984341263771057,0.9667099118232727,0.008220287971198559,0.03169125318527222
1332,0.00011905316800535233,0.0024109685327857733,0.010927334,0.049101613,0.998387336730957,0.9680406451225281,0.008273851126432419,0.030926743522286415
1333,0.00011155822721775621,0.0023081349208950996,0.010561728,0.048043054,0.9984934329986572,0.9694038033485413,0.007896073162555695,0.031092476099729538
1334,0.00010363435483833945,0.002262579509988427,0.010153193,0.04756658,0.9986077547073364,0.9700076580047607,0.007679878734052181,0.030581165105104446
1335,0.00012393296724026598,0.0025534285232424736,0.011158378,0.05053146,0.9983184337615967,0.9661522507667542,0.008359904401004314,0.03262903541326523
1336,0.00011653322739717127,0.0022896507289260626,0.010779861,0.047850296,0.9984305500984192,0.9696488380432129,0.00815854873508215,0.03025098890066147
1337,0.00010189662531378086,0.002382383681833744,0.010092667,0.048809666,0.9986242651939392,0.96841961145401,0.007735584396868944,0.0314105823636055
1338,9.858599613918076e-05,0.002268682699650526,0.00987945,0.04763069,0.9986817836761475,0.9699267745018005,0.007439238019287586,0.03078598901629448
1339,0.00010633335510977882,0.0023796912282705307,0.010319835,0.04878208,0.998561680316925,0.9684552550315857,0.007787854876369238,0.030965788289904594
1340,0.0001031228761844845,0.0023585092276334763,0.010146239,0.048564486,0.9986096620559692,0.9687360525131226,0.007710783276706934,0.03155827894806862
1341,0.00010315257763564163,0.0023995365481823683,0.010190886,0.048985064,0.9985973834991455,0.9681922197341919,0.0076408591121435165,0.03099302388727665
1342,0.00011672880910654467,0.002422912046313286,0.010819689,0.049223084,0.998418927192688,0.9678823351860046,0.008112023584544659,0.03088831715285778
1343,0.0001118513520685321,0.0024030255153775215,0.010487609,0.049020663,0.9985145330429077,0.9681459665298462,0.007962883450090885,0.03099754825234413
1344,0.000130903747710611,0.002428887179121375,0.011433473,0.049283743,0.9982344508171082,0.9678031206130981,0.00878991186618805,0.030806878581643105
1345,0.00011724714303537357,0.002260355744510889,0.010796602,0.047543198,0.9984256625175476,0.9700371623039246,0.00820463802665472,0.03100682981312275
1346,0.00011426079899220812,0.002256366889923811,0.0106748445,0.04750123,0.9984610080718994,0.9700900316238403,0.0080641470849514,0.030524153262376785
1347,0.00010736337505725466,0.002299616113305092,0.0103640715,0.047954313,0.9985492825508118,0.9695167541503906,0.00785808451473713,0.030511051416397095
1348,9.688489709250544e-05,0.0023592589423060417,0.009790887,0.04857221,0.9987053275108337,0.9687260985374451,0.007483829744160175,0.03165243938565254
1349,0.00011208470625040883,0.0021914467215538025,0.010561385,0.046812892,0.9984935522079468,0.9709506034851074,0.008184847421944141,0.02996157668530941
1350,0.0001236269794886043,0.0024206889793276787,0.011060212,0.0492005,0.9983478784561157,0.9679118394851685,0.008425070904195309,0.03176811337471008
1351,0.00012193887728657997,0.002310493728145957,0.011049554,0.048067596,0.9983510375022888,0.969372570514679,0.008287817239761353,0.031209738925099373
1352,0.0001152347600013441,0.002212369116023183,0.010625991,0.047035825,0.9984750151634216,0.9706732630729675,0.007886459119617939,0.030597465112805367
1353,0.00012525929196272045,0.002318052342161536,0.011145014,0.048146155,0.9983224272727966,0.9692723751068115,0.008541000075638294,0.03182198479771614
1354,0.00010128118976188654,0.0022795184049755335,0.010053271,0.047744304,0.9986349940299988,0.9697831273078918,0.007627126295119524,0.030417364090681076
1355,9.844366914793764e-05,0.0023363016080111265,0.0098936,0.048335303,0.9986780285835266,0.9690304398536682,0.0074738007970154285,0.030712375417351723
1356,0.0001173697339915882,0.0024680891074240208,0.010867745,0.049679868,0.998404860496521,0.9672834873199463,0.008260620757937431,0.03244585543870926
1357,0.0001121364345057042,0.0024122947361320257,0.010632755,0.049115118,0.9984731078147888,0.9680230617523193,0.008111296221613884,0.03106560930609703
1358,8.719705676247196e-05,0.0023505212739109993,0.009261986,0.048482176,0.998841404914856,0.9688419699668884,0.006921861786395311,0.030998336151242256
1359,9.49346747140887e-05,0.0022963164374232292,0.009724835,0.047919895,0.9987227320671082,0.9695605039596558,0.007334912661463022,0.030377257615327835
1360,9.782331868667494e-05,0.002356352750211954,0.009848811,0.04854228,0.9986899495124817,0.9687646627426147,0.007612308487296104,0.031143156811594963
1361,0.00010243449915750799,0.002277419436722994,0.0101149045,0.047722314,0.9986181855201721,0.969810962677002,0.007856728509068489,0.03070272132754326
1362,8.230109845251057e-05,0.0023062252439558506,0.009062535,0.048023175,0.99889075756073,0.9694291353225708,0.006891822442412376,0.030850503593683243
1363,8.984387287372638e-05,0.0022684435825794935,0.009422711,0.047628183,0.9988008737564087,0.9699299335479736,0.0071891420520842075,0.03021383285522461
1364,8.066737113536378e-05,0.00223132548853755,0.008949743,0.047236905,0.9989182353019714,0.9704219698905945,0.0068825543858110905,0.030207954347133636
1365,7.967705542713784e-05,0.002241752343252301,0.008886053,0.04734715,0.9989335536956787,0.9702837467193604,0.0068135508336126804,0.031051529571413994
1366,7.992959862432062e-05,0.0023522921837866306,0.008971447,0.04850044,0.9989129900932312,0.9688184857368469,0.0069255344569683075,0.030895859003067017
1367,8.90028021041706e-05,0.002377145690843463,0.009439908,0.04875598,0.9987964630126953,0.9684889912605286,0.007197934202849865,0.03172468766570091
1368,9.038075801403134e-05,0.0023390529677271843,0.009527205,0.04836376,0.9987741112709045,0.9689939618110657,0.007200638763606548,0.03132833167910576
1369,8.941369494343896e-05,0.0024179902393370867,0.009459914,0.049173065,0.9987913966178894,0.9679476022720337,0.007340970914810896,0.03178277984261513
1370,9.197650764359754e-05,0.002393466653302312,0.009604019,0.048923068,0.9987542629241943,0.9682726860046387,0.007444959133863449,0.03146941587328911
1371,0.00012928935062849302,0.0022241841070353985,0.011399667,0.04716126,0.9982448816299438,0.9705166220664978,0.00855385884642601,0.030586544424295425
1372,0.00010091493988346139,0.0023036731872707605,0.010053833,0.0479966,0.9986348152160645,0.9694629311561584,0.007626042235642672,0.030850445851683617
1373,8.997218422088984e-05,0.0022257633972913027,0.009459453,0.047177996,0.998791515827179,0.9704957008361816,0.007261405698955059,0.030537033453583717
1374,0.0001212762667405927,0.00231423182412982,0.010998681,0.04810646,0.9983661770820618,0.9693229794502258,0.008327240124344826,0.03149735555052757
1375,0.00011081590260304934,0.002246948191896081,0.010546576,0.047401983,0.998497724533081,0.9702149033546448,0.008049442432820797,0.03058401308953762
1376,9.868660775034435e-05,0.002258369931951165,0.009851445,0.04752231,0.9986892342567444,0.9700635075569153,0.007539886049926281,0.030326897278428078
1377,8.688342462516051e-05,0.002334546996280551,0.009302131,0.04831715,0.9988313317298889,0.9690536856651306,0.00709070498123765,0.03044700436294079
1378,9.248151631750675e-05,0.002212873427197337,0.009632921,0.04704119,0.9987467527389526,0.9706665873527527,0.007334853056818247,0.03012540005147457
1379,8.93675490012604e-05,0.0023140080738812685,0.009418803,0.048104137,0.9988018274307251,0.9693259596824646,0.007267124950885773,0.030788633972406387
1380,0.00012145192390149036,0.002324606291949749,0.011064538,0.048214175,0.9983465671539307,0.969185471534729,0.008378180675208569,0.030553629621863365
1381,8.59584442051445e-05,0.0023937998339533806,0.0092569655,0.048926473,0.9988426566123962,0.9682682752609253,0.007058590184897184,0.03132449835538864
1382,8.37909969546176e-05,0.0023354021832346916,0.009096391,0.048326,0.9988824725151062,0.9690423607826233,0.006898064166307449,0.030655350536108017
1383,9.020529201238374e-05,0.002272974234074354,0.009482953,0.04767572,0.9987854957580566,0.9698699116706848,0.007124186959117651,0.030348069965839386
1384,0.0001266306922347708,0.0024260145146399736,0.011162064,0.04925459,0.998317301273346,0.9678412079811096,0.008400687016546726,0.03224020451307297
1385,0.00010759543312650004,0.002422061050310731,0.010401388,0.04921444,0.9985388517379761,0.9678936004638672,0.007857943885028362,0.03137945011258125
1386,0.00010699437552830204,0.002389505971223116,0.010354964,0.048882574,0.9985518455505371,0.9683251976966858,0.007724422961473465,0.031222602352499962
1387,0.00011331996442591348,0.0023334163706749678,0.010621411,0.048305452,0.9984763860702515,0.969068706035614,0.007940885610878468,0.03084864281117916
1388,9.353172638591126e-05,0.002298649400472641,0.009633133,0.047944233,0.9987466931343079,0.9695295691490173,0.007328879553824663,0.03062179684638977
1389,8.60567002250305e-05,0.0024210787378251553,0.009267876,0.049204458,0.9988399147987366,0.967906653881073,0.007042963523417711,0.03197421878576279
1390,9.965228458564856e-05,0.0023544791620224714,0.010006701,0.048522975,0.9986476302146912,0.9687894582748413,0.007603947073221207,0.031076734885573387
1391,9.905119507245466e-05,0.002407423686236143,0.009945996,0.0490655,0.9986639618873596,0.9680876731872559,0.007498054765164852,0.031892817467451096
1392,0.00013006054822736505,0.0023731940891593695,0.011389793,0.04871544,0.9982479214668274,0.9685413837432861,0.008661072701215744,0.031433820724487305
1393,0.0001780046176546338,0.002659513847902417,0.0133808935,0.051570475,0.9975818395614624,0.9647459983825684,0.010182139463722706,0.0344400629401207
1394,0.00019682068390962243,0.002288204850628972,0.014077183,0.047835182,0.9973236322402954,0.9696679711341858,0.010640498250722885,0.03151724860072136
1395,0.0001306038863152604,0.0022848446387797594,0.011437044,0.04780005,0.9982333779335022,0.9697125554084778,0.008849973790347576,0.030833031982183456
1396,9.440899355633354e-05,0.002303141402080655,0.00963616,0.04799106,0.9987459182739258,0.9694700241088867,0.007251924369484186,0.030695786699652672
1397,0.00011986012280183125,0.002405972220003605,0.010983062,0.049050707,0.9983708262443542,0.9681069254875183,0.008350478485226631,0.03170298784971237
1398,0.00011997743091672997,0.0022221049293875694,0.010869704,0.04713921,0.9984042644500732,0.9705442190170288,0.008235984481871128,0.030267292633652687
1399,0.00010017672221610238,0.0023561592679470778,0.009973861,0.048540287,0.9986564517021179,0.9687672257423401,0.007646271027624607,0.030872991308569908
1400,9.468414811470376e-05,0.0023933122865855694,0.009744894,0.048921492,0.9987174272537231,0.968274712562561,0.007416597101837397,0.031377069652080536
1401,0.00012005437648357739,0.0022530234418809414,0.0109779015,0.047466025,0.9983723759651184,0.9701343774795532,0.008322269655764103,0.030300388112664223
1402,0.00010097549800940959,0.0024102763272821903,0.010042539,0.04909457,0.9986379146575928,0.9680498242378235,0.007677942980080843,0.031153401359915733
1403,0.0001021136545618488,0.00239269039593637,0.010016384,0.048915137,0.998645007610321,0.96828293800354,0.007672634907066822,0.03171004354953766
1404,0.0001320108392312911,0.002363987034186721,0.011497546,0.04862085,0.998214602470398,0.9686634540557861,0.00849462766200304,0.031556397676467896
1405,0.00013949213197602975,0.002271276665851474,0.011834596,0.047657914,0.9981083869934082,0.9698923826217651,0.008922106586396694,0.030412765219807625
1406,9.115585106139241e-05,0.002278044354170561,0.00954583,0.047728863,0.9987693428993225,0.9698026776313782,0.0072344508953392506,0.030200107023119926
1407,8.34497366833437e-05,0.002211404498666525,0.009128541,0.04702557,0.9988745450973511,0.9706860780715942,0.007034728769212961,0.030596522614359856
1408,9.032916866338134e-05,0.0022228755988180637,0.009525278,0.04714738,0.9987745881080627,0.9705339670181274,0.007350069470703602,0.030102409422397614
1409,9.1411101245533e-05,0.002221387345343828,0.009548775,0.047131598,0.9987685680389404,0.9705536961555481,0.0072555625811219215,0.03042873740196228
1410,9.168790198931343e-05,0.0022799093276262283,0.009550807,0.047748398,0.9987680315971375,0.9697779417037964,0.007339284755289555,0.03073081001639366
1411,0.00010696403958056841,0.002204236341640353,0.010328761,0.046949297,0.9985591769218445,0.9707810878753662,0.007832800038158894,0.02991882897913456
1412,9.478528590989299e-05,0.002273818012326956,0.0096880635,0.047684565,0.9987323880195618,0.969858705997467,0.0074358657002449036,0.03037562035024166
1413,9.470438784443435e-05,0.0022593766916543245,0.00971517,0.0475329,0.9987252950668335,0.9700501561164856,0.007491173222661018,0.030744120478630066
1414,8.156283349142706e-05,0.002499318914487958,0.009011586,0.049993195,0.998903214931488,0.9668695330619812,0.006833336781710386,0.03237459808588028
1415,9.89333778058856e-05,0.002364654326811433,0.009899041,0.048627708,0.9986765384674072,0.9686546325683594,0.007376221474260092,0.030465900897979736
1416,0.00010182948443054391,0.0023037425708025694,0.010092292,0.04799732,0.9986243844032288,0.9694620370864868,0.00759532768279314,0.030521543696522713
1417,0.00010693065666022117,0.0022968316916376352,0.010345459,0.04792527,0.998554527759552,0.9695536494255066,0.007832064293324947,0.030261483043432236
1418,0.00010938500599877443,0.0023600468412041664,0.010440938,0.048580315,0.9985277056694031,0.9687156677246094,0.0077433050610125065,0.03097059205174446
1419,0.0001194497053802479,0.002312970580533147,0.010944246,0.04809335,0.9983823299407959,0.9693397283554077,0.008386404253542423,0.030392859131097794
1420,8.405786750451874e-05,0.0022288525942713022,0.00910374,0.047210727,0.9988806843757629,0.970454752445221,0.006918964441865683,0.030024312436580658
1421,0.00010541762342406649,0.0024107990320771933,0.010281787,0.049099892,0.9985722303390503,0.9680429100990295,0.007767459377646446,0.031785815954208374
1422,0.00011869721327622591,0.0022971509024500847,0.010888956,0.0479286,0.9983986616134644,0.9695494174957275,0.008261030539870262,0.0302763432264328
1423,9.82736839267256e-05,0.002396081807091832,0.009886789,0.04894979,0.9986798167228699,0.9682379961013794,0.0073622665368020535,0.030828425660729408
1424,8.747338241929273e-05,0.002328190952539444,0.00929537,0.04825133,0.9988330602645874,0.969137966632843,0.007039664313197136,0.0306121576577425
1425,8.531313869752921e-05,0.002193359425291419,0.009228358,0.046833314,0.9988498091697693,0.9709252715110779,0.007124277297407389,0.02980584278702736
1426,0.00010110522221525157,0.0021658320911228657,0.009955482,0.046538502,0.9986613988876343,0.9712901711463928,0.007539126090705395,0.029824893921613693
1427,8.246616562246345e-05,0.0022390447556972504,0.009095216,0.047318548,0.9988827705383301,0.9703196287155151,0.0069380952045321465,0.029832517728209496
1428,8.066982660569589e-05,0.0022869009990245104,0.008994841,0.047821555,0.9989072680473328,0.9696852564811707,0.006874311249703169,0.030475519597530365
1429,8.435339457884601e-05,0.002199885668233037,0.009159775,0.04690294,0.998866856098175,0.970838725566864,0.006959787104278803,0.029699765145778656
1430,0.0001012667861769759,0.002215819200500846,0.009996347,0.04707249,0.9986504316329956,0.9706275463104248,0.0074962107464671135,0.029944058507680893
1431,0.00010148626246187963,0.0022568381391465664,0.010005138,0.04750619,0.9986480474472046,0.9700837731361389,0.007500484585762024,0.03099726513028145
1432,9.971466881159523e-05,0.002300713676959276,0.009979855,0.047965754,0.998654842376709,0.9695022106170654,0.007472371216863394,0.030083676800131798
1433,0.00011124095048713075,0.00245376187376678,0.010578734,0.04953546,0.9984886050224304,0.9674733877182007,0.008130713365972042,0.03135141357779503
1434,9.248394896778997e-05,0.0023798400070518255,0.009653064,0.048783604,0.9987415075302124,0.9684532880783081,0.007348166778683662,0.03112970106303692
1435,8.579060092663646e-05,0.0023448187857866287,0.009248906,0.048423328,0.9988446831703186,0.9689175486564636,0.0069742752239108086,0.031070612370967865
1436,9.260352023623206e-05,0.0022413856349885464,0.009650324,0.047343273,0.9987422227859497,0.9702886343002319,0.007399875205010176,0.030179936438798904
1437,9.262615342529237e-05,0.0022214907221496105,0.009604034,0.047132693,0.9987542629241943,0.9705523252487183,0.007407109718769789,0.029726384207606316
1438,7.322373477853199e-05,0.002232687547802925,0.008537652,0.047251325,0.9990155696868896,0.9704039096832275,0.006614760961383581,0.030056150630116463
1439,7.605991975817068e-05,0.002244850154966116,0.008651105,0.047379855,0.9989892244338989,0.9702426791191101,0.006608990486711264,0.029389115050435066
1440,0.0001011002747294366,0.0023108425084501505,0.010057203,0.048071224,0.9986339211463928,0.9693679213523865,0.007520079147070646,0.030975541099905968
1441,0.00010642654739389069,0.002253440674394369,0.010294547,0.04747042,0.9985687136650085,0.9701288342475891,0.007751393131911755,0.030519288033246994
1442,0.00012453994068809234,0.0022868108935654163,0.01115915,0.047820613,0.9983181953430176,0.9696865081787109,0.008357183076441288,0.030427580699324608
1443,9.64880686793053e-05,0.002201478462666273,0.009802087,0.046919916,0.998702347278595,0.9708176255226135,0.007441976107656956,0.03006911836564541
1444,0.00010664965537381994,0.0023354284930974245,0.010218472,0.048326273,0.9985897541046143,0.9690420031547546,0.007760129403322935,0.03133949637413025
1445,9.048489085795485e-05,0.002283242531120777,0.009464956,0.047783285,0.9987900853157043,0.9697337746620178,0.007160880137234926,0.030451053753495216
1446,8.979820896373977e-05,0.002194122178480029,0.009479416,0.046841457,0.9987863898277283,0.9709151387214661,0.007242948282510042,0.03019244596362114
1447,8.583510233703154e-05,0.002198541536927223,0.009258769,0.04688861,0.9988422393798828,0.9708565473556519,0.007049274630844593,0.030005469918251038
1448,8.229638297052588e-05,0.002211070852354169,0.009068278,0.047022026,0.9988893866539001,0.9706904888153076,0.006922418717294931,0.030042361468076706
1449,8.238895431780044e-05,0.0021931652445346117,0.009093031,0.046831243,0.9988833069801331,0.9709278345108032,0.007050228770822287,0.03036832995712757
1450,8.575103096187708e-05,0.0021738747600466013,0.009260319,0.04662483,0.9988418221473694,0.9711835384368896,0.006940515711903572,0.02992742881178856
1451,7.86215970782161e-05,0.0021851269993931055,0.008866434,0.04674534,0.998938262462616,0.9710344076156616,0.006702710408717394,0.03012736141681671
1452,9.097617889479311e-05,0.0023362801875919104,0.009505611,0.048335087,0.9987796545028687,0.9690307378768921,0.007157456129789352,0.031425993889570236
1453,0.00014568234936715189,0.0024276003241539,0.012099768,0.049270686,0.9980226755142212,0.9678202271461487,0.009001819416880608,0.03181542083621025
1454,0.00010155269608896396,0.0023604542948305607,0.010050666,0.048584506,0.9986357092857361,0.9687103033065796,0.007553460076451302,0.030492257326841354
1455,9.225162780653177e-05,0.0023611399810761213,0.009522972,0.048591565,0.9987751841545105,0.968701183795929,0.0070878565311431885,0.03138503432273865
1456,9.428940657843751e-05,0.0022576351184397936,0.009645581,0.047514576,0.99874347448349,0.9700732231140137,0.007182563655078411,0.03025823086500168
1457,8.718639153151095e-05,0.0021969382651150227,0.009233201,0.046871513,0.9988486170768738,0.9708778262138367,0.007071328349411488,0.030227147042751312
1458,7.832653037357059e-05,0.002284389454871416,0.008775116,0.04779528,0.998960018157959,0.9697185754776001,0.006834592204540968,0.03107750043272972
1459,0.00010063458103104495,0.002118743024766445,0.010012589,0.046029806,0.9986460208892822,0.9719143509864807,0.007557226810604334,0.03000498190522194
1460,9.836025773521132e-05,0.0019901359919458628,0.009910092,0.044610944,0.9986736178398132,0.9736191630363464,0.0076346672140061855,0.02902830019593239
1461,8.104225774083964e-05,0.0021779309026896954,0.0089937635,0.04666831,0.9989075660705566,0.9711297750473022,0.006928374990820885,0.029843829572200775
1462,9.06273145863617e-05,0.0022614102344959974,0.00953699,0.047554288,0.998771607875824,0.9700231552124023,0.007222025189548731,0.0305892676115036
1463,9.625415540623098e-05,0.0021573936101049185,0.009833845,0.04644775,0.9986939430236816,0.9714019894599915,0.0071789720095694065,0.02986685000360012
1464,8.708543679280079e-05,0.0021737259812653065,0.009297066,0.046623234,0.998832643032074,0.9711855053901672,0.006949650123715401,0.030208224430680275
1465,7.943870448136956e-05,0.002175454515963793,0.008926826,0.04664177,0.9989237785339355,0.9711626172065735,0.006694038398563862,0.030162101611495018
1466,8.440773391074882e-05,0.002279094886034727,0.009120796,0.047739867,0.9988764524459839,0.9697887897491455,0.00689060240983963,0.030591560527682304
1467,0.00010036588520795868,0.0021445469465106726,0.0100454725,0.046309255,0.9986371397972107,0.9715722799301147,0.007570595946162939,0.03010295145213604
1468,9.51097051504555e-05,0.0024104181211441755,0.009735591,0.04909601,0.9987199306488037,0.9680479764938354,0.007380202412605286,0.0318552628159523
1469,8.876168282189279e-05,0.0021939598955214024,0.009450994,0.04683972,0.9987936615943909,0.970917284488678,0.00721935648471117,0.029984379187226295
1470,0.00010010389318763787,0.0022495207376778126,0.009994488,0.047429115,0.9986509084701538,0.9701808094978333,0.007481663022190332,0.030587969347834587
1471,8.158251065734393e-05,0.002358099212870002,0.009056256,0.048560265,0.9988923072814941,0.9687414765357971,0.006902193650603294,0.031232211738824844
1472,9.016259272439956e-05,0.0022793018724769354,0.009488261,0.04774203,0.9987841248512268,0.9697860479354858,0.007368271239101887,0.03019971400499344
1473,8.997526922691826e-05,0.0023667607456445694,0.009487782,0.048649367,0.9987842440605164,0.9686266779899597,0.007214845158159733,0.031826313585042953
1474,0.00011464200956238942,0.0021910148207098246,0.010704289,0.046808276,0.9984524846076965,0.9709563255310059,0.008036654442548752,0.030148262158036232
1475,9.254892508827403e-05,0.0021743865218013525,0.0095777,0.04663032,0.9987610578536987,0.9711767435073853,0.007254838943481445,0.029547352343797684
1476,9.215603511785793e-05,0.002315196907147765,0.009593949,0.048116494,0.9987568855285645,0.9693101644515991,0.007206849753856659,0.030983183532953262
1477,8.49272288509052e-05,0.0021908036433160305,0.009181745,0.046806023,0.9988614320755005,0.9709591269493103,0.006990273017436266,0.029680786654353142
1478,0.0001328290606827729,0.002382005099207163,0.011555044,0.04880579,0.9981967210769653,0.9684246182441711,0.008840176276862621,0.03242325037717819
1479,0.00010416780473447447,0.002214708598330617,0.010250386,0.047060695,0.9985809326171875,0.9706422686576843,0.007905463688075542,0.030490024015307426
1480,9.567290577582422e-05,0.002253610407933593,0.009799431,0.047472205,0.9987030625343323,0.9701265692710876,0.007471560966223478,0.030646851286292076
1481,9.3887819027507e-05,0.0022527810651808977,0.009703678,0.047463473,0.9987282752990723,0.9701375961303711,0.007463495247066021,0.030655989423394203
1482,0.00010924670062773988,0.002282025758177042,0.010441412,0.04777055,0.9985275864601135,0.969749927520752,0.008009672164916992,0.03090539574623108
1483,9.359998908952217e-05,0.0022482359781861305,0.009642683,0.047415566,0.9987441897392273,0.9701977968215942,0.007428071461617947,0.030314352363348007
1484,7.793304542825685e-05,0.0023065670393407345,0.008791263,0.048026737,0.9989562034606934,0.9694246053695679,0.006632512900978327,0.030781514942646027
1485,9.984928924082355e-05,0.0022682545240968466,0.009956184,0.047626197,0.9986612200737,0.9699324369430542,0.007622377015650272,0.030796105042099953
1486,9.224813716586637e-05,0.0023017888888716698,0.009616665,0.047976963,0.9987509846687317,0.9694879055023193,0.007341424934566021,0.03048091195523739
1487,0.00011282653213129379,0.0021442740689963102,0.010553382,0.04630631,0.9984958171844482,0.971575915813446,0.008073447272181511,0.0297923032194376
1488,0.00011488204141972925,0.002204813761636615,0.010692441,0.046955444,0.9984558820724487,0.9707733988761902,0.008088682778179646,0.030732467770576477
1489,9.192150603418916e-05,0.002211550949141383,0.009554409,0.047027133,0.998767077922821,0.9706841111183167,0.007316056173294783,0.030327845364809036
1490,9.089438224856912e-05,0.002343580825254321,0.009522064,0.048410546,0.9987754225730896,0.9689339399337769,0.00722165685147047,0.03157554939389229
1491,9.149888468197209e-05,0.0022736669052392244,0.00956114,0.047682986,0.9987653493881226,0.9698607325553894,0.007293393835425377,0.030244378373026848
1492,7.999527836297851e-05,0.0022301857825368643,0.008958694,0.047224846,0.9989160299301147,0.9704371094703674,0.00680569326505065,0.029976675286889076
1493,0.0001097947434490462,0.002277510706335306,0.010417644,0.04772327,0.9985342621803284,0.9698097705841064,0.007843577302992344,0.030522717162966728
1494,0.00011517912240709516,0.002279187086969614,0.010747628,0.047740836,0.9984399080276489,0.9697875380516052,0.008044853806495667,0.03088267706334591
1495,8.969001249748875e-05,0.0022561398800462484,0.009452421,0.047498845,0.9987933039665222,0.9700930118560791,0.00722864456474781,0.030461780726909637
1496,9.932706333612177e-05,0.0023200646974146366,0.009991443,0.04816705,0.9986517429351807,0.9692456722259521,0.007621089927852154,0.031313154846429825
1497,7.833027120796032e-05,0.0023249678779393435,0.008850857,0.048217922,0.9989420175552368,0.969180703163147,0.00670371251180768,0.030709518119692802
1498,9.649308247555217e-05,0.002307673217728734,0.009784977,0.048038248,0.9987068772315979,0.9694099426269531,0.007286970969289541,0.031378213316202164
1499,0.00010946796696357937,0.0022862299811095,0.010364685,0.04781454,0.9985491037368774,0.969694197177887,0.007826121523976326,0.030396508052945137
1500,9.870668145595118e-05,0.0023761149495840073,0.009908683,0.04874541,0.9986739754676819,0.9685027003288269,0.00749659538269043,0.03145687282085419
1501,0.00010153311384122141,0.0022624158300459385,0.010101145,0.04756486,0.998621940612793,0.9700098633766174,0.007461875211447477,0.030814241617918015
1502,0.00010839244201964571,0.0024414551444351673,0.01032704,0.049411085,0.9985596537590027,0.9676365256309509,0.007885860279202461,0.03117465041577816
1503,0.00011075393988655627,0.002311037853360176,0.01049966,0.048073255,0.9985110759735107,0.9693653583526611,0.008114484138786793,0.031188717111945152
1504,0.00011602336665170945,0.002160158706828952,0.010727113,0.046477508,0.9984458684921265,0.9713653326034546,0.008187181316316128,0.030198335647583008
1505,9.67574391820976e-05,0.002292141318321228,0.009840007,0.047876313,0.9986922740936279,0.9696158170700073,0.00746578024700284,0.03053591586649418
1506,8.259601318885953e-05,0.0022615762427449226,0.0090593565,0.047556035,0.9988915324211121,0.9700210094451904,0.006765961181372404,0.03015914373099804
1507,8.207064919671129e-05,0.002214252483099699,0.009025423,0.047055844,0.9988998174667358,0.9706482887268066,0.006952143739908934,0.03008076176047325
1508,8.753302575893362e-05,0.002358856378123164,0.009325335,0.04856806,0.9988254904747009,0.9687314629554749,0.007189193740487099,0.030621541664004326
1509,9.206117002494548e-05,0.0022390810772776604,0.0095790215,0.047318928,0.9987607598304749,0.9703191518783569,0.007274678908288479,0.03047661855816841
1510,0.00010216514982113785,0.0022943865042179823,0.010106994,0.047899757,0.9986203908920288,0.9695860743522644,0.007846079766750336,0.030693240463733673
1511,9.988931792163798e-05,0.002198983682319522,0.009919353,0.04689332,0.9986711144447327,0.9708507061004639,0.007498820312321186,0.029763463884592056
1512,0.00010124836923999034,0.0021634059958159924,0.010035139,0.046512432,0.9986399412155151,0.9713222980499268,0.007601360324770212,0.029863178730010986
1513,0.00010226396096351726,0.002369892317801714,0.010094497,0.04868154,0.998623788356781,0.968585193157196,0.00766499200835824,0.03097745031118393
1514,8.776661922059826e-05,0.0022283517755568027,0.009342696,0.047205422,0.9988211393356323,0.970461368560791,0.0070303031243383884,0.0306987427175045
1515,8.249256246596236e-05,0.0022342039737850428,0.0090586655,0.047267366,0.9988917112350464,0.9703838229179382,0.006943132728338242,0.03048609010875225
1516,8.834237384937957e-05,0.0023448539432138205,0.009354931,0.048423693,0.998818039894104,0.9689170718193054,0.007084403652697802,0.03130655735731125
1517,0.00010350780427291862,0.0022632963955402374,0.01019772,0.047574114,0.9985954761505127,0.9699981808662415,0.007695074193179607,0.030534585937857628
1518,9.997962346956642e-05,0.0022390016820281744,0.009957557,0.04731809,0.9986608624458313,0.9703202247619629,0.007615047972649336,0.029985828325152397
1519,9.109156020382547e-05,0.0021638842299580574,0.009558163,0.04651757,0.9987661242485046,0.9713159799575806,0.007322818506509066,0.02974221482872963
1520,8.33590522895313e-05,0.002172738779336214,0.009094815,0.046612646,0.9988828897476196,0.9711986184120178,0.00685323728248477,0.029813405126333237
1521,7.664906380258881e-05,0.0022756534162908792,0.008729024,0.04770381,0.9989709258079529,0.9698343873023987,0.006663560401648283,0.030679814517498016
1522,8.079588356353766e-05,0.0022505021188408136,0.008965568,0.04743946,0.998914361000061,0.9701677560806274,0.006708335131406784,0.03070889413356781
1523,8.650637226475573e-05,0.0023416890762746334,0.009286183,0.048391,0.9988353848457336,0.9689590334892273,0.007085961289703846,0.031199069693684578
1524,9.205595746276562e-05,0.0023196772672235966,0.009591506,0.04816303,0.998757541179657,0.9692507982254028,0.007380565628409386,0.03156774118542671
1525,0.00011294690954276699,0.002225820440798998,0.010506939,0.0471786,0.9985090494155884,0.9704949855804443,0.008021673187613487,0.030413242056965828
1526,9.679308046047068e-05,0.0021954684052616358,0.009829454,0.046855826,0.9986950755119324,0.9708973169326782,0.007453761529177427,0.03049633279442787
1527,9.479978656269272e-05,0.00225916039198637,0.009749311,0.047530625,0.9987162947654724,0.9700530171394348,0.007475739810615778,0.030545910820364952
1528,9.15745852332541e-05,0.0022212902549654245,0.009572794,0.047130566,0.9987623691558838,0.9705550074577332,0.007374243810772896,0.03033902309834957
1529,7.125055526557844e-05,0.0023120942059904337,0.008439965,0.04808424,0.9990379214286804,0.9693513512611389,0.006560868583619595,0.03107253462076187
1530,8.66654705036622e-05,0.002292259829118848,0.009328251,0.047877546,0.9988247752189636,0.9696142673492432,0.007069054991006851,0.030407637357711792
1531,7.013978574832436e-05,0.0022938065230846405,0.00835636,0.047893703,0.9990569353103638,0.9695937633514404,0.0064102294854819775,0.030667493119835854
1532,6.879519374210345e-05,0.0023121268022805452,0.008294404,0.04808458,0.9990708231925964,0.9693508744239807,0.00636458583176136,0.03082120418548584
1533,7.312312300200574e-05,0.0023522439878433943,0.008535336,0.048499938,0.9990161061286926,0.9688191413879395,0.006456421222537756,0.031215060502290726
1534,8.996482657411516e-05,0.0022707264870405197,0.009513202,0.047652137,0.9987776875495911,0.9698997139930725,0.007195999845862389,0.03011746145784855
1535,8.012893158593215e-05,0.0021770664025098085,0.008943277,0.046659045,0.9989197850227356,0.9711412191390991,0.006799736525863409,0.030273521319031715
1536,7.143111691799608e-05,0.002296284306794405,0.0084494185,0.047919564,0.9990357756614685,0.9695609211921692,0.006398018449544907,0.031032970175147057
1537,8.047652789338662e-05,0.0022676121443510056,0.00897523,0.04761945,0.9989120364189148,0.9699409604072571,0.006838690489530563,0.030559871345758438
1538,7.921951295098883e-05,0.0022945215459913015,0.008901857,0.047901165,0.9989297389984131,0.9695842862129211,0.006769604980945587,0.03094690665602684
1539,8.257467164763842e-05,0.0022309250198304653,0.009079336,0.04723267,0.9988866448402405,0.9704272747039795,0.006852688733488321,0.03061811253428459
1540,0.00010636516162776388,0.002198912901803851,0.010292452,0.04689257,0.9985692501068115,0.9708516597747803,0.007918352261185646,0.030161110684275627
1541,8.818771625969516e-05,0.0023212244268506765,0.009383925,0.04817909,0.9988107085227966,0.9692302942276001,0.007141815964132547,0.03051118366420269
1542,8.803997876715253e-05,0.002241092501208186,0.009413464,0.04734018,0.9988031983375549,0.9702925086021423,0.007158472202718258,0.030820799991488457
1543,0.00011488126190008849,0.0022626533173024654,0.010604661,0.047567356,0.9984811544418335,0.9700067043304443,0.008121234364807606,0.030295705422759056
1544,0.00018602861316387796,0.002404103521257639,0.013478437,0.04903166,0.9975464344024658,0.9681316614151001,0.01000540517270565,0.03168709948658943
1545,0.00011950468615395948,0.0023543587885797024,0.010933385,0.048521735,0.9983855485916138,0.9687910676002502,0.008199156261980534,0.03105868585407734
1546,0.00011686236956103875,0.0023839115165174007,0.010828512,0.048825316,0.9984163641929626,0.9683993458747864,0.008065742440521717,0.03088168427348137
1547,9.620381470912517e-05,0.0022745404858142138,0.0097970115,0.047692146,0.9987037181854248,0.9698491096496582,0.007351322565227747,0.03005807287991047
1548,7.518341887837529e-05,0.002172152977436781,0.008673799,0.046606362,0.9989839196205139,0.9712063670158386,0.006640083622187376,0.029287589713931084
1549,8.792563395135485e-05,0.0023717465810477734,0.009315851,0.048700582,0.9988278746604919,0.9685605764389038,0.0071216546930372715,0.031500305980443954
1550,0.0001143985980227378,0.0022500213235616684,0.010720029,0.047434393,0.9984479546546936,0.9701741337776184,0.008071256801486015,0.030711423605680466
1551,8.173916715102017e-05,0.002280761720612645,0.009042582,0.04775732,0.9988956451416016,0.9697666764259338,0.00679363589733839,0.030446471646428108
1552,8.014544834044169e-05,0.0022257918026298285,0.008949098,0.0471783,0.998918354511261,0.970495343208313,0.006844785995781422,0.03024883382022381
1553,8.52945459800222e-05,0.002282606204971671,0.009231887,0.04777663,0.9988489151000977,0.9697422385215759,0.0068885041400790215,0.03083273023366928
1554,8.129534200468862e-05,0.0022854211274534464,0.009008963,0.047806077,0.9989038705825806,0.9697049260139465,0.006932149175554514,0.030364472419023514
1555,8.415293814323377e-05,0.0023713395930826664,0.009176713,0.048696406,0.998862624168396,0.9685660004615784,0.007088112644851208,0.03102874383330345
1556,8.193113452844872e-05,0.0024134216364473104,0.008998648,0.04912659,0.9989063739776611,0.9680081605911255,0.0069439597427845,0.031219933182001114
1557,8.487834152633282e-05,0.002195934997871518,0.009235621,0.046860807,0.998848021030426,0.9708911180496216,0.007023213896900415,0.02941940166056156
1558,8.626208198785952e-05,0.0024021302815526724,0.009280001,0.049011532,0.9988369345664978,0.9681578278541565,0.007147201802581549,0.03155159577727318
1559,0.00013122906437440014,0.0023086746223270893,0.011421069,0.048048668,0.9982383251190186,0.9693966507911682,0.00861683301627636,0.03071076236665249
1560,0.00012170789771268822,0.0022434252314269543,0.011013767,0.04736481,0.9983617067337036,0.9702615737915039,0.008197173476219177,0.0303293876349926
1561,0.00010923740393826103,0.002206374192610383,0.010445472,0.04697206,0.998526394367218,0.9707527160644531,0.007840131409466267,0.0302629005163908
1562,0.00012047727531435984,0.0023411165457218885,0.011005123,0.048385087,0.998364269733429,0.9689666032791138,0.008390985429286957,0.031235402449965477
1563,0.00012243046909464863,0.002331556985154748,0.01094067,0.0482862,0.9983834028244019,0.9690933227539062,0.008079596795141697,0.030893899500370026
1564,0.00010055654440128075,0.002387977670878172,0.010012375,0.048866943,0.998646080493927,0.9683454036712646,0.007501143030822277,0.031228404492139816
1565,8.571405669499654e-05,0.002334014978259802,0.009248798,0.048311643,0.9988447427749634,0.9690607786178589,0.00696004880592227,0.03084232471883297
1566,9.470478984109253e-05,0.0023542961571365595,0.009747156,0.04852109,0.9987168312072754,0.9687919020652771,0.007237040437757969,0.030882880091667175
1567,9.589568865273826e-05,0.002378714270889759,0.009731776,0.048772067,0.9987208843231201,0.9684682488441467,0.007369238417595625,0.03130216896533966
1568,0.00011041019421430643,0.0022936039604246616,0.010515056,0.047891587,0.9985067248344421,0.9695964455604553,0.007785263005644083,0.030217261984944344
1569,9.571271915443835e-05,0.0024911845102906227,0.009759291,0.049911767,0.9987136721611023,0.9669773578643799,0.007349924650043249,0.031596072018146515
1570,8.666251166935332e-05,0.0022696051746606827,0.009311298,0.047640376,0.9988290667533875,0.9699145555496216,0.007078680209815502,0.03053976595401764
1571,9.305208070806906e-05,0.002276553539559245,0.009666922,0.047713242,0.9987378716468811,0.9698224663734436,0.007336300797760487,0.030655261129140854
1572,8.204838542786257e-05,0.002363374223932624,0.009070703,0.048614547,0.9988887906074524,0.9686715602874756,0.007011045701801777,0.03145124390721321
1573,8.989599568435965e-05,0.0023860197979956865,0.0093678795,0.048846904,0.9988147616386414,0.9683713912963867,0.007061438634991646,0.030995909124612808
1574,0.0001013680554354902,0.0023664231412112713,0.010042459,0.048645895,0.9986379146575928,0.9686311483383179,0.00770766194909811,0.03138190507888794
1575,8.980289633407004e-05,0.0023490660823881626,0.0094602285,0.048467167,0.9987912774085999,0.9688612222671509,0.007252934388816357,0.0311821810901165
1576,8.57941104186466e-05,0.0025357850827276707,0.009263163,0.050356578,0.9988411068916321,0.9663861393928528,0.007071391213685274,0.032471198588609695
1577,9.291528526360212e-05,0.002262567402794957,0.0096535,0.04756645,0.9987413883209229,0.9700078368186951,0.007245498709380627,0.030434925109148026
1578,7.799202814401889e-05,0.0022551044821739197,0.00879001,0.04748794,0.9989565014839172,0.9701067805290222,0.006709638517349958,0.030566008761525154
1579,7.484863702054348e-05,0.002462915610522032,0.0086429445,0.049627773,0.9989911317825317,0.9673520922660828,0.0066161141730844975,0.03222757950425148
1580,8.579015725858467e-05,0.0023475259076803923,0.0092596,0.04845127,0.9988420009613037,0.9688816666603088,0.006971096154302359,0.03026396408677101
1581,8.213426901255099e-05,0.002212109509855509,0.009047962,0.047033068,0.9988943338394165,0.9706767201423645,0.006804355885833502,0.02985728532075882
1582,8.768724530289711e-05,0.002290939912199974,0.009381208,0.047863767,0.9988114237785339,0.9696317315101624,0.007101552560925484,0.03050081618130207
1583,8.187971335163721e-05,0.002193006919696927,0.009031856,0.04682955,0.9988982677459717,0.9709299206733704,0.006851533427834511,0.029505997896194458
1584,0.00010888280270261352,0.002282226923853159,0.010459466,0.047772657,0.9985224604606628,0.9697472453117371,0.0076655857264995575,0.03043689765036106
1585,8.546951820872809e-05,0.002229263074696064,0.009167673,0.047215067,0.9988648891448975,0.9704493284225464,0.0069923545233905315,0.029839931055903435
1586,7.92840325051326e-05,0.0022982661612331867,0.00889427,0.04794024,0.9989315867424011,0.9695346355438232,0.00684078736230731,0.031138624995946884
1587,9.033883014291695e-05,0.0021744093392044306,0.009516758,0.046630565,0.9987767934799194,0.9711764454841614,0.0072752684354782104,0.029638178646564484
1588,7.718920410711276e-05,0.0021918273996561766,0.0087979585,0.04681696,0.9989545941352844,0.9709455370903015,0.006792556494474411,0.029579801484942436
1589,8.83123216639929e-05,0.002327991183847189,0.0093627,0.048249263,0.9988160729408264,0.9691405892372131,0.007114944979548454,0.03092007152736187
1590,0.00010261206096567383,0.002304299734532833,0.010110542,0.048003122,0.9986193776130676,0.9694546461105347,0.0076599218882620335,0.030349869281053543
1591,8.934008093836547e-05,0.0023175235837697983,0.009370297,0.048140664,0.9988141655921936,0.9692793488502502,0.007205286528915167,0.031189000234007835
1592,8.625707083741541e-05,0.00219622440636158,0.009304939,0.04686389,0.9988306760787964,0.970887303352356,0.007077394984662533,0.029853396117687225
1593,7.261574087765025e-05,0.0023482698015868664,0.008439293,0.048458952,0.9990381002426147,0.9688717722892761,0.0064126430079340935,0.031109822914004326
1594,8.397815889276734e-05,0.0023410192225128412,0.009060352,0.048384085,0.998891294002533,0.9689679145812988,0.006783426273614168,0.03070112131536007
1595,0.00010385797726154455,0.0023575646337121725,0.010194431,0.048554756,0.9985963702201843,0.9687485694885254,0.007630794774740934,0.03189963102340698
1596,8.82810798595363e-05,0.0022368442732840776,0.009364376,0.047295287,0.998815655708313,0.9703488349914551,0.0071629746817052364,0.02979489043354988
1597,8.645717058574188e-05,0.002293124096468091,0.009252245,0.047886577,0.9988438487052917,0.9696027636528015,0.006822514347732067,0.03045344538986683
1598,0.00010635587866338689,0.0023142127320170403,0.010341419,0.048106264,0.998555600643158,0.9693232178688049,0.007742349989712238,0.030399367213249207
1599,8.503136301773007e-05,0.002376971300691366,0.009083519,0.048754193,0.9988856315612793,0.9684913158416748,0.006790506187826395,0.030569570139050484
1600,8.160513012130237e-05,0.002412675181403756,0.0090229325,0.049118992,0.9989004731178284,0.9680180549621582,0.0068079265765845776,0.03174619376659393
1601,9.796068413627587e-05,0.0022532648872584105,0.009905519,0.04746857,0.9986748099327087,0.9701311588287354,0.00744743412360549,0.030254842713475227
1602,0.00012073842200069603,0.002376677468419075,0.010965141,0.04875118,0.9983761310577393,0.96849524974823,0.0076049091294407845,0.03095281310379505
1603,0.0002674465950721324,0.0030969183426350355,0.01619723,0.055649962,0.9964567422866821,0.9589478373527527,0.010183311998844147,0.03578675165772438
1604,0.0003889833480405452,0.0031861793249845505,0.019498644,0.05644625,0.9948651790618896,0.9577646255493164,0.012455708347260952,0.03724116086959839
1605,0.000548939589696767,0.002887964015826583,0.023480212,0.053739782,0.9925540089607239,0.9617177248001099,0.014942833222448826,0.03530127927660942
1606,0.0004209562169059857,0.0026836690958589315,0.02041013,0.051804144,0.9943738579750061,0.964425802230835,0.014039724133908749,0.0330861434340477
1607,0.0002758898474646478,0.002446237951517105,0.016651524,0.04945946,0.9962552189826965,0.9675731658935547,0.012258962728083134,0.03236328810453415
1608,0.0001943297823097303,0.002503776689991355,0.013894731,0.050037753,0.9973925352096558,0.966810405254364,0.010350067168474197,0.032034892588853836
1609,0.0001637442970108664,0.0024294015020132065,0.012768439,0.04928896,0.9977981448173523,0.9677963256835938,0.009325899183750153,0.03211521729826927
1610,0.00016705624743322417,0.0026214236859232187,0.012934066,0.051199842,0.997740626335144,0.9652509093284607,0.00973836425691843,0.03365383297204971
1611,0.0001532178106241521,0.002487690420821309,0.012415003,0.049876757,0.9979183077812195,0.9670236706733704,0.009354806505143642,0.03231481835246086
1612,0.00012252063375357963,0.0025048924144357443,0.011049584,0.0500489,0.9983510375022888,0.9667956233024597,0.008421222679316998,0.031544189900159836
1613,0.0001237541036971379,0.002438962459564209,0.011128013,0.049385857,0.9983275532722473,0.9676696062088013,0.008195576258003712,0.03253764659166336
1614,0.00011703645941452123,0.0025799409486353397,0.010753102,0.05079312,0.9984383583068848,0.9658008217811584,0.00806123111397028,0.03301423415541649
1615,0.00014140742231657813,0.0023626990150660276,0.011868484,0.048607606,0.9980975389480591,0.9686805009841919,0.008977338671684265,0.031159045174717903
1616,0.0001491045884243001,0.0027564819902181625,0.01223479,0.05250221,0.9979783296585083,0.9634606242179871,0.009135340340435505,0.03405199199914932
1617,0.0001077700951348313,0.0023522456176579,0.0103925625,0.048499953,0.9985412955284119,0.9688190817832947,0.007744843605905771,0.030814973637461662
1618,0.00010116005763517354,0.002389084780588746,0.009995979,0.048878264,0.9986504912376404,0.9683307409286499,0.007427459582686424,0.03101159818470478
1619,9.687191182324155e-05,0.00240585720166564,0.009856128,0.049049538,0.9986879825592041,0.9681084156036377,0.007424314506351948,0.03144259378314018
1620,9.06439396534221e-05,0.0024716053158044815,0.0095278835,0.049715243,0.9987739324569702,0.9672368764877319,0.007196918595582247,0.03149808570742607
1621,0.0001007421201806706,0.0024267761036753654,0.010011422,0.04926232,0.9986463189125061,0.9678311347961426,0.007631470914930105,0.031326595693826675
1622,9.341054630402306e-05,0.0023727118968963623,0.009656741,0.04871049,0.998740553855896,0.9685478210449219,0.007386534009128809,0.03138837590813637
1623,8.681631565691946e-05,0.0023055586498230696,0.00921793,0.04801623,0.9988524317741394,0.9694379568099976,0.0070296297781169415,0.030823461711406708
1624,8.938744080792689e-05,0.0023894442711025476,0.009441681,0.04888194,0.9987960457801819,0.9683259725570679,0.007170725613832474,0.03126164898276329
1625,0.00013148463536212645,0.0023206069599837065,0.0114272665,0.04817268,0.998236358165741,0.9692384600639343,0.008637030608952045,0.03036724217236042
1626,0.00011808466561805372,0.0024375624489039183,0.0108567765,0.04937168,0.9984080791473389,0.9676881432533264,0.008162409998476505,0.03137259557843208
1627,8.880079787393862e-05,0.0022184427361935377,0.00943435,0.047100347,0.9987978935241699,0.970592737197876,0.007050142157822847,0.03019840642809868
1628,8.604296784720977e-05,0.0023020408116281033,0.009200224,0.047979586,0.9988568425178528,0.9694845676422119,0.007124831900000572,0.030735619366168976
1629,8.334731236655816e-05,0.0022257445380091667,0.00910575,0.047177795,0.99888014793396,0.9704959392547607,0.006887031253427267,0.030776910483837128
1630,8.207571111349601e-05,0.0022443674970418215,0.009040369,0.04737476,0.9988961815834045,0.9702491164207458,0.006852711085230112,0.030197085812687874
1631,7.919979246005163e-05,0.002367982640862465,0.008896269,0.048661925,0.9989311099052429,0.9686104655265808,0.006777103990316391,0.031376615166664124
1632,8.952021016739309e-05,0.0023581006098538637,0.009485038,0.048560277,0.9987849593162537,0.9687414765357971,0.007217888254672289,0.031747668981552124
1633,8.621378633093131e-05,0.0022673585917800665,0.009285431,0.047616787,0.998835563659668,0.9699443578720093,0.007161259185522795,0.03047197498381138
1634,8.367338407631244e-05,0.0022316290996968746,0.009148436,0.047240123,0.9988696575164795,0.9704179763793945,0.006849793251603842,0.029561640694737434
1635,7.716524504013995e-05,0.002210454549640417,0.0087696025,0.047015473,0.998961329460144,0.9706986546516418,0.0068405563943088055,0.029949449002742767
1636,7.987192260440101e-05,0.0023502465337514877,0.008888856,0.048479345,0.9989328980445862,0.9688456058502197,0.006743859499692917,0.030845124274492264
1637,7.955326228429013e-05,0.0023716494906693697,0.008918482,0.048699584,0.9989257454872131,0.9685618877410889,0.006719900760799646,0.03118775598704815
1638,0.00010263074678236576,0.0022095665335655212,0.01014297,0.047006026,0.9986105561256409,0.9707103967666626,0.007662489078938961,0.02991163544356823
1639,8.426331127835014e-05,0.0023167638573795557,0.009162898,0.048132773,0.998866081237793,0.9692894220352173,0.006777651142328978,0.030130088329315186
1640,8.001707911634267e-05,0.0024428716860711575,0.008899744,0.04942542,0.9989302754402161,0.9676177501678467,0.006783961784094572,0.03149350360035896
1641,9.164633890825577e-05,0.002301818458363414,0.009436874,0.04797727,0.9987972378730774,0.9694875478744507,0.007178143132477999,0.030235515907406807
1642,8.685682273194702e-05,0.0022992100566625595,0.009331071,0.04795008,0.9988240599632263,0.9695221185684204,0.007065218407660723,0.03092411905527115
1643,8.095165652445179e-05,0.0022438764572143555,0.008995272,0.047369577,0.998907208442688,0.9702556133270264,0.0069433641619980335,0.030461043119430542
1644,7.905853338095106e-05,0.002378239529207349,0.008879633,0.048767198,0.9989351034164429,0.9684745073318481,0.006863997783511877,0.031684041023254395
1645,7.18735106850297e-05,0.0023859054781496525,0.008476223,0.04884573,0.9990296363830566,0.9683728814125061,0.006483615376055241,0.031088192015886307
1646,7.196600116995714e-05,0.002242549555376172,0.008447719,0.047355566,0.9990361928939819,0.9702731966972351,0.00655148271471262,0.029986634850502014
1647,7.554508854148232e-05,0.0023478276561945677,0.008696538,0.04845439,0.9989785552024841,0.9688776731491089,0.006756574381142855,0.03044060245156288
1648,9.358023784112778e-05,0.0023225313052535057,0.009666529,0.04819265,0.9987379908561707,0.9692129492759705,0.0071060084737837315,0.030671341344714165
1649,0.0001121803564852929,0.0023806069511920214,0.010569066,0.048791464,0.9984913468360901,0.9684431552886963,0.008054777048528194,0.031025225296616554
1650,8.968006196400066e-05,0.0025709199253469706,0.00947836,0.05070424,0.9987866282463074,0.9659203886985779,0.007227920461446047,0.03264867514371872
1651,8.808680120802654e-05,0.0022570439614355564,0.009400737,0.04750836,0.9988064169883728,0.970081090927124,0.007095178589224815,0.030089858919382095
1652,7.563879791467281e-05,0.0023307562805712223,0.008694677,0.048277907,0.9989789724349976,0.9691039323806763,0.006683992687612772,0.030880967155098915
1653,8.346154407428747e-05,0.0023340925108641386,0.009142767,0.048312448,0.9988710284233093,0.9690597057342529,0.007023880258202553,0.030317092314362526
1654,8.430305107057475e-05,0.0022657534573227167,0.009095057,0.04759993,0.9988828301429749,0.9699656367301941,0.006963741034269333,0.030074315145611763
1655,0.00015772597411837936,0.0023603574372828007,0.012585847,0.04858351,0.9978606700897217,0.9687115550041199,0.009233778342604637,0.03190683573484421
1656,0.00013497732454032467,0.002293724101036787,0.011593317,0.04789284,0.9981847405433655,0.9695948362350464,0.008553959429264069,0.030748985707759857
1657,8.839985937149983e-05,0.00222947308793664,0.009417575,0.0472173,0.9988021850585938,0.9704465270042419,0.007079618982970715,0.030535370111465454
1658,7.640451539455998e-05,0.0023512253537774086,0.008719521,0.048489437,0.9989731311798096,0.9688326120376587,0.006679059471935034,0.030153777450323105
1659,9.366678304187107e-05,0.002217142144218087,0.009610115,0.04708654,0.9987527132034302,0.9706100225448608,0.007216143421828747,0.030530285090208054
1660,9.169128266380126e-05,0.002425160724669695,0.00955442,0.049245924,0.998767077922821,0.9678525328636169,0.007318593095988035,0.03183592110872269
1661,0.00013417801131833005,0.002308446215465665,0.011549949,0.04804629,0.9981983304023743,0.9693996906280518,0.008733784779906273,0.03026653081178665
1662,9.695599940393798e-05,0.002289057010784745,0.009849316,0.04784409,0.9986898303031921,0.9696567058563232,0.007429119665175676,0.03137662261724472
1663,8.452306213836313e-05,0.0021950630471110344,0.009182647,0.0468515,0.9988611936569214,0.970902681350708,0.007144553121179342,0.030492261052131653
1664,9.106556502625939e-05,0.002236525993794203,0.009549012,0.047291923,0.9987685084342957,0.9703530669212341,0.007281600963324308,0.030220938846468925
1665,7.854670465431727e-05,0.00225097150541842,0.008844362,0.047444403,0.998943567276001,0.9701615571975708,0.006686065811663866,0.030633915215730667
1666,7.81491547637746e-05,0.0022250323090702295,0.008784994,0.047170248,0.9989576935768127,0.97050541639328,0.0068536177277565,0.03024829737842083
1667,9.483936033079358e-05,0.002279154025018215,0.00974219,0.047740486,0.9987181425094604,0.9697879552841187,0.007323757279664278,0.031009433791041374
1668,0.00010646937632621054,0.002341739134863019,0.010222236,0.04839152,0.9985887408256531,0.9689583778381348,0.007605648599565029,0.031074857339262962
1669,9.020280611531979e-05,0.0022313559893518686,0.009487697,0.047237232,0.9987842440605164,0.970421552658081,0.007315827067941427,0.03023352287709713
1670,7.012162611565806e-05,0.0022806567139923573,0.0083696395,0.04775622,0.9990538954734802,0.9697680473327637,0.006328416522592306,0.030889762565493584
1671,8.266991525570947e-05,0.0022077811881899834,0.009022664,0.046987034,0.9989005327224731,0.9707340598106384,0.006919954437762499,0.03003363497555256
1672,8.45837198126405e-05,0.0022726438473910093,0.009144801,0.047672253,0.9988705515861511,0.9698742628097534,0.007140819914638996,0.030863063409924507
1673,8.391604652305514e-05,0.0022746906615793705,0.009112926,0.04769372,0.9988784193992615,0.9698471426963806,0.007036422844976187,0.0306836124509573
1674,7.687105558447497e-05,0.00235372269526124,0.00878004,0.048515182,0.9989588260650635,0.9687995314598083,0.0066201165318489075,0.031449709087610245
1675,0.00010601643440498843,0.0023364974185824394,0.010174327,0.048337325,0.9986019134521484,0.9690278768539429,0.0075736623257398605,0.030558880418539047
1676,0.00010033081029674081,0.002234536223113537,0.01002975,0.047270883,0.9986413717269897,0.9703794121742249,0.007539454381912947,0.030526621267199516
1677,8.704952680008401e-05,0.002195392269641161,0.009291829,0.046855018,0.998833954334259,0.9708983302116394,0.007062768097966909,0.029805878177285194
1678,0.00010192962806534275,0.0022830853704363108,0.010055308,0.047781643,0.9986344575881958,0.969735860824585,0.0074577475897967815,0.03031027317047119
1679,9.599884999095758e-05,0.0023185128811746836,0.009734683,0.048150938,0.9987201690673828,0.9692662358283997,0.007297244388610125,0.030858397483825684
1680,8.032121034127407e-05,0.0022977280896157026,0.008988925,0.04793462,0.9989086985588074,0.9695417881011963,0.00690723629668355,0.03034261055290699
1681,7.46110014336988e-05,0.002251957543194294,0.008578997,0.047454797,0.9990059733390808,0.970148503780365,0.00656077079474926,0.030152227729558945
1682,8.210475293295035e-05,0.002355640521273017,0.0090882955,0.048534945,0.9988844394683838,0.9687740802764893,0.007004886865615845,0.03112672083079815
1683,7.396873777245425e-05,0.002239902736619115,0.00859943,0.047327608,0.9990012645721436,0.9703083038330078,0.006619337480515242,0.03062480501830578
1684,7.508367905922404e-05,0.002261797431856394,0.008654597,0.04755836,0.9989883899688721,0.9700180292129517,0.006640736013650894,0.03044445626437664
1685,8.907474131609143e-05,0.002198084257543087,0.009417279,0.046883732,0.9988022446632385,0.970862627029419,0.007151550613343716,0.03004627116024494
1686,9.498228510809977e-05,0.0023480504751205444,0.009750382,0.048456687,0.9987159967422485,0.9688746929168701,0.007371639367192984,0.03132175654172897
1687,8.648603877438951e-05,0.0023342969361692667,0.009255385,0.048314564,0.9988430738449097,0.969057023525238,0.007000871002674103,0.03077237494289875
1688,7.552315880523317e-05,0.002248867880553007,0.0087054735,0.047422227,0.998976469039917,0.9701894521713257,0.0065877907909452915,0.0302295982837677
1689,6.372104441900525e-05,0.002313803881406784,0.007974507,0.048102014,0.9991411566734314,0.9693286418914795,0.005963698960840702,0.030126409605145454
1690,7.406626437758942e-05,0.0023362296633422375,0.008598892,0.04833456,0.9990013837814331,0.9690313935279846,0.006589392200112343,0.031104514375329018
1691,7.877927402494771e-05,0.0022966754622757435,0.008880683,0.047923643,0.9989348649978638,0.9695557355880737,0.006800783798098564,0.030200671404600143
1692,8.71585113848348e-05,0.0022254539653658867,0.009321169,0.04717472,0.9988265633583069,0.9704998135566711,0.007122463081032038,0.029878444969654083
1693,7.734524197902911e-05,0.0024464225862175226,0.008794532,0.049461324,0.9989554286003113,0.9675707221031189,0.006687260698527098,0.03174556419253349
1694,8.303304622875822e-05,0.002205452648922801,0.009140198,0.04696225,0.9988716840744019,0.9707649350166321,0.006939537823200226,0.030042383819818497
1695,8.604100714199541e-05,0.0022351506631821394,0.009175978,0.04727738,0.9988628625869751,0.9703712463378906,0.0068700010888278484,0.03021027147769928
1696,7.946868737979622e-05,0.0024063680320978165,0.00892251,0.04905475,0.9989247918128967,0.9681016206741333,0.00675154710188508,0.031194396317005157
1697,8.365373766785275e-05,0.0023188516497612,0.009140977,0.048154455,0.9988715052604675,0.9692617654800415,0.0069525898434221745,0.03086666949093342
1698,7.029424837541724e-05,0.002230333164334297,0.008384004,0.047226407,0.9990506768226624,0.9704351425170898,0.006481172051280737,0.030431585386395454
1699,7.799585794352673e-05,0.0022094580344855785,0.00878301,0.04700487,0.998958170413971,0.9707118272781372,0.006629946641623974,0.029963277280330658
1700,7.852759071366481e-05,0.0021960074082016945,0.008875492,0.046861578,0.998936116695404,0.9708901643753052,0.006651131436228752,0.029631931334733963
1701,6.256224101393441e-05,0.0022221398539841175,0.0078690825,0.047139578,0.9991636872291565,0.9705437421798706,0.006005079951137304,0.02965492568910122
1702,6.732255397681993e-05,0.0021931331139057875,0.008184367,0.0468309,0.9990953207015991,0.9709282517433167,0.006321721710264683,0.030276760458946228
1703,8.198366313908164e-05,0.0024462577421218157,0.009060406,0.04945966,0.998891294002533,0.9675728678703308,0.006936901714652777,0.03143385052680969
1704,8.001688977608204e-05,0.002271612174808979,0.008905922,0.04766143,0.9989287853240967,0.9698879718780518,0.006747487001121044,0.0304493959993124
1705,7.64936804361324e-05,0.0022643976844847202,0.008720343,0.047585685,0.9989729523658752,0.9699835777282715,0.0065657044760882854,0.030137425288558006
1706,6.947988285074561e-05,0.002183827105909586,0.008343009,0.046731435,0.9990599155426025,0.9710516333580017,0.006383234169334173,0.030191486701369286
1707,7.553389133880211e-05,0.002240884117782116,0.0086373845,0.04733798,0.998992383480072,0.970295250415802,0.006728413514792919,0.03039422258734703
1708,8.563867827020162e-05,0.0023148171603679657,0.009221321,0.04811255,0.9988515973091125,0.969315230846405,0.007062837481498718,0.030998459085822105
1709,0.00011156724130242682,0.002374215517193079,0.010573428,0.04872592,0.9984900951385498,0.9685278534889221,0.008021766319870949,0.03131670504808426
1710,8.592811156466433e-05,0.0022589354775846004,0.009167315,0.04752826,0.998865008354187,0.9700559973716736,0.006974171847105026,0.030630778521299362
1711,9.272732908853372e-05,0.0023355099838227034,0.009641338,0.04832712,0.998744547367096,0.9690409302711487,0.007363949436694384,0.031760089099407196
1712,7.998264052069068e-05,0.002194727538153529,0.008943455,0.04684792,0.9989197254180908,0.9709070920944214,0.006769166328012943,0.029814735054969788
1713,6.856732712053186e-05,0.0022525249514728785,0.008228174,0.047460772,0.9990856051445007,0.9701409935951233,0.006300999317318201,0.030597496777772903
1714,8.372183219762519e-05,0.0021515609696507454,0.00894725,0.04638492,0.9989188313484192,0.9714793562889099,0.006852398160845041,0.030063021928071976
1715,9.271424476702867e-05,0.0022525331005454063,0.009619555,0.04746086,0.9987502098083496,0.9701408743858337,0.007333453744649887,0.03055432066321373
1716,8.224666056445461e-05,0.0024097023997455835,0.009086847,0.04908872,0.9988847970962524,0.9680574536323547,0.006965231150388718,0.03196771815419197
1717,7.717991270923945e-05,0.0021448966581374407,0.008770441,0.04631303,0.9989611506462097,0.971567690372467,0.0067276665940880775,0.029560638591647148
1718,7.128332965128885e-05,0.002335955388844013,0.008407807,0.048331723,0.9990452527999878,0.9690350294113159,0.006405808962881565,0.03104892000555992
1719,7.28312115825247e-05,0.0021939168218523264,0.00843282,0.046839267,0.9990395903587341,0.9709178805351257,0.006384942680597305,0.02997582033276558
1720,7.089746395649854e-05,0.002174307592213154,0.008415673,0.04662947,0.9990434646606445,0.9711778163909912,0.006456164177507162,0.02985670603811741
1721,8.385880375333892e-05,0.0022816748823970556,0.009115443,0.04776688,0.998877763748169,0.9697545766830444,0.0069648404605686665,0.030887458473443985
1722,0.00011379745939682999,0.002319932449609041,0.010690674,0.048165675,0.9984564185142517,0.9692474007606506,0.007919205352663994,0.030851490795612335
1723,8.89882559766358e-05,0.002265346935018897,0.009410647,0.047595657,0.9988039135932922,0.9699710011482239,0.006970427464693785,0.030567442998290062
1724,0.00010862575403404084,0.002405818086117506,0.010433789,0.049049143,0.9985297322273254,0.9681089520454407,0.007882595993578434,0.03144829347729683
1725,8.024612659276251e-05,0.0022684673313051462,0.008968191,0.04762843,0.9989137649536133,0.9699296355247498,0.006924808491021395,0.030580664053559303
1726,7.185858984567776e-05,0.0021834743674844503,0.008479831,0.04672766,0.9990288615226746,0.9710562825202942,0.006418084725737572,0.02970723621547222
1727,6.877200361156032e-05,0.002270421013236046,0.008273103,0.047648933,0.9990755915641785,0.9699037671089172,0.006297663319855928,0.03015006333589554
1728,7.723852617015258e-05,0.002287500537931919,0.008753644,0.04782782,0.9989650845527649,0.9696773290634155,0.006594204343855381,0.030519891530275345
1729,6.957420687699182e-05,0.0022320824209600687,0.008314943,0.047244925,0.9990662336349487,0.9704119563102722,0.006348875816911459,0.029772745445370674
1730,7.764203308562918e-05,0.0022081444039940834,0.008789837,0.046990898,0.9989565014839172,0.9707292914390564,0.006760554388165474,0.030446110293269157
1731,7.894498395961074e-05,0.002204175340011716,0.008872352,0.04694864,0.9989368319511414,0.9707818627357483,0.006820192094892263,0.029976025223731995
1732,7.090809958754107e-05,0.002267393283545971,0.008387628,0.047617152,0.9990498423576355,0.9699438810348511,0.006427430547773838,0.030561581254005432
1733,7.048430085309188e-05,0.002244083909317851,0.00835256,0.047371764,0.9990577697753906,0.9702528715133667,0.006447723135352135,0.030219482257962227
1734,8.247126491121229e-05,0.0023504123091697693,0.009057392,0.048481047,0.9988920092582703,0.968843400478363,0.0068344478495419025,0.03145020827651024
1735,8.094424546553373e-05,0.0022303673904389143,0.008980167,0.047226764,0.9989108443260193,0.9704346656799316,0.00694262096658349,0.030644485726952553
1736,0.00012228324240740304,0.002558724721893668,0.010957052,0.05058384,0.9983785152435303,0.9660820364952087,0.008112813346087933,0.033095892518758774
1737,9.940757742945358e-05,0.002337010344490409,0.009911684,0.048342634,0.9986732006072998,0.9690210223197937,0.007549238856881857,0.030887864530086517
1738,9.289490960575428e-05,0.002453613094985485,0.009538534,0.04953396,0.9987711906433105,0.9674753546714783,0.007176799699664116,0.032291118055582047
1739,9.519004825878338e-05,0.002322917338460684,0.009769891,0.04819665,0.9987108707427979,0.9692078828811646,0.007437302265316248,0.03124932199716568
1740,7.754406264707954e-05,0.0022498476319015026,0.008821389,0.047432557,0.9989490509033203,0.9701764583587646,0.006552917882800102,0.030334357172250748
1741,7.521331281168386e-05,0.0024354218039661646,0.008682641,0.049349993,0.9989818334579468,0.9677165150642395,0.006530516315251589,0.03196084499359131
1742,7.181300514441153e-05,0.0023048254661262035,0.008449364,0.0480086,0.9990357756614685,0.969447672367096,0.006501177325844765,0.030493352562189102
1743,7.891927287511697e-05,0.0021766929421573877,0.008867232,0.04665504,0.9989380836486816,0.9711461663246155,0.0066827647387981415,0.03000699356198311
1744,7.498070970706811e-05,0.0023507263977080584,0.008651266,0.048484292,0.9989891648292542,0.9688392281532288,0.006579914595931768,0.03126141056418419
1745,0.000100068076294106,0.0022280169650912285,0.010042919,0.047201876,0.9986377954483032,0.9704658389091492,0.007542927283793688,0.03014739230275154
1746,8.573445715724533e-05,0.0023868174757808447,0.009283475,0.048855066,0.9988360404968262,0.9683607816696167,0.007040263619273901,0.03158501163125038
1747,8.685527791385539e-05,0.002271374687552452,0.009302539,0.047658943,0.9988312721252441,0.9698910713195801,0.007021948229521513,0.03076048195362091
1748,7.895135852529414e-05,0.0022328125778585672,0.00884397,0.047252648,0.9989436268806458,0.9704022407531738,0.006731889210641384,0.029786473140120506
1749,6.494389129908417e-05,0.0022721937857568264,0.0080582285,0.047667533,0.9991229772567749,0.969880223274231,0.006112377159297466,0.0306042842566967
1750,7.297576667042449e-05,0.002287693088874221,0.008496946,0.047829833,0.9990249276161194,0.9696747660636902,0.0064857411198318005,0.029979348182678223
1751,7.174603904951999e-05,0.002326203975826502,0.008434121,0.048230737,0.9990392923355103,0.9691643118858337,0.006448304746299982,0.030663911253213882
1752,6.739543989004397e-05,0.0023618019185960293,0.008127878,0.048598375,0.9991077780723572,0.968692421913147,0.00622118404135108,0.031171659007668495
1753,9.076601401664612e-05,0.0021949911024421453,0.00949511,0.046850737,0.9987823367118835,0.9709036350250244,0.007140293251723051,0.029737098142504692
1754,9.517681874885139e-05,0.0022960242349654436,0.009769449,0.04791685,0.9987109899520874,0.9695643186569214,0.007289105094969273,0.030323153361678123
1755,0.00010473682811028662,0.0023321418557316065,0.0101422155,0.048292253,0.9986107349395752,0.9690855741500854,0.007504319306463003,0.031202012673020363
1756,0.00014663512179553933,0.0024168819654732943,0.012019942,0.049161796,0.998048722743988,0.9679622650146484,0.009123487398028374,0.03174998238682747
1757,0.00010872586095832627,0.002470427891239524,0.010361894,0.0497034,0.9985498785972595,0.9672524929046631,0.00784248486161232,0.03141016513109207
1758,0.0001254730612510519,0.0025723553262650967,0.011222258,0.050718393,0.9982991218566895,0.9659013748168945,0.00818710494786501,0.03273088112473488
1759,9.769394174244636e-05,0.002394026378169656,0.009892249,0.04892879,0.9986783862113953,0.9682652354240417,0.007346960715949535,0.030961621552705765
1760,0.00010142288440626793,0.002433263696730137,0.009929891,0.049328126,0.9986683130264282,0.9677451252937317,0.007461762987077236,0.031310733407735825
1761,0.00011241240612104197,0.002516562584787607,0.010539922,0.050165355,0.9984996318817139,0.9666409492492676,0.008024459704756737,0.032072149217128754
1762,0.0001260253267735772,0.0025379383005201817,0.011270222,0.050377954,0.9982845187187195,0.9663575887680054,0.008486165665090084,0.03227363899350166
1763,9.576684814502104e-05,0.002402783138677478,0.009659748,0.049018193,0.9987397789955139,0.9681491851806641,0.00730664050206542,0.030842309817671776
1764,7.806203873108395e-05,0.0022791698575019836,0.008810854,0.047740653,0.9989515542984009,0.9697877764701843,0.006772257853299379,0.030388250946998596
1765,8.589763257821852e-05,0.002329478273168206,0.009287466,0.048264667,0.998835027217865,0.9691208600997925,0.007023663725703955,0.03085068054497242
1766,7.710518333293625e-05,0.0023688424844294786,0.00875286,0.048670758,0.9989652633666992,0.9685990810394287,0.006607832852751017,0.03032529726624489
1767,8.058673401220321e-05,0.002382574137300253,0.008980066,0.04881162,0.9989109039306641,0.9684170484542847,0.006778291892260313,0.03092094697058201
1768,8.85324319493851e-05,0.0022791039664298296,0.0093826605,0.04773996,0.9988110065460205,0.9697886109352112,0.007195391226559877,0.03029009699821472
1769,0.00010485760834523138,0.0022216360084712505,0.01024105,0.047134236,0.9985835552215576,0.9705504179000854,0.007799600716680288,0.030350977554917336
1770,7.954656790719706e-05,0.0022973287850618362,0.008914146,0.047930457,0.9989268183708191,0.9695470333099365,0.006767392158508301,0.03077937848865986
1771,9.647412166073495e-05,0.002259944099932909,0.0097944215,0.04753887,0.9987043738365173,0.9700426459312439,0.007354621775448322,0.030759768560528755
1772,8.03326362405311e-05,0.002250016201287508,0.008963723,0.047434337,0.9989148378372192,0.9701741933822632,0.006815817207098007,0.030502665787935257
1773,8.174958714913704e-05,0.0021522860042750835,0.009020784,0.046392735,0.9989009499549866,0.9714697003364563,0.006896768696606159,0.03004693053662777
1774,7.704824846851724e-05,0.00233293860219419,0.008765229,0.048300505,0.9989623427391052,0.9690750241279602,0.0066809565760195255,0.030540456995368004
1775,8.930354190604042e-05,0.002205444732680917,0.009465478,0.04696216,0.9987899661064148,0.9707650542259216,0.0071051521226763725,0.029506128281354904
1776,8.398315532593352e-05,0.002319672144949436,0.009025166,0.048162974,0.9988999366760254,0.9692508578300476,0.006772302556782961,0.03088805079460144
1777,8.331295231817586e-05,0.0023877087514847517,0.009132202,0.048864186,0.9988736510276794,0.9683489799499512,0.006953650154173374,0.031097758561372757
1778,7.729996303334536e-05,0.002342652063816786,0.008740956,0.04840095,0.9989681243896484,0.9689462780952454,0.006712686270475388,0.031142208725214005
1779,8.700806723605969e-05,0.002313520759344101,0.0092095155,0.04809907,0.9988545179367065,0.9693323969841003,0.007123997434973717,0.0306225772947073
1780,9.346196963054932e-05,0.0025289328768849373,0.009668325,0.050288502,0.9987375140190125,0.9664769768714905,0.007354496046900749,0.03233204409480095
1781,8.309943586937152e-05,0.002419352764263749,0.009117565,0.049186915,0.9988772869110107,0.9679295420646667,0.006948334630578756,0.031170353293418884
1782,9.995052162346177e-05,0.0023884682450443506,0.010004159,0.04887196,0.9986482858657837,0.9683389067649841,0.007528419606387615,0.0316123366355896
1783,7.3882729173585e-05,0.0023920750245451927,0.008579064,0.048908845,0.9990059733390808,0.9682911038398743,0.0065301223658025265,0.030750345438718796
1784,6.360546814738137e-05,0.0023840158246457577,0.007967407,0.048826385,0.9991426467895508,0.9683979749679565,0.006036929786205292,0.030751923099160194
1785,8.640364120021167e-05,0.002457407768815756,0.009269043,0.049572244,0.9988396763801575,0.9674251079559326,0.006981926038861275,0.031012222170829773
1786,7.700859962576281e-05,0.0024416970554739237,0.008704737,0.049413532,0.9989766478538513,0.9676333665847778,0.006559558212757111,0.03197697922587395
1787,7.176789916808379e-05,0.002340331906452775,0.00846326,0.04837698,0.9990326166152954,0.9689770340919495,0.006447572726756334,0.03037261590361595
1788,6.621218166070652e-05,0.002406403422355652,0.008118385,0.049055107,0.9991098642349243,0.9681012034416199,0.006249547470360994,0.03161660209298134
1789,6.584880776989104e-05,0.0021922807209193707,0.008079159,0.0468218,0.999118447303772,0.970939576625824,0.006144068669527769,0.029998566955327988
1790,6.436154432197905e-05,0.0023787834215909243,0.008017679,0.048772775,0.9991317987442017,0.9684672951698303,0.006199667230248451,0.031186573207378387
1791,6.895992952525954e-05,0.0023742681369185448,0.00827749,0.04872646,0.9990746378898621,0.9685271382331848,0.0062685259617865086,0.03058440051972866
1792,7.10925513968422e-05,0.002251911209896207,0.008418646,0.047454305,0.999042809009552,0.9701490998268127,0.006331165321171284,0.030523736029863358
1793,7.338969920634885e-05,0.0023010794539004564,0.008572119,0.04796957,0.9990075826644897,0.9694973230361938,0.006537930108606815,0.03137483820319176
1794,6.41575802133461e-05,0.002301651518791914,0.007951181,0.04797553,0.9991461634635925,0.9694897532463074,0.006172177381813526,0.030368773266673088
1795,7.717881089774892e-05,0.0022003366611897945,0.0087315375,0.046907745,0.9989703297615051,0.9708327651023865,0.006532091647386551,0.030268587172031403
1796,6.898826177348383e-05,0.002344616688787937,0.008303646,0.04842124,0.9990687966346741,0.9689202308654785,0.006352405995130539,0.031098144128918648
1797,8.319515770629302e-05,0.002226953161880374,0.009070581,0.047190603,0.9988887906074524,0.9704799652099609,0.006851777900010347,0.030182089656591415
1798,6.846722184987316e-05,0.0022127279080450535,0.0082692895,0.047039643,0.9990764856338501,0.9706684947013855,0.0063079409301280975,0.029828734695911407
1799,9.670799789257052e-05,0.002291616052389145,0.00978397,0.047870826,0.9987071752548218,0.969622790813446,0.0070691192522645,0.03080751746892929
1800,8.423458265579856e-05,0.0024787914007902145,0.009173716,0.04978746,0.9988633990287781,0.9671416282653809,0.006775288842618465,0.031161822378635406
1801,8.649879981186876e-05,0.0025131506845355034,0.009301336,0.050131332,0.998831570148468,0.9666861891746521,0.0071557131595909595,0.03183549642562866
1802,8.043205889407545e-05,0.0023456185590475798,0.00896784,0.048431586,0.9989138245582581,0.9689069390296936,0.006796479225158691,0.030868427827954292
1803,7.183558541741645e-05,0.0023456267081201077,0.008415521,0.048431672,0.9990435242652893,0.968906819820404,0.006357500329613686,0.03109860047698021
1804,7.293260337477973e-05,0.0024390141479671,0.008523345,0.049386375,0.9990188479423523,0.967668890953064,0.006486148573458195,0.03092566318809986
1805,7.442432698470921e-05,0.0023639248684048653,0.008596345,0.04862021,0.9990019798278809,0.968664288520813,0.00649256631731987,0.030569003894925117
1806,6.989346795969389e-05,0.002425298560410738,0.008335975,0.04924732,0.9990615248680115,0.9678506851196289,0.006353453267365694,0.03166600316762924
1807,0.00010736985082489396,0.002456143731251359,0.010147346,0.049559496,0.9986093044281006,0.9674418568611145,0.007645675912499428,0.03125330060720444
1808,0.0001064249023660192,0.0024151711259037256,0.010291594,0.04914439,0.9985694885253906,0.9679849743843079,0.007558115758001804,0.030973467975854874
1809,8.504979235691611e-05,0.0023469221778213978,0.009211631,0.048445042,0.9988539814949036,0.9688896536827087,0.006973556242883205,0.030478743836283684
1810,0.00011027847044302193,0.0026205177418887615,0.010492328,0.05119099,0.9985131621360779,0.9652629494667053,0.007858787663280964,0.03297678753733635
1811,0.00011270786291623318,0.002337390324100852,0.010603645,0.048346568,0.9984814524650574,0.9690160155296326,0.007921316660940647,0.030583864077925682
1812,0.00010011361237874635,0.0024151683319360018,0.009945992,0.04914436,0.9986639618873596,0.9679849743843079,0.007504327222704887,0.030721515417099
1813,0.00011438866005681285,0.0023677945137023926,0.010687628,0.04865999,0.9984573125839233,0.9686129689216614,0.008045722730457783,0.03118705190718174
1814,0.00013227903549374207,0.002358016325160861,0.011550104,0.04855941,0.9981982707977295,0.9687426090240479,0.00860663503408432,0.031263772398233414
1815,0.00016699508622960738,0.002340771956369281,0.012986681,0.048381526,0.9977222084999084,0.9689711928367615,0.009691006503999233,0.03064691089093685
1816,0.0001085553837831619,0.002219089772552252,0.010427793,0.047107216,0.9985314011573792,0.9705841541290283,0.007718382403254509,0.02974703535437584
1817,8.466226906669114e-05,0.0021947012282907963,0.009184208,0.046847638,0.998860776424408,0.97090744972229,0.007030601613223553,0.02998361736536026
1818,7.46985755209938e-05,0.00222994526848197,0.008658194,0.047222294,0.9989875555038452,0.9704402685165405,0.006599143613129854,0.03051869012415409
1819,7.189770307873418e-05,0.0022687772288918495,0.0084398305,0.047631685,0.9990379810333252,0.9699255228042603,0.0064619360491633415,0.030372589826583862
1820,7.426919563096652e-05,0.002313361968845129,0.008600775,0.04809742,0.9990009069442749,0.9693345427513123,0.006484244484454393,0.030832471325993538
1821,7.140029695371844e-05,0.002241318579763174,0.008327672,0.047342565,0.9990633726119995,0.9702895283699036,0.006200231611728668,0.02992267906665802
1822,7.100937364157289e-05,0.00237604440189898,0.008385577,0.04874469,0.9990503191947937,0.9685035943984985,0.006311815697699785,0.030954625457525253
1823,6.881025580117817e-05,0.0022644835989922285,0.008273995,0.04758659,0.9990754127502441,0.9699824452400208,0.00633844081312418,0.03003697097301483
1824,7.380690559247424e-05,0.0022213247139006853,0.008511699,0.04713093,0.9990215301513672,0.970554530620575,0.006483316887170076,0.030056247487664223
1825,9.76484517939918e-05,0.0023929057642817497,0.009789897,0.04891734,0.9987055659294128,0.9682800769805908,0.007446488831192255,0.031778350472450256
1826,9.980893760670865e-05,0.0023411724250763655,0.010000996,0.048385665,0.9986491799354553,0.9689658880233765,0.007697556167840958,0.03137052804231644
1827,8.457845483049327e-05,0.0023536612279713154,0.009210994,0.04851455,0.9988541603088379,0.9688003063201904,0.00699585909023881,0.03114202432334423
1828,8.222598593089391e-05,0.002341030864045024,0.008902813,0.048384205,0.9989295601844788,0.9689677357673645,0.006713926326483488,0.03058641031384468
1829,7.809468677971216e-05,0.002378447214141488,0.008831221,0.048769325,0.9989466667175293,0.9684717655181885,0.006822815630584955,0.03095463663339615
1830,6.628620146577966e-05,0.002269331831485033,0.008044491,0.047637504,0.9991260170936584,0.9699181914329529,0.0060447766445577145,0.030499516054987907
1831,8.556133252568543e-05,0.0023813354782760143,0.009245022,0.04879893,0.998845636844635,0.9684334993362427,0.007073922548443079,0.03133576363325119
1832,8.245414507903412e-05,0.002254144288599491,0.009114873,0.047477823,0.9988779425621033,0.9701195359230042,0.0068742744624614716,0.02991301752626896
1833,7.675814545522867e-05,0.0022345653269439936,0.008527169,0.04727119,0.9990179538726807,0.9703790545463562,0.00640248553827405,0.029739946126937866
1834,0.00010293360984095753,0.0023732755798846483,0.010167112,0.048716277,0.998603880405426,0.9685403108596802,0.007493892684578896,0.030601298436522484
1835,0.0001001021135545505,0.002408051397651434,0.0099605,0.0490719,0.9986600875854492,0.9680793285369873,0.007403284776955843,0.030766449868679047
1836,7.840907445907678e-05,0.0024171164259314537,0.008850794,0.04916418,0.9989420175552368,0.9679591655731201,0.006719259079545736,0.03133869916200638
1837,7.619287779644682e-05,0.0023196334950625896,0.008723313,0.048162572,0.9989722371101379,0.9692513942718506,0.006721570156514645,0.030475014820694923
1838,7.340241509981834e-05,0.002213418483734131,0.008540257,0.047046985,0.9990149736404419,0.9706593751907349,0.006552187725901604,0.029934938997030258
1839,7.316000896521886e-05,0.0023734320420771837,0.008568716,0.048717886,0.9990083575248718,0.968538224697113,0.006511831656098366,0.031040169298648834
1840,8.662551557459996e-05,0.0022128175478428602,0.009297273,0.047040597,0.9988325834274292,0.97066730260849,0.007109357509762049,0.03057035431265831
1841,0.00010359201934823597,0.002488938858732581,0.010136821,0.049889266,0.9986122250556946,0.9670071005821228,0.0077410186640918255,0.03229781612753868
1842,8.923069997928741e-05,0.002284030895680189,0.009392568,0.047791537,0.9988085031509399,0.9697233438491821,0.0070346505381166935,0.030498739331960678
1843,7.595168095907535e-05,0.0022291173227131367,0.008647477,0.04721353,0.9989900588989258,0.9704512357711792,0.006645116023719311,0.029443839564919472
1844,8.068654758310665e-05,0.0022152059245854616,0.009007335,0.047065973,0.9989042282104492,0.9706356525421143,0.00684864679351449,0.0301869697868824
1845,8.24539544158721e-05,0.002280628774315119,0.009104459,0.047755927,0.9988805055618286,0.9697684049606323,0.006759962532669306,0.030226292088627815
1846,7.220290750741366e-05,0.002225262112915516,0.008460483,0.047172688,0.9990332722663879,0.9705023765563965,0.006465328391641378,0.029659820720553398
1847,9.216485407457434e-05,0.002241660375148058,0.009534029,0.047346175,0.998772382736206,0.9702849984169006,0.007234496064484119,0.030320286750793457
1848,7.610052191673525e-05,0.0022811214439570904,0.008668431,0.047761086,0.9989851713180542,0.9697619080543518,0.006549444980919361,0.030524782836437225
1849,8.458952321565117e-05,0.0023777754977345467,0.009151966,0.04876244,0.9988687634468079,0.96848064661026,0.00693811010569334,0.030672360211610794
1850,6.168677513910966e-05,0.002333766780793667,0.007837408,0.048309077,0.9991704225540161,0.9690640568733215,0.005937536247074604,0.030481070280075073
1851,7.6440302357448e-05,0.0022877492010593414,0.00867528,0.047830418,0.9989835619926453,0.9696740508079529,0.006509709171950817,0.029788846150040627
1852,7.937731259682386e-05,0.002278972417116165,0.008895084,0.047738586,0.9989314079284668,0.9697903990745544,0.0066886418499052525,0.030237367376685143
1853,6.159055473372891e-05,0.0022392445243895054,0.007812435,0.047320653,0.9991756677627563,0.970317006111145,0.006017456296831369,0.02987179532647133
1854,6.0591027993888765e-05,0.0024045698810368776,0.00777849,0.049036413,0.9991828203201294,0.9681254625320435,0.005993609316647053,0.03135928884148598
1855,7.269759027456695e-05,0.0022932584397494793,0.00848995,0.047887977,0.9990265369415283,0.969601035118103,0.006485678721219301,0.030271053314208984
1856,7.020079614118335e-05,0.0023416676558554173,0.008342686,0.04839078,0.9990599751472473,0.9689593315124512,0.006311173550784588,0.030650312080979347
1857,6.839794514235109e-05,0.0021333801560103893,0.00818158,0.04618853,0.9990959763526917,0.9717203378677368,0.00618122098967433,0.029533199965953827
1858,6.538462945503521e-05,0.0022088431287556887,0.008091617,0.046998333,0.9991157054901123,0.9707199931144714,0.006243131123483181,0.030052870512008667
1859,6.735940868648785e-05,0.0022233864292502403,0.008155597,0.0471528,0.9991016983985901,0.9705272316932678,0.006162870675325394,0.030414439737796783
1860,7.145271129874428e-05,0.0022100606001913548,0.008386906,0.047011282,0.9990500211715698,0.9707038402557373,0.006381816230714321,0.030054472386837006
1861,9.127871155876413e-05,0.0022324062883853912,0.00935764,0.047248345,0.9988173842430115,0.9704076647758484,0.007088057696819305,0.030312808230519295
1862,8.8672378379587e-05,0.002219171728938818,0.009409813,0.047108084,0.9988041520118713,0.9705830812454224,0.007089313119649887,0.03043767809867859
1863,7.137234239383939e-05,0.0022612602915614843,0.0084119355,0.047552712,0.9990442991256714,0.9700251817703247,0.006383959203958511,0.03067544847726822
1864,6.398201267901723e-05,0.002166914055123925,0.008003826,0.046550125,0.9991347789764404,0.971275806427002,0.006127539556473494,0.02947019413113594
1865,6.353494493602987e-05,0.002235806779935956,0.007948819,0.04728432,0.9991466403007507,0.9703626036643982,0.006004891823977232,0.029897626489400864
1866,7.426765775810715e-05,0.0021348632872104645,0.008592517,0.04620458,0.9990028738975525,0.9717006683349609,0.006547288503497839,0.029469825327396393
1867,9.463774503356862e-05,0.0023849518038332462,0.009689,0.04883597,0.9987321496009827,0.9683855175971985,0.007199729792773724,0.03058442287147045
1868,7.342915143288502e-05,0.0023030447773635387,0.008573082,0.04799005,0.9990073442459106,0.969471275806427,0.006433300208300352,0.030269619077444077
1869,6.559788678053089e-05,0.0022190380841493607,0.008045484,0.04710667,0.9991257786750793,0.9705848693847656,0.0061774710193276405,0.03024134784936905
1870,7.817622992495836e-05,0.002413843758404255,0.008826366,0.049130883,0.9989478588104248,0.9680025577545166,0.006796190515160561,0.031238475814461708
1871,8.826888237804683e-05,0.0023557369131594896,0.009393118,0.048535936,0.9988083839416504,0.968772828578949,0.007098466623574495,0.03063052147626877
1872,8.952582208042837e-05,0.0024382672272622585,0.009453458,0.049378816,0.9987930059432983,0.9676787853240967,0.0071399156004190445,0.03193165361881256
1873,7.018196993158199e-05,0.0023760879412293434,0.008389072,0.048745133,0.9990494847297668,0.9685030579566956,0.006373954005539417,0.03048824332654476
1874,6.216471824287014e-05,0.0023519492242485285,0.007853418,0.0484969,0.9991670250892639,0.9688230156898499,0.0060235681012272835,0.03086683340370655
1875,7.180936121254821e-05,0.0023128704633563757,0.008462061,0.04809231,0.9990329146385193,0.9693410396575928,0.006422978825867176,0.030348168686032295
1876,6.68785871146776e-05,0.002374089090153575,0.008146526,0.048724625,0.9991036653518677,0.9685295224189758,0.006316951476037502,0.031067661941051483
1877,6.291916443759956e-05,0.0023166355676949024,0.007918753,0.048131444,0.9991530776023865,0.9692911505699158,0.006019827909767628,0.02989692986011505
1878,6.581336691107771e-05,0.0023600913118571043,0.0080566965,0.04858077,0.9991233348846436,0.9687150716781616,0.006119518540799618,0.03057984821498394
1879,7.149080639382274e-05,0.002188064157962799,0.008388093,0.04677675,0.999049723148346,0.9709954261779785,0.0064839646220207214,0.029474858194589615
1880,7.683587616404772e-05,0.002342518651857972,0.008757728,0.048399575,0.9989641308784485,0.9689480066299438,0.0065840985625982285,0.03107214905321598
1881,7.377260573610494e-05,0.0023043369874358177,0.008535694,0.04800351,0.9990159869194031,0.9694541692733765,0.006527673453092575,0.02988099679350853
1882,0.00010953263286368879,0.0024087969213724136,0.010454686,0.0490795,0.9985238313674927,0.9680694341659546,0.007803879212588072,0.031541865319013596
1883,9.066308054819025e-05,0.0021948593202978373,0.009456297,0.046849325,0.998792290687561,0.9709053635597229,0.007172903046011925,0.02998572587966919
1884,7.922212501977232e-05,0.0024624066427350044,0.008911169,0.049622644,0.9989275336265564,0.9673588275909424,0.006637132726609707,0.031806353479623795
1885,8.989413899226665e-05,0.002480393275618553,0.009339321,0.049803548,0.9988219738006592,0.9671204090118408,0.006951840594410896,0.03175560384988785
1886,0.00014242326605281877,0.0024553006514906883,0.011959537,0.04955099,0.9980682730674744,0.9674530029296875,0.009118886664509773,0.03206797316670418
1887,0.0001098981043800119,0.002453299006447196,0.010459802,0.04953079,0.9985223412513733,0.9674795269966125,0.008054779842495918,0.0317661389708519
1888,9.162697857722047e-05,0.0022771754302084446,0.009594247,0.04771976,0.9987568259239197,0.9698141813278198,0.007324731908738613,0.030341066420078278
1889,7.432452019367537e-05,0.0023826495744287968,0.008612227,0.048812393,0.9989982843399048,0.9684160351753235,0.006484529003500938,0.03141022473573685
1890,0.00010374527218201283,0.002316209254786372,0.01001193,0.048127014,0.9986461997032166,0.9692967534065247,0.007465537637472153,0.031201524659991264
1891,0.00013761840289754963,0.002363115781918168,0.0116008,0.04861189,0.9981824159622192,0.9686750173568726,0.008907631039619446,0.031348273158073425
1892,8.911659130138683e-05,0.002335691824555397,0.009447239,0.048329,0.9987946152687073,0.9690385460853577,0.007208649069070816,0.030723823234438896
1893,7.961317863770422e-05,0.002425184939056635,0.008919188,0.04924617,0.9989255666732788,0.9678522348403931,0.006807695142924786,0.031582433730363846
1894,7.083125489192422e-05,0.0021853020880371332,0.008353624,0.046747215,0.9990575313568115,0.9710320830345154,0.006280255503952503,0.029588405042886734
1895,8.224793716429055e-05,0.002364855958148837,0.00905672,0.048629783,0.9988921880722046,0.9686519503593445,0.006812855135649443,0.030833927914500237
1896,8.610071100437463e-05,0.002331910654902458,0.009152955,0.04828986,0.9988685250282288,0.969088613986969,0.006920727901160717,0.030517879873514175
1897,9.211831605749798e-05,0.00247493595816195,0.00958596,0.04974873,0.9987589716911316,0.9671927094459534,0.007300012279301882,0.03172300383448601
1898,6.825392037254377e-05,0.002338096732273698,0.008239997,0.048353873,0.9990829825401306,0.9690066576004028,0.0064630513079464436,0.03143049031496048
1899,7.501993009513667e-05,0.0023052042815834284,0.008669111,0.048012543,0.9989849925041199,0.9694426655769348,0.006673303432762623,0.030865823850035667
1900,6.661633034871721e-05,0.0022240029647946358,0.008131763,0.047159337,0.9991069436073303,0.9705190658569336,0.006229212041944265,0.030324220657348633
1901,6.163455244942187e-05,0.0022912914864718914,0.00782765,0.047867436,0.9991724491119385,0.9696270823478699,0.006003069691359997,0.03047947585582733
1902,8.493538420721465e-05,0.0023539168760180473,0.009202636,0.04851718,0.998856246471405,0.968796968460083,0.006977941375225782,0.030909694731235504
1903,6.595999134746803e-05,0.002373643219470978,0.00810606,0.04872005,0.9991125464439392,0.9685354232788086,0.006278984248638153,0.03026324324309826
1904,6.918717686362056e-05,0.002257296349853277,0.008294087,0.047511015,0.999070942401886,0.9700776934623718,0.006272729951888323,0.029684200882911682
1905,6.708716186536053e-05,0.0023232358507812023,0.008201555,0.048199955,0.9990915060043335,0.9692036509513855,0.006263434421271086,0.030219370499253273
1906,5.912873976657548e-05,0.002330182120203972,0.0076835845,0.04827196,0.9992026686668396,0.9691115617752075,0.005872002802789211,0.03062598966062069
1907,8.281326815697618e-05,0.0023207981139421463,0.009068023,0.048174664,0.9988894462585449,0.9692359566688538,0.006854270119220018,0.029651587828993797
1908,0.00010500119821120857,0.0023583469446748495,0.010275223,0.048562814,0.9985740780830383,0.9687381982803345,0.007759877014905214,0.03083491139113903
1909,8.590233946134421e-05,0.00226747989654541,0.009280396,0.04761806,0.9988368153572083,0.9699427485466003,0.007095355540513992,0.0301013495773077
1910,7.512564430230255e-05,0.0023621213622391224,0.008685427,0.04860166,0.9989811778068542,0.9686881899833679,0.006596080027520657,0.030595723539590836
1911,7.57428872682133e-05,0.0023144877050071955,0.008676771,0.048109125,0.9989832043647766,0.9693195819854736,0.00660812109708786,0.030558476224541664
1912,8.391587570341389e-05,0.002350122667849064,0.008988578,0.048478067,0.9989088177680969,0.9688472151756287,0.0067327930592000484,0.03087148442864418
1913,8.671258282530206e-05,0.0024412807542830706,0.009330489,0.049409322,0.9988242387771606,0.9676388502120972,0.00688520260155201,0.031126605346798897
1914,7.781057799795896e-05,0.0025351049844175577,0.008812442,0.050349824,0.9989511370658875,0.9663951396942139,0.006682736333459616,0.03202465549111366
1915,8.86885364624587e-05,0.002298331819474697,0.009184587,0.04794092,0.9988607168197632,0.9695337414741516,0.006689293310046196,0.030527707189321518
1916,9.939049612677826e-05,0.0025978898629546165,0.009975173,0.0509695,0.9986560940742493,0.9655628800392151,0.007292026653885841,0.031600143760442734
1917,0.00010318172594865742,0.002529389224946499,0.010148803,0.050293032,0.9986089468002319,0.9664708971977234,0.007521122228354216,0.0324937142431736
1918,8.306775320802858e-05,0.0023923388216644526,0.009113376,0.048911538,0.9988783001899719,0.9682876467704773,0.006826112046837807,0.03057929128408432
1919,7.55572615492962e-05,0.0022942847572267056,0.008701212,0.04789869,0.9989774823188782,0.9695873856544495,0.0066691734828054905,0.030570076778531075
1920,8.589520191228736e-05,0.002241693902760744,0.009284268,0.047346532,0.9988358616828918,0.9702845215797424,0.007129757199436426,0.03009182959794998
1921,7.839269396340983e-05,0.0021419008262455463,0.008822566,0.04628068,0.9989487528800964,0.9716073870658875,0.006729369051754475,0.029896358028054237
1922,9.234838448306122e-05,0.002353424672037363,0.009563424,0.04851211,0.9987647533416748,0.9688034653663635,0.007315325550734997,0.03104451112449169
1923,7.36962554748805e-05,0.0024355093482881784,0.008576237,0.04935088,0.9990066289901733,0.9677153825759888,0.006604496389627457,0.03163403272628784
1924,6.598702334899413e-05,0.0022890460677444935,0.0080913585,0.047843978,0.9991157650947571,0.9696568250656128,0.006238916888833046,0.031117860227823257
1925,6.249641625221226e-05,0.0023737745359539986,0.0079009235,0.0487214,0.9991568922996521,0.9685336947441101,0.00605694530531764,0.03044280782341957
1926,6.758940501392566e-05,0.002269154880195856,0.008165817,0.04763565,0.9990994334220886,0.9699205160140991,0.006171370390802622,0.02959980070590973
1927,6.401240832267582e-05,0.002418824937194586,0.00790476,0.04918155,0.99915611743927,0.9679365158081055,0.005926626734435558,0.030879482626914978
1928,9.953902554116212e-05,0.0021878471598029137,0.009980627,0.04677443,0.9986546635627747,0.9709983468055725,0.007555289193987846,0.030072445049881935
1929,7.470677684812637e-05,0.002246845979243517,0.008584912,0.047400903,0.999004602432251,0.9702162742614746,0.006519538350403309,0.030095383524894714
1930,8.536526762658137e-05,0.0022842653561383486,0.009258899,0.04779399,0.998842179775238,0.9697202444076538,0.007192953489720821,0.03052307665348053
1931,7.013947139388289e-05,0.0021991294343024492,0.008363482,0.046894882,0.9990553259849548,0.9708487391471863,0.006385274231433868,0.030062906444072723
1932,6.800810363281265e-05,0.002179857809096575,0.008178861,0.04668895,0.9990965723991394,0.9711042046546936,0.00622105598449707,0.02946966513991356
1933,7.005623228906188e-05,0.0022663320414721966,0.008317727,0.04760601,0.999065637588501,0.9699579477310181,0.006247133016586304,0.029918115586042404
1934,8.522122367470398e-05,0.002419427502900362,0.009246544,0.049187675,0.9988452792167664,0.9679285287857056,0.007017047610133886,0.03141647204756737
1935,9.325360753626393e-05,0.0023395312018692493,0.009628603,0.0483687,0.9987478852272034,0.9689876437187195,0.007319002412259579,0.03035649284720421
1936,6.345448971180964e-05,0.002212296472862363,0.007931017,0.047035057,0.9991504549980164,0.9706742167472839,0.006094986107200384,0.029838543385267258
1937,7.07350110050439e-05,0.0022867817897349596,0.008425313,0.047820307,0.9990412592887878,0.9696868658065796,0.006419731769710779,0.03064567781984806
1938,7.387642058760817e-05,0.0022778466809540987,0.008605814,0.047726795,0.9989997744560242,0.9698053002357483,0.006603258196264505,0.03053961880505085
1939,6.036919661379546e-05,0.0023231422528624535,0.007745678,0.048198987,0.9991897344589233,0.9692049026489258,0.0059908428229391575,0.030359217897057533
1940,7.35590598527448e-05,0.0022910465486347675,0.008531662,0.047864877,0.9990169405937195,0.9696303606033325,0.006447591353207827,0.0305041316896677
1941,8.136530496730384e-05,0.0023115382064133883,0.009020022,0.04807846,0.9989011883735657,0.9693586826324463,0.006879409775137901,0.03014303743839264
1942,6.999804612529591e-05,0.00220583938062191,0.008324619,0.046966363,0.9990640878677368,0.9707598090171814,0.006369574926793575,0.03023502416908741
1943,7.340241361155428e-05,0.002317484701052308,0.008535377,0.04814026,0.9990160465240479,0.9692798852920532,0.0065024299547076225,0.030553199350833893
1944,6.907617501962126e-05,0.002255263039842248,0.008322904,0.04748961,0.9990644454956055,0.9701046943664551,0.0063386824913322926,0.030461402609944344
1945,6.670604191392407e-05,0.0023371572606265545,0.008132595,0.048344154,0.999106764793396,0.9690191149711609,0.0062660654075443745,0.030873427167534828
1946,6.225983204124283e-05,0.002271186327561736,0.007877209,0.04765697,0.999161958694458,0.9698935747146606,0.006029966752976179,0.030407533049583435
1947,6.148531511743468e-05,0.0023218151181936264,0.007773102,0.048185214,0.9991839528083801,0.9692224860191345,0.00587638933211565,0.030807336792349815
1948,7.091353357034016e-05,0.0021894429810345173,0.008439705,0.046791483,0.9990379810333252,0.9709771871566772,0.006392206065356731,0.02987826056778431
1949,6.78469760631825e-05,0.0022774902172386646,0.008267075,0.04772306,0.9990769624710083,0.9698100090026855,0.00637084199115634,0.030927235260605812
1950,6.879310140820135e-05,0.00227601476944983,0.00822947,0.047707595,0.9990853071212769,0.9698295593261719,0.006361291743814945,0.03080281987786293
1951,6.417853298692286e-05,0.0022437297739088535,0.00800368,0.047368024,0.9991348385810852,0.970257580280304,0.006093684118241072,0.030351772904396057
1952,6.128540074066471e-05,0.0022034719586372375,0.007806615,0.046941154,0.9991769194602966,0.970791220664978,0.00600257096812129,0.030039111152291298
1953,6.281479661331765e-05,0.0022818322759121656,0.007921886,0.04776853,0.999152421951294,0.9697524905204773,0.006173071917146444,0.0306463073939085
1954,7.586097242231268e-05,0.002378641627728939,0.008736881,0.048771318,0.9989690780639648,0.9684692025184631,0.006730915978550911,0.031507208943367004
1955,7.226017342790411e-05,0.0023298540618270636,0.00852455,0.04826856,0.9990185499191284,0.9691159129142761,0.006586657837033272,0.030411241576075554
1956,6.84033538246612e-05,0.0023172565270215273,0.00822831,0.048137892,0.9990856051445007,0.969282865524292,0.00623625423759222,0.030479425564408302
1957,6.275884549144062e-05,0.002306847833096981,0.007870993,0.048029657,0.9991632699966431,0.969420850276947,0.006003681570291519,0.030435988679528236
1958,6.204848961550107e-05,0.0022770706564188004,0.007830416,0.047718663,0.9991719126701355,0.9698156118392944,0.005997196305543184,0.03031281940639019
1959,5.6576786102430724e-05,0.0023152444045990705,0.0075077466,0.048116986,0.9992387294769287,0.9693095684051514,0.0057112411595880985,0.03071938082575798
1960,6.098865990431725e-05,0.002303199376910925,0.0078119226,0.04799166,0.9991757869720459,0.9694692492485046,0.005969545803964138,0.030160535126924515
1961,6.40852854716782e-05,0.002277079038321972,0.008004614,0.047718752,0.9991346597671509,0.9698154926300049,0.006110979709774256,0.03075784258544445
1962,6.535857954242437e-05,0.002073702635243535,0.008092796,0.045537926,0.9991154670715332,0.9725114107131958,0.006155332550406456,0.029292574152350426
1963,5.6029482782998293e-05,0.002232042606920004,0.007470744,0.047244497,0.9992462396621704,0.9704124927520752,0.005748833995312452,0.030479980632662773
1964,6.846708889828402e-05,0.002282625064253807,0.008166393,0.047776826,0.9990993142127991,0.969741940498352,0.006165002938359976,0.030595529824495316
1965,7.850324717847715e-05,0.0022842010948807,0.00879402,0.047793318,0.9989555478096008,0.9697210788726807,0.006696340162307024,0.031227130442857742
1966,8.027616207651921e-05,0.0022097041364759207,0.00896591,0.047007494,0.9989143013954163,0.9707086086273193,0.0069364565424621105,0.02980962209403515
1967,6.523750281220683e-05,0.002319472376257181,0.007983983,0.0481609,0.9991390705108643,0.9692535400390625,0.006155933253467083,0.030717356130480766
1968,6.842427914803424e-05,0.00229447684250772,0.008144288,0.0479007,0.9991041421890259,0.9695848822593689,0.006174901500344276,0.03020451031625271
1969,7.210033998655325e-05,0.00214844336733222,0.008494308,0.046351302,0.9990255236625671,0.9715206623077393,0.006391009781509638,0.029859833419322968
1970,6.72943870912687e-05,0.002259071683511138,0.0080652675,0.047529694,0.9991214871406555,0.9700542092323303,0.006121671758592129,0.030351698398590088
1971,6.85613352040739e-05,0.0022667746525257826,0.008272744,0.04761066,0.999075710773468,0.9699520468711853,0.006329372525215149,0.030489979311823845
1972,6.732637997298629e-05,0.0023473657201975584,0.008210438,0.04844962,0.9990895390510559,0.968883752822876,0.006284395232796669,0.03102825954556465
1973,8.43330966414545e-05,0.00259970361366868,0.009193877,0.050987292,0.9988583922386169,0.9655388593673706,0.006945361383259296,0.03324558213353157
1974,0.0001496181615617719,0.0022139360662549734,0.01225996,0.04705248,0.9979699850082397,0.9706525206565857,0.009012045338749886,0.030271336436271667
1975,0.0001270953127294144,0.002362182829529047,0.011257861,0.048602298,0.9982882738113403,0.9686873555183411,0.00852260459214449,0.03202086314558983
1976,9.055914365903432e-05,0.00223585800267756,0.009521037,0.04728486,0.9987757205963135,0.9703618884086609,0.0072319405153393745,0.03012624941766262
1977,0.00011534560772733212,0.0025211949832737446,0.010744708,0.0502115,0.9984408020973206,0.9665795564651489,0.007862617261707783,0.03203441575169563
1978,9.802238855627365e-05,0.0023871862795203924,0.009909295,0.04885884,0.9986737966537476,0.9683558940887451,0.007374014239758253,0.030905667692422867
1979,0.00010547326879036105,0.0025019224267452955,0.010230501,0.05001922,0.9985864162445068,0.9668350219726562,0.00772258872166276,0.032062411308288574
1980,7.165049845008815e-05,0.002388992579653859,0.008461292,0.048877325,0.9990330934524536,0.9683319926261902,0.006506902165710926,0.030782755464315414
1981,7.227432665372775e-05,0.002467462560161948,0.008494412,0.04967356,0.9990254640579224,0.9672917723655701,0.0064717126078903675,0.03178989514708519
1982,8.731773199211933e-05,0.0024480270221829414,0.009334121,0.04947754,0.9988232851028442,0.9675494432449341,0.007068212144076824,0.031512804329395294
1983,8.733535932234108e-05,0.0024812440387904644,0.0093429545,0.049812086,0.9988210797309875,0.9671090841293335,0.006929430644959211,0.030853429809212685
1984,8.251564246496524e-05,0.002335598459467292,0.009018363,0.04832803,0.9989015460014343,0.9690397381782532,0.006604579742997885,0.030349833890795708
1985,7.696686473288786e-05,0.002289144555106759,0.0087952595,0.047845006,0.998955249786377,0.9696555733680725,0.006567068863660097,0.03035060316324234
1986,6.713748420720962e-05,0.002281607361510396,0.008198314,0.047766175,0.9990922212600708,0.9697554707527161,0.006263486109673977,0.03032381273806095
1987,6.629910901458722e-05,0.0023652268573641777,0.008152352,0.0486336,0.9991024136543274,0.9686470031738281,0.006262507755309343,0.030622966587543488
1988,7.146928807990413e-05,0.002247026888653636,0.008436655,0.047402818,0.9990386962890625,0.9702138304710388,0.006302386522293091,0.02976849675178528
1989,6.901139948405961e-05,0.0023052655160427094,0.008295947,0.04801318,0.9990705251693726,0.969441831111908,0.006396363023668528,0.030353661626577377
1990,6.555537584063131e-05,0.0023824486415833235,0.008108803,0.048810337,0.9991119503974915,0.9684187173843384,0.006262438837438822,0.031089309602975845
1991,5.997908324802252e-05,0.0024008043110370636,0.007739136,0.048998002,0.9991911053657532,0.9681754112243652,0.005986955948174,0.030834335833787918
1992,5.7829135667733766e-05,0.0022086165845394135,0.0075667244,0.046995923,0.9992267489433289,0.970723032951355,0.005834602750837803,0.03003709390759468
1993,6.952570534353568e-05,0.0023969365283846855,0.008321982,0.04895852,0.9990646839141846,0.9682266712188721,0.0062924218364059925,0.030487144365906715
1994,7.318723559861114e-05,0.0023290570825338364,0.008532296,0.048260305,0.9990167617797852,0.9691264629364014,0.006410953123122454,0.030382761731743813
1995,6.181877027054064e-05,0.0023671232629567385,0.007842636,0.048653092,0.9991692900657654,0.9686218500137329,0.0059712911024689674,0.03062826581299305
1996,6.022906845001589e-05,0.0022473610006272793,0.007747179,0.047406342,0.9991893768310547,0.9702094197273254,0.005893002264201641,0.030016731470823288
1997,8.065688102347353e-05,0.0023709998931735754,0.008982623,0.048692916,0.9989102482795715,0.9685704708099365,0.006822678260505199,0.03031119331717491
1998,5.902636985410936e-05,0.002353668911382556,0.0077006035,0.048514627,0.9991990923881531,0.9688002467155457,0.005887387320399284,0.030966710299253464
1999,6.230403133403425e-05,0.002308662747964263,0.007861481,0.048048545,0.9991652965545654,0.9693968296051025,0.005932280793786049,0.030586455017328262
2000,5.6312243362878114e-05,0.0022654200438410044,0.007505327,0.047596432,0.9992392063140869,0.9699700474739075,0.005729770753532648,0.030605453997850418
