Epoch,Train_Loss,Test_Loss,Train_RMSE,Test_RMSE,Train_R2,Test_R2,Train_MAE,Test_MAE
1,0.08317264525050466,0.05523686483502388,0.28899443,0.23502526,-0.12797045707702637,0.2677907943725586,0.22782938182353973,0.19141742587089539
2,0.05651196532628753,0.05118024721741676,0.23767324,0.22623052,0.23707956075668335,0.32156455516815186,0.19086521863937378,0.1793927401304245
3,0.04954272758384997,0.04652302339673042,0.22240274,0.21569197,0.3319653868675232,0.3832998275756836,0.17625132203102112,0.171415314078331
4,0.04634909446097233,0.0475953072309494,0.21492223,0.21816349,0.3761482834815979,0.36908578872680664,0.17092132568359375,0.17008189857006073
5,0.045164319601925934,0.044301554560661316,0.21138903,0.21047935,0.3964911699295044,0.41274720430374146,0.16642329096794128,0.16524861752986908
6,0.04398696818812327,0.0426466278731823,0.21005772,0.20651059,0.4040690064430237,0.4346846342086792,0.16707736253738403,0.16038362681865692
7,0.04091308066960086,0.03843851014971733,0.20221211,0.19605741,0.4477534890174866,0.4904665946960449,0.16035258769989014,0.15255893766880035
8,0.04027686331590468,0.03822388872504234,0.19926816,0.1955093,0.46371638774871826,0.4933115243911743,0.15695585310459137,0.1548508107662201
9,0.03755511161447926,0.03750531002879143,0.19421573,0.19366287,0.4905664920806885,0.5028369426727295,0.15269634127616882,0.14964167773723602
10,0.03660946927795356,0.0351887047290802,0.19085622,0.18758653,0.5080382227897644,0.5335453748703003,0.15092580020427704,0.144292950630188
11,0.03457499202340841,0.03516964241862297,0.18606597,0.1875357,0.5324235558509827,0.533798098564148,0.1469106823205948,0.14894773066043854
12,0.035355081273750824,0.032123394310474396,0.18720959,0.17923,0.5266581773757935,0.5741785168647766,0.14691303670406342,0.13837797939777374
13,0.03436287331648848,0.031973209232091904,0.18346637,0.17881054,0.5453977584838867,0.5761693716049194,0.14310280978679657,0.13991349935531616
14,0.03299018071795052,0.03186030685901642,0.18089212,0.17849456,0.5580653548240662,0.5776659250259399,0.14141778647899628,0.13877888023853302
15,0.03226199343969876,0.030641743913292885,0.17943954,0.17504783,0.5651344060897827,0.5938190221786499,0.14007608592510223,0.13918663561344147
16,0.03127593034878373,0.031473077833652496,0.17710258,0.17740653,0.5763878226280212,0.582798957824707,0.13784974813461304,0.13521705567836761
17,0.029354248703880745,0.02806316502392292,0.17087671,0.16752066,0.6056476831436157,0.6280000805854797,0.13205592334270477,0.12652583420276642
18,0.02969623306258158,0.028871331363916397,0.17198305,0.16991566,0.6005246639251709,0.6172872185707092,0.1325524002313614,0.1313411444425583
19,0.028551124840636145,0.029661189764738083,0.16790223,0.17222424,0.6192572116851807,0.6068170070648193,0.129974827170372,0.1336750090122223
20,0.028194253883239897,0.027020087465643883,0.16821998,0.16437788,0.6178147792816162,0.6418269872665405,0.1300739049911499,0.12638868391513824
21,0.026862036182799122,0.02680852822959423,0.16321173,0.1637331,0.6402329206466675,0.6446313858032227,0.12536190450191498,0.1253596395254135
22,0.0274451816115867,0.026776708662509918,0.16499992,0.16363591,0.6323063373565674,0.6450531482696533,0.12616412341594696,0.12732622027397156
23,0.02655119605531747,0.024281581863760948,0.1623447,0.1558255,0.6440451741218567,0.6781280636787415,0.12582139670848846,0.11944615840911865
24,0.02393295844508843,0.022990981116890907,0.15439981,0.15162778,0.678032398223877,0.6952359676361084,0.11820278316736221,0.1139623299241066
25,0.023122736041180113,0.022200288251042366,0.15155677,0.1489976,0.6897802948951721,0.7057173252105713,0.11583613604307175,0.11339964717626572
26,0.02376210259866308,0.022657228633761406,0.15341352,0.15052319,0.6821326613426208,0.6996601819992065,0.11693856120109558,0.1141679584980011
27,0.0224655616435815,0.022301577031612396,0.14976843,0.14933713,0.6970581412315369,0.7043746113777161,0.1130194142460823,0.11191896349191666
28,0.02219927196644924,0.02080594375729561,0.14843564,0.14424266,0.7024259567260742,0.7242004871368408,0.11248375475406647,0.10862015932798386
29,0.02096439963629977,0.021428534761071205,0.1452736,0.14638488,0.7149690389633179,0.7159475088119507,0.10925062745809555,0.10743401944637299
30,0.019769154679538173,0.020370695739984512,0.14117463,0.14272594,0.730826735496521,0.7299699783325195,0.10640013962984085,0.10944531857967377
31,0.020197850313376297,0.02157720737159252,0.14051768,0.14689182,0.7333260774612427,0.7139767408370972,0.10575231909751892,0.11158238351345062
32,0.020301068836653776,0.019235147163271904,0.14287741,0.13869084,0.7242941856384277,0.7450226545333862,0.10771510750055313,0.10437925904989243
33,0.020382673500783065,0.019839845597743988,0.14260149,0.14085399,0.7253580689430237,0.7370068430900574,0.1067635640501976,0.10221441090106964
34,0.01997537261129103,0.020024707540869713,0.14048982,0.14150868,0.7334318161010742,0.7345563173294067,0.10453800857067108,0.10849572718143463
35,0.01850875198248435,0.01900605484843254,0.13636647,0.13786246,0.7488495707511902,0.7480593919754028,0.1011020764708519,0.10369009524583817
36,0.019109788498925893,0.018380995839834213,0.13809226,0.13557653,0.7424524426460266,0.7563450932502747,0.10261107981204987,0.09865854680538177
37,0.01975692582147365,0.017202060669660568,0.13951178,0.13115662,0.737130343914032,0.7719728350639343,0.1018264889717102,0.09653817117214203
38,0.018145830984312026,0.01739642396569252,0.13521332,0.1318955,0.7530792355537415,0.7693963646888733,0.10076551139354706,0.09584853053092957
39,0.01750314599749717,0.017002470791339874,0.1324978,0.13039352,0.7628974914550781,0.7746185660362244,0.09838692843914032,0.09577476978302002
40,0.016915107167071917,0.017097149044275284,0.1302867,0.13075607,0.7707449793815613,0.7733635306358337,0.0962967649102211,0.09982377290725708
41,0.018523744921284644,0.016892481595277786,0.13265373,0.12997109,0.7623392343521118,0.7760765552520752,0.09712067246437073,0.09744920581579208
42,0.018198881573467093,0.01743822731077671,0.13421248,0.13205388,0.7567210793495178,0.7688422203063965,0.09947644174098969,0.0971209928393364
43,0.017953648570586334,0.01852388307452202,0.1323833,0.13610247,0.7633071541786194,0.7544509768486023,0.09862476587295532,0.10073241591453552
44,0.017966305075043983,0.016351960599422455,0.13284639,0.12787479,0.7616482973098755,0.7832415699958801,0.09959572553634644,0.09453018754720688
45,0.016436764335429125,0.015543664805591106,0.12750986,0.12467423,0.7804132103919983,0.7939562201499939,0.0926533043384552,0.09279987215995789
46,0.01660146701826968,0.016918031498789787,0.1287343,0.13006933,0.7761756777763367,0.7757378816604614,0.09471893310546875,0.09441137313842773
47,0.015556304927238009,0.017181841656565666,0.12538092,0.13107952,0.7876845598220825,0.7722408175468445,0.09138637781143188,0.0917932540178299
48,0.014917531093074516,0.015972254797816277,0.12278479,0.12638138,0.7963858842849731,0.788274884223938,0.09011013805866241,0.09191038459539413
49,0.014357660664245486,0.01406147051602602,0.12005695,0.118581064,0.8053325414657593,0.8136038780212402,0.08727384358644485,0.08639389276504517
50,0.015310437101024118,0.01566539704799652,0.12296838,0.12516148,0.7957765460014343,0.7923425436019897,0.08987808972597122,0.09137843549251556
51,0.015421164730055765,0.015147511847317219,0.12469823,0.12307524,0.7899903059005737,0.7992075085639954,0.09031148254871368,0.08809393644332886
52,0.0148814718069678,0.01459801010787487,0.121560715,0.12082223,0.8004254102706909,0.8064916133880615,0.08847146481275558,0.08729425072669983
53,0.01489781748122451,0.014280791394412518,0.121659,0.119502276,0.8001025915145874,0.8106966018676758,0.0883188471198082,0.08684273809194565
54,0.0156215375543318,0.014770696870982647,0.124056034,0.12153476,0.7921478748321533,0.8042024970054626,0.08976680785417557,0.08836761116981506
55,0.01457417923533781,0.015476914122700691,0.120861664,0.12440624,0.8027142286300659,0.7948410511016846,0.08817781507968903,0.08720213919878006
56,0.014440403362228111,0.01371458638459444,0.12041644,0.11710929,0.8041650056838989,0.8182021379470825,0.08719221502542496,0.08391165733337402
57,0.014307015480219641,0.01419262308627367,0.1185791,0.1191328,0.8100956678390503,0.8118653297424316,0.08632095903158188,0.08626499772071838
58,0.0150151524100114,0.015385184437036514,0.122482784,0.124037035,0.7973862886428833,0.7960569858551025,0.0883687287569046,0.09078120440244675
59,0.015256384779191152,0.014924443326890469,0.12291444,0.122165635,0.7959557175636292,0.8021644949913025,0.08724382519721985,0.0899943858385086
60,0.014669506366110661,0.014007476158440113,0.12144608,0.118353195,0.8008016347885132,0.8143196105957031,0.08907204121351242,0.08670186251401901
61,0.014085143645802005,0.012925827875733376,0.11767411,0.113691814,0.8129832148551941,0.8286577463150024,0.0848332867026329,0.08133911341428757
62,0.014347391435876489,0.013262862339615822,0.11807728,0.1151645,0.8116995096206665,0.8241900205612183,0.08452486246824265,0.08156677335500717
63,0.014030497372997079,0.013891340233385563,0.117352985,0.11786153,0.814002513885498,0.8158590793609619,0.08372271060943604,0.08595655858516693
64,0.014821206219494343,0.013943527825176716,0.12154077,0.11808272,0.8004909157752991,0.8151673078536987,0.08879575878381729,0.08538670837879181
65,0.013231824067505922,0.013973178341984749,0.11477417,0.11820821,0.822087287902832,0.8147742748260498,0.08292414993047714,0.08372902125120163
66,0.012867292315191165,0.012588157318532467,0.11226358,0.11219696,0.8297855257987976,0.8331338167190552,0.0804533064365387,0.08270313590765
67,0.013039170912551608,0.012271438725292683,0.11334974,0.11077653,0.8264759182929993,0.8373321890830994,0.08086846023797989,0.08125115931034088
68,0.013155404859307137,0.012782898731529713,0.11435215,0.11306149,0.8233932256698608,0.830552339553833,0.0816706195473671,0.07896790653467178
69,0.012330123265697197,0.01304490678012371,0.11123583,0.11421431,0.8328878283500671,0.8270792365074158,0.0787682980298996,0.08084108680486679
70,0.013125569972378964,0.012349152006208897,0.114782475,0.111126736,0.8220615386962891,0.8363020420074463,0.08411071449518204,0.08015907555818558
71,0.011978383281860839,0.011790936812758446,0.10928095,0.10858609,0.8387099504470825,0.8437016010284424,0.07837066054344177,0.07725557684898376
72,0.01307119305287911,0.014054948464035988,0.113561206,0.11855357,0.8258278369903564,0.8136903047561646,0.0803123190999031,0.0853453278541565
73,0.01243562515909699,0.012418242171406746,0.11100628,0.111437164,0.8335767984390259,0.8353861570358276,0.08099976927042007,0.0793309360742569
74,0.012774118105880916,0.011317628435790539,0.112935305,0.106384344,0.8277425169944763,0.8499757051467896,0.08063124120235443,0.07816686481237411
75,0.012300289267758753,0.012098955921828747,0.11028913,0.10999525,0.8357202410697937,0.8396185636520386,0.07878731936216354,0.07827924937009811
76,0.012279217067936605,0.01227598637342453,0.11107698,0.11079705,0.833364725112915,0.8372719287872314,0.07980048656463623,0.07994506508111954
77,0.012380320303650065,0.013981957919895649,0.11130807,0.118245326,0.8326706886291504,0.8146578669548035,0.07930463552474976,0.083678238093853
78,0.011538412051529369,0.01293938048183918,0.10662494,0.113751404,0.8464547395706177,0.8284780979156494,0.07580187916755676,0.08115040510892868
79,0.011981091684323143,0.012208301573991776,0.10851539,0.11049119,0.8409618139266968,0.8381690979003906,0.07736088335514069,0.07799187302589417
80,0.011153633208860729,0.011785927228629589,0.10588605,0.10856301,0.8485754728317261,0.8437680006027222,0.07636550813913345,0.07757917791604996
81,0.011111119920811192,0.012409012764692307,0.10481511,0.111395754,0.851622998714447,0.8355085253715515,0.07395446300506592,0.07728121429681778
82,0.011470123278823767,0.011606516316533089,0.107131034,0.10773355,0.8449937105178833,0.846146285533905,0.07603089511394501,0.07499561458826065
83,0.011337451181713153,0.012375008314847946,0.106204644,0.11124302,0.8476629257202148,0.8359593152999878,0.07611643522977829,0.07877720892429352
84,0.011509666790847074,0.01462399959564209,0.10789878,0.12092974,0.8427640795707703,0.8061470985412598,0.07647479325532913,0.0869603380560875
85,0.012389314593747258,0.012727264314889908,0.11104888,0.11281518,0.8334490656852722,0.8312898278236389,0.07811401039361954,0.07932057231664658
86,0.01230960062027655,0.011697047390043736,0.1088556,0.10815289,0.8399630784988403,0.8449462056159973,0.07572845369577408,0.07620370388031006
87,0.010767868550663645,0.011291404254734516,0.10372719,0.10626102,0.8546872138977051,0.8503233194351196,0.07388336211442947,0.07302995771169662
88,0.011588963267224079,0.010512145236134529,0.10756364,0.10252875,0.8437393307685852,0.8606530427932739,0.0756547600030899,0.07278013974428177
89,0.010284218280999497,0.010363836772739887,0.10109956,0.10180294,0.8619561195373535,0.8626189827919006,0.0719197690486908,0.07259201258420944
90,0.010872962006198411,0.011682454496622086,0.10427537,0.10808541,0.8531472086906433,0.8451396226882935,0.07346557080745697,0.07702437788248062
91,0.010545805498788302,0.010659484192728996,0.10305105,0.10324478,0.8565754294395447,0.8586999177932739,0.07266876101493835,0.07386928796768188
92,0.010566465482539074,0.011175439693033695,0.10215445,0.10571395,0.8590603470802307,0.851860523223877,0.0723634734749794,0.0738971158862114
93,0.010987080062146892,0.011716971173882484,0.10411798,0.108244956,0.8535901308059692,0.8446820974349976,0.07274344563484192,0.07703530043363571
94,0.011468667155978355,0.011373012326657772,0.10629167,0.106644325,0.8474131226539612,0.8492415547370911,0.07556293159723282,0.07501225918531418
95,0.013426281268369745,0.01203648280352354,0.114867136,0.1097109,0.8217989206314087,0.8404467105865479,0.08026548475027084,0.0779067650437355
96,0.011376485651866957,0.010868236422538757,0.10523282,0.10425083,0.8504380583763123,0.8559327721595764,0.07435262203216553,0.07386427372694016
97,0.011253561761060899,0.01077403873205185,0.104605176,0.10379807,0.8522167801856995,0.8571814298629761,0.0738055482506752,0.07173191756010056
98,0.010712153966199945,0.010485471226274967,0.10393316,0.10239859,0.854109525680542,0.8610066175460815,0.07318834215402603,0.07111825793981552
99,0.009857317633842204,0.01060570776462555,0.09977765,0.10298402,0.8655424118041992,0.8594127893447876,0.06955918669700623,0.07062125205993652
100,0.010280116291886026,0.01054330263286829,0.100726105,0.10268058,0.8629740476608276,0.8602400422096252,0.07163155823945999,0.07496050745248795
101,0.010313415063799104,0.009375580586493015,0.101241276,0.09682758,0.861568808555603,0.8757191300392151,0.07175319641828537,0.0677238330245018
102,0.010409474711526524,0.010525026358664036,0.1020445,0.10259155,0.8593635559082031,0.8604823350906372,0.07205074280500412,0.0734340250492096
103,0.009704560295424679,0.011586691252887249,0.09896795,0.10764149,0.8677158355712891,0.8464090824127197,0.07094243168830872,0.07333802431821823
104,0.010326832569923929,0.011030693538486958,0.098936215,0.10502711,0.8678006529808044,0.8537792563438416,0.06833335012197495,0.07256016135215759
105,0.010892390347593888,0.010754847899079323,0.102682106,0.103705585,0.8576005697250366,0.8574358224868774,0.07181569188833237,0.07284516096115112
106,0.01115350970278748,0.011031166650354862,0.10134281,0.10502937,0.8612910509109497,0.8537729978561401,0.07095026224851608,0.07497924566268921
107,0.010125970425592228,0.009944949299097061,0.10035531,0.09972437,0.8639810681343079,0.8681716918945312,0.07220080494880676,0.06898477673530579
108,0.010141490831632505,0.010301385074853897,0.10087055,0.10149574,0.8625807762145996,0.863446831703186,0.06953510642051697,0.07271371781826019
109,0.008984746570190922,0.010014106519520283,0.095140465,0.10007051,0.8777498602867126,0.8672549724578857,0.06606430560350418,0.07099851220846176
110,0.0092540614370426,0.009986631572246552,0.096017495,0.09993313,0.8754856586456299,0.8676191568374634,0.06793506443500519,0.07006391137838364
111,0.009309419896453619,0.009139726869761944,0.095892735,0.09560192,0.8758090138435364,0.8788455724716187,0.06761835515499115,0.06710021197795868
112,0.00996896589640528,0.010182896628975868,0.099836975,0.10091034,0.8653824925422668,0.8650174736976624,0.07113251835107803,0.06980172544717789
113,0.009481030802073126,0.009310146793723106,0.096570514,0.0964891,0.8740472197532654,0.8765864968299866,0.06752550601959229,0.06801408529281616
114,0.00925192714203149,0.009351028129458427,0.09404455,0.09670071,0.8805500268936157,0.8760445713996887,0.0649419054389,0.06948032230138779
115,0.008777923479845578,0.009772899560630322,0.093945526,0.098857984,0.8808014988899231,0.870452344417572,0.066986583173275,0.06780170649290085
116,0.009439590207131749,0.009675752371549606,0.09658569,0.0983654,0.8740076422691345,0.8717401027679443,0.06763321906328201,0.0676819309592247
117,0.009431642183864658,0.01014648750424385,0.09618119,0.10072977,0.8750607371330261,0.8655001521110535,0.06734346598386765,0.07258564978837967
118,0.009137417031028732,0.009407115168869495,0.09468339,0.09699029,0.8789217472076416,0.8753011226654053,0.0676831603050232,0.0692748874425888
119,0.009197722337293353,0.009448128752410412,0.09622781,0.09720149,0.8749395608901978,0.8747574090957642,0.0681212767958641,0.06692782789468765
120,0.009210156075741079,0.009741081856191158,0.09611121,0.098696925,0.8752424716949463,0.8708741068840027,0.0662701353430748,0.07029549032449722
121,0.009278104883957316,0.009075010195374489,0.09627281,0.09526285,0.8748225569725037,0.8797034025192261,0.06609493494033813,0.067927785217762
122,0.008909860482989725,0.010308975353837013,0.09433102,0.10153312,0.879821240901947,0.8633462190628052,0.06619835644960403,0.0680798813700676
123,0.008937001185999676,0.009478163905441761,0.09424219,0.097355865,0.8800474405288696,0.8743593096733093,0.06597261130809784,0.06667222827672958
124,0.009417849666946991,0.01031953189522028,0.09530915,0.101585105,0.8773159980773926,0.8632062673568726,0.06590352952480316,0.07091239094734192
125,0.008826800325716084,0.009547966532409191,0.09327986,0.0977137,0.8824846744537354,0.8734340071678162,0.0663333311676979,0.06826017051935196
126,0.009854453144891357,0.008749432861804962,0.09745922,0.0935384,0.8717183470726013,0.8840191960334778,0.06749476492404938,0.06715675443410873
127,0.008578735001554543,0.009469093754887581,0.09170533,0.09730928,0.8864184617996216,0.8744795322418213,0.0651826485991478,0.06935583800077438
128,0.00951331301422959,0.010817553848028183,0.09732248,0.10400747,0.8720780611038208,0.8566045761108398,0.06812900304794312,0.0726790502667427
129,0.008539080302315679,0.01019926369190216,0.09178875,0.100991406,0.8862116932868958,0.8648005723953247,0.06382356584072113,0.07335161417722702
130,0.00845452238255265,0.009146220050752163,0.09159536,0.09563587,0.8866906762123108,0.878759503364563,0.0634789913892746,0.06581014394760132
131,0.008845218340866268,0.009036466479301453,0.094164155,0.09506033,0.8802460432052612,0.8802143335342407,0.06553799659013748,0.06707920134067535
132,0.007926449867558073,0.00889147911220789,0.08762468,0.09429464,0.8963017463684082,0.8821362853050232,0.0601290725171566,0.06548629701137543
133,0.00896214638752016,0.009149354882538319,0.09304082,0.09565227,0.8830862045288086,0.8787178993225098,0.06356401741504669,0.06828567385673523
134,0.008504913500721821,0.008642824366688728,0.091056995,0.092966795,0.8880187273025513,0.8854323625564575,0.0624566450715065,0.06515150517225266
135,0.008621166745962744,0.008761790581047535,0.09314101,0.09360444,0.8828343152999878,0.883855402469635,0.06473616510629654,0.06556007266044617
136,0.007968996990133415,0.011716972105205059,0.08868247,0.10824497,0.893782913684845,0.8446820974349976,0.061461783945560455,0.07921998202800751
137,0.009582445427606051,0.008817000314593315,0.097788274,0.093898885,0.870850682258606,0.883123517036438,0.06811117380857468,0.06644784659147263
138,0.007504481092010709,0.007533387281000614,0.086612016,0.08679509,0.8986847400665283,0.9001388549804688,0.06021774187684059,0.061537180095911026
139,0.008044495268470862,0.009373776614665985,0.08894396,0.09681827,0.8931556344032288,0.87574303150177,0.06047464907169342,0.06589625775814056
140,0.009525382351553575,0.008936434052884579,0.09317708,0.09453271,0.8827435374259949,0.8815403580665588,0.06420119851827621,0.06753972172737122
141,0.009240795371376655,0.009043261408805847,0.096144564,0.09509606,0.8751558661460876,0.8801242709159851,0.06818040460348129,0.06830175966024399
142,0.008222061135298149,0.008871173486113548,0.09067537,0.09418691,0.8889554142951965,0.8824054598808289,0.06377008557319641,0.06692389398813248
143,0.007477727877399461,0.008561545982956886,0.086382575,0.09252863,0.8992207646369934,0.8865097761154175,0.06067095696926117,0.06414908170700073
144,0.008642504520883615,0.00916643999516964,0.0924747,0.095741525,0.8845046162605286,0.8784914612770081,0.06386535614728928,0.06771667301654816
145,0.00807805985360491,0.00945120956748724,0.08981491,0.09721733,0.8910529613494873,0.874716579914093,0.0616580992937088,0.06849133968353271
146,0.0075390641260045495,0.008954787626862526,0.08717798,0.09462974,0.8973562717437744,0.8812970519065857,0.06020863354206085,0.06647862493991852
147,0.007763757984238592,0.009554717689752579,0.087117486,0.097748235,0.8974987268447876,0.8733445405960083,0.061101820319890976,0.06883841007947922
148,0.007379890239628201,0.009176828898489475,0.08516877,0.09579577,0.9020330905914307,0.8783537149429321,0.058110203593969345,0.0705103948712349
149,0.007730568632144819,0.009515664540231228,0.086469874,0.097548276,0.8990169763565063,0.8738621473312378,0.060085274279117584,0.06797366589307785
150,0.008522856334986334,0.009010840207338333,0.0909024,0.09492545,0.8883986473083496,0.8805540204048157,0.06419187039136887,0.06777091324329376
151,0.007766209585084157,0.008673833683133125,0.087926425,0.09313341,0.8955863118171692,0.8850213289260864,0.06122486665844917,0.06614375114440918
152,0.00738379622767256,0.008450238965451717,0.085794486,0.091925174,0.90058833360672,0.8879852890968323,0.05977848917245865,0.06552538275718689
153,0.007414879769467833,0.0075062476098537445,0.08603177,0.08663861,0.9000376462936401,0.900498628616333,0.060086194425821304,0.060702405869960785
154,0.006890229711478407,0.007884148508310318,0.082707405,0.08879273,0.9076137542724609,0.8954892754554749,0.05755537003278732,0.06214435398578644
155,0.007873168701983312,0.008139501325786114,0.08819764,0.09021919,0.8949411511421204,0.8921043276786804,0.061656247824430466,0.06507506966590881
156,0.007823595946485346,0.00807974673807621,0.08737758,0.08988742,0.8968857526779175,0.8928964138031006,0.06105298548936844,0.06412042677402496
157,0.008176791164177384,0.008234177716076374,0.090211116,0.09074237,0.8900895714759827,0.8908493518829346,0.06263401359319687,0.06389834731817245
158,0.007410204059190371,0.008979232050478458,0.08585509,0.09475881,0.9004478454589844,0.8809730410575867,0.059371743351221085,0.06645066291093826
159,0.007314649437003854,0.008328437805175781,0.085654564,0.09126028,0.9009122848510742,0.8895998597145081,0.06003299355506897,0.06282578408718109
160,0.006861551463688639,0.007823238149285316,0.08273621,0.088449076,0.9075493812561035,0.8962966799736023,0.05736607313156128,0.06226515397429466
161,0.007451089485336773,0.008000487461686134,0.085979015,0.08944545,0.9001601934432983,0.8939470648765564,0.06003522127866745,0.06234654411673546
162,0.006352323446084152,0.007402411662042141,0.07964728,0.08603727,0.9143236875534058,0.9018750786781311,0.056466054171323776,0.06142890080809593
163,0.00623578899434175,0.007126798387616873,0.07879568,0.08442037,0.9161460399627686,0.9055285453796387,0.055095087736845016,0.06004786491394043
164,0.0064616853805174205,0.008188196457922459,0.07989782,0.09048865,0.913783848285675,0.8914588689804077,0.0559907928109169,0.06219588965177536
165,0.006873021823015402,0.00812795665115118,0.08248275,0.090155184,0.9081149101257324,0.8922573924064636,0.05810878798365593,0.0634242445230484
166,0.006805171004750512,0.008134867995977402,0.08187133,0.0901935,0.9094721078872681,0.8921657800674438,0.0567161962389946,0.06579650193452835
167,0.006970685441046953,0.00898258201777935,0.08308152,0.09477648,0.9067760705947876,0.880928635597229,0.0582868866622448,0.06381538510322571
168,0.006473701891743324,0.007564705330878496,0.08010025,0.08697531,0.9133464097976685,0.8997237682342529,0.05623960122466087,0.060767412185668945
169,0.0075714437248693275,0.00808149203658104,0.08697482,0.08989712,0.8978341221809387,0.8928732872009277,0.059422045946121216,0.06253909319639206
170,0.006379350723529404,0.008585527539253235,0.079873756,0.092658125,0.9138357639312744,0.8861919045448303,0.05545910447835922,0.06887509673833847
171,0.00588567400964993,0.007260036189109087,0.076809034,0.085205846,0.9203211069107056,0.9037624001502991,0.0543188638985157,0.05779554322361946
172,0.006993750792885708,0.007356374990195036,0.08327087,0.08576931,0.9063506126403809,0.9024853110313416,0.05691932886838913,0.06099241226911545
173,0.006513523149558089,0.007250428199768066,0.08066603,0.085149445,0.9121179580688477,0.9038897156715393,0.05631666257977486,0.059610605239868164
174,0.007148987539535897,0.008130059577524662,0.082734734,0.090166844,0.9075526595115662,0.8922294974327087,0.05755675956606865,0.06168246641755104
175,0.0065031997457315974,0.007038997020572424,0.08011138,0.08389873,0.9133223295211792,0.9066924452781677,0.057046208530664444,0.05902834236621857
176,0.006678423749028959,0.007419334724545479,0.081787184,0.08613556,0.9096580743789673,0.9016507267951965,0.05809229984879494,0.06354355067014694
177,0.006196750433776866,0.007506192661821842,0.07799171,0.08663829,0.9178484678268433,0.9004993438720703,0.054978013038635254,0.06007104367017746
178,0.00638172350061888,0.008260445669293404,0.078705944,0.09088698,0.9163369536399841,0.8905011415481567,0.05450868234038353,0.06403835862874985
179,0.007079745880963112,0.006919176317751408,0.08152909,0.08318159,0.910227358341217,0.9082807302474976,0.05658913776278496,0.05788053944706917
180,0.006689425086898898,0.008157667703926563,0.0805616,0.09031981,0.9123453497886658,0.8918635249137878,0.05724691227078438,0.06371600925922394
181,0.006589270726015622,0.008290615864098072,0.08072117,0.09105282,0.9119977951049805,0.8901011943817139,0.0568353608250618,0.06494815647602081
182,0.007272817067463289,0.0085691437125206,0.08474033,0.09256967,0.9030162692070007,0.8864091038703918,0.058490313589572906,0.06445056200027466
183,0.0069333827810954644,0.007044036872684956,0.08323803,0.083928764,0.9064244627952576,0.9066256284713745,0.05710900202393532,0.06100112944841385
184,0.006953863247128373,0.00751178152859211,0.08217344,0.08667053,0.9088028073310852,0.9004253149032593,0.058089517056941986,0.06208053231239319
185,0.006178098794242198,0.007298280484974384,0.07903797,0.085429974,0.9156295657157898,0.9032554030418396,0.055086277425289154,0.059265267103910446
186,0.005975546585184268,0.007256465032696724,0.0766868,0.08518489,0.9205744862556458,0.9038097262382507,0.05417582765221596,0.060868363827466965
187,0.005262392430185256,0.007183823734521866,0.072598465,0.08475744,0.9288174510002136,0.9047726392745972,0.05084357410669327,0.05911276862025261
188,0.006477610652588985,0.006672984454780817,0.07899269,0.08168834,0.9157262444496155,0.9115442037582397,0.05394742637872696,0.05767140910029411
189,0.005607869767118245,0.006662151776254177,0.07256632,0.081622,0.9288804531097412,0.9116878509521484,0.051478061825037,0.05698772147297859
190,0.00597941283327104,0.007080657873302698,0.07662799,0.08414665,0.9206962585449219,0.906140148639679,0.05440719053149223,0.058970797806978226
191,0.006443924159446562,0.007837791927158833,0.07875831,0.08853131,0.9162255525588989,0.8961037397384644,0.05522717908024788,0.06409097462892532
192,0.006164558184206147,0.006807312835007906,0.07799439,0.08250644,0.9178428649902344,0.9097635746002197,0.05557515099644661,0.05905620753765106
193,0.006063010670583357,0.007487154100090265,0.07704205,0.086528346,0.9198369383811951,0.9007517099380493,0.05374985560774803,0.06031908094882965
194,0.007055987831501459,0.007182768080383539,0.08352211,0.0847512,0.9057846665382385,0.9047866463661194,0.0572742335498333,0.060136303305625916
195,0.006384194124786352,0.007155734114348888,0.078475095,0.08459157,0.9168269634246826,0.905144989490509,0.053673792630434036,0.05979352071881294
196,0.005953423938163641,0.007013261318206787,0.0768793,0.08374522,0.9201752543449402,0.9070335626602173,0.053803086280822754,0.05829803645610809
197,0.005801868138157509,0.007037954870611429,0.07593519,0.08389252,0.9221237897872925,0.9067062139511108,0.05439981445670128,0.060252197086811066
198,0.005205151281023229,0.006796897854655981,0.072332114,0.082443304,0.929338812828064,0.9099016189575195,0.051004134118556976,0.059619784355163574
199,0.005396774588999423,0.006860068533569574,0.0728741,0.082825534,0.9282758831977844,0.9090642929077148,0.05231061205267906,0.05744999647140503
200,0.005306161209856245,0.006407442037016153,0.072209835,0.0800465,0.9295775294303894,0.9150642156600952,0.051301680505275726,0.05743729695677757
201,0.005325154237322171,0.00673438236117363,0.073248334,0.08206329,0.9275373816490173,0.9107303619384766,0.052447736263275146,0.0580286867916584
202,0.005425378230442716,0.006670351605862379,0.07356242,0.08167222,0.9269145727157593,0.9115791320800781,0.0523720346391201,0.05739793926477432
203,0.005812339992685752,0.007208880968391895,0.074308045,0.08490513,0.9254255294799805,0.9044404625892639,0.05218081548810005,0.060346756130456924
204,0.005783638313666664,0.006433848291635513,0.07531363,0.08021127,0.9233934283256531,0.9147141575813293,0.053863756358623505,0.057005904614925385
205,0.005572541288777508,0.006922936998307705,0.072380416,0.08320419,0.9292443990707397,0.9082309007644653,0.05076862499117851,0.057215817272663116
206,0.006147349565501579,0.006549689453095198,0.07814772,0.08093015,0.9175195097923279,0.913178563117981,0.05413494259119034,0.05854573845863342
207,0.005043806137771092,0.007860562764108181,0.07077225,0.088659815,0.9323536157608032,0.8958019018173218,0.05025968328118324,0.06037396192550659
208,0.004794305968310006,0.006306121125817299,0.06951615,0.07941109,0.934733510017395,0.9164072871208191,0.04851273074746132,0.055546194314956665
209,0.004871120231903412,0.006878841668367386,0.068668015,0.08293878,0.9363163709640503,0.9088153839111328,0.04834279790520668,0.057879820466041565
210,0.005013024630236693,0.007969415746629238,0.070824586,0.08927158,0.9322535395622253,0.8943589925765991,0.04995197057723999,0.05935252457857132
211,0.005457392099990763,0.0066766319796442986,0.073458515,0.08171066,0.9271209239959717,0.9114958643913269,0.051410894840955734,0.05596185475587845
212,0.0047976715246808126,0.00617969548329711,0.0680853,0.07861104,0.9373926520347595,0.918083131313324,0.04752328246831894,0.05606049671769142
213,0.005287517322523689,0.005809613037854433,0.07249526,0.07622082,0.9290196895599365,0.9229888916015625,0.051710449159145355,0.05376056209206581
214,0.004937318661673503,0.006559447385370731,0.069986425,0.08099041,0.9338474869728088,0.9130492210388184,0.048934295773506165,0.05740034952759743
215,0.005630201929968528,0.007033215370029211,0.07427868,0.083864264,0.9254844188690186,0.9067690372467041,0.05199722945690155,0.059099551290273666
216,0.0051363133719529615,0.00670418469235301,0.071440965,0.08187909,0.9310691952705383,0.9111306071281433,0.0507526621222496,0.057619359344244
217,0.004753068825018338,0.006636631675064564,0.068573974,0.08146553,0.9364907145500183,0.9120261073112488,0.0493178628385067,0.05710185319185257
218,0.004430953460872512,0.006559518165886402,0.06678684,0.08099085,0.9397578239440918,0.9130483269691467,0.04730885103344917,0.056196179240942
219,0.005298332607542927,0.005841333419084549,0.07298162,0.076428615,0.9280641078948975,0.9225684404373169,0.05140967294573784,0.05493265762925148
220,0.004184666830538349,0.0061303493566811085,0.064851455,0.07829655,0.9431987404823303,0.9187372922897339,0.046464353799819946,0.05716772750020027
221,0.004290252648801966,0.006209454499185085,0.065129645,0.07880009,0.9427103400230408,0.9176886677742004,0.04565954953432083,0.054407957941293716
222,0.004287393036065623,0.005914557259529829,0.06509017,0.07690616,0.9427797794342041,0.9215977787971497,0.046254366636276245,0.052537720650434494
223,0.004067653030770915,0.005413752514868975,0.0638578,0.07357821,0.9449260234832764,0.9282363653182983,0.04513903707265854,0.05265004560351372
224,0.003626419170442122,0.006108092609792948,0.05950878,0.07815429,0.9521721601486206,0.9190323352813721,0.0432402566075325,0.05605379864573479
225,0.004679560211529447,0.005948997102677822,0.0685132,0.077129744,0.9366031885147095,0.9211412668228149,0.047567468136548996,0.05363347381353378
226,0.005014219675848091,0.0064310175366699696,0.06942961,0.080193624,0.934895932674408,0.9147517085075378,0.048852209001779556,0.056934963911771774
227,0.005221177680968222,0.0061666276305913925,0.07203621,0.078527875,0.9299157857894897,0.918256402015686,0.05033833533525467,0.05707663670182228
228,0.005066679578951814,0.005957018584012985,0.06939643,0.07718173,0.9349581599235535,0.9210349321365356,0.048678282648324966,0.05467953532934189
229,0.005392729368230159,0.0059595960192382336,0.07315967,0.077198416,0.9277126789093018,0.9210007786750793,0.05031856894493103,0.05469130352139473
230,0.005011432476087727,0.007142231334000826,0.07047851,0.08451173,0.9329139590263367,0.9053239822387695,0.04937928169965744,0.0607142448425293
231,0.004504030721198598,0.005791849922388792,0.06707354,0.0761042,0.939239501953125,0.9232243299484253,0.04796035960316658,0.05339214950799942
232,0.004568800314287232,0.007331985980272293,0.06757829,0.08562702,0.938321590423584,0.9028086066246033,0.04696936905384064,0.057831715792417526
233,0.005408279550134797,0.006803525146096945,0.07353795,0.082483485,0.926963210105896,0.9098137617111206,0.05061941221356392,0.05916011705994606
234,0.0043088975203731525,0.005634099245071411,0.06496362,0.07506064,0.9430020451545715,0.9253154993057251,0.04659657180309296,0.052444688975811005
235,0.004789074419849468,0.006123321130871773,0.06617577,0.07825165,0.9408552050590515,0.9188304543495178,0.04700550436973572,0.05375121161341667
236,0.004503686732443219,0.005600344855338335,0.06660749,0.07483546,0.9400809407234192,0.9257628917694092,0.04839424788951874,0.0526231974363327
237,0.0043928679131733425,0.006148303858935833,0.06646425,0.078411125,0.9403383731842041,0.9184992909431458,0.04664381220936775,0.05649900808930397
238,0.0040793202722191136,0.0060798791237175465,0.061819546,0.07797358,0.9483856558799744,0.9194062948226929,0.04516827315092087,0.053933821618556976
239,0.004610339846377346,0.006289047189056873,0.068261966,0.07930352,0.9370673298835754,0.9166336059570312,0.04839532822370529,0.05461202189326286
240,0.004974807300393216,0.007110869511961937,0.06976147,0.08432597,0.934272050857544,0.9057397246360779,0.048860952258110046,0.06138618662953377
241,0.004441329452674836,0.006114843767136335,0.0662702,0.07819747,0.9406862854957581,0.9189428091049194,0.04725048691034317,0.054827991873025894
242,0.00424680695339868,0.006103695835918188,0.06505146,0.078126155,0.9428478479385376,0.9190905690193176,0.046734776347875595,0.05536521598696709
243,0.003864859416022558,0.005936000496149063,0.061466448,0.07704545,0.9489735960960388,0.9213135242462158,0.04461861401796341,0.053458619862794876
244,0.004838699231516908,0.00550396041944623,0.06703094,0.07418868,0.9393166899681091,0.9270405769348145,0.04747365415096283,0.052886784076690674
245,0.004664539888670499,0.00580346304923296,0.067779414,0.076180466,0.9379539489746094,0.9230704307556152,0.04773591458797455,0.053736936300992966
246,0.004820878564549441,0.005965161137282848,0.06526038,0.077234454,0.9424801468849182,0.9209269881248474,0.0454459972679615,0.057086601853370667
247,0.005409465779931369,0.006844748742878437,0.072622955,0.082733,0.9287694096565247,0.9092673659324646,0.051066674292087555,0.058388907462358475
248,0.004331473695029589,0.0057279011234641075,0.06413855,0.0756829,0.9444406628608704,0.9240720272064209,0.04556556046009064,0.05216164514422417
249,0.0044395456630313265,0.005568926688283682,0.06604694,0.074625246,0.9410852193832397,0.9261794090270996,0.04724777117371559,0.05233709514141083
250,0.004435240291059017,0.005417945329099894,0.06512315,0.07360669,0.9427217841148376,0.9281807541847229,0.046412479132413864,0.05096859857439995
251,0.0038490709954534063,0.005394686479121447,0.061841223,0.073448524,0.9483494758605957,0.928489089012146,0.04395590350031853,0.052187856286764145
252,0.004063089843839407,0.005361298099160194,0.06351757,0.07322089,0.9455112814903259,0.9289316534996033,0.044005345553159714,0.052092768251895905
253,0.0041879289624789226,0.005676811560988426,0.06370593,0.07534462,0.9451876282691956,0.9247492551803589,0.043685056269168854,0.052661482244729996
254,0.003980494940399446,0.005470466334372759,0.06304587,0.0739626,0.9463176131248474,0.9274845719337463,0.045463379472494125,0.053165704011917114
255,0.00446567679120397,0.005555859766900539,0.06580957,0.074537635,0.9415079355239868,0.9263526201248169,0.04645167291164398,0.05167056992650032
256,0.00377719197422266,0.004915202036499977,0.06116656,0.0701085,0.9494702816009521,0.9348450303077698,0.0432584173977375,0.049605660140514374
257,0.004049852149116553,0.005797087214887142,0.061516162,0.07613861,0.9488910436630249,0.9231549501419067,0.043031930923461914,0.0546005479991436
258,0.004083313682878559,0.005034083500504494,0.06284567,0.070951276,0.9466580152511597,0.9332691431045532,0.04455292969942093,0.05069674178957939
259,0.00379898504417559,0.005059451796114445,0.061382245,0.07112982,0.9491133093833923,0.9329329133033752,0.0430794395506382,0.050399620085954666
260,0.0034424366445322944,0.005332447588443756,0.057213306,0.07302361,0.9557907581329346,0.929314136505127,0.0411415696144104,0.051642946898937225
261,0.0040508870628069744,0.005585158243775368,0.063535534,0.07473391,0.945480465888977,0.9259642362594604,0.044634487479925156,0.052778445184230804
262,0.004293056543577801,0.006738703232258558,0.06514879,0.0820896,0.9426766633987427,0.9106730818748474,0.045668575912714005,0.058429617434740067
263,0.0042709794070106,0.00571651803329587,0.06404377,0.075607665,0.944604754447937,0.9242229461669922,0.04432841017842293,0.053846850991249084
264,0.0037276902876328677,0.005169819574803114,0.059288714,0.071901456,0.95252525806427,0.9314698576927185,0.04223363474011421,0.051170047372579575
265,0.003949050923851742,0.004892259370535612,0.06279288,0.069944695,0.9467475414276123,0.9351491332054138,0.044802214950323105,0.04933670908212662
266,0.003937560691900382,0.004993073642253876,0.058794722,0.07066168,0.9533130526542664,0.9338127970695496,0.041315916925668716,0.04968906193971634
267,0.004382417973829433,0.0052842129953205585,0.0664175,0.072692595,0.9404222965240479,0.9299535155296326,0.04657156765460968,0.05110955610871315
268,0.003838242841249501,0.0058259498327970505,0.060933355,0.07632791,0.949854850769043,0.9227723479270935,0.043095625936985016,0.05597139894962311
269,0.004157122769604691,0.005661030765622854,0.06421953,0.07523982,0.9443002939224243,0.9249584674835205,0.04699183255434036,0.0536220483481884
270,0.003609650194200433,0.0054308087565004826,0.059817653,0.07369402,0.9516744017601013,0.9280102252960205,0.042231447994709015,0.0507085956633091
271,0.003496367907659574,0.004989237524569035,0.05845126,0.07063454,0.9538569450378418,0.933863639831543,0.04182475060224533,0.05030038580298424
272,0.0036879249673802406,0.005435476079583168,0.06018242,0.07372568,0.9510831832885742,0.9279483556747437,0.04226386174559593,0.049855586141347885
273,0.003632334677439014,0.005718073807656765,0.06003031,0.07561795,0.9513301849365234,0.9242023229598999,0.042283911257982254,0.05306369438767433
274,0.003196395605548539,0.004947754554450512,0.056676332,0.070340276,0.9566167593002319,0.9344135522842407,0.0404980331659317,0.05039810389280319
275,0.003015153559813784,0.004864393267780542,0.05477494,0.0697452,0.9594787955284119,0.9355185627937317,0.039954133331775665,0.04879095405340195
276,0.003489818048282442,0.004755775444209576,0.0590085,0.068962134,0.952972948551178,0.936958372592926,0.04241892695426941,0.049265094101428986
277,0.003573982521298934,0.005109147634357214,0.05739284,0.0714783,0.9555128812789917,0.9322741031646729,0.040927402675151825,0.04997682571411133
278,0.00355012823340737,0.004749114625155926,0.059598256,0.06891382,0.952028214931488,0.9370466470718384,0.04252324253320694,0.04841485247015953
279,0.0032240786161062056,0.004900685511529446,0.056671396,0.070004895,0.9566242694854736,0.9350374937057495,0.04055767133831978,0.049137238413095474
280,0.0037633509518028322,0.005754727870225906,0.060303256,0.07585992,0.9508865475654602,0.9237164258956909,0.042232614010572433,0.053604766726493835
281,0.003932498824063011,0.004800059832632542,0.062882066,0.069282465,0.9465962052345276,0.9363713264465332,0.0450761578977108,0.04880335181951523
282,0.003283643333072012,0.005384759046137333,0.056946896,0.07338092,0.9562015533447266,0.9286206960678101,0.040978845208883286,0.051948826760053635
283,0.002667731885925274,0.004826290532946587,0.051294506,0.069471516,0.9644646644592285,0.9360235929489136,0.03797600790858269,0.05040622875094414
284,0.003092047141928395,0.004766334313899279,0.05530312,0.06903864,0.9586935639381409,0.9368184208869934,0.039627306163311005,0.0513463169336319
285,0.0033149319907269355,0.004737020004540682,0.056825377,0.06882601,0.9563882350921631,0.9372069835662842,0.04091116786003113,0.04921542480587959
286,0.003021422210043635,0.004823860712349415,0.054887407,0.06945402,0.9593122005462646,0.9360558390617371,0.040182627737522125,0.050064731389284134
287,0.0028645550932692872,0.004716274328529835,0.053343404,0.06867514,0.9615691304206848,0.9374819993972778,0.038431279361248016,0.04898442327976227
288,0.003628554066050459,0.00464487262070179,0.057064675,0.0681533,0.956020176410675,0.9384284615516663,0.04019353538751602,0.04773065075278282
289,0.0036167819978965617,0.005101286340504885,0.059974782,0.07142329,0.9514201879501343,0.932378351688385,0.04275529086589813,0.05032309889793396
290,0.003938457862452858,0.005927777383476496,0.057258137,0.07699206,0.9557214975357056,0.92142254114151,0.03989401459693909,0.05439739674329758
291,0.005457135147563266,0.0051911016926169395,0.07148723,0.0720493,0.9309799075126648,0.9311877489089966,0.04986342787742615,0.05110234022140503
292,0.0043117770956913855,0.006026385817676783,0.06427548,0.077629805,0.9442031979560852,0.9201154112815857,0.045398831367492676,0.05396388843655586
293,0.003958655045029114,0.005205101333558559,0.061981704,0.07214639,0.9481145143508911,0.9310021996498108,0.04451149329543114,0.04985888674855232
294,0.003107151728313924,0.004863122943788767,0.05585992,0.06973609,0.957857608795166,0.9355353713035583,0.040630411356687546,0.04766103997826576
295,0.0032288216276686976,0.005032520741224289,0.056246683,0.07094026,0.9572719931602478,0.9332898855209351,0.0403890386223793,0.04944167286157608
296,0.0034091707493644208,0.0048618195578455925,0.056396883,0.06972675,0.9570435285568237,0.9355526566505432,0.0410490408539772,0.0486798919737339
297,0.00320344844261523,0.004739873576909304,0.05662818,0.06884674,0.9566904306411743,0.9371691346168518,0.041594088077545166,0.04794128239154816
298,0.0029780536715406924,0.005227261688560247,0.05458371,0.0722998,0.9597612023353577,0.9307084083557129,0.03904935345053673,0.048634953796863556
299,0.0032337290097282016,0.00457939924672246,0.05508071,0.06767126,0.9590251445770264,0.9392963647842407,0.038930341601371765,0.0480421744287014
300,0.0030481716808439655,0.005474169738590717,0.055031795,0.07398763,0.9590978622436523,0.9274354577064514,0.03939090669155121,0.05292976275086403
301,0.003145941874456846,0.0048896740190684795,0.055011436,0.0699262,0.9591281414031982,0.9351834058761597,0.039439812302589417,0.049023911356925964
302,0.00340209052559327,0.0051393755711615086,0.058537673,0.07168944,0.9537203907966614,0.9318734407424927,0.04237809404730797,0.049610238522291183
303,0.0031555778114125133,0.004746265709400177,0.055148724,0.06889315,0.958923876285553,0.937084436416626,0.03954257816076279,0.0479898564517498
304,0.003213863547319885,0.005119680427014828,0.05614272,0.07155194,0.957429826259613,0.9321345090866089,0.04017283022403717,0.05196969583630562
305,0.003100530061849647,0.005166052840650082,0.055031754,0.07187526,0.9590979218482971,0.9315198063850403,0.03923816233873367,0.051598504185676575
306,0.0035461799151645127,0.004925954155623913,0.057277646,0.07018515,0.9556912779808044,0.9347025156021118,0.04041106253862381,0.05115779489278793
307,0.003383009554289112,0.004264654126018286,0.057636432,0.065304324,0.9551344513893127,0.9434685707092285,0.04146609455347061,0.04538993164896965
308,0.00330337971734645,0.004469720181077719,0.0557569,0.06685597,0.9580128788948059,0.940750241279602,0.03948579356074333,0.047672487795352936
309,0.0029241135767237706,0.004710249602794647,0.054310706,0.06863126,0.9601627588272095,0.9375618696212769,0.04003223404288292,0.04745684564113617
310,0.0030877266174436295,0.004473759327083826,0.055280086,0.066886164,0.9587279558181763,0.9406967163085938,0.03972465172410011,0.046308841556310654
311,0.00278536593594419,0.004609869327396154,0.052738138,0.06789602,0.962436318397522,0.9388924837112427,0.03884192556142807,0.048126671463251114
312,0.0030155428949828174,0.004285071510821581,0.05374902,0.06546046,0.9609824419021606,0.9431979060173035,0.0393819659948349,0.04636654630303383
313,0.0030473249313548545,0.004534989595413208,0.053908154,0.06734233,0.9607511162757874,0.9398850798606873,0.03856878727674484,0.04903722181916237
314,0.002750265319429507,0.00483278464525938,0.05185188,0.06951823,0.9636881947517395,0.9359375238418579,0.03796651214361191,0.04915355518460274
315,0.003060701057124375,0.0041862837970256805,0.05461225,0.0647015,0.9597191214561462,0.9445074200630188,0.03906100615859032,0.04442836344242096
316,0.0028589581356341528,0.0048045143485069275,0.052317467,0.06931461,0.9630331993103027,0.9363123178482056,0.03756333887577057,0.04781094938516617
317,0.003299772228770466,0.004949661903083324,0.0570751,0.070353836,0.9560041427612305,0.9343882203102112,0.03939812257885933,0.048358719795942307
318,0.0027769209250850095,0.004656316712498665,0.052703995,0.06823721,0.9624849557876587,0.9382767677307129,0.038268912583589554,0.048068251460790634
319,0.002651819901075214,0.004766831640154123,0.051323988,0.06904224,0.9644237756729126,0.9368118047714233,0.03644898533821106,0.04846935719251633
320,0.0025458298993974245,0.004314721561968327,0.050510548,0.06568654,0.9655425548553467,0.9428048729896545,0.0366404764354229,0.04510944336652756
321,0.002731100552905859,0.004751843400299549,0.051019955,0.06893361,0.9648440480232239,0.9370104670524597,0.037308305501937866,0.04855872318148613
322,0.002719969962279058,0.004609794821590185,0.051818457,0.06789547,0.9637349843978882,0.9388934373855591,0.03751068934798241,0.047570012509822845
323,0.0027874921427362346,0.004929405637085438,0.051857006,0.07020973,0.9636810421943665,0.9346567392349243,0.03706875070929527,0.0481264591217041
324,0.002669758240120824,0.004402069840580225,0.050874077,0.0663481,0.9650447964668274,0.9416469931602478,0.03677714988589287,0.04700574278831482
325,0.002625014971603047,0.004277586005628109,0.05120477,0.06540326,0.9645888805389404,0.9432971477508545,0.037249334156513214,0.046104978770017624
326,0.002405367315408181,0.00407457398250699,0.04928416,0.06383239,0.9671955108642578,0.9459882378578186,0.035254135727882385,0.04546603187918663
327,0.0027887871785258703,0.004188779275864363,0.051613443,0.06472078,0.9640213847160339,0.9444743394851685,0.03750967979431152,0.04463374242186546
328,0.002848606318531727,0.004674069583415985,0.05338906,0.06836717,0.9615033268928528,0.9380414485931396,0.03736800700426102,0.048672668635845184
329,0.002614712115080858,0.004416253883391619,0.05093291,0.0664549,0.9649639129638672,0.9414590001106262,0.03644021973013878,0.047804445028305054
330,0.0027768587672405624,0.004448764491826296,0.05264838,0.06669906,0.9625640511512756,0.9410280585289001,0.037330225110054016,0.04608604684472084
331,0.0028924688442864203,0.004496689885854721,0.053431667,0.06705736,0.9614418745040894,0.9403927326202393,0.03845511004328728,0.04651537537574768
332,0.0029054624584122475,0.00448386138305068,0.053378597,0.066961646,0.961518406867981,0.9405627846717834,0.038626834750175476,0.0473078154027462
333,0.002691679403969002,0.0045174602419137955,0.051292486,0.06721205,0.964467465877533,0.9401174187660217,0.03713987395167351,0.0481528639793396
334,0.0030038694993973795,0.004599863663315773,0.053174224,0.06782229,0.9618124961853027,0.9390251040458679,0.03762168437242508,0.04750567674636841
335,0.002714845894264396,0.005157240200787783,0.051817052,0.07181393,0.9637369513511658,0.9316366314888,0.038807690143585205,0.05082026496529579
336,0.0025405324757395483,0.004363567568361759,0.049702212,0.06605731,0.966636598110199,0.9421573877334595,0.03548412024974823,0.04653206095099449
337,0.0026170372835953126,0.004682448692619801,0.050557874,0.06842842,0.9654779434204102,0.9379303455352783,0.035984694957733154,0.04782459884881973
338,0.0029538525559473783,0.004725196398794651,0.053109773,0.06874006,0.9619050621986389,0.9373637437820435,0.038228608667850494,0.048381321132183075
339,0.0029029332879211074,0.004484580364078283,0.05244484,0.06696701,0.962852954864502,0.9405532479286194,0.03848801180720329,0.04708857089281082
340,0.002808167054106227,0.0056367358192801476,0.053095922,0.075078204,0.9619249105453491,0.9252805113792419,0.038901377469301224,0.052018940448760986
341,0.0026887537916825913,0.004530956968665123,0.04954977,0.06731239,0.9668409824371338,0.939938485622406,0.035673465579748154,0.04840795695781708
342,0.0035673257873647594,0.004929077345877886,0.059056368,0.07020739,0.9528965950012207,0.9346610903739929,0.041189149022102356,0.047442879527807236
343,0.0033044013570443813,0.004894883371889591,0.056486882,0.06996344,0.956906259059906,0.9351143836975098,0.03959034010767937,0.050890181213617325
344,0.0032167840188115156,0.004769304767251015,0.05681827,0.069060154,0.9563992023468018,0.9367790222167969,0.040319740772247314,0.04736274853348732
345,0.002654036951505325,0.004462238866835833,0.051536832,0.0668,0.9641281366348267,0.9408494234085083,0.03724037483334541,0.047305673360824585
346,0.002458481038708917,0.004395593423396349,0.04920024,0.066299275,0.9673071503639221,0.9417328834533691,0.03569623455405235,0.04746367782354355
347,0.0024453838890291413,0.004257569555193186,0.049172334,0.065250054,0.9673442244529724,0.9435625076293945,0.035620950162410736,0.045349959284067154
348,0.002638971478022127,0.004203705117106438,0.049943466,0.06483599,0.9663119316101074,0.9442765116691589,0.035638853907585144,0.045963387936353683
349,0.0030946149675979873,0.005413031205534935,0.055154335,0.073573306,0.9589154720306396,0.9282459020614624,0.03860839456319809,0.04764721542596817
350,0.002818854472769255,0.004413112532347441,0.05273543,0.06643126,0.9624401926994324,0.9415006637573242,0.037505216896533966,0.04551105201244354
351,0.0025124787802765654,0.004750770516693592,0.049170624,0.068925835,0.9673464894294739,0.937024712562561,0.03604256734251976,0.04920725151896477
352,0.002525496344209056,0.004216588567942381,0.050083704,0.06493527,0.9661225080490112,0.9441057443618774,0.03643866628408432,0.046282216906547546
353,0.002528359973274002,0.004631116520613432,0.05011731,0.068052314,0.9660770297050476,0.9386107921600342,0.03561846911907196,0.04759877547621727
354,0.002276436592431062,0.004045690409839153,0.047913622,0.06360574,0.968994677066803,0.9463711380958557,0.03487006202340126,0.04487990215420723
355,0.0023210875092031943,0.004478001967072487,0.04801485,0.06691788,0.9688634872436523,0.9406404495239258,0.034894607961177826,0.047140441834926605
356,0.0022878341472030365,0.004248146433383226,0.047404043,0.06517781,0.9696506261825562,0.943687379360199,0.03432523459196091,0.04535575956106186
357,0.002311956894118339,0.004472305532544851,0.048102215,0.0668753,0.9687500596046448,0.9407159686088562,0.034589994698762894,0.046819064766168594
358,0.002477542782964354,0.004289606120437384,0.049375743,0.06549508,0.9670734405517578,0.9431378245353699,0.035255592316389084,0.04558339715003967
359,0.002368723236775788,0.004550892394036055,0.04819159,0.0674603,0.9686338305473328,0.9396742582321167,0.03468687832355499,0.04758511111140251
360,0.0031233039203057574,0.004663268104195595,0.05186946,0.068288125,0.9636635780334473,0.9381846189498901,0.036790501326322556,0.04846493527293205
361,0.0037317218296018177,0.0044046142138540745,0.060115658,0.06636727,0.9511916637420654,0.9416133165359497,0.04158160462975502,0.04726745933294296
362,0.0027530227724293418,0.004373406991362572,0.05181321,0.06613174,0.9637423157691956,0.9420269727706909,0.03747278451919556,0.04734541103243828
363,0.0024783596613402055,0.004409662913531065,0.049213618,0.0664053,0.9672893285751343,0.9415463805198669,0.03578564152121544,0.0450068935751915
364,0.002504006403879347,0.004447582643479109,0.050248258,0.0666902,0.9658995270729065,0.9410437345504761,0.035922735929489136,0.04611550644040108
365,0.002375990776768462,0.004355347249656916,0.048598133,0.06599506,0.9681023955345154,0.9422663450241089,0.035582710057497025,0.04704096168279648
366,0.002301776637481949,0.004576458595693111,0.047881242,0.06764953,0.9690365195274353,0.9393353462219238,0.034484680742025375,0.04799598827958107
367,0.002327900599497794,0.00426763528957963,0.048423517,0.06532714,0.9683312177658081,0.9434290528297424,0.03545685485005379,0.04541707783937454
368,0.002357017812424932,0.00429006852209568,0.04702965,0.06549861,0.9701281189918518,0.943131685256958,0.0342215821146965,0.046241872012615204
369,0.0031780775435353544,0.004456340800970793,0.05659153,0.06675583,0.9567464590072632,0.9409276247024536,0.03934423252940178,0.04664101451635361
370,0.0026431997777597808,0.00414177356287837,0.05029074,0.06435661,0.9658418297767639,0.9450974464416504,0.03545818850398064,0.045631904155015945
371,0.002211182047507133,0.004145321901887655,0.046237204,0.06438418,0.9711263179779053,0.9450504183769226,0.03384389355778694,0.04353479668498039
372,0.002170492262600667,0.0039749350398778915,0.04648875,0.06304709,0.9708113074302673,0.9473090171813965,0.034081846475601196,0.04585941508412361
373,0.0020567550593775445,0.0040540616028010845,0.04530422,0.063671514,0.9722798466682434,0.9462601542472839,0.03386259451508522,0.04464586079120636
374,0.0019794351114383476,0.004121895879507065,0.044017594,0.064201996,0.9738319516181946,0.9453609585762024,0.03257716819643974,0.04490329325199127
375,0.002253913865636357,0.004274363163858652,0.047055848,0.06537862,0.9700948596000671,0.9433398842811584,0.033962227404117584,0.04676550254225731
376,0.0021765396919694135,0.003865830134600401,0.046239857,0.0621758,0.9711230397224426,0.9487553238868713,0.03428627923130989,0.043888434767723083
377,0.0025560116760475053,0.004747715312987566,0.047641706,0.06890367,0.9693455696105957,0.9370651841163635,0.03307665139436722,0.0468357615172863
378,0.003501232258382846,0.004744166508316994,0.05878739,0.06887791,0.9533246755599976,0.9371122717857361,0.04125738516449928,0.047338906675577164
379,0.0030555920278526505,0.004184387624263763,0.05538268,0.06468685,0.9585745930671692,0.944532573223114,0.0399615615606308,0.045722879469394684
380,0.0022528335023459726,0.004143678583204746,0.04731417,0.064371414,0.9697656035423279,0.9450721740722656,0.03465332090854645,0.04630860313773155
381,0.002259297759420323,0.0036461390554904938,0.047215976,0.06038327,0.9698909521102905,0.9516674876213074,0.034446679055690765,0.04221605882048607
382,0.0022455081158444623,0.004695335403084755,0.046118736,0.06852252,0.9712741374969482,0.937759518623352,0.03378649428486824,0.04799535870552063
383,0.0025744202112863686,0.004224245436489582,0.04986293,0.06499419,0.9664204716682434,0.944004237651825,0.03549623116850853,0.045175109058618546
384,0.00228074309151535,0.0044074105098843575,0.047714088,0.066388324,0.969252347946167,0.9415762424468994,0.034768614917993546,0.04577038809657097
385,0.0021922614991622554,0.004086259286850691,0.046844136,0.06392386,0.9703633785247803,0.9458333253860474,0.0337667390704155,0.04431058093905449
386,0.0022011148526375605,0.0040777819231152534,0.046645463,0.06385751,0.9706141948699951,0.9459457397460938,0.034020066261291504,0.043796516954898834
387,0.0022157468735134567,0.004303806461393833,0.04682239,0.065603405,0.9703908562660217,0.9429495930671692,0.034346118569374084,0.045812658965587616
388,0.002551461120178415,0.0040046521462500095,0.049034145,0.063282326,0.9675275087356567,0.9469150900840759,0.034252267330884933,0.04327674210071564
389,0.0026354235464664684,0.004281679634004831,0.04955873,0.065434545,0.9668289422988892,0.9432429075241089,0.03604494035243988,0.04601828753948212
390,0.0034400538663083517,0.004969364497810602,0.05795289,0.07049372,0.9546404480934143,0.9341270923614502,0.04051591083407402,0.05081341415643692
391,0.0024625767308117993,0.004305217415094376,0.049288057,0.06561416,0.9671903252601624,0.9429308772087097,0.03557111322879791,0.04532338306307793
392,0.0021312296819153494,0.004445801023393869,0.04627214,0.06667684,0.9710826873779297,0.9410673379898071,0.03411922976374626,0.0467800572514534
393,0.0022336109620730645,0.004279415123164654,0.04647415,0.06541724,0.9708296656608582,0.9432728886604309,0.03368230536580086,0.04637836292386055
394,0.0028628890312657777,0.004127722233533859,0.051464744,0.064247355,0.9642283916473389,0.9452837109565735,0.035611700266599655,0.046227723360061646
395,0.0024760045026513662,0.004240645095705986,0.04953135,0.065120235,0.966865599155426,0.9437868595123291,0.035553619265556335,0.045982420444488525
396,0.0023841806766788727,0.004196791909635067,0.04842808,0.06478265,0.9683252573013306,0.9443681240081787,0.03551644831895828,0.045882999897003174
397,0.0023600930183998903,0.0039587062783539295,0.047417115,0.06291825,0.969633936882019,0.9475241303443909,0.03426556661725044,0.04340839758515358
398,0.0023794482536190612,0.00403592549264431,0.04825327,0.06352893,0.9685534834861755,0.9465005397796631,0.03482148423790932,0.04547218605875969
399,0.002290835913630541,0.003985119052231312,0.047077373,0.0631278,0.9700675010681152,0.9471740126609802,0.03441804647445679,0.04387430101633072
400,0.0020332415085497564,0.00414371257647872,0.045190345,0.064371675,0.972419023513794,0.9450717568397522,0.033010318875312805,0.04389335960149765
401,0.0020606189169815148,0.004098461475223303,0.04439821,0.06401923,0.9733774662017822,0.945671558380127,0.03241235390305519,0.04454552009701729
402,0.001991895337017592,0.004192901775240898,0.044189446,0.06475262,0.9736272096633911,0.9444196820259094,0.03227385878562927,0.046286243945360184
403,0.0020679922388146883,0.00403804425150156,0.04509726,0.063545614,0.9725325107574463,0.9464724659919739,0.03282877057790756,0.04443448781967163
404,0.001985384185734967,0.003932760562747717,0.044639196,0.06271173,0.9730876684188843,0.9478681087493896,0.03216873109340668,0.043219126760959625
405,0.0018321541071848267,0.003849105443805456,0.042542923,0.06204116,0.975555956363678,0.948976993560791,0.03170955553650856,0.043522097170352936
406,0.0022197064681677148,0.003828034969046712,0.04450509,0.061871115,0.9732491374015808,0.9492563009262085,0.032016295939683914,0.04217991977930069
407,0.002512088894780556,0.004571240395307541,0.04996451,0.06761095,0.9662835597991943,0.9394045472145081,0.03638673201203346,0.0479767806828022
408,0.0022946949730711904,0.0038451380096375942,0.046747994,0.062009174,0.9704848527908325,0.9490296244621277,0.03347166255116463,0.043413836508989334
409,0.0023877593260046774,0.0038645504973828793,0.04837064,0.062165514,0.9684003591537476,0.9487722516059875,0.034778472036123276,0.04408779740333557
410,0.00242987900855951,0.003971548285335302,0.04873997,0.063020214,0.967915952205658,0.9473539590835571,0.035379569977521896,0.043494682759046555
411,0.002112317121249031,0.004135983530431986,0.04564502,0.06431161,0.9718611836433411,0.9451742172241211,0.03277839347720146,0.04505719244480133
412,0.0023792277391872963,0.0038514884654432535,0.045640063,0.06206036,0.9718673229217529,0.9489454030990601,0.03301127254962921,0.044038061052560806
413,0.002178985546131364,0.0038096776697784662,0.046523023,0.061722588,0.9707682728767395,0.9494996666908264,0.034423526376485825,0.043650638312101364
414,0.002297527506016195,0.004054348450154066,0.047864053,0.063673764,0.9690587520599365,0.9462563395500183,0.033744800835847855,0.04555484652519226
415,0.0022222307240802115,0.003777763107791543,0.045420215,0.061463505,0.9721376895904541,0.9499226808547974,0.033008985221385956,0.043459098786115646
416,0.002080647848991,0.0039352294988930225,0.04560464,0.06273141,0.9719109535217285,0.947835385799408,0.03298531845211983,0.04493069276213646
417,0.0018624939177904955,0.0038085179403424263,0.042873077,0.061713193,0.9751750826835632,0.9495150446891785,0.031820058822631836,0.04301212355494499
418,0.002254963079890744,0.00384026812389493,0.046224955,0.0619699,0.9711416363716125,0.9490941762924194,0.03350714221596718,0.043349068611860275
419,0.0022057591876628894,0.004051824100315571,0.046694092,0.06365394,0.970552921295166,0.9462897777557373,0.0335899256169796,0.04472106695175171
420,0.0019755929150216452,0.004049357492476702,0.044602685,0.06363457,0.9731316566467285,0.946322500705719,0.03239189088344574,0.044357072561979294
421,0.0017603912697681649,0.004244804382324219,0.04199655,0.06515216,0.9761797785758972,0.9437317252159119,0.030793707817792892,0.044274862855672836
422,0.0019011932070663368,0.003615553956478834,0.042370643,0.06012948,0.9757534861564636,0.9520729184150696,0.030853351578116417,0.04162830486893654
423,0.002364834531115114,0.0038405749946832657,0.04857047,0.061972376,0.9681386947631836,0.9490900635719299,0.034315671771764755,0.04235466569662094
424,0.0017486778802280737,0.004127756226807833,0.04137693,0.064247616,0.9768774509429932,0.9452832937240601,0.030151160433888435,0.045484282076358795
425,0.0027532030177429656,0.003856169991195202,0.050020598,0.062098067,0.9662078022956848,0.9488833546638489,0.03510306030511856,0.043345484882593155
426,0.00236508476452648,0.004055437166243792,0.04873065,0.06368232,0.9679282307624817,0.9462419152259827,0.03413335978984833,0.044083237648010254
427,0.0023664711651773277,0.003997070714831352,0.04794157,0.06322239,0.9689584374427795,0.9470155835151672,0.03443814814090729,0.04444093629717827
428,0.001992895953166722,0.004429231397807598,0.04335197,0.06655247,0.9746173620223999,0.9412869811058044,0.031998831778764725,0.04501723498106003
429,0.002137359747641974,0.003922055009752512,0.045365557,0.06262631,0.9722046852111816,0.9480099678039551,0.032563310116529465,0.044316280633211136
430,0.0021844694644890046,0.004062684718519449,0.046523295,0.063739195,0.9707679152488708,0.9461458325386047,0.033199820667505264,0.04518716782331467
431,0.002077874714318155,0.0037314994260668755,0.045412425,0.061086,0.9721472263336182,0.9505359530448914,0.03285336121916771,0.042531341314315796
432,0.002067579005432146,0.00380349182523787,0.04505245,0.061672457,0.9725870490074158,0.9495816230773926,0.032169368118047714,0.04292629659175873
433,0.0017014946735633368,0.003890233114361763,0.04137756,0.06237173,0.9768767952919006,0.9484318494796753,0.030414212495088577,0.045372143387794495
434,0.0022599007669751618,0.003942403942346573,0.04402747,0.06278857,0.9738202095031738,0.9477402567863464,0.03175077214837074,0.04520806670188904
435,0.002896263160933317,0.004091852810233831,0.051210307,0.06396759,0.9645812511444092,0.9457591772079468,0.03533463552594185,0.044918257743120193
436,0.0022365037240722977,0.004010466393083334,0.046433296,0.063328244,0.970880925655365,0.9468380212783813,0.03429342806339264,0.0445539727807045
437,0.00212641873142936,0.004097997210919857,0.04556341,0.064015605,0.9719617366790771,0.9456777572631836,0.03381098434329033,0.04464191943407059
438,0.002065025545148687,0.0038034503813833,0.04500903,0.061672125,0.9726398587226868,0.9495822191238403,0.032738957554101944,0.04395871236920357
439,0.002086097850802947,0.0037928747478872538,0.04557194,0.06158632,0.9719512462615967,0.949722409248352,0.03322933614253998,0.04326394200325012
440,0.0018281450849661435,0.004170565400272608,0.042848352,0.06457991,0.9752036929130554,0.9447157979011536,0.03145619109272957,0.044610023498535156
441,0.001884419116487896,0.0037160380743443966,0.043016005,0.060959313,0.9750092625617981,0.9507409334182739,0.03146064281463623,0.04301823675632477
442,0.0017192006886365232,0.003583329962566495,0.04135911,0.059860926,0.9768973588943481,0.95250004529953,0.029952440410852432,0.04162390157580376
443,0.0019099983645984057,0.0038222679868340492,0.043224435,0.061824493,0.9747664928436279,0.9493327736854553,0.03152472898364067,0.043264295905828476
444,0.001688742062965916,0.003514423966407776,0.04092157,0.05928258,0.9773836135864258,0.9534134864807129,0.03031681664288044,0.041350338608026505
445,0.0017235088836803864,0.0038213785737752914,0.040794577,0.0618173,0.9775237441062927,0.9493445754051208,0.02913372591137886,0.043939873576164246
446,0.0021142984967975117,0.004233076702803373,0.04470853,0.065062106,0.9730039834976196,0.9438871741294861,0.03268285468220711,0.046746160835027695
447,0.002208891599862413,0.004560418892651796,0.046997093,0.06753088,0.9701694846153259,0.9395479559898376,0.034700922667980194,0.04627802222967148
448,0.002494032158706845,0.0042084078304469585,0.049288757,0.06487224,0.967189371585846,0.9442141652107239,0.03544838726520538,0.047020118683576584
449,0.0018636448367033154,0.003716240171343088,0.04318733,0.060960975,0.9748098254203796,0.950738251209259,0.03155883774161339,0.04277368634939194
450,0.0018493237730581313,0.0037136992905288935,0.041768752,0.060940128,0.9764374494552612,0.9507719278335571,0.030270449817180634,0.042465679347515106
451,0.002006732213141566,0.0038052736781537533,0.044484526,0.061686903,0.9732738137245178,0.9495580196380615,0.03155821934342384,0.04233821481466293
452,0.001750134690982205,0.0038472916930913925,0.041962728,0.06202654,0.9762181043624878,0.9490010738372803,0.030803652480244637,0.043401770293712616
453,0.0018947938727003268,0.00382498512044549,0.043403767,0.061846465,0.9745566844940186,0.9492967128753662,0.03139623627066612,0.042589593678712845
454,0.0027024025621358305,0.003944496624171734,0.045717213,0.06280523,0.9717721343040466,0.9477125406265259,0.03185853362083435,0.04403526335954666
455,0.0026421623161612924,0.004124776925891638,0.049873866,0.06422443,0.9664057493209839,0.9453227519989014,0.0356549397110939,0.044869836419820786
456,0.002048397016055374,0.003851283108815551,0.04525232,0.062058706,0.9723433256149292,0.9489481449127197,0.03254018351435661,0.04358962923288345
457,0.0019787805729058823,0.003927769139409065,0.04413977,0.06267192,0.9736865162849426,0.9479342699050903,0.03164217621088028,0.04414786025881767
458,0.0023957675201183356,0.0037524625658988953,0.045070514,0.061257347,0.9725650548934937,0.9502580761909485,0.03206987306475639,0.043285295367240906
459,0.002501156699674373,0.00396359246224165,0.05014195,0.06295707,0.9660436511039734,0.9474593997001648,0.03680941462516785,0.04497576877474785
460,0.001961824542377144,0.003996624145656824,0.042905796,0.06321886,0.9751371741294861,0.9470215439796448,0.03138355165719986,0.04424821212887764
461,0.0019900332421953367,0.004045417532324791,0.0443548,0.0636036,0.9734295010566711,0.9463747143745422,0.03238813206553459,0.04417575150728226
462,0.0020166448058179494,0.004110509529709816,0.043950334,0.06411325,0.9739118814468384,0.9455118775367737,0.032344162464141846,0.045091986656188965
463,0.0018023024418983948,0.003917189314961433,0.042578604,0.062587455,0.9755148887634277,0.9480745196342468,0.03173460066318512,0.04276888817548752
464,0.0016766760395098986,0.003939141519367695,0.040264953,0.06276258,0.9781035780906677,0.9477835297584534,0.02969924919307232,0.04362364485859871
465,0.0019188792264850979,0.003651560517027974,0.042952206,0.060428146,0.9750833511352539,0.9515956044197083,0.030207434669137,0.04231253266334534
466,0.0018677316534608094,0.0041761621832847595,0.04309133,0.06462323,0.974921703338623,0.9446415901184082,0.030952591449022293,0.04346311837434769
467,0.0016438698935830457,0.0037032305262982845,0.040490083,0.060854178,0.9778580665588379,0.9509106874465942,0.02998332679271698,0.042782895267009735
468,0.0017414079312319782,0.004168648738414049,0.040081024,0.06456507,0.9783031940460205,0.9447411894798279,0.029153449460864067,0.04280715808272362
469,0.0018372563168999147,0.0038769275415688753,0.04136359,0.06226498,0.9768924117088318,0.9486082196235657,0.03020266629755497,0.04365982860326767
470,0.002546361699139445,0.004746062681078911,0.049997084,0.068891674,0.9662395715713501,0.9370871186256409,0.034272611141204834,0.047542329877614975
471,0.0018942895125788214,0.003701843786984682,0.04255137,0.060842782,0.9755462408065796,0.9509290456771851,0.031236160546541214,0.04250740259885788
472,0.0017372926866466348,0.0036188967060297728,0.041489437,0.060157266,0.9767515659332275,0.9520286321640015,0.030710801482200623,0.04130549728870392
473,0.0017085757611890915,0.0036823940463364124,0.040957704,0.060682733,0.9773436784744263,0.9511868953704834,0.03042687475681305,0.042019136250019073
474,0.0015279699516461485,0.0036188343074172735,0.038996913,0.060156748,0.9794610142707825,0.9520294666290283,0.028507502749562263,0.04308389499783516
475,0.001777829962189902,0.0033397716470062733,0.04134601,0.057790756,0.9769120216369629,0.9557286500930786,0.0301973894238472,0.03946380317211151
476,0.0017746455004354093,0.003425705712288618,0.04140508,0.05852953,0.9768459796905518,0.9545894861221313,0.02993883565068245,0.04078315943479538
477,0.001527196714464067,0.0035520531237125397,0.037958875,0.0595991,0.9805399179458618,0.9529146552085876,0.02837328054010868,0.04182243347167969
478,0.0018901123099071397,0.003839547745883465,0.041536517,0.061964083,0.9766987562179565,0.9491037130355835,0.02975677140057087,0.0436939038336277
479,0.002017272948499092,0.004056887701153755,0.044740215,0.0636937,0.9729657173156738,0.9462226629257202,0.03223811462521553,0.04394158348441124
480,0.0015872330695856363,0.0037745661102235317,0.03981122,0.061437503,0.9785943031311035,0.9499650597572327,0.029346683993935585,0.042186055332422256
481,0.0016633545958691022,0.004020247142761946,0.04018228,0.063405424,0.9781934022903442,0.9467083811759949,0.02963106334209442,0.04405766353011131
482,0.0020600516502533787,0.0041563124395906925,0.042135213,0.06446947,0.9760222434997559,0.9449047446250916,0.030466413125395775,0.04461512714624405
483,0.002943078034811399,0.003971761092543602,0.053513736,0.06302191,0.9613233208656311,0.9473510980606079,0.03684208542108536,0.043246977031230927
484,0.0021532487351743675,0.004051762167364359,0.045504425,0.063653454,0.9720342755317688,0.9462906122207642,0.03283539041876793,0.044978827238082886
485,0.0018299672480101105,0.003864639438688755,0.042884577,0.062166225,0.9751617312431335,0.9487711191177368,0.031134605407714844,0.04296319559216499
486,0.0018224744893483478,0.0035507057327777147,0.04231108,0.059587803,0.9758216142654419,0.9529325366020203,0.030639050528407097,0.041198279708623886
487,0.0015749417718986726,0.0037993548903614283,0.03953499,0.061638907,0.9788902997970581,0.9496364593505859,0.02919922024011612,0.043037183582782745
488,0.0015616957561261106,0.0038686299230903387,0.03905921,0.062198315,0.97939532995224,0.9487181901931763,0.028913091868162155,0.04304575175046921
489,0.0016174694584068757,0.003405785420909524,0.039076157,0.05835911,0.9793774485588074,0.9548535943031311,0.029299769550561905,0.0412789061665535
490,0.0019238737493816932,0.0034740837290883064,0.043274064,0.058941357,0.9747085571289062,0.9539481997489929,0.030999338254332542,0.040693335235118866
491,0.0015856853278819472,0.0034647283609956503,0.039389033,0.058861945,0.9790458679199219,0.9540722370147705,0.02903353050351143,0.04050375521183014
492,0.0016090880711668763,0.0037485200446099043,0.039314922,0.061225157,0.9791246652603149,0.9503103494644165,0.029046593233942986,0.04244107007980347
493,0.0021506545229137623,0.0036745520774275064,0.043740343,0.06061808,0.9741605520248413,0.9512908458709717,0.030985528603196144,0.04332282394170761
494,0.002274431907360188,0.004020055755972862,0.047753632,0.06340391,0.969201385974884,0.9467109441757202,0.03384316340088844,0.04380030184984207
495,0.0017023824422556738,0.0035085445269942284,0.040501658,0.05923297,0.9778453707695007,0.9534913897514343,0.030063871294260025,0.041642580181360245
496,0.0017078317283779722,0.003491890151053667,0.041042287,0.059092216,0.9772499799728394,0.9537121653556824,0.02974655106663704,0.041319213807582855
497,0.0019407387550348756,0.0036226813681423664,0.04133622,0.06018871,0.9769229292869568,0.9519784450531006,0.02995133213698864,0.04145311936736107
498,0.0017783567838540132,0.003680409863591194,0.041954834,0.060666382,0.9762270450592041,0.9512131810188293,0.03060455061495304,0.04226170480251312
499,0.0016363643861206417,0.0037524071522057056,0.04038828,0.061256897,0.977969229221344,0.9502587914466858,0.02993234246969223,0.04303280636668205
500,0.0016278227598046544,0.003395846113562584,0.040429372,0.05827389,0.9779244065284729,0.9549853205680847,0.029454192146658897,0.04039640352129936
501,0.001642683024825105,0.003620218252763152,0.03933621,0.06016825,0.9791020750999451,0.9520111083984375,0.02837640792131424,0.04124118760228157
502,0.0016570544301595708,0.003432283876463771,0.039553557,0.058585692,0.9788704514503479,0.9545023441314697,0.029274383559823036,0.04069390520453453
503,0.001811109917153689,0.003595879068598151,0.041694902,0.05996565,0.9765207171440125,0.9523337483406067,0.029429016634821892,0.04188349470496178
504,0.001657514462501488,0.0034545008093118668,0.04017244,0.058775,0.978204071521759,0.9542077779769897,0.029398372396826744,0.04176176339387894
505,0.0016303877809233118,0.003330068662762642,0.039820075,0.05770675,0.9785847663879395,0.9558572769165039,0.028916843235492706,0.040470585227012634
506,0.001575101713321849,0.0035938690416514874,0.0392488,0.059948884,0.9791948199272156,0.9523603916168213,0.028240831568837166,0.040695466101169586
507,0.0015085511086826127,0.003569911466911435,0.03828433,0.059748735,0.9802047610282898,0.9526779651641846,0.02782963402569294,0.04146914556622505
508,0.0014805251716593789,0.003557582851499319,0.038413458,0.059645474,0.9800710082054138,0.9528414011001587,0.028447261080145836,0.04172968491911888
509,0.0014704031187151982,0.003915319684892893,0.03838457,0.06257252,0.9801009893417358,0.9480992555618286,0.02834656834602356,0.043507274240255356
510,0.0015366747419730846,0.003294417168945074,0.037899073,0.057397015,0.9806011319160461,0.9563298225402832,0.027904247865080833,0.04043887183070183
511,0.0015921697102550586,0.003814609255641699,0.039326925,0.061762523,0.979111909866333,0.9494342803955078,0.02858332172036171,0.043655235320329666
512,0.0016605342521374537,0.003697628155350685,0.0397293,0.060808126,0.978682279586792,0.9509849548339844,0.02851344458758831,0.04289162904024124
513,0.0017074887781001796,0.0035794104915112257,0.041301604,0.059828173,0.976961612701416,0.9525520205497742,0.03005448915064335,0.04141034930944443
514,0.0014799204324266282,0.0036576169077306986,0.03786349,0.06047824,0.9806375503540039,0.9515153169631958,0.02739250287413597,0.04199276491999626
515,0.0016204299384050748,0.0035865658428519964,0.039710697,0.059887946,0.9787022471427917,0.9524571895599365,0.029092255979776382,0.041857898235321045
516,0.001514805742772296,0.0037591943982988596,0.03879747,0.06131227,0.979670524597168,0.9501688480377197,0.028430800884962082,0.04331691935658455
517,0.0014422494740839202,0.00343812326900661,0.037686646,0.05863551,0.9808180332183838,0.9544249176979065,0.02821684069931507,0.04017479717731476
518,0.0014673322809606113,0.003330514533445239,0.037694637,0.05771061,0.9808098673820496,0.9558513164520264,0.027938371524214745,0.04014375060796738
519,0.0015362417947141114,0.003756191348657012,0.039005183,0.061287776,0.9794523119926453,0.9502086639404297,0.028532497584819794,0.04308256506919861
520,0.0017395628687650474,0.00368479173630476,0.04022977,0.060702488,0.9781418442726135,0.9511551260948181,0.028818918392062187,0.04283023998141289
521,0.001407826325951398,0.0035437210462987423,0.037105914,0.059529163,0.9814046025276184,0.9530251026153564,0.027900442481040955,0.04076115041971207
522,0.0014761526822853325,0.0033188427332788706,0.038403403,0.0576094,0.9800814390182495,0.9560060501098633,0.028519071638584137,0.04078642278909683
523,0.0016087534472303973,0.0034732504282146692,0.03985006,0.058934294,0.978552520275116,0.9539592862129211,0.02919119969010353,0.04110345244407654
524,0.0015678954514442012,0.0039420886896550655,0.038788278,0.06278606,0.9796801805496216,0.9477444291114807,0.02799459733068943,0.0448739193379879
525,0.001666641579835083,0.003872228553518653,0.04076037,0.062227238,0.9775614142417908,0.948670506477356,0.029060307890176773,0.04349547624588013
526,0.001617124411330389,0.0038359954487532377,0.039864756,0.061935414,0.9785366654396057,0.949150800704956,0.028757497668266296,0.04260015860199928
527,0.0013510142929259348,0.003460831707343459,0.03596754,0.058828834,0.9825280904769897,0.954123854637146,0.026444382965564728,0.04085110127925873
528,0.0018605845504101705,0.0035887984558939934,0.042878717,0.059906583,0.9751685261726379,0.9524275660514832,0.029899723827838898,0.04098433256149292
529,0.001845234563172033,0.0033323003444820642,0.04184216,0.05772608,0.9763545989990234,0.9558276534080505,0.029591836035251617,0.040667030960321426
530,0.0019423434119248254,0.00363029888831079,0.042814482,0.060251962,0.9752428531646729,0.9518774747848511,0.030446546152234077,0.042581088840961456
531,0.001648590693631294,0.0034819459542632103,0.040178448,0.05900801,0.9781975746154785,0.9538440108299255,0.029710860922932625,0.04092346131801605
532,0.0016286102023018016,0.0036967983469367027,0.038930856,0.0608013,0.9795305132865906,0.9509959816932678,0.02853728085756302,0.04221408814191818
533,0.0016505926932123575,0.003481292864307761,0.039820414,0.05900248,0.9785844087600708,0.953852653503418,0.029037663713097572,0.040978338569402695
534,0.0015325826732970943,0.0037366251926869154,0.03766025,0.061127942,0.9808448553085327,0.9504680037498474,0.02755090221762657,0.04233095794916153
535,0.0015406987963201987,0.0035941340029239655,0.038524576,0.0599511,0.9799555540084839,0.9523568749427795,0.028396358713507652,0.04223540797829628
536,0.0016225307454905387,0.003439920023083687,0.040214535,0.058650833,0.9781583547592163,0.9544010758399963,0.02933911792933941,0.04127056524157524
537,0.0013981453852135348,0.0035879218485206366,0.03760599,0.059899267,0.9809000492095947,0.9524391889572144,0.027467332780361176,0.04178861156105995
538,0.0014743185483067382,0.0033414382487535477,0.03798552,0.057805177,0.9805125594139099,0.9557065367698669,0.027676014229655266,0.04043261334300041
539,0.001472758407048373,0.0034351954236626625,0.037936006,0.058610544,0.9805633425712585,0.9544637203216553,0.028121331706643105,0.039705708622932434
540,0.0013556809479434212,0.003548896871507168,0.035831634,0.05957262,0.9826598763465881,0.95295649766922,0.026322273537516594,0.0409867987036705
541,0.001780846768683246,0.0036246702075004578,0.04164217,0.060205232,0.9765800833702087,0.9519520998001099,0.029301103204488754,0.04173286631703377
542,0.0018711147276917472,0.0037182422820478678,0.0424652,0.060977396,0.9756451845169067,0.950711727142334,0.030120044946670532,0.0424419641494751
543,0.0013964877553834494,0.003564652521163225,0.036901154,0.059704714,0.9816092848777771,0.952747642993927,0.026953816413879395,0.04120165854692459
544,0.001282595844135027,0.0035896331537514925,0.035614423,0.05991355,0.9828695058822632,0.9524165391921997,0.02641211450099945,0.0415373258292675
545,0.001310095517758534,0.003477744059637189,0.035852965,0.0589724,0.9826392531394958,0.9538996815681458,0.02605646662414074,0.039963457733392715
546,0.0014910212948135186,0.003414072096347809,0.03860278,0.058430057,0.9798740744590759,0.9547437429428101,0.027837326750159264,0.0401027537882328
547,0.0014911361200078813,0.0035104863345623016,0.038211804,0.059249356,0.9802796840667725,0.9534657001495361,0.02806166186928749,0.04128091782331467
548,0.0012627644583434712,0.0034744604490697384,0.035511766,0.058944553,0.9829680919647217,0.9539432525634766,0.026354162022471428,0.039676155894994736
549,0.0019477112086447464,0.003733729710802436,0.039036263,0.061104253,0.9794195294380188,0.9505063891410828,0.026573214679956436,0.04232732951641083
550,0.002179026533584957,0.003584396792575717,0.046419427,0.059869833,0.9708983302116394,0.9524859189987183,0.031985510140657425,0.04136576130986214
551,0.0016711104015650396,0.0037588931154459715,0.0409301,0.061309814,0.9773741960525513,0.9501728415489197,0.030055630952119827,0.04420550540089607
552,0.0016305748180126432,0.003604927333071828,0.039718438,0.060041048,0.978693962097168,0.9522137641906738,0.02865186333656311,0.04295312613248825
553,0.0016283289587590843,0.003594085806980729,0.039164096,0.0599507,0.9792845249176025,0.9523574709892273,0.028474805876612663,0.041490111500024796
554,0.00162089361930901,0.0035901169758290052,0.040319525,0.059917584,0.9780442118644714,0.952410101890564,0.029598340392112732,0.041380155831575394
555,0.0013934731859163467,0.003533504670485854,0.037021816,0.05944329,0.981488823890686,0.9531605243682861,0.027284175157546997,0.04239882156252861
556,0.0014121886382450941,0.0036314711906015873,0.037345752,0.06026169,0.9811634421348572,0.9518619179725647,0.027232760563492775,0.042526740580797195
557,0.0014582828761459414,0.003402632661163807,0.037619576,0.058332093,0.9808862209320068,0.9548953771591187,0.027290746569633484,0.039734847843647
558,0.0015030970257198946,0.0034037877339869738,0.037293162,0.05834199,0.9812164902687073,0.9548800587654114,0.027014032006263733,0.040754880756139755
559,0.0016385018137622285,0.0033584909979254007,0.03891446,0.05795249,0.9795477390289307,0.9554805159568787,0.028214426711201668,0.04028830677270889
560,0.0016436438110593538,0.003929946571588516,0.040244777,0.06268929,0.9781255125999451,0.9479053616523743,0.028747983276844025,0.04307931661605835
561,0.001839142440902916,0.0033466394525021315,0.042343475,0.05785015,0.9757845997810364,0.9556375741958618,0.03108823299407959,0.03986066207289696
562,0.0014252265404634686,0.003695213235914707,0.037586723,0.060788266,0.980919599533081,0.9510169625282288,0.027410568669438362,0.04247331991791725
563,0.001402106580578468,0.0032033491879701614,0.036599226,0.056598138,0.9819089770317078,0.9575369954109192,0.026761608198285103,0.039129603654146194
564,0.0014578222035197541,0.0036811362951993942,0.038198497,0.06067237,0.9802933931350708,0.9512035846710205,0.02767343260347843,0.04332193732261658
565,0.0013710644945438783,0.0032785034272819757,0.036373,0.05725822,0.9821319580078125,0.9565408229827881,0.02716820314526558,0.03934047743678093
566,0.0013574117395116693,0.003134198719635606,0.03687225,0.055983916,0.9816380739212036,0.9584536552429199,0.027342846617102623,0.03932603821158409
567,0.0013441536165456373,0.0031275246292352676,0.036592297,0.055924274,0.9819158315658569,0.9585421085357666,0.026876576244831085,0.03888237103819847
568,0.0012469667099966582,0.003375090193003416,0.035034012,0.05809553,0.9834232926368713,0.9552604556083679,0.02546282857656479,0.04002790525555611
569,0.0013803550497290087,0.003286388935521245,0.03662351,0.057327036,0.9818850159645081,0.956436276435852,0.02624293975532055,0.03992598503828049
570,0.0013632307289464568,0.0032891337759792805,0.036409333,0.05735097,0.982096254825592,0.9563998579978943,0.026773521676659584,0.039864033460617065
571,0.0014105766141173344,0.003398548113182187,0.036292538,0.058297068,0.9822109341621399,0.9549494981765747,0.02632269077003002,0.03946942463517189
572,0.001517601264905269,0.0036367729771882296,0.038722634,0.060305666,0.9797489047050476,0.9517916440963745,0.02790682576596737,0.04171498492360115
573,0.0013627955102658068,0.003536939388141036,0.036272723,0.059472173,0.9822303652763367,0.9531150460243225,0.026828425005078316,0.04084399342536926
574,0.0013343898807017301,0.003245657542720437,0.03621434,0.056970675,0.9822875261306763,0.9569761753082275,0.026373663917183876,0.0388064943253994
575,0.0012094618948388168,0.0036260071210563183,0.03426171,0.060216337,0.9841460585594177,0.9519343376159668,0.025237837806344032,0.041490551084280014
576,0.001324177968358113,0.003411865094676614,0.036385726,0.058411174,0.9821194410324097,0.95477294921875,0.026519862934947014,0.039884019643068314
577,0.0012817886692408304,0.0031304038129746914,0.0358572,0.055950012,0.9826351404190063,0.9585039615631104,0.02693978138267994,0.038919951766729355
578,0.00152956258865412,0.0036695378366857767,0.038641725,0.06057671,0.9798334240913391,0.9513573050498962,0.028086893260478973,0.04210878163576126
579,0.001592494547367096,0.003522659884765744,0.037482172,0.059352003,0.9810255765914917,0.9533042907714844,0.026874013245105743,0.043074481189250946
580,0.0015491612178844991,0.0035851215943694115,0.039311383,0.059875883,0.9791284203529358,0.9524763226509094,0.029537351801991463,0.04165217652916908
581,0.0012281371878502382,0.003333024913445115,0.034581106,0.05773236,0.9838491082191467,0.9558180570602417,0.025429891422390938,0.03956979513168335
582,0.001389542538990182,0.003407418029382825,0.036216732,0.058373094,0.9822851419448853,0.9548319578170776,0.02671220898628235,0.04066486284136772
583,0.001478936745446514,0.003342485288158059,0.037671868,0.05781423,0.9808330535888672,0.9556926488876343,0.028066491708159447,0.0386662483215332
584,0.0014612087821164591,0.003245301079005003,0.03776869,0.056967545,0.9807344079017639,0.9569809436798096,0.027743378654122353,0.039184436202049255
585,0.0012794806455283172,0.0033499239943921566,0.035357185,0.05787853,0.9831160306930542,0.9555940628051758,0.026434699073433876,0.04078329727053642
586,0.00131318567648784,0.003580697812139988,0.035172902,0.059838932,0.9832915663719177,0.9525349736213684,0.02617849037051201,0.04093386232852936
587,0.0013203425650400195,0.0034584286622703075,0.03566302,0.05880841,0.9828227162361145,0.9541557431221008,0.026356691494584084,0.04140941798686981
588,0.0012070117849031124,0.003458744380623102,0.034920093,0.058811095,0.9835309386253357,0.9541515707969666,0.026067394763231277,0.04087061434984207
589,0.0011979155599626458,0.0036637727171182632,0.03348059,0.06052911,0.9848607182502747,0.9514337182044983,0.02502850443124771,0.04273832589387894
590,0.0014810856532263147,0.003430836135521531,0.036911767,0.05857334,0.9815987348556519,0.9545214772224426,0.027082161977887154,0.04161309450864792
591,0.0018737150001635944,0.0035861721262335777,0.041305166,0.059884656,0.9769576191902161,0.952462375164032,0.02970113977789879,0.04136913642287254
592,0.001562986766326834,0.003401507856324315,0.038780812,0.058322445,0.9796879887580872,0.9549102783203125,0.02819756604731083,0.039763443171978
593,0.0016737890069965613,0.00362841016612947,0.040887292,0.060236286,0.9774214625358582,0.9519025087356567,0.028779806569218636,0.04174008220434189
594,0.0013593969911612062,0.0032867162954062223,0.036360625,0.05732989,0.9821441173553467,0.9564319252967834,0.02709708921611309,0.04088490456342697
595,0.0014451707035980442,0.0033881706185638905,0.037377905,0.05820799,0.9811310172080994,0.9550870656967163,0.027699338272213936,0.04037239030003548
596,0.0014435270687417042,0.003288001986220479,0.037556767,0.057341103,0.9809499979019165,0.9564148783683777,0.027379553765058517,0.03977719321846962
597,0.0013440565817290917,0.0033367613796144724,0.03542689,0.057764705,0.9830493927001953,0.9557685256004333,0.02583613432943821,0.039875272661447525
598,0.0016582131806485863,0.0034726145677268505,0.036166467,0.058928896,0.982334315776825,0.9539676904678345,0.026055147871375084,0.04168511554598808
599,0.001970276368824257,0.0036252972204238176,0.043762136,0.06021044,0.9741348028182983,0.9519437551498413,0.030933499336242676,0.04076525196433067
600,0.0017416723355629736,0.003176857717335224,0.0413435,0.05636362,0.9769148230552673,0.9578881859779358,0.029096515849232674,0.03889227658510208
601,0.0015067335083255205,0.0033507903572171926,0.03862434,0.057886016,0.9798516035079956,0.9555825591087341,0.028048109263181686,0.040507666766643524
602,0.0014449643891897392,0.003440443193539977,0.037174415,0.058655296,0.9813358783721924,0.9543941617012024,0.026677556335926056,0.040455304086208344
603,0.0017660578702237797,0.00359163130633533,0.040046424,0.059930224,0.9783406257629395,0.9523900151252747,0.028730738908052444,0.04164475202560425
604,0.0017027379442218014,0.0036299992352724075,0.039307483,0.060249478,0.9791325330734253,0.9518814086914062,0.029124177992343903,0.04177027940750122
605,0.0018482637533452362,0.0034738490357995033,0.040492866,0.058939368,0.9778550267219543,0.953951358795166,0.0290504302829504,0.04069000855088234
606,0.001523262686201964,0.003340338123962283,0.038970247,0.05779566,0.9794890880584717,0.9557211399078369,0.028711864724755287,0.04034421965479851
607,0.0012922786025393923,0.0034301423002034426,0.035687834,0.058567416,0.9827988147735596,0.9545307159423828,0.026497898623347282,0.04058495908975601
608,0.0013625225427941505,0.0036291296128183603,0.03679113,0.060242258,0.9817187786102295,0.9518929719924927,0.026522289961576462,0.041784659028053284
609,0.001133220247786746,0.00332360970787704,0.033562463,0.05765076,0.9847866296768188,0.9559428691864014,0.02502494864165783,0.04064011946320534
610,0.0013318466490917754,0.003228183137252927,0.035174336,0.056817103,0.9832902550697327,0.9572078585624695,0.02587810717523098,0.03812588378787041
611,0.0014719802486731417,0.00327767850831151,0.036971558,0.057251014,0.9815390706062317,0.956551730632782,0.026368625462055206,0.039824604988098145
612,0.0014069687035358088,0.0035636655520647764,0.036599886,0.05969644,0.9819083213806152,0.9527607560157776,0.02653913013637066,0.041084740310907364
613,0.001495811172803356,0.003679038491100073,0.038202103,0.06065508,0.9802896976470947,0.9512313604354858,0.027690339833498,0.04170678183436394
614,0.0013602517984426495,0.003182200947776437,0.03672719,0.056411,0.9817822575569153,0.9578173756599426,0.026907438412308693,0.03866825997829437
615,0.0011852233398134228,0.0034814823884516954,0.034066122,0.059004087,0.9843265414237976,0.9538501501083374,0.0251227505505085,0.040303900837898254
616,0.001276741340089674,0.0031587553676217794,0.0353203,0.056202807,0.9831512570381165,0.9581281542778015,0.025591524317860603,0.03871825337409973
617,0.0012447579462208193,0.003274285001680255,0.034496646,0.057221368,0.9839279055595398,0.9565967321395874,0.025330055505037308,0.03909765183925629
618,0.0012490595981944352,0.003675284795463085,0.034768086,0.060624126,0.9836739897727966,0.9512811303138733,0.025524111464619637,0.04141753539443016
619,0.0013290257656163621,0.0034294610377401114,0.03635602,0.0585616,0.9821486473083496,0.9545397162437439,0.02582894079387188,0.04009130969643593
620,0.0015673315435626798,0.003361810464411974,0.03852252,0.057981122,0.9799576997756958,0.9554364681243896,0.02697695419192314,0.03928852826356888
621,0.0014544679566328837,0.0032033862080425024,0.03770427,0.056598462,0.9808000326156616,0.957536518573761,0.02727527543902397,0.03908996284008026
622,0.0014025179380868476,0.0031546910759061575,0.035207782,0.056166638,0.9832584261894226,0.9581820368766785,0.025197668001055717,0.039102111011743546
623,0.0014701710606459528,0.0033480473794043064,0.03727807,0.057862315,0.981231689453125,0.9556189179420471,0.02680394798517227,0.04019870236515999
624,0.0017127338082487272,0.0035153240896761417,0.040087,0.059290174,0.97829669713974,0.9534015655517578,0.02912093885242939,0.0417042002081871
625,0.0014208529411751608,0.003557931398972869,0.037657417,0.0596484,0.9808477759361267,0.9528367519378662,0.027806103229522705,0.04188014939427376
626,0.0014180833558467302,0.0034718227107077837,0.037619837,0.058922175,0.9808859825134277,0.9539781808853149,0.027244919911026955,0.040531519800424576
627,0.0015269027578390458,0.0033519810531288385,0.03797058,0.057896294,0.9805278778076172,0.9555667638778687,0.026957184076309204,0.04060574620962143
628,0.0012442227704344657,0.003325534285977483,0.03510267,0.057667445,0.9833582639694214,0.9559173583984375,0.02619871497154236,0.040083564817905426
629,0.0011619165558262136,0.003370001446455717,0.0338306,0.058051713,0.9845425486564636,0.9553279280662537,0.025144880637526512,0.04007282480597496
630,0.0013629721308296378,0.0033999793231487274,0.03655135,0.05830934,0.9819563031196594,0.9549305438995361,0.02620251663029194,0.03871579095721245
631,0.0013866683108393443,0.003251696703955531,0.03476312,0.057023652,0.9836786389350891,0.9568961262702942,0.0253349170088768,0.03942196071147919
632,0.0012164913926178335,0.003195710713043809,0.034747675,0.05653062,0.9836931228637695,0.9576382637023926,0.025753924623131752,0.039078522473573685
633,0.001326304466188462,0.003362120594829321,0.034932323,0.057983797,0.9835193753242493,0.9554323554039001,0.025876503437757492,0.03993359953165054
634,0.0012670377393739975,0.003310162341222167,0.035676785,0.05753401,0.9828094244003296,0.9561211466789246,0.02603817544877529,0.04072200134396553
635,0.0011179435850036416,0.0029906872659921646,0.032855045,0.05468718,0.9854211807250977,0.9603559970855713,0.024615535512566566,0.037581682205200195
636,0.0011331305828538132,0.0033222695346921682,0.0328692,0.057639133,0.98540860414505,0.9559606313705444,0.024526899680495262,0.040899042040109634
637,0.0012286669212202964,0.0031861134339123964,0.03471672,0.05644567,0.9837222099304199,0.957765519618988,0.026274031028151512,0.03929746896028519
638,0.0011677777987312186,0.00318173342384398,0.034025744,0.056406856,0.9843636751174927,0.9578235745429993,0.02498747408390045,0.038872119039297104
639,0.001116491040606475,0.002998462412506342,0.03274373,0.054758217,0.9855197668075562,0.9602529406547546,0.023957286030054092,0.038034357130527496
640,0.0012799448595615104,0.003143527079373598,0.033408996,0.05606717,0.984925389289856,0.9583300352096558,0.02422734908759594,0.03882131353020668
641,0.0013546225024831735,0.0031223236583173275,0.035763342,0.055877756,0.9827259182929993,0.9586110711097717,0.02587813511490822,0.039229631423950195
642,0.0012010193961693651,0.00331148412078619,0.034636885,0.057545494,0.9837969541549683,0.9561036229133606,0.02529105171561241,0.04145616292953491
643,0.0014446538751309906,0.0031965961679816246,0.036263213,0.05653845,0.9822396636009216,0.9576265215873718,0.026651062071323395,0.039054736495018005
644,0.0013311818713025953,0.002987534273415804,0.035870343,0.054658342,0.9826223850250244,0.9603978395462036,0.026132704690098763,0.037973739206790924
645,0.0011865986876232041,0.0031758740078657866,0.034555964,0.056354895,0.9838725924491882,0.9579012393951416,0.025418981909751892,0.04064086079597473
646,0.0011213462037796323,0.003162626875564456,0.03337786,0.056237236,0.9849535226821899,0.9580768346786499,0.024768248200416565,0.040134016424417496
647,0.0010126819569532845,0.003224252723157406,0.031662498,0.056782503,0.9864603281021118,0.9572599530220032,0.023163840174674988,0.03920663520693779
648,0.0010487658318280328,0.0030272318981587887,0.03195005,0.055020288,0.9862132668495178,0.9598715901374817,0.023845087736845016,0.038389820605516434
649,0.0013265920054188675,0.0032557398080825806,0.035174336,0.057059087,0.9832902550697327,0.9568425416946411,0.02489173784852028,0.03929179906845093
650,0.0014131467178231105,0.003316336078569293,0.037293807,0.05758764,0.9812158346176147,0.956039309501648,0.02665196731686592,0.039396338164806366
651,0.0010675793111493642,0.0032341028563678265,0.03233298,0.05686917,0.9858807921409607,0.9571293592453003,0.023900728672742844,0.03966185450553894
652,0.0011600544067650017,0.0033730182331055403,0.03381701,0.058077693,0.9845549464225769,0.9552879333496094,0.025258593261241913,0.040421679615974426
653,0.0012135836097348313,0.0033648284152150154,0.034801684,0.05800714,0.9836423993110657,0.9553964734077454,0.025631006807088852,0.03995129093527794
654,0.0011554691048910502,0.0031927754171192646,0.03399975,0.05650465,0.9843875765800476,0.9576771855354309,0.02507350966334343,0.039921216666698456
655,0.001193174463961358,0.0032475704792886972,0.034476276,0.05698746,0.9839468598365784,0.956950843334198,0.024562319740653038,0.03951337933540344
656,0.0011277709788621657,0.0032331040129065514,0.031922553,0.056860395,0.9862369894981384,0.9571425914764404,0.023360885679721832,0.039768531918525696
657,0.0012322710046481172,0.003056052140891552,0.034638267,0.055281572,0.9837956428527832,0.9594895839691162,0.026012536138296127,0.03913101553916931
658,0.0010334151236086407,0.0032628022599965334,0.03204817,0.057120945,0.9861284494400024,0.956748902797699,0.024279199540615082,0.03928413614630699
659,0.0010868565018013628,0.0030355777125805616,0.032057345,0.055096082,0.9861205220222473,0.9597609639167786,0.023588532581925392,0.03804794326424599
660,0.001188934504170902,0.0037278011441230774,0.033873413,0.06105572,0.9845033884048462,0.9505850076675415,0.02505500242114067,0.043260179460048676
661,0.0012851238081401045,0.003594084642827511,0.034702502,0.059950683,0.9837355017662048,0.9523575305938721,0.02564391680061817,0.041084788739681244
662,0.0015735190986147659,0.0031682979315519333,0.035594434,0.05628764,0.9828886985778809,0.9580016732215881,0.025616778060793877,0.03909033536911011
663,0.001702072790728628,0.0034444450866431,0.04041283,0.05868939,0.9779424667358398,0.9543411135673523,0.028355028480291367,0.04029969125986099
664,0.0014229306517253544,0.0036832946352660656,0.03580606,0.060690157,0.9826846122741699,0.9511749744415283,0.026008766144514084,0.042788561433553696
665,0.001760742172006179,0.00372707168571651,0.04114599,0.06104975,0.9771348834037781,0.9505946636199951,0.02957819774746895,0.04153776913881302
666,0.001464021386875009,0.003547325264662504,0.038110983,0.059559427,0.9803836345672607,0.9529773592948914,0.027084598317742348,0.040900375694036484
667,0.0011097443784819916,0.003146060975268483,0.03328612,0.05608976,0.9850360751152039,0.9582964181900024,0.025076348334550858,0.03874249383807182
668,0.0012770703562471847,0.003236008109524846,0.034818646,0.05688592,0.9836264848709106,0.9571040868759155,0.025253012776374817,0.03955067694187164
669,0.0015503668189260432,0.003339331364259124,0.037342887,0.05778695,0.9811663627624512,0.9557344913482666,0.02661910094320774,0.04014188423752785
670,0.0014202747247922657,0.0033662449568510056,0.037226595,0.05801935,0.9812834858894348,0.9553776979446411,0.027300482615828514,0.0407983772456646
671,0.001290519170156172,0.0032274199184030294,0.035492875,0.056810386,0.9829862117767334,0.9572179317474365,0.026299528777599335,0.03964480012655258
672,0.0013349467520707879,0.0031463196501135826,0.035952605,0.056092065,0.9825426340103149,0.9582930207252502,0.02597629651427269,0.03920101374387741
673,0.0012559566080612553,0.003284056670963764,0.03455719,0.05730669,0.9838714599609375,0.9564671516418457,0.02491629123687744,0.03981709107756615
674,0.0012797292134068398,0.0031814046669751406,0.03520651,0.056403942,0.9832596182823181,0.9578279256820679,0.025610290467739105,0.039225492626428604
675,0.0011180953370057978,0.0032279908191412687,0.032777607,0.056815412,0.9854897856712341,0.95721036195755,0.02394745871424675,0.03838769719004631
676,0.001138103075473654,0.0032980001997202635,0.033413067,0.05742822,0.9849217534065247,0.956282377243042,0.024236828088760376,0.0395665280520916
677,0.0009998131426982582,0.0031856056302785873,0.031350147,0.05644117,0.9867261052131653,0.9577722549438477,0.02363591454923153,0.03865933418273926
678,0.0009910604408518834,0.0032880576327443123,0.03133021,0.057341587,0.9867429733276367,0.9564141631126404,0.023633090779185295,0.03859137371182442
679,0.0010754877108741891,0.0032334367278963327,0.0312627,0.05686332,0.9868000745773315,0.957138180732727,0.022755755111575127,0.03830627724528313
680,0.001169529411444356,0.003577345982193947,0.034381993,0.05981092,0.984034538269043,0.9525793790817261,0.02490224502980709,0.04067293554544449
681,0.001304918269108219,0.003635754343122244,0.0336973,0.060297217,0.9846641421318054,0.9518051147460938,0.02493234910070896,0.04158206284046173
682,0.00408874021906575,0.004502793774008751,0.064062335,0.06710286,0.9445726275444031,0.940311849117279,0.041885096579790115,0.046598169952631
683,0.0021899501999459144,0.0038930338341742754,0.046166047,0.062394183,0.9712151288986206,0.9483947157859802,0.03298484906554222,0.04333920404314995
684,0.0015767677964917807,0.0034512525890022516,0.039458584,0.058747362,0.9789718389511108,0.9542508721351624,0.029037589207291603,0.04069015011191368
685,0.0013478892479642209,0.0033906390890479088,0.036538575,0.058229193,0.9819689393043518,0.9550543427467346,0.026895839720964432,0.04045850411057472
686,0.0013954777281138706,0.0034909453243017197,0.036500745,0.05908422,0.9820062518119812,0.9537246823310852,0.026056503877043724,0.041139811277389526
687,0.001446013267427175,0.0034240137320011854,0.036610015,0.058515072,0.981898307800293,0.9546119570732117,0.02652108669281006,0.04107287526130676
688,0.001592740711533803,0.003392422804608941,0.03944993,0.058244508,0.9789810180664062,0.9550306797027588,0.02902252785861492,0.04109339043498039
689,0.0015947287254014307,0.0033176569268107414,0.037672684,0.057599105,0.9808322191238403,0.956021785736084,0.027157939970493317,0.03914402052760124
690,0.0014832482398064299,0.0034487831871956587,0.037778486,0.058726344,0.9807243943214417,0.954283595085144,0.02747909538447857,0.04074552282691002
691,0.0012835730978457088,0.0032016325276345015,0.035811454,0.05658297,0.9826794266700745,0.9575597643852234,0.026544755324721336,0.039219290018081665
692,0.0011624425480311568,0.00319052510894835,0.033168063,0.056484737,0.9851420521736145,0.9577069878578186,0.024591969326138496,0.03950546309351921
693,0.0012589570687850937,0.0029914560727775097,0.033815406,0.054694206,0.9845564365386963,0.9603458642959595,0.02491229958832264,0.03847413510084152
694,0.0012619054323295131,0.0034448434598743916,0.03457077,0.05869279,0.9838587641716003,0.9543358087539673,0.025309281423687935,0.04100927338004112
695,0.0013172042540232228,0.00338539551012218,0.036142185,0.058184154,0.9823580384254456,0.9551238417625427,0.026934221386909485,0.04052724689245224
696,0.0012625011983221736,0.003156856866553426,0.03543717,0.056185916,0.9830395579338074,0.9581533074378967,0.025509916245937347,0.039567410945892334
697,0.001143756162491627,0.0032878185156732798,0.03305636,0.057339504,0.9852419495582581,0.9564173221588135,0.024703001603484154,0.04022710397839546
698,0.0011779124748004092,0.0032448824495077133,0.034336593,0.056963872,0.9840766787528992,0.9569864869117737,0.025062086060643196,0.03895867243409157
699,0.001030514854144051,0.0030140855815261602,0.03179628,0.054900687,0.986345648765564,0.9600458741188049,0.02345689944922924,0.03744777292013168
700,0.0011507675305686214,0.0032723932527005672,0.03330791,0.05720484,0.9850164651870728,0.9566217660903931,0.024107707664370537,0.0387951098382473
701,0.0011361086984503675,0.0031831262167543173,0.03220111,0.0564192,0.9859957098960876,0.9578050971031189,0.02386571653187275,0.03979117050766945
702,0.0013627599572911013,0.0033237228635698557,0.0360387,0.05765174,0.9824588894844055,0.955941379070282,0.02611587569117546,0.0393042117357254
703,0.0012089083915766837,0.0030776311177760363,0.03391657,0.055476405,0.9844638705253601,0.9592035412788391,0.0248141810297966,0.03805782273411751
704,0.0010733740848743103,0.003246868960559368,0.031804174,0.056981303,0.9863388538360596,0.956960141658783,0.02344004064798355,0.04102034866809845
705,0.0010998577556826851,0.003187177237123251,0.032977346,0.056455094,0.9853124022483826,0.9577513933181763,0.024501100182533264,0.038977425545454025
706,0.0010818721784744412,0.0032100281678140163,0.032582525,0.056657113,0.9856619834899902,0.9574484825134277,0.023800078779459,0.0399848073720932
707,0.001208587541689419,0.003126182360574603,0.03422298,0.055912275,0.9841818809509277,0.9585599303245544,0.024871964007616043,0.03754425048828125
708,0.000965940833504481,0.003036669921129942,0.030856265,0.05510599,0.9871410727500916,0.9597464799880981,0.022922739386558533,0.037233371287584305
709,0.0009685090401696718,0.0031202773097902536,0.030618895,0.05585944,0.987338125705719,0.9586381912231445,0.022482233121991158,0.03836439922451973
710,0.0013303808869254267,0.0031614601612091064,0.033612903,0.056226864,0.9847408533096313,0.9580922722816467,0.023846397176384926,0.03947804868221283
711,0.0013453469026981938,0.0031176572665572166,0.03447326,0.05583599,0.9839497208595276,0.9586729407310486,0.025328872725367546,0.0392674021422863
712,0.001332202198682353,0.0033355362247675657,0.035492297,0.057754107,0.9829867482185364,0.955784797668457,0.02569684199988842,0.04164808616042137
713,0.0013723235606448725,0.003189452225342393,0.035891537,0.056475233,0.9826018810272217,0.9577212333679199,0.02621757611632347,0.0381338894367218
714,0.001346299734326418,0.0032647792249917984,0.03464533,0.057138246,0.9837890863418579,0.9567227363586426,0.025240471586585045,0.03974707052111626
715,0.0013357617664785887,0.0034449410159140825,0.035924062,0.058693618,0.9825702905654907,0.954334557056427,0.026682374998927116,0.0397045873105526
716,0.0012667310326254335,0.0031784677412360907,0.034822583,0.056377903,0.9836227893829346,0.9578668475151062,0.025126297026872635,0.039416711777448654
717,0.001058660283557732,0.0032678397838026285,0.03179639,0.057165023,0.9863455295562744,0.9566821455955505,0.023262398317456245,0.040021926164627075
718,0.0010567383049585094,0.003145866561681032,0.032139286,0.056088027,0.986049473285675,0.9582989811897278,0.02382759377360344,0.03857014328241348
719,0.0011300664892504838,0.003280332777649164,0.032776184,0.05727419,0.9854910969734192,0.9565165638923645,0.02375977858901024,0.039035387337207794
720,0.0011216020423241637,0.0032477863132953644,0.033566315,0.056989353,0.9847831130027771,0.9569479823112488,0.024861115962266922,0.03908486291766167
721,0.001229180635577491,0.0033134405966848135,0.03204423,0.057562497,0.9861318469047546,0.9560776948928833,0.02366957999765873,0.04000908508896828
722,0.0014906401894139972,0.003333750180900097,0.036269136,0.057738636,0.9822338819503784,0.9558084607124329,0.025653596967458725,0.039388373494148254
723,0.0017890274664916267,0.003499870654195547,0.041787867,0.059159707,0.9764159321784973,0.953606367111206,0.027994168922305107,0.04139355570077896
724,0.0011516373355830597,0.003310845233500004,0.033292357,0.057539947,0.985030472278595,0.9561120867729187,0.024455588310956955,0.039006564766168594
725,0.001158806292964569,0.003429539268836379,0.034065504,0.058562268,0.9843271374702454,0.9545387029647827,0.024808205664157867,0.039894454181194305
726,0.00121444655418269,0.00303035881370306,0.033749826,0.055048697,0.9846162796020508,0.9598301649093628,0.024559561163187027,0.03842301294207573
727,0.001202863876559687,0.0033302283845841885,0.034390863,0.057708133,0.984026312828064,0.955855131149292,0.025178663432598114,0.04073619097471237
728,0.0010119276835625483,0.003653537482023239,0.031489003,0.0604445,0.9866082668304443,0.9515694379806519,0.023492593318223953,0.04281776025891304
729,0.0010895249771155332,0.003127745119854808,0.032133743,0.05592625,0.9860542416572571,0.9585392475128174,0.02379433438181877,0.03919189050793648
730,0.0009123806693506511,0.0032609333284199238,0.029768338,0.057104584,0.988031804561615,0.9567736983299255,0.022507602348923683,0.03900856897234917
731,0.0010160427647695708,0.003047018311917782,0.0316482,0.055199802,0.9864725470542908,0.95960932970047,0.02285485528409481,0.03853173926472664
732,0.0012322372442047874,0.002950005466118455,0.03382905,0.054313954,0.9845439791679382,0.960895299911499,0.02436048351228237,0.037892989814281464
733,0.0010260777410373769,0.003352150786668062,0.03114656,0.057897758,0.9868979454040527,0.955564558506012,0.022885289043188095,0.04021185636520386
734,0.0011262519540402784,0.0030050126370042562,0.03248598,0.054817997,0.9857468605041504,0.9601661562919617,0.023959677666425705,0.03783437982201576
735,0.0009664430558173494,0.0030728995334357023,0.030707233,0.055433743,0.9872649908065796,0.9592662453651428,0.022548116743564606,0.039154473692178726
736,0.0009358733037846501,0.0031707589514553547,0.030478647,0.05630949,0.9874538779258728,0.9579690098762512,0.022902190685272217,0.038854483515024185
737,0.0010448611891743812,0.0031279902905225754,0.030971494,0.05592844,0.9870448112487793,0.9585359692573547,0.022589368745684624,0.03780064359307289
738,0.0013679690812502733,0.0031288641039282084,0.03583912,0.05593625,0.9826526641845703,0.9585244059562683,0.02449934184551239,0.03945329040288925
739,0.0011277639694691804,0.003565362421795726,0.032645926,0.05971066,0.9856061339378357,0.9527382254600525,0.02394375018775463,0.04287756234407425
740,0.0011470471548488024,0.0031045095529407263,0.033767484,0.055718128,0.9846001863479614,0.9588472247123718,0.025633184239268303,0.038651008158922195
741,0.00121050777009011,0.0030615227296948433,0.03431899,0.05533103,0.9840930104255676,0.9594170451164246,0.024444079026579857,0.03858119994401932
742,0.0010474885493749753,0.0031364583410322666,0.03174274,0.056004096,0.9863916039466858,0.9584237337112427,0.023140573874115944,0.0396435372531414
743,0.00102800586451353,0.0032460743095725775,0.031122353,0.05697433,0.9869183301925659,0.9569706916809082,0.022819722071290016,0.03909630700945854
744,0.0011647118543888528,0.003053640481084585,0.032557316,0.055259757,0.9856842160224915,0.9595215320587158,0.02333720400929451,0.03904355317354202
745,0.001034494629658928,0.0029637101106345654,0.032179166,0.05443997,0.9860148429870605,0.9607136249542236,0.024448750540614128,0.03812891244888306
746,0.0009553559238239276,0.0030262768268585205,0.030500365,0.05501161,0.9874359965324402,0.9598842859268188,0.022527210414409637,0.038515184074640274
747,0.0009823323198361322,0.0029914039187133312,0.030922577,0.054693725,0.9870857000350952,0.960346519947052,0.023121602833271027,0.03812520205974579
748,0.0010234110430412163,0.0031666578724980354,0.031919483,0.05627306,0.9862396121025085,0.9580234289169312,0.0235375314950943,0.03933337703347206
749,0.00092213939007541,0.002887137234210968,0.030336367,0.05373209,0.9875707030296326,0.9617286920547485,0.022624140605330467,0.037804022431373596
750,0.001033060085980899,0.0032285077031701803,0.030981643,0.05681996,0.9870363473892212,0.9572035074234009,0.02272936888039112,0.038499657064676285
751,0.001164089480880648,0.003154279198497534,0.03177115,0.05616297,0.9863672256469727,0.958187460899353,0.02328537590801716,0.03918800875544548
752,0.0015630963184362786,0.0035715235862880945,0.039409537,0.059762225,0.9790240526199341,0.9526565670967102,0.02727517858147621,0.04074563831090927
753,0.001201331873413768,0.0031008196529000998,0.033676773,0.055685006,0.9846827983856201,0.9588961601257324,0.025043543428182602,0.0383436419069767
754,0.001209889168173752,0.0031376902479678392,0.034521937,0.056015093,0.9839043617248535,0.9584074020385742,0.024440649896860123,0.038591548800468445
755,0.0010400592992399734,0.0030241229105740786,0.032213822,0.054992028,0.9859846830368042,0.9599128365516663,0.02344151958823204,0.03749033808708191
756,0.0009605825312477959,0.00312635931186378,0.030901808,0.055913854,0.9871030449867249,0.9585576057434082,0.022707317024469376,0.03746830299496651
757,0.001197847560185685,0.0033322987146675587,0.033032835,0.057726067,0.985262930393219,0.9558277130126953,0.02368037775158882,0.038484085351228714
758,0.0010677394761428745,0.0030171419493854046,0.03237203,0.054928515,0.9858466982841492,0.9600053429603577,0.023897968232631683,0.03749041259288788
759,0.0009681592081588777,0.0032455497421324253,0.030399822,0.05696973,0.9875186681747437,0.9569776058197021,0.022449588403105736,0.038534149527549744
760,0.0009586131444931115,0.0031886512879282236,0.030755062,0.056468148,0.9872252941131592,0.9577318429946899,0.02293390780687332,0.040194761008024216
761,0.001016185284904416,0.0032624558079987764,0.03147245,0.057117913,0.9866223335266113,0.9567534923553467,0.022622978314757347,0.03938877210021019
762,0.0010507963121530008,0.0030593175906687975,0.03133147,0.0553111,0.9867419600486755,0.9594462513923645,0.022772759199142456,0.03714722394943237
763,0.0009710747154630636,0.0030241087079048157,0.030412544,0.054991897,0.987508237361908,0.9599130153656006,0.022394558414816856,0.038455840200185776
764,0.001084003573685715,0.003252529539167881,0.03274187,0.057030953,0.9855214357376099,0.9568850994110107,0.02405429258942604,0.038161903619766235
765,0.0010862288671143522,0.0033990461379289627,0.03063904,0.05830134,0.9873214960098267,0.9549428820610046,0.022907065227627754,0.04101051390171051
766,0.001304109813645482,0.0031825785990804434,0.03615037,0.056414347,0.9823499917984009,0.9578123688697815,0.026029091328382492,0.03821582347154617
767,0.0009608299151295796,0.0029412503354251385,0.030591397,0.054233294,0.9873608946800232,0.9610113501548767,0.022644883021712303,0.03648177906870842
768,0.0010173584345135498,0.003209821879863739,0.031672023,0.05665529,0.9864521622657776,0.9574512243270874,0.022866033017635345,0.04063214361667633
769,0.0011003778609764677,0.0029743099585175514,0.03217593,0.054537237,0.986017644405365,0.960573136806488,0.023687908425927162,0.03764163330197334
770,0.001033578778416003,0.0030826698057353497,0.03176841,0.055521797,0.9863695502281189,0.9591367244720459,0.023738667368888855,0.0374530591070652
771,0.0008945700987665491,0.0029199831187725067,0.02986934,0.05403687,0.9879504442214966,0.9612932801246643,0.022332077845931053,0.037620414048433304
772,0.0009059926960617304,0.003199180820956826,0.029998647,0.056561302,0.9878458976745605,0.957592248916626,0.022024188190698624,0.03928787261247635
773,0.0009527919041416185,0.0031132716685533524,0.030466126,0.0557967,0.987464189529419,0.9587310552597046,0.022726237773895264,0.03827637806534767
774,0.0009473678603006357,0.0030381667893379927,0.030788433,0.05511957,0.9871975183486938,0.9597266316413879,0.022474173456430435,0.03721591457724571
775,0.0011313859510912814,0.003165661823004484,0.03266247,0.056264218,0.9855915904045105,0.9580366015434265,0.022972967475652695,0.03830576315522194
776,0.0012072611147728326,0.0032304045744240284,0.034183834,0.05683665,0.9842180609703064,0.9571783542633057,0.025307735428214073,0.03875420242547989
777,0.0010491205360846254,0.0030462273862212896,0.032181013,0.05519264,0.9860132336616516,0.9596198201179504,0.023354243487119675,0.03805174678564072
778,0.0009777137820492499,0.0033741071820259094,0.031225415,0.058087066,0.986831545829773,0.9552735090255737,0.022454407066106796,0.039686255156993866
779,0.0011199063737876713,0.003147831419482827,0.03307557,0.05610554,0.9852247834205627,0.9582729339599609,0.023902496322989464,0.03895727917551994
780,0.0009208390163786879,0.002891035983338952,0.030085344,0.053768355,0.9877755641937256,0.9616770148277283,0.022549515590071678,0.03684995695948601
781,0.0009741617501607503,0.003141273744404316,0.031003207,0.056047067,0.9870182871818542,0.9583598971366882,0.02290942333638668,0.03907805308699608
782,0.0009319349780773998,0.0031761869322508574,0.029883048,0.056357667,0.9879394173622131,0.9578970670700073,0.022017650306224823,0.03803284093737602
783,0.0010423624745189127,0.003185734385624528,0.03148052,0.056442313,0.9866154789924622,0.9577705264091492,0.02284693531692028,0.03925366327166557
784,0.0010676935317777943,0.00303137325681746,0.03159028,0.055057906,0.9865220189094543,0.9598166942596436,0.0233591441065073,0.03856414556503296
785,0.0009703400077838028,0.002777267014607787,0.031104606,0.052699782,0.9869332313537598,0.9631850719451904,0.022533627226948738,0.03608962148427963
786,0.0008448307450056415,0.0029631489887833595,0.028784348,0.054434814,0.9888099431991577,0.9607210755348206,0.021552620455622673,0.038225460797548294
787,0.0009234627968081358,0.0030655753798782825,0.030342802,0.055367637,0.9875654578208923,0.9593633413314819,0.022507889196276665,0.03734983503818512
788,0.0010315045742159286,0.0030461056157946587,0.030760514,0.05519154,0.9872207641601562,0.9596214294433594,0.0221558827906847,0.03734468296170235
789,0.001270323621363125,0.003252870636060834,0.03556802,0.05703394,0.9829140901565552,0.9568805694580078,0.025656666606664658,0.04007324203848839
790,0.0011446683876618574,0.0032948802690953016,0.03245151,0.05740105,0.9857770800590515,0.9563236832618713,0.02394408918917179,0.03918273001909256
791,0.0010483682549833743,0.0031459906604140997,0.03221539,0.056089133,0.9859833121299744,0.9582973718643188,0.023272283375263214,0.03861105442047119
792,0.0012054732122289186,0.003242349252104759,0.03200459,0.05694163,0.9861661195755005,0.9570200443267822,0.02303440496325493,0.03942595794796944
793,0.0012326989797822369,0.0029413204174488783,0.03462953,0.054233942,0.9838038682937622,0.9610104560852051,0.024867018684744835,0.03750567138195038
794,0.0010083095588594335,0.0030364508274942636,0.031787638,0.055104,0.9863530397415161,0.9597494006156921,0.02321956306695938,0.03760584816336632
795,0.0009654936571182175,0.003411778248846531,0.030503415,0.05841043,0.9874334335327148,0.9547741413116455,0.022721420973539352,0.04086928442120552
796,0.0009611486695410514,0.0034225943963974714,0.030671855,0.058502946,0.9872943162918091,0.9546307325363159,0.02279234491288662,0.039112113416194916
797,0.001175214835463769,0.003338220529258251,0.03294672,0.057777338,0.9853397011756897,0.9557492136955261,0.023840827867388725,0.04009886458516121
798,0.0011086799078673887,0.003199318191036582,0.031680748,0.056562517,0.9864447116851807,0.9575904607772827,0.023500999435782433,0.03935309872031212
799,0.001216203724404543,0.003266669809818268,0.03357304,0.05715479,0.98477703332901,0.9566976428031921,0.023691240698099136,0.03905494138598442
800,0.0010905104083411227,0.0032980432733893394,0.032321244,0.057428595,0.9858910441398621,0.9562817811965942,0.023419329896569252,0.03981319069862366
801,0.0008953428491209211,0.0027610957622528076,0.029938262,0.05254613,0.9878947734832764,0.9633994698524475,0.02264847606420517,0.03644043579697609
802,0.0008735350949626246,0.002943886211141944,0.028578425,0.05425759,0.9889695048332214,0.9609764218330383,0.021348929032683372,0.036748092621564865
803,0.0012148418701888825,0.0031602371018379927,0.03468866,0.056215987,0.9837484955787659,0.9581084847450256,0.024547653272747993,0.039226457476615906
804,0.0009367169193203815,0.003125723684206605,0.030493902,0.055908173,0.9874413013458252,0.9585660099983215,0.022290987893939018,0.037557367235422134
805,0.0009416093062926931,0.002988215768709779,0.029728295,0.054664575,0.9880639910697937,0.9603887796401978,0.02197960391640663,0.03687075525522232
806,0.0008839092029533772,0.003001730889081955,0.02980472,0.054788053,0.9880025386810303,0.9602096080780029,0.02232140675187111,0.037714824080467224
807,0.0009121370742584324,0.0029503062833100557,0.029364767,0.05431672,0.9883541464805603,0.9608913064002991,0.021836109459400177,0.03753023222088814
808,0.001340856526935981,0.003205729415640235,0.031337418,0.05661916,0.9867368936538696,0.957505464553833,0.022020788863301277,0.03831231966614723
809,0.0018544834006620063,0.0035032201558351517,0.0429163,0.05918801,0.9751250147819519,0.9535620212554932,0.029214732348918915,0.041790056973695755
810,0.0010671650002636438,0.0034605867695063353,0.032691624,0.058826752,0.9855658411979675,0.9541271328926086,0.02372259832918644,0.04043827950954437
811,0.001458259726033165,0.0033373013138771057,0.037842356,0.05776938,0.9806591868400574,0.9557613730430603,0.025298217311501503,0.03929896652698517
812,0.0011597425314407287,0.002995850285515189,0.033387225,0.05473436,0.9849450588226318,0.9602875709533691,0.023959286510944366,0.0382605642080307
813,0.0009722007849962789,0.0028022704645991325,0.030111894,0.052936476,0.9877539873123169,0.9628536701202393,0.022219490259885788,0.036583755165338516
814,0.0009061236348564059,0.0031044823117554188,0.030074393,0.05571788,0.9877844452857971,0.9588475823402405,0.022476356476545334,0.03767935931682587
815,0.0009322214841218242,0.0031944429501891136,0.029488588,0.056519404,0.9882557392120361,0.9576550722122192,0.021522952243685722,0.03890658915042877
816,0.0008478070654250173,0.003040713956579566,0.028843008,0.05514267,0.9887642860412598,0.9596928954124451,0.021752381697297096,0.03786312788724899
817,0.001015671109516089,0.003276602365076542,0.031545043,0.057241615,0.986560583114624,0.9565659761428833,0.022919204086065292,0.0390346497297287
818,0.0009268952337813309,0.003090826328843832,0.030255958,0.055595204,0.9876365065574646,0.9590286016464233,0.02214069850742817,0.0380227230489254
819,0.0009579119941918179,0.0031270221807062626,0.030246923,0.055919785,0.9876438975334167,0.9585487842559814,0.02168411947786808,0.038701146841049194
820,0.000990188541023103,0.0031812069937586784,0.030642472,0.05640219,0.9873186349868774,0.957830548286438,0.02260516583919525,0.03809577226638794
821,0.0009692409472667019,0.0031504309736192226,0.0308819,0.0561287,0.9871196746826172,0.9582384824752808,0.022657016292214394,0.03851770982146263
822,0.0016572993706424975,0.0036538527347147465,0.04086296,0.060447108,0.9774483442306519,0.9515652656555176,0.028096841648221016,0.04119405150413513
823,0.001223916933998804,0.0032862110529094934,0.034033924,0.057325486,0.984356164932251,0.9564386010169983,0.02470453828573227,0.03962387889623642
824,0.0009877971407893876,0.0031757389660924673,0.03119252,0.056353696,0.9868592619895935,0.9579030275344849,0.023128734901547432,0.03874664008617401
825,0.0010174263416874137,0.0033191058319061995,0.03175861,0.057611685,0.9863779544830322,0.9560025930404663,0.02363545633852482,0.039300739765167236
826,0.0010988238037415695,0.0032582476269453764,0.031057289,0.057081062,0.986972987651825,0.9568092823028564,0.02225116826593876,0.03955185040831566
827,0.0011297608011359857,0.003260193858295679,0.03346912,0.0570981,0.9848710894584656,0.9567835330963135,0.02498580329120159,0.038286563009023666
828,0.0010471382437654856,0.0031410888768732548,0.031604834,0.05604542,0.9865095615386963,0.958362340927124,0.022920243442058563,0.03848152980208397
829,0.0010248527356783268,0.00317190564237535,0.031751912,0.056319673,0.9863837361335754,0.9579538106918335,0.023475663736462593,0.03823428973555565
830,0.0010405100157103416,0.002878980478271842,0.030878708,0.05365613,0.9871223568916321,0.9618368148803711,0.02241150476038456,0.03645166754722595
831,0.0008936149547067048,0.003055479610338807,0.029463725,0.055276394,0.9882755279541016,0.9594971537590027,0.021946556866168976,0.03695187717676163
832,0.0010536074980998158,0.0029678435530513525,0.030041482,0.05447792,0.9878112077713013,0.960658848285675,0.022102460265159607,0.03736157715320587
833,0.001137929782006805,0.003346594050526619,0.03292861,0.057849757,0.985355794429779,0.9556381702423096,0.023786745965480804,0.03992152214050293
834,0.0012265614733967761,0.0032351501286029816,0.03213447,0.056878377,0.9860536456108093,0.9571154713630676,0.02348717860877514,0.04012467712163925
835,0.00125010209210979,0.003123474307358265,0.03498552,0.055888053,0.9834691286087036,0.9585958123207092,0.02572229504585266,0.03810514137148857
836,0.0010497860295634548,0.0031257423106580973,0.031888787,0.055908337,0.9862660765647888,0.9585657715797424,0.023713061586022377,0.03826160728931427
837,0.0009046694348481568,0.0030828893650323153,0.029224994,0.05552377,0.9884647130966187,0.9591338038444519,0.021663568913936615,0.03726271167397499
838,0.0011115994354688817,0.0029071285389363766,0.033493567,0.053917795,0.9848489761352539,0.9614636898040771,0.024205230176448822,0.03751816228032112
839,0.0008548878745800307,0.003012629458680749,0.029059084,0.054887425,0.9885953068733215,0.9600651860237122,0.021536046639084816,0.038501910865306854
840,0.0009425645634606058,0.0031340084969997406,0.029941123,0.055982217,0.9878925085067749,0.9584562182426453,0.021714819595217705,0.03844253718852997
841,0.001136097254030491,0.0031057021114975214,0.033365134,0.05572883,0.9849649667739868,0.9588314294815063,0.023869376629590988,0.0384938046336174
842,0.000911033274447122,0.0030320894438773394,0.030256756,0.055064414,0.9876358509063721,0.9598072171211243,0.022368263453245163,0.03868602588772774
843,0.0008639526832584207,0.0032049426808953285,0.029099472,0.05661221,0.988563597202301,0.9575158953666687,0.02128412202000618,0.03925156220793724
844,0.0008704146464217708,0.0030523124150931835,0.029341595,0.055247743,0.9883725047111511,0.9595391154289246,0.02180185541510582,0.03850271925330162
845,0.0010362931881734933,0.003032077569514513,0.03130947,0.055064306,0.9867605566978455,0.9598073959350586,0.023152345791459084,0.037248395383358
846,0.0008427270341516388,0.0030318989884108305,0.029134646,0.05506268,0.9885359406471252,0.9598097205162048,0.02132299914956093,0.03846685588359833
847,0.0009673806317468089,0.002935148309916258,0.029142037,0.054177012,0.9885300993919373,0.9610922336578369,0.021417926996946335,0.03699253499507904
848,0.0009631552159341729,0.0031264284625649452,0.030824179,0.055914473,0.9871677756309509,0.9585566520690918,0.02255469746887684,0.03796357288956642
849,0.001010255769043314,0.0030451277270913124,0.03132346,0.055182677,0.9867486953735352,0.9596343636512756,0.022612648084759712,0.037128932774066925
850,0.001074972656417892,0.0032643491867929697,0.0307271,0.057134483,0.9872484803199768,0.9567283987998962,0.021879350766539574,0.03907563537359238
851,0.0011948156712936577,0.0029643129091709852,0.03370969,0.054445505,0.9846528172492981,0.9607056379318237,0.0241189394146204,0.037279896438121796
852,0.0008839004321171986,0.0030304482206702232,0.029130012,0.05504951,0.9885395765304565,0.9598289728164673,0.021864766255021095,0.03751346468925476
853,0.0008929327291711656,0.003200884908437729,0.029711695,0.05657636,0.9880773425102234,0.9575697183609009,0.021773546934127808,0.03885069489479065
854,0.0007894581219509498,0.002939789090305567,0.028002627,0.054219823,0.9894095063209534,0.9610307216644287,0.02053040824830532,0.03676982596516609
855,0.0008402565078788691,0.002946225693449378,0.028929383,0.05427915,0.9886969327926636,0.9609454274177551,0.021381355822086334,0.03693242743611336
856,0.000819148522912821,0.0029423502273857594,0.027391281,0.054243434,0.9898668527603149,0.9609968066215515,0.020349979400634766,0.03746945038437843
857,0.0009044324853510426,0.003144599264487624,0.02939977,0.056076728,0.988326370716095,0.9583157896995544,0.021362069994211197,0.03791982680559158
858,0.0007724971768435684,0.0031071568373590708,0.027555726,0.055741876,0.9897448420524597,0.9588121175765991,0.020647967234253883,0.03781966120004654
859,0.0010862033972939985,0.0032370092812925577,0.031007133,0.056894723,0.9870150089263916,0.9570908546447754,0.022105291485786438,0.03851443529129028
860,0.0010663563609176147,0.003134855069220066,0.032679964,0.055989776,0.9855761528015137,0.9584449529647827,0.023040277883410454,0.03806038945913315
861,0.0011975093525093557,0.0029936577193439007,0.030975759,0.05471433,0.9870412349700928,0.9603166580200195,0.02241867035627365,0.03813173249363899
862,0.0010094172215427864,0.003123762784525752,0.0316292,0.055890635,0.9864887595176697,0.9585919976234436,0.023308977484703064,0.0374302975833416
863,0.001038076511494265,0.003048078855499625,0.030341055,0.05520941,0.9875668883323669,0.959595263004303,0.02216373197734356,0.038029614835977554
864,0.0010953289225157773,0.0030869420152157545,0.031855084,0.055560257,0.9862951040267944,0.9590801000595093,0.023252539336681366,0.03884107992053032
865,0.0012153406053337014,0.003141583874821663,0.034423545,0.056049835,0.9839959740638733,0.9583557844161987,0.024039125069975853,0.038079604506492615
866,0.0009390470063821836,0.003052575746551156,0.030288622,0.05525012,0.9876098036766052,0.9595356583595276,0.02213147096335888,0.03701773285865784
867,0.0009104485169783319,0.003210989758372307,0.028852975,0.0566656,0.988756537437439,0.9574357271194458,0.021515844389796257,0.038699544966220856
868,0.0010383801749081943,0.0030001364648342133,0.032219432,0.054773502,0.9859797954559326,0.9602307677268982,0.024145592004060745,0.037449970841407776
869,0.000825245317008177,0.003139728680253029,0.028855711,0.056033283,0.988754391670227,0.9583803415298462,0.021135980263352394,0.03880198299884796
870,0.00077070624088678,0.0030011285562068224,0.027465837,0.05478256,0.9898116588592529,0.9602175951004028,0.020543154329061508,0.03690371662378311
871,0.0008494031234559687,0.003018059302121401,0.027661681,0.054936867,0.9896658062934875,0.9599931836128235,0.02021075040102005,0.038281459361314774
872,0.0009723236005150036,0.0030099672731012106,0.031018969,0.05486317,0.9870051145553589,0.9601004719734192,0.022638827562332153,0.03747470676898956
873,0.0009448775096891702,0.003056826302781701,0.028485065,0.055288572,0.9890414476394653,0.9594793319702148,0.02079460583627224,0.03797238692641258
874,0.0011822386546885934,0.0032955484930425882,0.033942256,0.05740687,0.9844403266906738,0.9563148617744446,0.023995686322450638,0.03896908834576607
875,0.0009863534743834118,0.003025252604857087,0.030445425,0.0550023,0.9874811768531799,0.9598978161811829,0.02240893244743347,0.03756247088313103
876,0.0008758785691249861,0.003051682375371456,0.029625807,0.055242036,0.988146185874939,0.9595475196838379,0.02198510430753231,0.03728417679667473
877,0.0008919911726314405,0.0029705839697271585,0.029447522,0.05450306,0.988288402557373,0.9606225490570068,0.02143477275967598,0.037173911929130554
878,0.0010011180585768836,0.0029012514278292656,0.02989666,0.053863265,0.9879284501075745,0.9615415930747986,0.021931026130914688,0.03735405579209328
879,0.0012044188360133294,0.0033267377875745296,0.033405725,0.05767788,0.9849283695220947,0.9559013843536377,0.02408137358725071,0.039212342351675034
880,0.001150917117642662,0.0031153967138379812,0.03321172,0.05581574,0.9851028919219971,0.9587029218673706,0.024229401722550392,0.03862797096371651
881,0.0009164967235516418,0.003108925186097622,0.029268513,0.055757735,0.988430380821228,0.9587886929512024,0.02199254371225834,0.0384695790708065
882,0.0008743671258509329,0.0029438333585858345,0.02953616,0.05425711,0.9882177710533142,0.9609771370887756,0.021810639649629593,0.036616358906030655
883,0.0009511831131848422,0.0029907752759754658,0.030620696,0.05468798,0.9873366355895996,0.9603548645973206,0.022525819018483162,0.03784681856632233
884,0.0009288485347166319,0.0029237656854093075,0.030625192,0.05407186,0.9873329401016235,0.9612431526184082,0.0227549746632576,0.03712162375450134
885,0.0010075562882279469,0.002974966773763299,0.02976076,0.054543257,0.9880379438400269,0.9605644345283508,0.022170767188072205,0.037303611636161804
886,0.0009853866147089072,0.002956005046144128,0.030750414,0.054369155,0.9872291088104248,0.9608157873153687,0.02296142280101776,0.03740711510181427
887,0.0009317956355516799,0.0029318640008568764,0.030294348,0.05414669,0.9876051545143127,0.9611358046531677,0.02211184799671173,0.036622513085603714
888,0.0008699175205864859,0.0027950380463153124,0.028249953,0.05286812,0.9892216324806213,0.9629495143890381,0.020676694810390472,0.03603551536798477
889,0.0009523176453182135,0.0031117075122892857,0.030198418,0.055782676,0.9876835346221924,0.9587517976760864,0.021572304889559746,0.038217753171920776
890,0.0011265498873068611,0.003050808096304536,0.033054862,0.055234127,0.9852433204650879,0.9595590829849243,0.02368493191897869,0.03805837780237198
891,0.000940654930838553,0.0030371390748769045,0.030322481,0.055110242,0.9875820875167847,0.9597402811050415,0.02284957282245159,0.03832583129405975
892,0.0012814754710151728,0.003255025949329138,0.031468146,0.057052832,0.9866260290145874,0.9568520188331604,0.021952446550130844,0.03818955272436142
893,0.0010280833845503037,0.0031325132586061954,0.031838156,0.05596886,0.9863096475601196,0.9584760069847107,0.02315506897866726,0.03898656368255615
894,0.0008546233161310242,0.0031065039802342653,0.029117681,0.05573602,0.9885492920875549,0.9588207602500916,0.021778875961899757,0.038627367466688156
895,0.0008180115943435918,0.003147043753415346,0.028293766,0.05609852,0.9891881346702576,0.9582834243774414,0.02079300582408905,0.03745930641889572
896,0.0008488548456543041,0.0030921236611902714,0.028271327,0.055606868,0.9892053008079529,0.959011435508728,0.021073387935757637,0.03866957500576973
897,0.0008331650751642883,0.002974709728732705,0.028951872,0.0545409,0.9886793494224548,0.960567831993103,0.021510284394025803,0.03756658732891083
898,0.0007525437223111195,0.0030722192022949457,0.026949648,0.055427603,0.9901909828186035,0.9592752456665039,0.020145587623119354,0.03868137300014496
899,0.0007208316647765142,0.0029917475767433643,0.026646694,0.054696873,0.9904102683067322,0.9603419899940491,0.01965976506471634,0.0372854545712471
900,0.0009207208204315975,0.003760186256840825,0.0298206,0.06132036,0.9879897832870483,0.9501556754112244,0.020892441272735596,0.04067661613225937
901,0.0013869203500110996,0.0028823676984757185,0.037345037,0.053687684,0.9811641573905945,0.9617918729782104,0.024614598602056503,0.03777363523840904
902,0.0008243482059862634,0.002784543205052614,0.027537128,0.05276877,0.9897586703300476,0.9630886316299438,0.02056834101676941,0.03632063418626785
903,0.0008831608191196045,0.002890604082494974,0.029197669,0.05376434,0.9884862899780273,0.9616827368736267,0.0216497965157032,0.036860451102256775
904,0.0008073362445098941,0.0028275595977902412,0.027043171,0.0531748,0.9901227951049805,0.9625183939933777,0.020110338926315308,0.03636043518781662
905,0.000818046217980075,0.002800656482577324,0.02860449,0.05292123,0.9889493584632874,0.9628750085830688,0.021320832893252373,0.03642655909061432
906,0.0007436572711660781,0.0028933894354850054,0.027011124,0.053790234,0.9901462197303772,0.961645781993866,0.020016567781567574,0.03722230717539787
907,0.0006952063790363768,0.0029581566341221333,0.026476517,0.05438894,0.990532398223877,0.9607872366905212,0.01972045563161373,0.03655227646231651
908,0.0006838744997036305,0.0028481835033744574,0.025031276,0.053368375,0.9915377497673035,0.9622450470924377,0.01870828866958618,0.03552516922354698
909,0.0007741736302374524,0.003084912896156311,0.027603725,0.055541996,0.9897090792655945,0.959106981754303,0.020481696352362633,0.03817513957619667
910,0.0007657713027914393,0.0030372419860213995,0.027262645,0.055111177,0.9899618029594421,0.9597389101982117,0.02060011215507984,0.03668060526251793
911,0.0007098761555177837,0.0029575135558843613,0.026355745,0.054383025,0.9906185865402222,0.9607957601547241,0.019134540110826492,0.03752044588327408
912,0.0007534138190253129,0.0029825791716575623,0.027258437,0.054612994,0.9899649024009705,0.9604635238647461,0.020282797515392303,0.03685946390032768
913,0.0009543566967212511,0.0031605763360857964,0.030366747,0.056219004,0.9875457882881165,0.9581040143966675,0.02174023538827896,0.038341280072927475
914,0.0009362388055623425,0.00319572607986629,0.029957846,0.056530755,0.9878789782524109,0.9576380848884583,0.02191440388560295,0.03907831013202667
915,0.0008611453939176334,0.0029466620180755854,0.029158482,0.054283164,0.988517165184021,0.9609396457672119,0.02189812995493412,0.03715091571211815
916,0.0008386341095584529,0.002763737691566348,0.027986635,0.05257126,0.9894216060638428,0.9633644223213196,0.02054593525826931,0.035295456647872925
917,0.0011111614519243383,0.003035991918295622,0.029674929,0.055099837,0.9881068468093872,0.9597554802894592,0.021048668771982193,0.038123030215501785
918,0.0011382171214791015,0.003171648131683469,0.032212883,0.056317385,0.985985517501831,0.9579572677612305,0.023277202621102333,0.0398518331348896
919,0.0011071911867475137,0.002850715536624193,0.033202127,0.053392094,0.9851115345954895,0.9622114896774292,0.023932963609695435,0.03694681450724602
920,0.0008719378344143148,0.003013080917298794,0.029140368,0.054891538,0.9885314702987671,0.9600591659545898,0.02161659300327301,0.03797462582588196
921,0.0008409831352764741,0.003103962866589427,0.028754584,0.055713218,0.9888330698013306,0.9588544964790344,0.021555664017796516,0.03822258859872818
922,0.0009201634410684081,0.003236324293538928,0.03023573,0.056888703,0.9876530766487122,0.9570999145507812,0.021957702934741974,0.0385296456515789
923,0.0007416834394627421,0.0029336295556277037,0.02704989,0.05416299,0.9901179075241089,0.961112380027771,0.020115867257118225,0.037158723920583725
924,0.0007934438849174926,0.002937627024948597,0.028204989,0.05419988,0.9892559051513672,0.9610593914985657,0.020926326513290405,0.036052342504262924
925,0.0007658038812223822,0.002928433008491993,0.027344193,0.054115,0.9899016618728638,0.9611812829971313,0.020333943888545036,0.03717409819364548
926,0.0008253820110853253,0.0028308462351560593,0.027476108,0.053205695,0.9898040294647217,0.9624748826026917,0.020269332453608513,0.036596108227968216
927,0.0008761637410233644,0.003081911476328969,0.029327556,0.055514965,0.9883836507797241,0.9591467976570129,0.021687515079975128,0.037577539682388306
928,0.0008003039778982798,0.0029777020681649446,0.027578857,0.054568328,0.9897276163101196,0.9605281352996826,0.020256606861948967,0.03653137385845184
929,0.0009367972478767941,0.002951398491859436,0.028651934,0.054326776,0.9889127016067505,0.9608768224716187,0.020817147567868233,0.0372275747358799
930,0.000939028148422949,0.0030070217326283455,0.03068674,0.054836314,0.9872819781303406,0.9601395130157471,0.022194525226950645,0.037808895111083984
931,0.0007950970122527161,0.0031205094419419765,0.027392145,0.05586152,0.9898662567138672,0.958635151386261,0.020438872277736664,0.03848138824105263
932,0.0007552469218022783,0.002936871023848653,0.027194537,0.054192904,0.9900119304656982,0.9610694050788879,0.020073287189006805,0.036200620234012604
933,0.0009339746915925803,0.0028781818691641092,0.028447855,0.053648688,0.9890700578689575,0.9618473649024963,0.020713869482278824,0.037491243332624435
934,0.0014506776457313788,0.0030033376533538103,0.037786383,0.05480272,0.980716347694397,0.9601883292198181,0.02716703712940216,0.03736022114753723
935,0.0012852370643734255,0.0030571979004889727,0.03493074,0.055291932,0.9835208654403687,0.9594743847846985,0.024853579699993134,0.03748519346117973
936,0.0009762567034075884,0.002956598298624158,0.030986113,0.054374617,0.9870325922966003,0.9608079195022583,0.022986160591244698,0.037624213844537735
937,0.0010034224945808421,0.00304252072237432,0.02992286,0.055159047,0.9879072308540344,0.9596689343452454,0.021866779774427414,0.03792421519756317
938,0.001003364982766057,0.002878062194213271,0.031259548,0.05364757,0.9868027567863464,0.9618489742279053,0.022409113124012947,0.03662194311618805
939,0.000930949511133473,0.0029281475581228733,0.029929508,0.05411236,0.9879018664360046,0.9611850380897522,0.021817030385136604,0.0374457873404026
940,0.0007936000831912017,0.0030021679122000933,0.02820394,0.054792043,0.9892566800117493,0.9602038264274597,0.021024437621235847,0.03721552714705467
941,0.0008543108878339725,0.002939283847808838,0.02836061,0.054215163,0.9891369938850403,0.9610373973846436,0.021018046885728836,0.03689702972769737
942,0.000847417742823547,0.0028484652284532785,0.029059095,0.053371016,0.9885953068733215,0.9622412919998169,0.02121095173060894,0.03839212283492088
943,0.0008138043075715276,0.002937320852652192,0.028313523,0.054197054,0.9891730546951294,0.9610634446144104,0.02095906250178814,0.03797312453389168
944,0.0009472891357621517,0.0030026426538825035,0.029198106,0.054796375,0.9884859323501587,0.9601975679397583,0.021539924666285515,0.038695693016052246
945,0.0010422273798295382,0.0027618901804089546,0.031754036,0.052553687,0.9863818883895874,0.9633889198303223,0.02315182238817215,0.0359395369887352
946,0.0008841575876100582,0.002914995653554797,0.02924861,0.0539907,0.988446056842804,0.9613593816757202,0.0215150099247694,0.03792574629187584
947,0.0007855690458778885,0.002931681927293539,0.02768444,0.05414501,0.9896488189697266,0.9611381888389587,0.020828690379858017,0.03698178753256798
948,0.0008427825807964175,0.0027868838515132666,0.028848508,0.052790944,0.9887599945068359,0.9630576372146606,0.02129383012652397,0.036195725202560425
949,0.0008312328255587173,0.002954895608127117,0.027561657,0.054358948,0.9897404313087463,0.9608304500579834,0.020388752222061157,0.037198081612586975
950,0.0009624169529574415,0.0030216355808079243,0.031008685,0.054969408,0.9870136976242065,0.959945797920227,0.0224955752491951,0.03753863647580147
951,0.0008247191005714492,0.0028157364577054977,0.028224127,0.053063516,0.9892413020133972,0.962675154209137,0.02044331468641758,0.035779502242803574
952,0.0008668147010294805,0.0031596743501722813,0.029336594,0.05621098,0.9883764982223511,0.9581159949302673,0.020771531388163567,0.03958386182785034
953,0.0009259497826199301,0.0029016141779720783,0.029742576,0.053866632,0.9880525469779968,0.9615367650985718,0.021579254418611526,0.038269951939582825
954,0.0007615795012415302,0.00290064699947834,0.027229343,0.053857654,0.9899863600730896,0.9615495800971985,0.019891364499926567,0.03713082894682884
955,0.0007603235505732962,0.003029455663636327,0.027115319,0.05504049,0.9900700449943542,0.9598421454429626,0.020106174051761627,0.037692826241254807
956,0.000915546869112983,0.0029859605710953474,0.02999356,0.054643944,0.9878500699996948,0.960418701171875,0.022047674283385277,0.03726895898580551
957,0.0008003304518007843,0.0028019107412546873,0.027830033,0.05293308,0.989539623260498,0.9628584384918213,0.020173758268356323,0.0372689850628376
958,0.0008657818358518522,0.00283606955781579,0.028933475,0.05325476,0.9886937141418457,0.9624056220054626,0.021231312304735184,0.03740506246685982
959,0.0007578266515999778,0.0030230823904275894,0.027452879,0.054982565,0.9898212552070618,0.9599266052246094,0.020636815577745438,0.03794781118631363
960,0.0007783822425567037,0.0028624627739191055,0.02682706,0.05350199,0.990280032157898,0.9620557427406311,0.01998066157102585,0.03654024749994278
961,0.0007798731563856232,0.003036683425307274,0.027415745,0.05510611,0.989848792552948,0.9597463011741638,0.019636034965515137,0.03707034885883331
962,0.0010197208777588623,0.002921169390901923,0.02814398,0.054047845,0.9893023371696472,0.9612775444984436,0.020587962120771408,0.036985673010349274
963,0.0010257451728896492,0.0032399327028542757,0.03187221,0.056920405,0.9862803220748901,0.9570521116256714,0.022846072912216187,0.038441210985183716
964,0.0009270140210653401,0.0032300129532814026,0.029219707,0.056833204,0.9884688854217529,0.9571835994720459,0.0214114710688591,0.039520151913166046
965,0.0008187566299139606,0.0030946661718189716,0.028459704,0.055629726,0.9890609383583069,0.9589776992797852,0.02145097777247429,0.037877798080444336
966,0.0007232153690314259,0.0030570318922400475,0.026719393,0.05529043,0.9903578758239746,0.9594765901565552,0.020159903913736343,0.0379045233130455
967,0.0009739045787930743,0.002938580932095647,0.027384616,0.05420868,0.9898717999458313,0.9610467553138733,0.019824502989649773,0.037054743617773056
968,0.0009157877628405748,0.0028440195601433516,0.030160515,0.05332935,0.987714409828186,0.9623002409934998,0.022006403654813766,0.036848340183496475
969,0.0009472423645837063,0.0034305162262171507,0.030539239,0.058570612,0.987403929233551,0.9545257091522217,0.021598685532808304,0.04188443720340729
970,0.0009721303054406731,0.0029638437554240227,0.029509734,0.054441195,0.9882388710975647,0.9607118368148804,0.021801160648465157,0.03745415806770325
971,0.0008792225886612538,0.0027803638949990273,0.029475166,0.05272916,0.9882664084434509,0.963144063949585,0.022003289312124252,0.035980548709630966
972,0.0008707223208726977,0.0030203426722437143,0.028724939,0.054957647,0.9888560771942139,0.9599629044532776,0.021267903968691826,0.03752650320529938
973,0.0009227206736051647,0.003063820069655776,0.029301645,0.055351786,0.9884041547775269,0.9593865871429443,0.021068338304758072,0.037738438695669174
974,0.0007535092399021695,0.0030650219414383173,0.02734642,0.05536264,0.9899000525474548,0.9593706727027893,0.020446399226784706,0.038126423954963684
975,0.0007717437719375911,0.002808189485222101,0.026716653,0.05299235,0.9903598427772522,0.9627751708030701,0.01969597302377224,0.0357607826590538
976,0.0010671097155533391,0.0030685418751090765,0.028022517,0.055394422,0.9893944263458252,0.9593240022659302,0.020202063024044037,0.03718056529760361
977,0.0013211607610256497,0.003003539750352502,0.03638032,0.05480456,0.9821247458457947,0.9601856470108032,0.025606226176023483,0.03806748241186142
978,0.0008357116676052101,0.0029850404243916273,0.028733008,0.054635525,0.9888498187065125,0.9604308605194092,0.020896881818771362,0.03809035196900368
979,0.0008696963632246479,0.003121454268693924,0.029151449,0.055869978,0.9885227084159851,0.9586226344108582,0.021364852786064148,0.03796621784567833
980,0.0007795943020028062,0.0027916536200791597,0.027281905,0.052836105,0.9899476170539856,0.962994396686554,0.019939085468649864,0.03657422959804535
981,0.000742212681374936,0.002969452179968357,0.026425645,0.05449268,0.9905687570571899,0.9606375098228455,0.019527878612279892,0.03764912113547325
982,0.0009435972354946319,0.0033542693126946688,0.029616395,0.057916053,0.9881536960601807,0.9555364847183228,0.02198696695268154,0.04048312455415726
983,0.0013767024224348875,0.0032757828012108803,0.03418256,0.057234455,0.9842192530632019,0.9565768837928772,0.02429603599011898,0.03915189951658249
984,0.0013626059927363795,0.003040003590285778,0.034968887,0.055136226,0.9834848642349243,0.9597023129463196,0.024701198562979698,0.03798838332295418
985,0.0014143602099714124,0.0030760124791413546,0.037655022,0.055461813,0.9808502197265625,0.9592249989509583,0.02668299712240696,0.03860566020011902
986,0.0009995219853325661,0.003226167056709528,0.030896053,0.05679936,0.9871078729629517,0.9572345614433289,0.02272130362689495,0.03975117579102516
987,0.001698690713965334,0.0032396207097917795,0.040740363,0.056917667,0.9775834679603577,0.9570562243461609,0.026110578328371048,0.03924863412976265
988,0.0010184301341227679,0.003099499735981226,0.030540818,0.05567315,0.987402617931366,0.9589136242866516,0.022255048155784607,0.037814538925886154
989,0.001211380740807561,0.003636712906882167,0.032120015,0.060305163,0.9860661625862122,0.9517924189567566,0.02241155132651329,0.04125475883483887
990,0.0013112930563775908,0.0032689343206584454,0.03605324,0.057174593,0.9824447631835938,0.9566676616668701,0.024805361405014992,0.03953303396701813
991,0.0009056240947260944,0.002957734977826476,0.029666236,0.054385062,0.9881137609481812,0.9607928395271301,0.021642787382006645,0.03860018029808998
992,0.0009163206903560257,0.003111926605924964,0.029839579,0.055784646,0.9879744648933411,0.9587488770484924,0.021879298612475395,0.03891725093126297
993,0.0007814322783484716,0.003075026674196124,0.027796838,0.055452924,0.9895645976066589,0.9592380523681641,0.021277138963341713,0.03811005502939224
994,0.0007305752792903645,0.0029807535465806723,0.026732847,0.05459628,0.9903481602668762,0.9604877233505249,0.019970038905739784,0.03694373369216919
995,0.0013395107717687179,0.003150397213175893,0.03048983,0.056128394,0.9874446392059326,0.958238959312439,0.02096206694841385,0.03879622742533684
996,0.0024778625784992155,0.003653931198641658,0.049699426,0.060447756,0.9666403532028198,0.9515641927719116,0.03257111459970474,0.04155796393752098
997,0.001436985644183799,0.0032996467780321836,0.037381973,0.057442553,0.9811269044876099,0.9562605023384094,0.026581306010484695,0.039039481431245804
998,0.0013328884498068046,0.0029795831069350243,0.03628274,0.054585557,0.9822205305099487,0.9605032205581665,0.025253193452954292,0.03744755685329437
999,0.0010033492713277651,0.0028185846749693155,0.031354375,0.053090345,0.9867225289344788,0.9626373648643494,0.0229649618268013,0.03699445351958275
1000,0.0009547269827718,0.00311799393966794,0.030036781,0.055839,0.9878150224685669,0.9586684703826904,0.021750686690211296,0.03870430588722229
1001,0.0010352970176344652,0.003023184835910797,0.03203301,0.054983497,0.986141562461853,0.9599252343177795,0.022967355325818062,0.0369795523583889
1002,0.0008660395396873355,0.0030866232700645924,0.028925523,0.05555739,0.9886999130249023,0.9590843319892883,0.021268069744110107,0.03879094496369362
1003,0.000902362145345912,0.002955924952402711,0.029835718,0.054368418,0.9879775643348694,0.9608168601989746,0.021804798394441605,0.03801347687840462
1004,0.0009723175528713248,0.0031167075503617525,0.03100579,0.05582748,0.9870161414146423,0.9586855173110962,0.021794794127345085,0.03809034079313278
1005,0.001063726824544243,0.002892597345635295,0.032344196,0.053782873,0.9858710169792175,0.9616562724113464,0.021850310266017914,0.03607848659157753
1006,0.0009133827896386555,0.0031611588783562183,0.029054996,0.056224186,0.9885985255241394,0.9580962657928467,0.021157288923859596,0.03812405467033386
1007,0.0009592186728365381,0.002904918510466814,0.030191993,0.053897295,0.9876887202262878,0.9614929556846619,0.022246267646551132,0.036998335272073746
1008,0.0008317855284655128,0.0030789696611464024,0.028570967,0.055488463,0.9889752268791199,0.959185779094696,0.021151795983314514,0.039058830589056015
1009,0.0007712134988237681,0.002979370765388012,0.027341308,0.054583613,0.9899038076400757,0.960506021976471,0.019865313544869423,0.03750217333436012
1010,0.0008086599006095308,0.0029858287889510393,0.027476197,0.054642737,0.9898039698600769,0.9604204297065735,0.019719930365681648,0.037270065397024155
1011,0.0008572129934856838,0.002932850969955325,0.029118739,0.054155804,0.9885484576225281,0.9611226916313171,0.020430700853466988,0.036820873618125916
1012,0.0007685633060067299,0.003149258205667138,0.027344884,0.056118254,0.9899011850357056,0.9582540392875671,0.02035820670425892,0.03916202113032341
1013,0.0008968644072989595,0.0028178112115710974,0.02976003,0.05308306,0.9880384802818298,0.9626476168632507,0.021667011082172394,0.03656216710805893
1014,0.0008981735505089587,0.0028192992322146893,0.028411862,0.053097073,0.9890977144241333,0.9626278877258301,0.020365921780467033,0.03690996766090393
1015,0.0008036956529725682,0.0028530247509479523,0.027486457,0.05341371,0.9897963404655457,0.9621808528900146,0.0200929194688797,0.0366593673825264
1016,0.0007687329178390263,0.0032324243802577257,0.027769566,0.056854412,0.9895850419998169,0.9571515917778015,0.02067537046968937,0.03843005746603012
1017,0.0007514710715358061,0.0028426034841686487,0.027301366,0.05331607,0.9899333119392395,0.962319016456604,0.020093746483325958,0.03696471452713013
1018,0.0007614478897515007,0.0028778985142707825,0.027221207,0.05364605,0.9899923205375671,0.9618511199951172,0.019953537732362747,0.03698986396193504
1019,0.0007421833685260605,0.0028969557024538517,0.026101178,0.053823378,0.9907988905906677,0.9615985155105591,0.01942194066941738,0.03732641041278839
1020,0.000833181854845448,0.0029007859993726015,0.028357394,0.053858947,0.9891394376754761,0.9615477323532104,0.02080688253045082,0.03666058927774429
1021,0.0006813299326247281,0.0028575530741363764,0.0258578,0.053456083,0.990969717502594,0.9621208310127258,0.018973829224705696,0.036490797996520996
1022,0.0007369791789890521,0.0029980496037751436,0.026825255,0.054754447,0.990281343460083,0.960258424282074,0.019914185628294945,0.03761501982808113
1023,0.0006710979882468978,0.0028489918913692236,0.025767822,0.05337595,0.9910324215888977,0.9622343182563782,0.019597748294472694,0.03645605593919754
1024,0.0006771401848792183,0.002981010125949979,0.025746508,0.054598626,0.9910472631454468,0.9604843258857727,0.018956832587718964,0.037211913615465164
1025,0.0006970736265595241,0.002878303872421384,0.025826143,0.053649828,0.9909918308258057,0.9618457555770874,0.01858033612370491,0.037412893027067184
1026,0.0006893703440172513,0.002779206493869424,0.026247341,0.05271818,0.990695595741272,0.9631593823432922,0.019576359540224075,0.03552325814962387
1027,0.0007479019140274348,0.0029583782888948917,0.026428424,0.054390974,0.9905667304992676,0.9607843160629272,0.019597237929701805,0.037811774760484695
1028,0.0007228345685606738,0.0029589191544800997,0.026407657,0.05439595,0.9905815720558167,0.9607771635055542,0.019661741331219673,0.0374089814722538
1029,0.0008259870413563807,0.0030811959877610207,0.027769169,0.05550852,0.9895853400230408,0.9591562747955322,0.019868312403559685,0.038046956062316895
1030,0.0006729152314206162,0.003069397062063217,0.025395798,0.05540214,0.991289496421814,0.9593126773834229,0.01900271512567997,0.038104377686977386
1031,0.0007261426852148196,0.0028292390052229166,0.027004192,0.053190593,0.9901512265205383,0.9624961614608765,0.01998142898082733,0.03638816624879837
1032,0.0006364030447333458,0.0028876469004899263,0.025189096,0.05373683,0.9914307594299316,0.9617218971252441,0.01876070536673069,0.037786148488521576
1033,0.0006870138571354222,0.0027429223991930485,0.02530817,0.052372918,0.9913495182991028,0.9636403322219849,0.01874488964676857,0.03547697514295578
1034,0.0007001421809863215,0.002864003647118807,0.026223136,0.053516388,0.9907127022743225,0.9620352983474731,0.019710389897227287,0.03771825134754181
1035,0.0006776086818056435,0.002838813466951251,0.025799764,0.053280514,0.9910101890563965,0.9623692631721497,0.0191953182220459,0.03646096587181091
1036,0.0006995770480981181,0.0029783134814351797,0.02616808,0.054573927,0.9907516837120056,0.9605200290679932,0.019586779177188873,0.036401692777872086
1037,0.0006569966466155496,0.0030554872937500477,0.025143279,0.05527646,0.9914618730545044,0.9594970345497131,0.018150491639971733,0.03745584562420845
1038,0.0006905617020410401,0.0028105168603360653,0.025737356,0.05301431,0.9910536408424377,0.9627443552017212,0.01917635276913643,0.036746006458997726
1039,0.0007024905578212135,0.002883355598896742,0.026470868,0.053696886,0.9905364513397217,0.9617788195610046,0.01963597722351551,0.036247119307518005
1040,0.0007430037552363832,0.003196291159838438,0.026253173,0.056535754,0.9906914234161377,0.9576305747032166,0.01956474781036377,0.0398189015686512
1041,0.0008620759895579381,0.0028951563872396946,0.028681776,0.05380666,0.9888895750045776,0.9616223573684692,0.02123085781931877,0.03668396174907684
1042,0.0010448131466877055,0.002990116598084569,0.031402204,0.054681957,0.9866819977760315,0.9603636264801025,0.022155411541461945,0.037688713520765305
1043,0.0009474242833675817,0.0029975702054798603,0.030083891,0.05475007,0.9877767562866211,0.9602648019790649,0.021626560017466545,0.038051754236221313
1044,0.0009656355012504554,0.003082410665228963,0.02867599,0.055519465,0.9888940453529358,0.9591401815414429,0.020251953974366188,0.03811884671449661
1045,0.0008862167054427449,0.002947738394141197,0.029756848,0.054293077,0.9880410432815552,0.9609253406524658,0.02194266952574253,0.03797874599695206
1046,0.000755166190422394,0.0029318020679056644,0.027293347,0.05414612,0.9899392127990723,0.9611365795135498,0.020055199041962624,0.03752487152814865
1047,0.0007958937964179892,0.003006173763424158,0.028068975,0.054828584,0.9893592596054077,0.9601507186889648,0.020720209926366806,0.03729395568370819
1048,0.000805035933312452,0.003211934119462967,0.02744444,0.05667393,0.9898275136947632,0.957423210144043,0.019850855693221092,0.038129717111587524
1049,0.0007889857621524822,0.003093917388468981,0.027959865,0.055622995,0.9894418120384216,0.9589876532554626,0.02067343331873417,0.037290699779987335
1050,0.0007843401505273174,0.002945645246654749,0.027594915,0.0542738,0.9897156357765198,0.9609531164169312,0.020490264520049095,0.03706755489110947
1051,0.0007223550260691395,0.0027616554871201515,0.026564533,0.05255146,0.9904693365097046,0.9633920192718506,0.01933722384274006,0.03615879267454147
1052,0.0007607456341661004,0.002868975978344679,0.027141655,0.053562824,0.990050733089447,0.9619694352149963,0.019791992381215096,0.036549631506204605
1053,0.0007868107601428743,0.0030980859883129597,0.026729727,0.05566045,0.9903504252433777,0.9589323997497559,0.01966863125562668,0.038547366857528687
1054,0.0007761792578755624,0.0030506611801683903,0.02775204,0.05523279,0.9895982146263123,0.9595610499382019,0.020467186346650124,0.0381113737821579
1055,0.0010214917492703535,0.00287588476203382,0.031165984,0.053627275,0.9868816137313843,0.9618778228759766,0.020869741216301918,0.036964621394872665
1056,0.0008522090025838803,0.0027453703805804253,0.028134698,0.052396283,0.9893093705177307,0.963607907295227,0.020556870847940445,0.035878971219062805
1057,0.0009087545926873149,0.0031065696384757757,0.029684745,0.055736613,0.9880989789962769,0.9588199257850647,0.02172483131289482,0.038333017379045486
1058,0.0007607463273664259,0.0027966294437646866,0.027085211,0.052883167,0.9900920391082764,0.9629284143447876,0.02017250843346119,0.03675166517496109
1059,0.0008571405295780013,0.002724789548665285,0.029155513,0.05219952,0.9885194897651672,0.963880717754364,0.02008729986846447,0.03571104258298874
1060,0.0006889530618950216,0.002802399219945073,0.026125629,0.05293769,0.9907816648483276,0.9628519415855408,0.01940070651471615,0.03734913840889931
1061,0.0007153349751289087,0.0028762081637978554,0.02515079,0.053630292,0.9914567470550537,0.9618735313415527,0.01846715621650219,0.03658704087138176
1062,0.0007672009543801488,0.0028579854406416416,0.027602207,0.053460132,0.9897102117538452,0.9621151089668274,0.020111341029405594,0.03701482713222504
1063,0.0007555073951318099,0.0027088732458651066,0.026357468,0.052046835,0.9906173348426819,0.9640917181968689,0.019287124276161194,0.03556205332279205
1064,0.0008399464111955075,0.002759806578978896,0.028146764,0.05253386,0.9893001914024353,0.9634165167808533,0.0206963662058115,0.036102376878261566
1065,0.0008215618912469257,0.002625791821628809,0.027338399,0.051242482,0.9899059534072876,0.9651930332183838,0.020559387281537056,0.03527945652604103
1066,0.0008315224166091701,0.003016968723386526,0.0273622,0.054926943,0.9898883700370789,0.9600076675415039,0.020128324627876282,0.038452718406915665
1067,0.0010510939094026319,0.00286890659481287,0.030354228,0.053562175,0.9875560998916626,0.961970329284668,0.022314773872494698,0.037066251039505005
1068,0.0008344515087876723,0.003014662303030491,0.028776629,0.054905944,0.98881596326828,0.9600382447242737,0.02115609310567379,0.03807104006409645
1069,0.0006441160128981045,0.0029460019432008266,0.025254518,0.054277085,0.9913861751556396,0.9609483480453491,0.018849533051252365,0.03702637553215027
1070,0.0006892806076476435,0.0029444717802107334,0.025922438,0.05426299,0.9909244775772095,0.9609686732292175,0.01922597736120224,0.03639490529894829
1071,0.0006172226540828971,0.002782308729365468,0.024310436,0.052747596,0.9920181632041931,0.9631182551383972,0.01804160512983799,0.03536979854106903
1072,0.0006423343081471764,0.0029165749438107014,0.02464458,0.054005325,0.9917972087860107,0.961338460445404,0.01824069209396839,0.03687417134642601
1073,0.0007188940898314203,0.00263893767260015,0.026336927,0.05137059,0.9906319379806519,0.9650187492370605,0.019135858863592148,0.03535601496696472
1074,0.0007348223457070576,0.002760308561846614,0.026906548,0.052538637,0.9902223348617554,0.9634099006652832,0.019992491230368614,0.036242906004190445
1075,0.0007543324298405258,0.002942748134955764,0.026345542,0.054247104,0.99062579870224,0.9609915018081665,0.01869252882897854,0.03685721755027771
1076,0.0008760942476907406,0.002941037528216839,0.027652329,0.054231334,0.989672839641571,0.9610141515731812,0.019802110269665718,0.03667701408267021
1077,0.0008905834408572198,0.0029494615737348795,0.029866893,0.054308947,0.987952470779419,0.9609025120735168,0.021364135667681694,0.03681737557053566
1078,0.0007796217211183499,0.002955762669444084,0.026762214,0.054366924,0.9903269410133362,0.9608190059661865,0.019469652324914932,0.037095118314027786
1079,0.0006556440500637771,0.002761649899184704,0.025354786,0.052551404,0.991317629814148,0.9633920788764954,0.01895967312157154,0.03614146634936333
1080,0.0007757444512786936,0.0028958709444850683,0.02680351,0.053813294,0.9902970790863037,0.96161288022995,0.01927516981959343,0.03840256482362747
1081,0.0006792240059109066,0.002899606479331851,0.026089028,0.053847995,0.9908074736595154,0.9615633487701416,0.019545938819646835,0.03774203732609749
1082,0.0007722005076092584,0.0026850902941077948,0.026245836,0.051817857,0.9906966686248779,0.9644069671630859,0.019163575023412704,0.03536911681294441
1083,0.0009014728242288005,0.0030102194286882877,0.02959102,0.05486547,0.9881739616394043,0.9600971341133118,0.02065534144639969,0.0379849337041378
1084,0.0009279611470198936,0.0027452772483229637,0.030228535,0.052395392,0.9876589179039001,0.9636091589927673,0.021025702357292175,0.036240383982658386
1085,0.0007674347910903056,0.0028396507259458303,0.027408758,0.053288374,0.9898539185523987,0.9623581171035767,0.01955937035381794,0.035866837948560715
1086,0.0007927465148069049,0.002816869644448161,0.02604717,0.05307419,0.9908369779586792,0.9626601338386536,0.018828775733709335,0.03634588420391083
1087,0.0007751617290936833,0.0028382919263094664,0.02751892,0.053275622,0.9897722005844116,0.9623761773109436,0.020828867331147194,0.037086617201566696
1088,0.0008243428978444585,0.0028940560296177864,0.026276791,0.053796433,0.9906746745109558,0.9616369605064392,0.019261308014392853,0.036642033606767654
1089,0.0008441810615212572,0.002966449363157153,0.028700294,0.05446512,0.9888752102851868,0.9606773257255554,0.021152842789888382,0.03824451565742493
1090,0.0006810941168541004,0.0028175583574920893,0.025692685,0.053080678,0.991084635257721,0.9626510143280029,0.019285064190626144,0.03641131520271301
1091,0.000772140109885103,0.002643604064360261,0.026895864,0.05141599,0.9902300834655762,0.9649568796157837,0.019518954679369926,0.03537146374583244
1092,0.0007524965125908652,0.002645615953952074,0.026741592,0.051435553,0.99034184217453,0.9649302363395691,0.01958385854959488,0.03474835678935051
1093,0.0007970652778484774,0.002905740402638912,0.027022526,0.05390492,0.9901378750801086,0.961482048034668,0.01979905553162098,0.03752460703253746
1094,0.0008928037443018349,0.002840451430529356,0.029333547,0.053295884,0.9883788824081421,0.9623475074768066,0.02097782865166664,0.036803774535655975
1095,0.0007615985470527613,0.0029165586456656456,0.027566701,0.054005172,0.9897366762161255,0.9613386392593384,0.020241381600499153,0.037843961268663406
1096,0.0007078746176293035,0.0028973957523703575,0.026442097,0.05382746,0.9905570149421692,0.9615926742553711,0.019327819347381592,0.03668767213821411
1097,0.0007835038830473258,0.0026596433017402887,0.027246354,0.05157173,0.9899738430976868,0.9647442698478699,0.01876530982553959,0.03585587069392204
1098,0.0011371011840475892,0.003098700661212206,0.029585205,0.055665974,0.9881786108016968,0.9589242339134216,0.021087314933538437,0.040095943957567215
1099,0.0008916357751745222,0.0028332581277936697,0.029807363,0.05322836,0.9880004525184631,0.9624428749084473,0.021464988589286804,0.03791854903101921
1100,0.0008682845807263882,0.0028898376040160656,0.02879344,0.05375721,0.9888029098510742,0.9616928696632385,0.020863672718405724,0.03739650174975395
1101,0.0008051078296954405,0.002901150844991207,0.027137391,0.053862333,0.9900538325309753,0.9615429043769836,0.01993991807103157,0.03665824979543686
1102,0.0009135525873385963,0.0029892001766711473,0.030183192,0.054673582,0.9876959323883057,0.9603757262229919,0.02157275192439556,0.037837933748960495
1103,0.0008190531410615553,0.0027740506920963526,0.02790754,0.05266926,0.9894813299179077,0.9632277488708496,0.020175646990537643,0.03679471090435982
1104,0.0008441579034710726,0.0028920418117195368,0.028592553,0.05377771,0.9889585971832275,0.9616636633872986,0.020850738510489464,0.03700290247797966
1105,0.0007402115873198702,0.002857799408957362,0.026840087,0.053458393,0.9902706146240234,0.9621175527572632,0.01974661834537983,0.037495069205760956
1106,0.0008463827153636058,0.002733758883550763,0.027624596,0.05228536,0.9896935224533081,0.9637618064880371,0.02010548673570156,0.03692381829023361
1107,0.0008001920657327653,0.0028863418847322464,0.02821548,0.053724688,0.9892479181289673,0.961739182472229,0.020791921764612198,0.037231504917144775
1108,0.0006270767229249362,0.00279044546186924,0.024756294,0.05282467,0.9917227029800415,0.9630103707313538,0.018455516546964645,0.035839375108480453
1109,0.0007528560930619609,0.0027644860092550516,0.025332015,0.05257838,0.9913331866264343,0.9633545279502869,0.018604954704642296,0.03644280880689621
1110,0.0009102867863310331,0.003133121645078063,0.029795652,0.055974297,0.9880098700523376,0.958467960357666,0.022029004991054535,0.03836435079574585
1111,0.0007201081574418243,0.002752346685156226,0.026518166,0.052462813,0.9905025959014893,0.9635154008865356,0.01985272578895092,0.03607483208179474
1112,0.0006621676577858373,0.0026791775599122047,0.025610872,0.051760774,0.9911413788795471,0.9644853472709656,0.019120769575238228,0.03566012531518936
1113,0.0006848081287568097,0.0028189350850880146,0.02539931,0.053093646,0.991287112236023,0.9626327157020569,0.018754126504063606,0.037580445408821106
1114,0.0006444169775932096,0.002672752132639289,0.025215693,0.051698666,0.9914126396179199,0.9645705223083496,0.01900121569633484,0.035863861441612244
1115,0.000664961433688983,0.00285975425504148,0.025372386,0.053476676,0.9913055896759033,0.9620916247367859,0.01876223087310791,0.03585643693804741
1116,0.0007495865369988182,0.0030982643365859985,0.027294537,0.05566206,0.9899383187294006,0.9589300155639648,0.019909782335162163,0.03921492397785187
1117,0.0008144600327465345,0.0028988951817154884,0.027903592,0.05384139,0.9894843101501465,0.9615728259086609,0.02061724103987217,0.0376700721681118
1118,0.0007801965098637579,0.002861234126612544,0.02750572,0.053490505,0.9897820353507996,0.9620720148086548,0.02044696733355522,0.037313953042030334
1119,0.0010112025867618452,0.0029003384988754988,0.027379876,0.05385479,0.989875316619873,0.961553692817688,0.019634569063782692,0.03689803555607796
1120,0.0009693864988300695,0.003268888220191002,0.03048275,0.05717419,0.9874504804611206,0.9566682577133179,0.021171655505895615,0.03980572521686554
1121,0.0008572373302410018,0.003091668477281928,0.028969083,0.055602774,0.9886658787727356,0.9590174555778503,0.02090880274772644,0.03691517189145088
1122,0.0006677494060237553,0.0028873260598629713,0.025505733,0.053733844,0.9912139177322388,0.961726188659668,0.018954288214445114,0.03683781251311302
1123,0.0009703473961880346,0.0031556093599647284,0.027872197,0.05617481,0.9895079135894775,0.9581698775291443,0.02007112093269825,0.037315286695957184
1124,0.0014058541405988349,0.003622300922870636,0.03734531,0.06018555,0.9811639189720154,0.9519835114479065,0.024021942168474197,0.04280044510960579
1125,0.000729713350830769,0.0030665805097669363,0.027043773,0.055376716,0.990122377872467,0.9593499898910522,0.02013278752565384,0.03748272731900215
1126,0.0007501567194016058,0.0029920092783868313,0.02702583,0.054699264,0.9901354908943176,0.9603384733200073,0.01955723576247692,0.036832597106695175
1127,0.0007506548757770692,0.0028544797096401453,0.026500292,0.053427335,0.9905153512954712,0.9621615409851074,0.019233785569667816,0.03631210699677467
1128,0.0007496609409413809,0.0031693116761744022,0.025402812,0.05629664,0.9912847280502319,0.9579882025718689,0.018802234902977943,0.03717657923698425
1129,0.0007759821038978936,0.0031278387177735567,0.027783394,0.055927087,0.989574670791626,0.9585379958152771,0.02019687555730343,0.038131654262542725
1130,0.0006795772430698642,0.0029361837077885866,0.025958147,0.054186564,0.9908995032310486,0.9610785245895386,0.018821576610207558,0.03781241551041603
1131,0.0006100850884897889,0.002995394868776202,0.024036221,0.054730203,0.9921972155570984,0.9602936506271362,0.01786896213889122,0.037463847547769547
1132,0.0006368828835547902,0.0030406436417251825,0.024357744,0.05514203,0.9919870495796204,0.9596937894821167,0.01839875802397728,0.03778157755732536
1133,0.0009268474333856085,0.00294244266115129,0.027031045,0.054244287,0.990131676197052,0.9609955549240112,0.01927531510591507,0.03846102952957153
1134,0.0012069181254694492,0.00315108778886497,0.03454261,0.05613455,0.9838850498199463,0.9582297801971436,0.023877477273344994,0.03818321228027344
1135,0.0007894343077416786,0.0030855066142976284,0.027857302,0.055547338,0.9895191192626953,0.9590991139411926,0.020628677681088448,0.03797829523682594
1136,0.0006689364203008485,0.0028477618470788,0.02565217,0.053364426,0.9911127686500549,0.9622505903244019,0.01905781216919422,0.03715712949633598
1137,0.0007166708634361963,0.0029717939905822277,0.026331386,0.054514162,0.990635871887207,0.9606064558029175,0.019048135727643967,0.037320926785469055
1138,0.0006553610179583881,0.0027465522289276123,0.025375769,0.05240756,0.9913032650947571,0.9635922312736511,0.018822506070137024,0.03636123612523079
1139,0.0007457718708213757,0.0029685383196920156,0.02602397,0.054484293,0.9908532500267029,0.9606496095657349,0.0191175639629364,0.03717753663659096
1140,0.0006214915020708842,0.002869806019589305,0.024603305,0.053570572,0.9918246865272522,0.9619584083557129,0.018310777842998505,0.037127893418073654
1141,0.000701979884152851,0.002902677282691002,0.02571869,0.053876504,0.9910666346549988,0.9615226984024048,0.018901020288467407,0.03638874739408493
1142,0.0005609502603130585,0.002643047599121928,0.023253124,0.05141058,0.9926973581314087,0.9649642705917358,0.017570964992046356,0.03460804373025894
1143,0.0008501539050485007,0.0029656803235411644,0.025409684,0.054458063,0.9912799596786499,0.960687518119812,0.01805279031395912,0.03743711858987808
1144,0.0010327105006912132,0.0029110382311046124,0.03133164,0.05395404,0.9867417812347412,0.9614118337631226,0.02151484787464142,0.03683993220329285
1145,0.0008012710790022869,0.0028816419653594494,0.02776943,0.05368093,0.9895851612091064,0.9618015289306641,0.019667770713567734,0.035695359110832214
1146,0.0006593040287208913,0.002675088820978999,0.025476884,0.05172126,0.9912338256835938,0.9645395278930664,0.018938450142741203,0.03505765274167061
1147,0.0007232216098187068,0.002897685393691063,0.026768709,0.05383015,0.9903222918510437,0.9615888595581055,0.01948457397520542,0.036683280020952225
1148,0.0007232252954219638,0.0027768146246671677,0.026173495,0.05269549,0.99074786901474,0.9631910920143127,0.018875563517212868,0.036243557929992676
1149,0.0007572335439776493,0.0028395946137607098,0.027135571,0.053287845,0.9900552034378052,0.9623588919639587,0.01890813745558262,0.03636886551976204
1150,0.0006604761716020716,0.002890708390623331,0.025225129,0.053765308,0.9914062023162842,0.9616813063621521,0.018745766952633858,0.037771180272102356
1151,0.0007703251764972017,0.002692906418815255,0.02584589,0.051893223,0.9909780025482178,0.9643033742904663,0.01906408555805683,0.03515613079071045
1152,0.0007166220510209149,0.0027132548857480288,0.026530972,0.052088913,0.9904934167861938,0.9640336036682129,0.01948990486562252,0.035101428627967834
1153,0.0007555690026492812,0.0027581127360463142,0.025849286,0.05251774,0.9909756779670715,0.9634389877319336,0.01879982277750969,0.03632919117808342
1154,0.0008446357665392993,0.0028155632317066193,0.028154692,0.053061884,0.989294171333313,0.9626774191856384,0.02050354890525341,0.036834124475717545
1155,0.0006870395154692233,0.0029694619588553905,0.02614862,0.054492768,0.9907654523849487,0.9606373906135559,0.01906299963593483,0.03707309067249298
1156,0.0006966489785223861,0.002838160376995802,0.025722634,0.05327439,0.9910638928413391,0.9623779058456421,0.018639732152223587,0.036078013479709625
1157,0.0006754671088525687,0.0028218869119882584,0.024917932,0.053121436,0.9916142225265503,0.9625936150550842,0.018054403364658356,0.03617888316512108
1158,0.0008315941562283446,0.0028862233739346266,0.027133957,0.053723585,0.9900563955307007,0.9617407917976379,0.019116850569844246,0.0365292951464653
1159,0.0007550439384596592,0.0029916458297520876,0.027242348,0.05469594,0.9899767637252808,0.9603433012962341,0.02005728892982006,0.03800726681947708
1160,0.0006312919550427151,0.002849747659638524,0.024640983,0.05338303,0.9917995929718018,0.9622243046760559,0.0184448454529047,0.03575940430164337
1161,0.0006622083786748011,0.0027424595318734646,0.025693806,0.0523685,0.9910838603973389,0.9636464715003967,0.019136441871523857,0.03570099547505379
1162,0.0006648361727870492,0.0026434622704982758,0.025636867,0.05141461,0.991123378276825,0.9649587869644165,0.01869501732289791,0.0351407453417778
1163,0.0006126383516609415,0.002829951234161854,0.024129357,0.053197287,0.9921365976333618,0.962486743927002,0.01790997013449669,0.037319980561733246
1164,0.0006238672424594618,0.0028022932820022106,0.024642434,0.05293669,0.9917986392974854,0.9628533720970154,0.018336739391088486,0.03611089661717415
1165,0.0006629225125917318,0.002896240446716547,0.025193248,0.05381673,0.9914278984069824,0.9616079926490784,0.018633238971233368,0.03673092648386955
1166,0.0008123429222244092,0.002575780963525176,0.025658635,0.050752155,0.9911082983016968,0.9658559560775757,0.018174979835748672,0.035441379994153976
1167,0.0007953431215190159,0.002923839958384633,0.027792884,0.05407254,0.9895675778388977,0.961242139339447,0.020738568156957626,0.036495793610811234
1168,0.0008405921074551192,0.002919681603088975,0.028835936,0.05403408,0.9887698292732239,0.9612972736358643,0.021070530638098717,0.03791281208395958
1169,0.0006654561399376358,0.0027058287523686886,0.025198963,0.05201758,0.991424024105072,0.9641320705413818,0.018763989210128784,0.03543482720851898
1170,0.0007134965781006031,0.002776046982035041,0.026521962,0.052688207,0.9904998540878296,0.9632012844085693,0.019285056740045547,0.03638304024934769
1171,0.000684304912283551,0.0028562729712575674,0.024613552,0.053444114,0.991817831993103,0.9621378183364868,0.018257664516568184,0.036443136632442474
1172,0.0006999693816231394,0.0028058611787855625,0.026098542,0.05297038,0.9908007979393005,0.9628060460090637,0.01946498639881611,0.03545227646827698
1173,0.001257879828864878,0.002951289527118206,0.03535657,0.054325774,0.983116626739502,0.9608782529830933,0.023223191499710083,0.03766597434878349
1174,0.000901703693671152,0.002643924904987216,0.029635571,0.051419113,0.9881383180618286,0.9649526476860046,0.021214326843619347,0.035315047949552536
1175,0.0006762490176532248,0.0027878207620233297,0.025681574,0.052799817,0.9910923838615417,0.9630451798439026,0.018878184258937836,0.0356985479593277
1176,0.0008276174174335955,0.0027595697902143,0.026826963,0.05253161,0.9902800917625427,0.9634196758270264,0.019629577174782753,0.036366477608680725
1177,0.0012542731644564562,0.002636071527376771,0.029006006,0.05134269,0.9886369705200195,0.9650567770004272,0.020159201696515083,0.03599618002772331
1178,0.0013865951312420127,0.0030229943804442883,0.035901014,0.05498176,0.9825926423072815,0.9599277973175049,0.02559005841612816,0.038615379482507706
1179,0.001012342337741178,0.002602852415293455,0.030851087,0.05101816,0.9871453642845154,0.9654970765113831,0.02216460555791855,0.035573579370975494
1180,0.0008815428558260795,0.00282267015427351,0.02903311,0.05312881,0.9886156916618347,0.9625832438468933,0.020896557718515396,0.035536330193281174
1181,0.0007158984484373253,0.002630083356052637,0.026200373,0.05128434,0.9907288551330566,0.9651361107826233,0.019422687590122223,0.035470057278871536
1182,0.0006395459475408478,0.0026419232599437237,0.025241714,0.05139964,0.9913948774337769,0.9649791717529297,0.018629038706421852,0.03550169989466667
1183,0.0007254922172499143,0.0028246096335351467,0.026112255,0.05314706,0.9907910823822021,0.9625574946403503,0.018828392028808594,0.036964159458875656
1184,0.0006244836013965224,0.002742047654464841,0.024898455,0.052364565,0.9916273355484009,0.9636519551277161,0.018768226727843285,0.03533387556672096
1185,0.0006489749727982351,0.003033073153346777,0.0255684,0.055073347,0.9911707043647766,0.9597941637039185,0.018787797540426254,0.03806992620229721
1186,0.0006670706550887024,0.0026515841018408537,0.024947383,0.051493533,0.9915943741798401,0.9648511409759521,0.01849222369492054,0.03417232260107994
1187,0.0009324273804932917,0.002985093044117093,0.02768549,0.054636,0.9896480441093445,0.9604302048683167,0.019864073023200035,0.036622777581214905
1188,0.0008371699672848495,0.0029358642641454935,0.028403074,0.054183617,0.9891044497489929,0.9610827565193176,0.02015969157218933,0.03692638501524925
1189,0.0007241312831121667,0.0029034465551376343,0.026556782,0.053883642,0.9904748797416687,0.9615124464035034,0.019872481003403664,0.03728611767292023
1190,0.0006856378009119494,0.0028447702061384916,0.025243262,0.053336386,0.9913938641548157,0.9622902870178223,0.018895212560892105,0.03567870706319809
1191,0.0005813157939965921,0.0027739068027585745,0.02370465,0.05266789,0.9924109578132629,0.9632296562194824,0.017919322475790977,0.03489801287651062
1192,0.0006372002846381457,0.002983946120366454,0.024500107,0.054625507,0.9918931126594543,0.9604454040527344,0.018072765320539474,0.036899883300065994
1193,0.0007021957730599256,0.0027564959600567818,0.025651403,0.05250234,0.9911133050918579,0.9634604454040527,0.018499264493584633,0.035580284893512726
1194,0.0006408390161761253,0.0027270361315459013,0.024129223,0.05222103,0.9921367168426514,0.9638509154319763,0.017738185822963715,0.036093320697546005
1195,0.0006430606617041948,0.002645899774506688,0.025200708,0.051438313,0.9914228320121765,0.9649264812469482,0.018816879019141197,0.034756701439619064
1196,0.0006505883456239561,0.0026810995768755674,0.024932247,0.051779337,0.9916046261787415,0.9644598960876465,0.0187519658356905,0.03500986471772194
1197,0.0005702431305756115,0.0027416818775236607,0.023807416,0.052361075,0.9923450350761414,0.9636567831039429,0.017672725021839142,0.036192189902067184
1198,0.0005855075710728256,0.0026985250879079103,0.023940435,0.05194733,0.9922592639923096,0.9642288684844971,0.018173327669501305,0.03536413982510567
1199,0.0005274316956109197,0.0028002485632896423,0.022685776,0.052917376,0.9930493235588074,0.9628804326057434,0.017003005370497704,0.036346033215522766
1200,0.0006013477984445424,0.0028174263425171375,0.023868365,0.053079434,0.9923058152198792,0.9626527428627014,0.017491750419139862,0.03623032569885254
1201,0.0005732250243785198,0.002633542288094759,0.023907462,0.05131805,0.9922805428504944,0.965090274810791,0.018042011186480522,0.03512659668922424
1202,0.0005903594031802971,0.0026849922724068165,0.02375316,0.051816914,0.992379903793335,0.964408278465271,0.01764601282775402,0.03549633175134659
1203,0.0010840475965365345,0.0027868025936186314,0.0268545,0.052790176,0.990260124206543,0.9630587100982666,0.01837802864611149,0.036066021770238876
1204,0.0008929957224278372,0.003081481670960784,0.029926077,0.0555111,0.9879046678543091,0.9591524600982666,0.02155710756778717,0.038090117275714874
1205,0.000714003350532783,0.0028870231471955776,0.026186315,0.053731024,0.9907388091087341,0.9617301821708679,0.01896892860531807,0.036717288196086884
1206,0.0007834278750868344,0.0029099334497004747,0.025291322,0.053943798,0.9913610219955444,0.9614264965057373,0.018595943227410316,0.03706119954586029
1207,0.0007276439719134942,0.0028233204502612352,0.02678503,0.053134926,0.9903104901313782,0.9625746011734009,0.019690899178385735,0.035590529441833496
1208,0.0006802005670827136,0.003069874830543995,0.025802583,0.055406447,0.9910082221031189,0.9593063592910767,0.01897301897406578,0.035687126219272614
1209,0.0005524087689330124,0.00280332681722939,0.02351449,0.052946452,0.9925322532653809,0.962839663028717,0.01726491004228592,0.035119932144880295
1210,0.0006869416009232572,0.0027368981391191483,0.025740428,0.052315373,0.9910514950752258,0.9637202024459839,0.018764879554510117,0.03554666042327881
1211,0.0005812684877045368,0.002808000659570098,0.02397812,0.052990574,0.9922348856925964,0.9627776741981506,0.01807163842022419,0.0363597646355629
1212,0.0006978022429393604,0.0029568590689450502,0.026105585,0.05437701,0.9907957911491394,0.9608044624328613,0.018431486561894417,0.03674212843179703
1213,0.0005872328038094565,0.0028444002382457256,0.023349013,0.053332917,0.9926369786262512,0.9622951745986938,0.017502428963780403,0.03587950021028519
1214,0.0008659184961950152,0.002822156762704253,0.027402008,0.053123977,0.9898589253425598,0.9625900387763977,0.02020341344177723,0.03686634078621864
1215,0.0007001596955392001,0.002859994536265731,0.025489403,0.053478915,0.9912251830101013,0.9620884656906128,0.018929626792669296,0.0366319864988327
1216,0.0006544979021948001,0.002626455156132579,0.025194475,0.051248953,0.9914270639419556,0.965184211730957,0.0184381902217865,0.03483298420906067
1217,0.0006797029372220012,0.002885600086301565,0.024250163,0.053717785,0.9920576810836792,0.9617490172386169,0.01776720955967903,0.03631623089313507
1218,0.0007166869333807633,0.002990560606122017,0.02595976,0.054686017,0.9908983707427979,0.9603577256202698,0.019527465105056763,0.03716511279344559
1219,0.0006121629478663883,0.003036721609532833,0.024393436,0.055106457,0.9919635653495789,0.9597458243370056,0.01812092587351799,0.03852040693163872
1220,0.0008397271144944666,0.002811515238136053,0.027374798,0.053023722,0.9898790717124939,0.962731122970581,0.019395774230360985,0.036076609045267105
1221,0.0006953044602679173,0.0029139025136828423,0.0248417,0.053980574,0.9916654825210571,0.9613738656044006,0.01847946085035801,0.036527346819639206
1222,0.0007889753145387989,0.0030125754419714212,0.027980454,0.054886937,0.9894262552261353,0.9600659012794495,0.020416172221302986,0.03815846890211105
1223,0.0007026301920466887,0.00304519128985703,0.02497259,0.055183254,0.9915773868560791,0.9596335291862488,0.018282925710082054,0.038302745670080185
1224,0.0006673752346118404,0.0029278125148266554,0.025548715,0.054109268,0.9911842942237854,0.9611895084381104,0.01828819327056408,0.037959180772304535
1225,0.0008076176104209894,0.0028557947371155024,0.028472835,0.053439636,0.9890508651733398,0.962144136428833,0.020204344764351845,0.03643994405865669
1226,0.000661500029474899,0.00297208852134645,0.024964595,0.054516867,0.9915828108787537,0.9606025815010071,0.01812642626464367,0.03686990588903427
1227,0.0005982896420226263,0.002836245810613036,0.024143718,0.053256415,0.9921272397041321,0.9624032974243164,0.01801975630223751,0.03613544628024101
1228,0.0006941850872615098,0.0027136183343827724,0.026312193,0.0520924,0.9906495213508606,0.9640288352966309,0.019170129671692848,0.03637745603919029
1229,0.0007220897916175255,0.003040543058887124,0.025692374,0.05514112,0.9910848736763,0.9596951603889465,0.018189404159784317,0.03693093731999397
1230,0.0006348629328633913,0.0027586049400269985,0.02440599,0.052522425,0.9919552803039551,0.9634324908256531,0.018114903941750526,0.035647399723529816
1231,0.000582500141965945,0.0028481760527938604,0.023900356,0.053368304,0.9922851324081421,0.9622451066970825,0.017809493467211723,0.037003420293331146
1232,0.0006245536149601156,0.002989414846524596,0.024693632,0.054675546,0.9917645454406738,0.9603729248046875,0.018344400450587273,0.03641644865274429
1233,0.0007655090891851366,0.0027399142272770405,0.024796907,0.05234419,0.9916955232620239,0.9636802077293396,0.017912285402417183,0.036460187286138535
1234,0.0008077904236746359,0.002796771004796028,0.028138718,0.052884508,0.9893063306808472,0.9629265666007996,0.020336434245109558,0.03639454394578934
1235,0.0009159371210526759,0.0029576271772384644,0.029836982,0.05438407,0.9879765510559082,0.9607942700386047,0.020528029650449753,0.037307169288396835
1236,0.0009272718433004974,0.0028263761196285486,0.026265372,0.053163674,0.9906827807426453,0.9625341296195984,0.018836610019207,0.03575333580374718
1237,0.001185169336333109,0.002788587473332882,0.033323362,0.052807078,0.9850025773048401,0.9630350470542908,0.021660091355443,0.036193087697029114
1238,0.0008727392672550526,0.0028208887670189142,0.029056558,0.05311204,0.9885973334312439,0.9626068472862244,0.020278822630643845,0.03623039275407791
1239,0.0008115964235251092,0.002886709524318576,0.027389046,0.05372811,0.9898685216903687,0.9617343544960022,0.019230391830205917,0.037784263491630554
1240,0.0006582897350943478,0.0028467222582548857,0.024905294,0.053354684,0.9916227459907532,0.9622644186019897,0.01799468882381916,0.036572474986314774
1241,0.0007310775902376256,0.0030168453231453896,0.02550906,0.054925818,0.9912116527557373,0.9600092768669128,0.01840510591864586,0.03734676539897919
1242,0.001263586946482643,0.0028658583760261536,0.032290682,0.053533714,0.9859176874160767,0.9620107412338257,0.0211968794465065,0.03676556050777435
1243,0.0008440642116263255,0.002760650124400854,0.027877757,0.05254189,0.9895037412643433,0.9634053707122803,0.020285625010728836,0.035974375903606415
1244,0.0012617664926272648,0.0029300665482878685,0.02844909,0.05413009,0.9890691041946411,0.9611595869064331,0.019305624067783356,0.036769136786460876
1245,0.0012289567054143515,0.003049529856070876,0.035015058,0.05522255,0.9834412336349487,0.9595760107040405,0.023549310863018036,0.038059014827013016
1246,0.0011724407139064913,0.0032460454385727644,0.030391261,0.056974076,0.9875257015228271,0.9569710493087769,0.02098408341407776,0.039238035678863525
1247,0.0009064941008215432,0.002915449906140566,0.029500235,0.05399491,0.9882464408874512,0.9613533616065979,0.021773526445031166,0.03765032812952995
1248,0.0007937897865882736,0.002933760639280081,0.028097268,0.0541642,0.9893378019332886,0.9611106514930725,0.02008216455578804,0.0372270792722702
1249,0.0007202807153755037,0.0029340970795601606,0.025691722,0.054167308,0.9910853505134583,0.9611061811447144,0.018564261496067047,0.0369180291891098
1250,0.0009240947626742789,0.0027590803802013397,0.02716904,0.05252695,0.9900306463241577,0.9634261727333069,0.019393853843212128,0.03593302518129349
1251,0.0009494672545274211,0.0030605648644268513,0.029485852,0.055322375,0.988257884979248,0.9594297409057617,0.021525580435991287,0.03711598739027977
1252,0.0008551697107825682,0.002861012937501073,0.027894726,0.053488437,0.9894909858703613,0.9620749950408936,0.02021917700767517,0.03620454668998718
1253,0.0008646138065325266,0.002715496113523841,0.02902846,0.052110422,0.9886193871498108,0.9640039205551147,0.02064889669418335,0.03582672402262688
1254,0.0006534438242934729,0.002855154452845454,0.02542507,0.053433646,0.9912694096565247,0.9621526002883911,0.018929259851574898,0.03563642501831055
1255,0.0006175756716402248,0.0027210356201976538,0.024618935,0.05216355,0.9918142557144165,0.9639304876327515,0.018323132768273354,0.0356743223965168
1256,0.0006335880071591502,0.002867555245757103,0.02475471,0.053549558,0.9917237162590027,0.9619882702827454,0.01835881732404232,0.03628937527537346
1257,0.0005906725160788152,0.002787565579637885,0.02408641,0.052797403,0.9921645522117615,0.9630485773086548,0.01747131533920765,0.03567475453019142
1258,0.0005684942179041999,0.002699844539165497,0.023443334,0.05196003,0.9925773739814758,0.9642114043235779,0.017529329285025597,0.03591841459274292
1259,0.0006392089615639469,0.0026626260951161385,0.024645517,0.05160064,0.991796612739563,0.9647047519683838,0.01823742315173149,0.03525272384285927
1260,0.0006900972829581323,0.002680581295862794,0.025511377,0.05177433,0.9912100434303284,0.9644667506217957,0.018572725355625153,0.03537705913186073
1261,0.0005516460150829516,0.002957769902423024,0.023414442,0.054385386,0.9925956726074219,0.9607923626899719,0.01761922612786293,0.03753066435456276
1262,0.0005994015518808737,0.002728421241044998,0.023937114,0.052234292,0.9922614097595215,0.9638325572013855,0.017738651484251022,0.03530919924378395
1263,0.0006204767976834609,0.0025606260169297457,0.02421746,0.05060263,0.9920790791511536,0.9660568237304688,0.018192613497376442,0.03563137724995613
1264,0.0006039367310057224,0.002735235495492816,0.023464883,0.052299477,0.9925637245178223,0.9637422561645508,0.01735774241387844,0.03557629510760307
1265,0.0005901698922653767,0.0025528373662382364,0.024194391,0.050525613,0.9920941591262817,0.9661600589752197,0.01794518157839775,0.03486913442611694
1266,0.0006622111131119626,0.002709960797801614,0.024714364,0.052057285,0.9917507171630859,0.9640772938728333,0.01787899062037468,0.036729928106069565
1267,0.0006414844796050933,0.0027313886675983667,0.025325878,0.052262686,0.9913374185562134,0.9637932181358337,0.018711738288402557,0.035145651549100876
1268,0.0005201995763028125,0.0027451016940176487,0.02269733,0.05239372,0.9930422306060791,0.9636114835739136,0.016958381980657578,0.03485545143485069
1269,0.0005187351449752565,0.0025877428706735373,0.022579206,0.050869863,0.9931144714355469,0.9656974077224731,0.016454238444566727,0.03474769368767738
1270,0.0004977116431374187,0.0025921810884028673,0.022111582,0.050913468,0.9933967590332031,0.9656385183334351,0.016781959682703018,0.03516601398587227
1271,0.0005498638235043142,0.0025601277593523264,0.023244143,0.050597705,0.9927029609680176,0.9660634398460388,0.01738804578781128,0.034830499440431595
1272,0.0005499916726628064,0.002553675789386034,0.02314212,0.05053391,0.9927669167518616,0.9661489725112915,0.017353303730487823,0.034893330186605453
1273,0.0005784397759601812,0.0027109936345368624,0.023379425,0.0520672,0.9926177859306335,0.9640635848045349,0.017069490626454353,0.035257939249277115
1274,0.000645792108447164,0.002803318202495575,0.02524882,0.052946374,0.99139004945755,0.9628397822380066,0.01815710961818695,0.03584127500653267
1275,0.0005301371665237556,0.0028498354367911816,0.022547064,0.053383853,0.993134081363678,0.9622231125831604,0.016732290387153625,0.036030929535627365
1276,0.0006819052207654088,0.0028904881328344345,0.026142672,0.05376326,0.990769624710083,0.9616842269897461,0.01915392093360424,0.03596477210521698
1277,0.0006770126644617201,0.00285948789678514,0.025477685,0.05347418,0.991233229637146,0.9620952010154724,0.01804572343826294,0.03634967282414436
1278,0.0006478678405983374,0.002945085521787405,0.025318727,0.054268643,0.991342306137085,0.9609605073928833,0.018475646153092384,0.03720512613654137
1279,0.0005898812312145972,0.002729951636865735,0.023693204,0.05224894,0.9924182891845703,0.9638122916221619,0.01788059063255787,0.0357673354446888
1280,0.001056928217374,0.0028683228883892298,0.02967541,0.05355673,0.9881064295768738,0.9619780778884888,0.019801991060376167,0.037205398082733154
1281,0.0007493831905197691,0.0027860007248818874,0.0266692,0.05278258,0.990394115447998,0.9630693197250366,0.020117195323109627,0.03582658991217613
1282,0.0006452717187295838,0.0029282239265739918,0.0250034,0.054113068,0.9915565848350525,0.961184024810791,0.018597496673464775,0.03711514174938202
1283,0.0006270283814625476,0.002828899072483182,0.024409184,0.053187396,0.9919531345367432,0.9625006914138794,0.018184632062911987,0.03590637072920799
1284,0.000555000244772104,0.0026421218644827604,0.02362238,0.051401578,0.9924635887145996,0.9649765491485596,0.01731489598751068,0.035179730504751205
1285,0.0005978733619981954,0.002896747086197138,0.023923872,0.053821437,0.9922699332237244,0.9616012573242188,0.01735644042491913,0.036724913865327835
1286,0.0007293467338472096,0.0028561705257743597,0.026815485,0.053443156,0.9902884364128113,0.9621391296386719,0.01931217685341835,0.03773045912384987
1287,0.0006079883374199694,0.0029479225631803274,0.023943478,0.054294776,0.992257297039032,0.96092289686203,0.018299615010619164,0.03661249205470085
1288,0.000615126377273224,0.0026806441601365805,0.023358656,0.05177494,0.9926308989524841,0.9644659161567688,0.01733020506799221,0.03630831465125084
1289,0.0006494286677810702,0.0029239251744002104,0.025388923,0.05407333,0.9912942051887512,0.9612410068511963,0.018422557041049004,0.03659367933869362
1290,0.0005313233526645821,0.0026709630619734526,0.023157744,0.051681362,0.9927571415901184,0.9645942449569702,0.017289329320192337,0.03554301708936691
1291,0.0005113418142586438,0.0026975669898092747,0.022562938,0.05193811,0.9931244254112244,0.9642415642738342,0.016787100583314896,0.03521866723895073
1292,0.0005300670520889319,0.0028495867736637592,0.022919616,0.05338152,0.99290531873703,0.9622264504432678,0.017146890982985497,0.0356893353164196
1293,0.0005066929734311998,0.0026153044309467077,0.022214523,0.051140044,0.9933351278305054,0.96533203125,0.016567662358283997,0.03437751904129982
1294,0.0005378970176521266,0.0027601199690252542,0.022317387,0.052536845,0.9932732582092285,0.9634124040603638,0.016341669484972954,0.03522050380706787
1295,0.0011081696661263281,0.0028866936918348074,0.02717984,0.053727962,0.9900227189064026,0.9617345333099365,0.01860816217958927,0.03715692088007927
1296,0.0013682984982469034,0.0030798763036727905,0.0354827,0.055496633,0.9829959869384766,0.9591737389564514,0.023559363558888435,0.03885656222701073
1297,0.000826207007445522,0.0028123389929533005,0.028415203,0.05303149,0.989095151424408,0.9627201557159424,0.020596222952008247,0.036598920822143555
1298,0.0008358221338395114,0.0029393467120826244,0.028687963,0.054215744,0.9888848066329956,0.9610365629196167,0.020283985882997513,0.0379500612616539
1299,0.0007068318280454895,0.002745632082223892,0.025618548,0.05239878,0.9911360144615173,0.9636044502258301,0.01884607970714569,0.035544540733098984
1300,0.000811527878712778,0.0028898261953145266,0.027034003,0.053757105,0.9901294708251953,0.9616930484771729,0.019565653055906296,0.036877743899822235
1301,0.0009666166184946302,0.002841140842065215,0.031083357,0.05330236,0.9869510531425476,0.962338387966156,0.02196846529841423,0.03632262349128723
1302,0.0006595258362887597,0.002835053252056241,0.025627995,0.053245217,0.9911295175552368,0.9624190926551819,0.018923720344901085,0.03596220165491104
1303,0.0006631966693517329,0.0027398664969950914,0.024611084,0.052343734,0.9918195009231567,0.9636808633804321,0.018212120980024338,0.03632740303874016
1304,0.0005750101759490049,0.0026969565078616142,0.023986408,0.05193223,0.9922295212745667,0.9642496705055237,0.0178289283066988,0.03451621159911156
1305,0.0006111419716035016,0.0027489096391946077,0.024408078,0.05243005,0.9919539093971252,0.9635609984397888,0.017925549298524857,0.0352637842297554
1306,0.0005512986873244782,0.0026949485763907433,0.023430878,0.051912893,0.9925852417945862,0.9642763137817383,0.017365776002407074,0.03508879989385605
1307,0.0005166569046030583,0.002653485629707575,0.02274868,0.051511995,0.9930107593536377,0.9648259282112122,0.016899175941944122,0.03505229204893112
1308,0.000526422487217298,0.002735996153205633,0.022721296,0.05230675,0.9930275678634644,0.9637321829795837,0.017093107104301453,0.03558783605694771
1309,0.0005859906682003798,0.0027493927627801895,0.02353477,0.05243465,0.9925193786621094,0.9635545611381531,0.01739484816789627,0.03578474000096321
1310,0.0005401306771091186,0.002689466578885913,0.02308737,0.051860068,0.9928010702133179,0.9643489718437195,0.01764003187417984,0.03531251475214958
1311,0.0006482304809403352,0.0026196427643299103,0.022998566,0.05118245,0.9928563237190247,0.9652745127677917,0.01679917424917221,0.034512314945459366
1312,0.0007680274872903035,0.002699416596442461,0.027649675,0.051955912,0.9896748065948486,0.9642170667648315,0.019781867042183876,0.036883383989334106
1313,0.0006222242293667725,0.0024779036175459623,0.024519075,0.049778547,0.9918805360794067,0.9671533703804016,0.017927290871739388,0.03427448496222496
1314,0.0009055557199065912,0.002659605583176017,0.025775319,0.051571365,0.9910272359848022,0.9647448062896729,0.01790003478527069,0.03663656488060951
1315,0.0015781384969489989,0.003080609953030944,0.03943967,0.05550324,0.9789919853210449,0.959164023399353,0.02426222898066044,0.037247397005558014
1316,0.000778340288062199,0.0026834707241505384,0.027772548,0.05180223,0.9895828366279602,0.9644284248352051,0.019846860319375992,0.035162560641765594
1317,0.000661810911961683,0.0027065896429121494,0.025037628,0.052024897,0.9915334582328796,0.9641219973564148,0.018480883911252022,0.034944020211696625
1318,0.0005921240987266752,0.002771316794678569,0.023850037,0.0526433,0.9923176169395447,0.963263988494873,0.01737840659916401,0.036531686782836914
1319,0.0005529968654048968,0.0027314734179526567,0.023390567,0.0522635,0.99261075258255,0.9637921452522278,0.017387250438332558,0.03577494993805885
1320,0.0004867456135054288,0.0026649918872863054,0.021875152,0.05162356,0.993537187576294,0.9646733999252319,0.01637771725654602,0.03503205254673958
1321,0.000538573493858249,0.0026943786069750786,0.022582969,0.051907405,0.9931122064590454,0.96428382396698,0.017105553299188614,0.03566357120871544
1322,0.0006589407864587636,0.0027257632464170456,0.023521392,0.05220884,0.9925278425216675,0.9638677835464478,0.01720746047794819,0.03543877974152565
1323,0.0008143717886096882,0.002724973950535059,0.026850661,0.052201282,0.9902629256248474,0.9638782739639282,0.019498135894536972,0.035426028072834015
1324,0.0008187433512913148,0.002709491178393364,0.028213566,0.05205277,0.9892493486404419,0.9640834927558899,0.020077016204595566,0.0351344496011734
1325,0.0005967348624835722,0.0027171289548277855,0.024363237,0.052126084,0.9919834136962891,0.9639822840690613,0.01801668480038643,0.03561851754784584
1326,0.0005501481315480884,0.0028101743664592505,0.023349835,0.05301108,0.9926364421844482,0.9627488851547241,0.01738976128399372,0.03564860299229622
1327,0.0005307715751273049,0.0026586586609482765,0.022722913,0.051562186,0.9930265545845032,0.9647573232650757,0.017187518998980522,0.03479093313217163
1328,0.0005960805032042448,0.002663574181497097,0.023884373,0.051609825,0.9922954440116882,0.9646921753883362,0.017435377463698387,0.035696860402822495
1329,0.0005374072808825241,0.0026931874454021454,0.022942431,0.051895928,0.9928911924362183,0.9642996191978455,0.01704319566488266,0.03522927686572075
1330,0.0004941018083958294,0.0025230159517377615,0.02211941,0.050229635,0.9933920502662659,0.9665553569793701,0.01641595922410488,0.034210335463285446
1331,0.0005192990641014396,0.00268126861192286,0.022620678,0.051780973,0.9930891990661621,0.964457631111145,0.016772322356700897,0.03528421372175217
1332,0.00046309233948704787,0.0026670489460229874,0.021296874,0.05164348,0.9938743710517883,0.9646461009979248,0.01602911204099655,0.034969545900821686
1333,0.0007950856015668251,0.002941020531579852,0.02752383,0.054231178,0.9897685647010803,0.9610143899917603,0.018671702593564987,0.03595324233174324
1334,0.000693556374409871,0.0027038329280912876,0.02598562,0.051998395,0.9908801913261414,0.9641585350036621,0.018455008044838905,0.03516614809632301
1335,0.0006771666739950888,0.0027813336346298456,0.022947123,0.05273835,0.9928882718086243,0.9631311893463135,0.016484402120113373,0.0365501269698143
1336,0.0010549722765889865,0.002773147076368332,0.03227233,0.052660678,0.9859337210655212,0.9632397294044495,0.021654456853866577,0.03575919196009636
1337,0.0006085002175743946,0.002734191482886672,0.024619209,0.052289497,0.9918140769004822,0.9637560844421387,0.018455054610967636,0.03427542373538017
1338,0.0005334927558248058,0.0027498151175677776,0.023000212,0.05243868,0.9928553104400635,0.9635489583015442,0.016711784526705742,0.035214558243751526
1339,0.000562239712135951,0.0026289920788258314,0.022885209,0.051273696,0.9929265975952148,0.9651505947113037,0.016920557245612144,0.03401299938559532
1340,0.0008279387230603871,0.002903182990849018,0.024806794,0.053881194,0.9916888475418091,0.9615159630775452,0.017581278458237648,0.03735235705971718
1341,0.0007635617241083475,0.002921081380918622,0.027611366,0.054047033,0.989703357219696,0.9612787365913391,0.02034408040344715,0.037342313677072525
1342,0.000603510197172661,0.002925494220107794,0.024422938,0.054087836,0.9919440746307373,0.9612202048301697,0.017977973446249962,0.03633086010813713
1343,0.0005731106284656562,0.0027352471370249987,0.023511898,0.05229959,0.9925339221954346,0.9637420773506165,0.017439721152186394,0.035185396671295166
1344,0.000670010293437041,0.002698661293834448,0.023407066,0.051948644,0.9926003217697144,0.9642270803451538,0.017095504328608513,0.03525283560156822
1345,0.0006557114002961581,0.0027736991178244352,0.025328333,0.05266592,0.9913357496261597,0.9632323980331421,0.018111152574419975,0.03608255460858345
1346,0.0006066934008479373,0.002679353579878807,0.02289507,0.05176247,0.9929205179214478,0.9644830226898193,0.016858389601111412,0.035534344613552094
1347,0.0005916691899818198,0.0026691074017435312,0.0239632,0.051663402,0.99224454164505,0.9646188020706177,0.01784144900739193,0.03514495864510536
1348,0.000472311660732058,0.0027906422037631273,0.021243066,0.052826528,0.9939053058624268,0.9630078077316284,0.01588740386068821,0.03551410511136055
1349,0.0005060125463800928,0.0026956156361848116,0.022314647,0.05191932,0.9932749271392822,0.9642674326896667,0.016612259671092033,0.03566107526421547
1350,0.0005419951366175982,0.0026640750002115965,0.021931337,0.051614676,0.9935039281845093,0.9646855592727661,0.01651766709983349,0.03499512001872063
1351,0.0006676605718728916,0.0028935843147337437,0.025283352,0.05379205,0.9913665056228638,0.9616432189941406,0.018535833805799484,0.036555878818035126
1352,0.0005887299557798542,0.0025785581674426794,0.02377247,0.050779507,0.9923675060272217,0.9658191204071045,0.01780189573764801,0.03408670052886009
1353,0.0006954151216301728,0.002554513979703188,0.025635524,0.0505422,0.9911242723464966,0.9661378860473633,0.018352216109633446,0.03443580120801926
1354,0.0005547277674354104,0.002659320365637541,0.022905236,0.051568598,0.9929141998291016,0.9647485613822937,0.016948416829109192,0.034987226128578186
1355,0.0006130132632361809,0.0026951320469379425,0.024551788,0.051914662,0.9918588399887085,0.9642738699913025,0.017827263101935387,0.03583071753382683
1356,0.0005785336272145452,0.002797818975523114,0.02351051,0.052894413,0.9925347566604614,0.9629126787185669,0.017571354284882545,0.03626076877117157
1357,0.0005190191771940921,0.00263696676120162,0.022322712,0.051351406,0.9932700395584106,0.9650448560714722,0.01665368862450123,0.035393476486206055
1358,0.0005339062640401112,0.0027088774368166924,0.022839673,0.052046876,0.9929547309875488,0.9640916585922241,0.01658610999584198,0.03488695248961449
1359,0.0007215902356123975,0.0027367437724024057,0.0243475,0.052313898,0.99199378490448,0.9637222290039062,0.017284473404288292,0.03533213585615158
1360,0.0006684613121747548,0.0027020685374736786,0.025234072,0.051981427,0.9914001226425171,0.9641819000244141,0.01836291141808033,0.03577272221446037
1361,0.0005426060418937017,0.002524810843169689,0.022851473,0.050247498,0.9929474592208862,0.9665315747261047,0.016991816461086273,0.0345173254609108
1362,0.0005120455729907421,0.0026804653462022543,0.021949135,0.051773213,0.9934934377670288,0.964468240737915,0.01659478433430195,0.0355895459651947
1363,0.0005859346558943137,0.002616121433675289,0.02297144,0.051148035,0.9928731918334961,0.9653211832046509,0.0173615962266922,0.035459004342556
1364,0.0009449775164036757,0.0029408829286694527,0.02627508,0.054229908,0.9906759262084961,0.9610162377357483,0.018438497558236122,0.037026312202215195
1365,0.0011338344391498883,0.002880905056372285,0.033185918,0.053674065,0.9851260185241699,0.9618113040924072,0.02239006944000721,0.03630046173930168
1366,0.0005574337152541954,0.002618908416479826,0.023659706,0.051175278,0.9924397468566895,0.9652842283248901,0.01764407753944397,0.03549957647919655
1367,0.0005490703128585169,0.0026400224305689335,0.023082115,0.05138115,0.9928043484687805,0.9650043845176697,0.01719546504318714,0.0344601534307003
1368,0.0008335225594981404,0.0026980896946042776,0.02381426,0.05194314,0.992340624332428,0.9642346501350403,0.017043085768818855,0.03645574301481247
1369,0.0010965263017252173,0.002883529057726264,0.032270618,0.0536985,0.9859352111816406,0.9617764949798584,0.022291403263807297,0.0369475819170475
1370,0.0006885125774054111,0.002797696040943265,0.026373198,0.05289325,0.9906061291694641,0.9629142880439758,0.019244441762566566,0.036192186176776886
1371,0.0007138846207949841,0.0027609742246568203,0.025550522,0.052544974,0.9911830425262451,0.9634010791778564,0.018397439271211624,0.03614593669772148
1372,0.0007440461849910207,0.0027759617660194635,0.026032131,0.0526874,0.9908475279808044,0.9632023572921753,0.018929563462734222,0.03564334288239479
1373,0.0006952684409704736,0.0028633680194616318,0.025475003,0.053510446,0.991235077381134,0.9620437622070312,0.0186064001172781,0.035794831812381744
1374,0.0012491348461480811,0.0028557502664625645,0.03394577,0.05343922,0.984437108039856,0.9621447324752808,0.02356800250709057,0.03709319233894348
1375,0.0013718662270217794,0.0031597213819622993,0.03674209,0.0562114,0.981767475605011,0.9581153392791748,0.025781236588954926,0.03887283429503441
1376,0.0008525680327280002,0.002889517927542329,0.029181596,0.05375424,0.9884989857673645,0.9616971015930176,0.02156110107898712,0.037061549723148346
1377,0.0008015548082767054,0.0029915303457528353,0.02809659,0.054694887,0.9893383383750916,0.9603448510169983,0.02049899287521839,0.03737941011786461
1378,0.0007551295652361164,0.0027795264031738043,0.027086953,0.052721214,0.9900907874107361,0.9631551504135132,0.02005101926624775,0.03643179312348366
1379,0.0006976066519696774,0.0027633910067379475,0.025661955,0.052567966,0.9911059737205505,0.9633690118789673,0.018976861611008644,0.03587963059544563
1380,0.0007258412819779055,0.0027087910566478968,0.026813664,0.052046046,0.9902897477149963,0.9640927910804749,0.020045654848217964,0.03531300649046898
1381,0.0005623828566802496,0.0028519488405436277,0.0234855,0.053403642,0.9925506711006165,0.962195098400116,0.017604539170861244,0.036085344851017
1382,0.0007061499114074236,0.0027508018538355827,0.024755774,0.052448086,0.9917230010032654,0.9635359048843384,0.01823361963033676,0.03541308641433716
1383,0.0006223313843789087,0.002660491270944476,0.024844209,0.05157995,0.9916638135910034,0.9647330641746521,0.01842902973294258,0.03543015196919441
1384,0.0005613160233637741,0.0025255316868424416,0.023591364,0.05025467,0.9924833178520203,0.9665220379829407,0.01781921274960041,0.034096989780664444
1385,0.0006254119368598119,0.0027562438044697046,0.023111472,0.052499942,0.9927860498428345,0.9634637832641602,0.01692672073841095,0.03654031828045845
1386,0.0007462282129298811,0.0026682799216359854,0.027131185,0.051655397,0.990058422088623,0.9646297693252563,0.019601410254836082,0.03533370420336723
1387,0.0006597810590226965,0.0026692962273955345,0.02464647,0.05166523,0.9917959570884705,0.9646162986755371,0.018229909241199493,0.035708919167518616
1388,0.0006752001420615918,0.002933347364887595,0.025790822,0.054160386,0.9910164475440979,0.9611161351203918,0.01865183748304844,0.037492118775844574
1389,0.0006553630499349146,0.0027113088872283697,0.024348173,0.05207023,0.9919933080673218,0.9640594124794006,0.01788582094013691,0.03490216284990311
1390,0.0006338374269861644,0.0026914121117442846,0.024644297,0.05187882,0.9917973875999451,0.9643231630325317,0.017761599272489548,0.03574877977371216
1391,0.000771890869972677,0.0028496768791228533,0.025671324,0.053382363,0.99109947681427,0.9622252583503723,0.01837162859737873,0.0353352352976799
1392,0.0007962159639150327,0.0027998480945825577,0.02801507,0.05291359,0.9894000887870789,0.9628857374191284,0.018753334879875183,0.03559628501534462
1393,0.000627032777463848,0.0028166233096271753,0.023982817,0.053071868,0.9922318458557129,0.9626634120941162,0.0173288993537426,0.03626992926001549
1394,0.000589633790448054,0.0027118895668536425,0.023864016,0.052075807,0.9923086166381836,0.9640517234802246,0.018127910792827606,0.035130053758621216
1395,0.0006089958577914248,0.002722958568483591,0.024091942,0.052181974,0.992160975933075,0.9639049768447876,0.017670098692178726,0.03549567982554436
1396,0.0005740582518311302,0.0027095451951026917,0.023640383,0.05205329,0.992452085018158,0.9640827775001526,0.017574084922671318,0.03543296456336975
1397,0.0006108275814436969,0.002686422085389495,0.024570482,0.05183071,0.9918464422225952,0.9643893241882324,0.0180344395339489,0.03477806970477104
1398,0.0005970789094466123,0.0026647052727639675,0.023641152,0.051620785,0.9924516081809998,0.9646771550178528,0.01750483177602291,0.03545559197664261
1399,0.0005698446991366588,0.0027566661592572927,0.023481818,0.052503966,0.9925529956817627,0.9634581804275513,0.01772826723754406,0.03574943169951439
1400,0.0005316633991738358,0.0026891655288636684,0.022360912,0.051857166,0.9932469725608826,0.9643529653549194,0.016612442210316658,0.034918222576379776
1401,0.000552668112835487,0.0027622932102531195,0.023276603,0.052557524,0.9926825761795044,0.9633835554122925,0.0170761551707983,0.03572047874331474
1402,0.0005118318387592973,0.0026988661848008633,0.021994157,0.05195061,0.9934666752815247,0.9642243385314941,0.016402989625930786,0.03470948711037636
1403,0.0005468965404857458,0.002705993363633752,0.023235658,0.052019164,0.9927083253860474,0.9641298651695251,0.01681824028491974,0.035619985312223434
1404,0.0005437935998832637,0.002758796326816082,0.022772795,0.052524246,0.9929959177970886,0.9634299278259277,0.016961809247732162,0.035699423402547836
1405,0.000516014974643688,0.0025615377817302942,0.02142335,0.050611638,0.9938014149665833,0.9660447835922241,0.016063321381807327,0.034639712423086166
1406,0.0005186049179015258,0.0027129286900162697,0.022043554,0.052085783,0.9934372901916504,0.9640379548072815,0.016492437571287155,0.03583598509430885
1407,0.0005716184281151403,0.0026733996346592903,0.023529677,0.051704932,0.9925225973129272,0.964561939239502,0.017409713938832283,0.035443369299173355
1408,0.0004982789879167368,0.0026539943646639585,0.02203981,0.05151693,0.9934395551681519,0.9648191928863525,0.0165540911257267,0.034974612295627594
1409,0.0008965581529826687,0.0027575225103646517,0.024537632,0.052512117,0.991868257522583,0.9634467959403992,0.01691182143986225,0.03618445247411728
1410,0.000773090264622376,0.00276617961935699,0.027658386,0.052594487,0.9896683096885681,0.9633320569992065,0.02045610547065735,0.03625812381505966
1411,0.0006291595822073181,0.0027045882306993008,0.02491308,0.052005656,0.9916175007820129,0.9641485214233398,0.017869871109724045,0.034833863377571106
1412,0.0005758609364751134,0.0026660459116101265,0.022618469,0.051633768,0.9930905103683472,0.9646593928337097,0.016958853229880333,0.03446200489997864
1413,0.0006083665820452469,0.00278812600299716,0.024436438,0.052802708,0.9919351935386658,0.9630411267280579,0.0176205076277256,0.03538740798830986
1414,0.0005511971883772111,0.002635121811181307,0.022461575,0.05133344,0.9931860566139221,0.9650693535804749,0.016901502385735512,0.03502859175205231
1415,0.0005483694787306541,0.002697051502764225,0.022456221,0.051933147,0.99318927526474,0.9642484188079834,0.016752425581216812,0.035535506904125214
1416,0.0006115239216755567,0.0027700825594365597,0.023831906,0.052631572,0.9923292994499207,0.9632803201675415,0.017574312165379524,0.035967517644166946
1417,0.000574421081348026,0.0027231490239501,0.02273622,0.0521838,0.993018388748169,0.963902473449707,0.016947481781244278,0.035733941942453384
1418,0.0005976983547126027,0.0025150340516120195,0.023944309,0.05015012,0.992256760597229,0.9666612148284912,0.017844466492533684,0.034185901284217834
1419,0.00046729421393882313,0.0027919982094317675,0.021568658,0.05283936,0.9937170147895813,0.9629898071289062,0.01614263653755188,0.03570164367556572
1420,0.0004481184706409377,0.0026002745144069195,0.02096466,0.050992887,0.9940639734268188,0.9655312895774841,0.015582977794110775,0.03462573513388634
1421,0.0005270014120138843,0.0027890349738299847,0.022619734,0.052811313,0.9930897355079651,0.9630290865898132,0.01676875166594982,0.03619980439543724
1422,0.00047351450484711677,0.0026938242372125387,0.021523764,0.051902063,0.9937431812286377,0.9642912149429321,0.016136210411787033,0.035466164350509644
1423,0.0004617099779848517,0.0025975191965699196,0.02084335,0.050965864,0.9941325187683105,0.9655677676200867,0.015669168904423714,0.03580467775464058
1424,0.000574381607293617,0.002621768042445183,0.023234004,0.051203202,0.9927093386650085,0.9652463793754578,0.017150064930319786,0.03474518656730652
1425,0.0005149696259071458,0.0027599718887358904,0.02221142,0.052535437,0.9933369755744934,0.9634143710136414,0.016894619911909103,0.036017805337905884
1426,0.0005092312884781594,0.002659889869391918,0.02208044,0.05157412,0.993415355682373,0.9647409915924072,0.01648462936282158,0.03505222871899605
1427,0.0005173928994653662,0.0025739858392626047,0.022244036,0.050734464,0.9933173656463623,0.9658797383308411,0.016586489975452423,0.033982858061790466
1428,0.0004978351300285959,0.002531949896365404,0.02175224,0.050318483,0.993609607219696,0.9664369821548462,0.015805559232831,0.035349369049072266
1429,0.0005161794655247253,0.0026173891965299845,0.022229206,0.051160425,0.9933263063430786,0.9653043746948242,0.016685817390680313,0.03484277054667473
1430,0.0005170175281818956,0.0027088243514299393,0.02217608,0.052046373,0.9933581352233887,0.9640923738479614,0.01671556383371353,0.03561121225357056
1431,0.0004920515172919047,0.002601913409307599,0.021967402,0.051008955,0.9934825897216797,0.9655095338821411,0.016310611739754677,0.034429848194122314
1432,0.0006728677782865071,0.0025152871385216713,0.02276588,0.050152637,0.9930001497268677,0.966657817363739,0.016216350719332695,0.03424806520342827
1433,0.0007599347749915482,0.0026933434419333935,0.024974946,0.051897433,0.9915758371353149,0.9642975330352783,0.01818004623055458,0.03551078587770462
1434,0.0009414893244287338,0.002898680977523327,0.03023696,0.053839397,0.987652063369751,0.9615756273269653,0.02113620564341545,0.036928754299879074
1435,0.0007299197935605083,0.0027176793664693832,0.026691977,0.052131366,0.99037766456604,0.9639749526977539,0.019178416579961777,0.03655174747109413
1436,0.0007584352457673627,0.0027374920900911093,0.0260401,0.052321047,0.9908419251441956,0.9637123346328735,0.01865374483168125,0.035806939005851746
1437,0.0007040309560993178,0.0027223965153098106,0.026188198,0.05217659,0.9907374382019043,0.9639124274253845,0.018982307985424995,0.03605767711997032
1438,0.0006741446651920506,0.0029265957418829203,0.025686093,0.05409802,0.9910892248153687,0.9612056016921997,0.01921343244612217,0.036835797131061554
1439,0.0005706790219516155,0.0027339959051460028,0.023680253,0.05228763,0.9924265742301941,0.9637587070465088,0.018023768439888954,0.035708919167518616
1440,0.0005825393831897104,0.003062488976866007,0.023623874,0.05533976,0.9924626350402832,0.9594042301177979,0.01770206354558468,0.037575628608465195
1441,0.0005695504633794454,0.002890851814299822,0.023041138,0.053766645,0.9928298592567444,0.9616794586181641,0.017316175624728203,0.036307889968156815
1442,0.0005960416555436412,0.0029736673459410667,0.024163531,0.054531343,0.9921143054962158,0.9605816602706909,0.017542582005262375,0.0372844934463501
1443,0.0006559595997466452,0.0027922431472688913,0.023827346,0.05284168,0.9923322200775146,0.9629865884780884,0.017241068184375763,0.03570925071835518
1444,0.000571228082249449,0.002744019031524658,0.023214186,0.052383386,0.9927217960357666,0.9636257886886597,0.017000937834382057,0.03558644652366638
1445,0.0005376861729680306,0.0026871482841670513,0.022544743,0.051837713,0.9931355118751526,0.9643796682357788,0.01653176359832287,0.03520062565803528
1446,0.0004929300167449666,0.0026357194874435663,0.02164137,0.051339258,0.9936745762825012,0.9650614261627197,0.0161715317517519,0.03473133221268654
1447,0.0006109203095547855,0.0029663618188351393,0.023079567,0.054464318,0.9928059577941895,0.9606784582138062,0.017044896259903908,0.0365852490067482
1448,0.0006182639388663864,0.0026913585606962442,0.023836223,0.051878307,0.9923264980316162,0.964323878288269,0.01781296357512474,0.03478901833295822
1449,0.0006968126571419733,0.002570104319602251,0.02472116,0.050696198,0.9917461276054382,0.9659311771392822,0.01786925457417965,0.034508779644966125
1450,0.0007545186232494995,0.0024946792982518673,0.02752861,0.049946766,0.9897649884223938,0.9669309854507446,0.018761303275823593,0.03491794690489769
1451,0.0005556630600370805,0.0027208407409489155,0.022629496,0.05216168,0.9930837750434875,0.9639330506324768,0.01700623519718647,0.03499462828040123
1452,0.0007063959819788579,0.0028821942396461964,0.023990199,0.053686075,0.9922270178794861,0.9617941975593567,0.017332440242171288,0.037197716534137726
1453,0.0006102378286992792,0.002725454978644848,0.024701225,0.05220589,0.9917594790458679,0.9638718962669373,0.018476011231541634,0.03492782637476921
1454,0.000541802408406511,0.0026081756222993135,0.023202127,0.0510703,0.9927293062210083,0.965426504611969,0.01738872192800045,0.035645365715026855
1455,0.0005349219963219101,0.002593714976683259,0.022725983,0.05092853,0.9930247068405151,0.9656181931495667,0.016894852742552757,0.03539058193564415
1456,0.0005630070359488441,0.0027393025811761618,0.022903822,0.052338347,0.9929150938987732,0.963688313961029,0.01681477017700672,0.03522982448339462
1457,0.0005690187879901549,0.0028144805692136288,0.023392685,0.05305168,0.992609441280365,0.9626917839050293,0.017447631806135178,0.035671595484018326
1458,0.0005370876447572796,0.0027061544824391603,0.022920653,0.052020706,0.9929046630859375,0.9641277194023132,0.016962213441729546,0.03543202951550484
1459,0.0005576124842098744,0.0026486581191420555,0.022510495,0.051465116,0.9931563138961792,0.9648898839950562,0.016564449295401573,0.03476002812385559
1460,0.000547129787181885,0.002634194679558277,0.023165038,0.0513244,0.9927525520324707,0.9650816321372986,0.016683824360370636,0.0355035774409771
1461,0.0005252664943162182,0.0028314050287008286,0.022506116,0.05321095,0.9931589961051941,0.9624674320220947,0.01667184568941593,0.03679618984460831
1462,0.0005513719605170826,0.0026706233620643616,0.022471488,0.051678073,0.9931800365447998,0.9645987153053284,0.01671435311436653,0.034478481858968735
1463,0.0005293962293018757,0.0027076757978647947,0.02236217,0.05203533,0.9932461977005005,0.9641075730323792,0.016404906287789345,0.035737406462430954
1464,0.0007629895047681533,0.0026306675281375647,0.024163334,0.051290035,0.9921144247055054,0.9651283621788025,0.017044827342033386,0.03518249839544296
1465,0.0007464416729900139,0.0029074326157569885,0.026743624,0.053920615,0.9903404116630554,0.9614596366882324,0.019257206469774246,0.03655698150396347
1466,0.0006569536245396276,0.002689550630748272,0.024455566,0.05186088,0.9919225573539734,0.9643478393554688,0.017789019271731377,0.03448975086212158
1467,0.0009553437769434161,0.002726136241108179,0.029553058,0.052212413,0.988204300403595,0.9638628959655762,0.019258227199316025,0.03582653030753136
1468,0.0005432242892724885,0.002703947015106678,0.023235178,0.05199949,0.9927086234092712,0.964156985282898,0.017374571412801743,0.03529460355639458
1469,0.0006178982161641629,0.002860904671251774,0.023298528,0.05348743,0.9926688075065613,0.9620764255523682,0.017003299668431282,0.036323681473731995
1470,0.000732105723397002,0.0029502795077860355,0.02668896,0.054316472,0.9903798699378967,0.9608916640281677,0.019602006301283836,0.03771962970495224
1471,0.0005915501778045754,0.0027372862678021193,0.023985837,0.05231908,0.9922298789024353,0.9637150764465332,0.017901478335261345,0.03620823100209236
1472,0.0005688879325382666,0.0028849956579506397,0.022749145,0.053712156,0.9930104613304138,0.9617570638656616,0.016562411561608315,0.036696288734674454
1473,0.0011429798654386434,0.003007505089044571,0.03318168,0.05484073,0.9851298332214355,0.9601330757141113,0.02246158756315708,0.03662806749343872
1474,0.0008710134808841923,0.0030978538561612368,0.026992146,0.055658367,0.9901600480079651,0.9589354395866394,0.019230637699365616,0.03751194104552269
1475,0.0007298516740609722,0.002628120593726635,0.026693454,0.0512652,0.9903765916824341,0.9651621580123901,0.019519159570336342,0.03536480292677879
1476,0.000790742489863822,0.0029612036887556314,0.027590385,0.054416943,0.989719033241272,0.9607468843460083,0.018338678404688835,0.03688744083046913
1477,0.0008111683266840621,0.002897759899497032,0.02694637,0.05383084,0.9901933670043945,0.9615878462791443,0.01914050057530403,0.03829728811979294
1478,0.0006916625074650669,0.002763552824035287,0.025186962,0.052569505,0.9914321899414062,0.9633668661117554,0.018387706950306892,0.03615831583738327
1479,0.0007894325846626253,0.002822623122483492,0.025908204,0.053128365,0.9909344911575317,0.9625838398933411,0.018416158854961395,0.03613762557506561
1480,0.0014564935885242778,0.003246402833610773,0.037108168,0.056977216,0.9814023375511169,0.9569662809371948,0.024520156905055046,0.039360810071229935
1481,0.0014926149041540075,0.002719333628192544,0.032678355,0.052147232,0.9855775237083435,0.9639530181884766,0.022135300561785698,0.03558008372783661
1482,0.0010060069087723439,0.0030084906611591578,0.03126856,0.05484971,0.9867951273918152,0.9601200222969055,0.022104335948824883,0.03783624246716499
1483,0.001056787725246977,0.0028548985719680786,0.029300656,0.05343125,0.9884049296379089,0.9621559977531433,0.020636076107621193,0.038152359426021576
1484,0.0007007889957590537,0.002710964297875762,0.026367716,0.052066922,0.9906100630760193,0.9640640020370483,0.0200224369764328,0.035882618278265
1485,0.0005902553993192586,0.0028819001745432615,0.023539918,0.053683333,0.9925161004066467,0.9617980718612671,0.017631392925977707,0.03695855289697647
1486,0.0006935760426462035,0.0027850184123963118,0.02500333,0.052773274,0.9915566444396973,0.9630823135375977,0.018245048820972443,0.03687451407313347
1487,0.0006525553180836141,0.002584882313385606,0.025338093,0.050841738,0.9913290739059448,0.9657353162765503,0.018678443506360054,0.035594407469034195
1488,0.0005792750314206139,0.0025988391134887934,0.023098102,0.050978813,0.992794394493103,0.9655503034591675,0.017320571467280388,0.03554568812251091
1489,0.0005614509315240535,0.0026992317289114,0.023114994,0.05195413,0.9927838444709778,0.9642195105552673,0.01749933697283268,0.036379169672727585
1490,0.0007970626016189767,0.0028781453147530556,0.025009088,0.05364835,0.9915527701377869,0.9618478417396545,0.01766728051006794,0.038795601576566696
1491,0.000887176238227932,0.002703922102227807,0.029074404,0.051999252,0.9885833263397217,0.9641573429107666,0.02072553150355816,0.03566678240895271
1492,0.0007022989752427252,0.002693465445190668,0.025635896,0.051898606,0.9911240339279175,0.9642959237098694,0.01841139607131481,0.036144617944955826
1493,0.0006452349295035343,0.002565284026786685,0.024142014,0.050648633,0.9921283721923828,0.9659950733184814,0.017892200499773026,0.034875381737947464
1494,0.0007331404148399914,0.0026328302919864655,0.024781194,0.051311117,0.9917060136795044,0.9650996923446655,0.017899705097079277,0.03560302406549454
1495,0.0005882813189104622,0.0026268779765814543,0.024050912,0.051253077,0.9921876192092896,0.9651786088943481,0.017949283123016357,0.035117652267217636
1496,0.0005182028498066674,0.0026107376907020807,0.022536615,0.051095378,0.993140459060669,0.9653925895690918,0.01698455587029457,0.034715261310338974
1497,0.0005325014585237527,0.002503512892872095,0.02277124,0.050035115,0.992996871471405,0.9668139219284058,0.016863372176885605,0.03438091278076172
1498,0.0005869160565701102,0.0028757865075021982,0.024259318,0.05362636,0.9920516610145569,0.9618791341781616,0.01738811284303665,0.03758745640516281
1499,0.0006243021297533149,0.002454175613820553,0.024189271,0.049539637,0.9920974969863892,0.9674679040908813,0.01773138903081417,0.03318622335791588
1500,0.0006372367702583274,0.002743041142821312,0.023327358,0.052374054,0.9926506280899048,0.9636387825012207,0.016883332282304764,0.03607765585184097
1501,0.0005874710411510684,0.0028369310311973095,0.024267707,0.053262852,0.9920461773872375,0.9623941779136658,0.017932727932929993,0.03639170154929161
1502,0.0006323584126551974,0.002711088629439473,0.023764547,0.052068118,0.9923725724220276,0.9640623331069946,0.01734784245491028,0.03508348390460014
1503,0.0005963456989609932,0.0026961711701005697,0.024048313,0.05192467,0.992189347743988,0.9642601013183594,0.017573349177837372,0.035624027252197266
1504,0.00050959591912529,0.002730889245867729,0.022040205,0.05225791,0.9934393167495728,0.9637998342514038,0.01658816635608673,0.03629603609442711
1505,0.0005410179722027599,0.0028384304605424404,0.022725055,0.053276926,0.9930252432823181,0.9623743295669556,0.01667771115899086,0.03626798838376999
1506,0.0005555157847332091,0.002644964260980487,0.022609098,0.051429216,0.9930962324142456,0.9649388790130615,0.016610581427812576,0.035353921353816986
1507,0.0006140482503476298,0.0028442295733839273,0.024220716,0.05333132,0.9920769333839417,0.9622974395751953,0.01787581853568554,0.036330532282590866
1508,0.0005626634189287539,0.002618314465507865,0.023252986,0.05116947,0.9926974177360535,0.9652921557426453,0.017117111012339592,0.034957531839609146
1509,0.0006135300963333892,0.0025779930874705315,0.022791544,0.050773945,0.9929843544960022,0.9658266305923462,0.016615724191069603,0.035600695759058
1510,0.0005870598827393471,0.0029881559312343597,0.023250042,0.054664027,0.9926992654800415,0.9603896141052246,0.017072254791855812,0.03770340234041214
1511,0.0008671661532637452,0.0028591181617230177,0.024765054,0.053470723,0.9917168021202087,0.962100088596344,0.017483128234744072,0.03589325770735741
1512,0.0009306975387682377,0.002863107016310096,0.029618165,0.05350801,0.988152265548706,0.9620472192764282,0.02102978341281414,0.0375097431242466
1513,0.0010117749479832128,0.0028308432083576918,0.027874518,0.05320567,0.989506185054779,0.9624748826026917,0.01939823105931282,0.03647094964981079
1514,0.0007334850359422325,0.0030314400792121887,0.026915414,0.055058517,0.9902158975601196,0.9598158001899719,0.018805736675858498,0.03762247413396835
1515,0.0006117054627710869,0.0028034064453095198,0.02342066,0.0529472,0.9925917387008667,0.9628385901451111,0.017271671444177628,0.03595023602247238
1516,0.0005762038629406809,0.0025626826100051403,0.02341037,0.050622948,0.9925982356071472,0.9660295844078064,0.017076341435313225,0.03482424095273018
1517,0.000556250958735208,0.002872003009542823,0.023143703,0.053591073,0.9927659034729004,0.9619292616844177,0.01750209555029869,0.036803361028432846
1518,0.0005830644678843038,0.002740547526627779,0.023491131,0.052350238,0.9925470948219299,0.963671863079071,0.017379287630319595,0.03533007577061653
1519,0.000609036734782752,0.002968189073726535,0.024241317,0.05448109,0.9920634627342224,0.9606542587280273,0.01740359142422676,0.03790474683046341
1520,0.0006011615378983234,0.002839566906914115,0.023591371,0.053287588,0.9924833178520203,0.9623592495918274,0.01737314835190773,0.036428302526474
1521,0.0006429156816342253,0.0029750079847872257,0.024908049,0.054543637,0.9916208982467651,0.9605638980865479,0.018381623551249504,0.03794394060969353
1522,0.0007234850444629873,0.0027923069428652525,0.026975572,0.052842285,0.9901720881462097,0.9629856944084167,0.0183425135910511,0.03584456443786621
1523,0.0005342830032036131,0.0027076287660747766,0.022776458,0.05203488,0.9929936528205872,0.9641081690788269,0.016815125942230225,0.03624817728996277
1524,0.0005055917830428701,0.002674837363883853,0.021961898,0.051718835,0.9934858679771423,0.9645428657531738,0.01637266017496586,0.03575817868113518
1525,0.0005302888642869551,0.002695829141885042,0.022568889,0.051921375,0.9931207895278931,0.9642646312713623,0.016655394807457924,0.034503959119319916
1526,0.00048438968290363186,0.002740181516855955,0.021447603,0.052346744,0.9937873482704163,0.9636766910552979,0.015993446111679077,0.03590214252471924
1527,0.0006675730110146105,0.002908463357016444,0.023625491,0.053930175,0.9924615621566772,0.9614459872245789,0.016590656712651253,0.036675743758678436
1528,0.000683054387495345,0.0028086439706385136,0.025887158,0.052996643,0.9909492135047913,0.9627691507339478,0.018869176506996155,0.03646518662571907
1529,0.0004632088603102602,0.002671775408089161,0.021289393,0.051689222,0.9938786625862122,0.9645834565162659,0.016112811863422394,0.03509807586669922
1530,0.0005392516236911019,0.0025896201841533184,0.022457533,0.05088831,0.9931885004043579,0.965672492980957,0.016596896573901176,0.0346684567630291
1531,0.0005043568122676912,0.00270468951202929,0.022274662,0.05200663,0.9932990074157715,0.96414715051651,0.016391970217227936,0.03513815253973007
1532,0.0005523656992326406,0.0025917396415024996,0.022747768,0.050909128,0.9930112957954407,0.9656444191932678,0.01655019074678421,0.03484192118048668
1533,0.000511543778967197,0.0027274987660348415,0.021920057,0.052225463,0.9935106635093689,0.9638447761535645,0.016051415354013443,0.0357484370470047
1534,0.0006282402418119917,0.002751557156443596,0.02447364,0.05245529,0.9919106364250183,0.9635258913040161,0.01736629009246826,0.03546478599309921
1535,0.00048069542390294373,0.002681927289813757,0.022008402,0.051787328,0.9934582114219666,0.964448869228363,0.01654190383851528,0.035356052219867706
1536,0.0004535806715880013,0.0025640137027949095,0.020797394,0.05063609,0.9941583275794983,0.9660119414329529,0.015676554292440414,0.034084122627973557
1537,0.00048741689533926547,0.0027740520890802145,0.021631459,0.05266927,0.9936804175376892,0.9632276892662048,0.01581108570098877,0.035878073424100876
1538,0.000596949081227649,0.002771921455860138,0.023314487,0.05264904,0.9926587343215942,0.9632559418678284,0.01721186377108097,0.03668060898780823
1539,0.0010879505088351752,0.0026116478256881237,0.02509123,0.051104285,0.9914971590042114,0.9653804898262024,0.0170222669839859,0.034224506467580795
1540,0.0010750273319321093,0.0027850365731865168,0.029165283,0.05277345,0.9885118007659912,0.9630820751190186,0.020305754616856575,0.03626848757266998
1541,0.0008649490171757697,0.0028801255393773317,0.029463096,0.0536668,0.9882760047912598,0.9618216156959534,0.020155902951955795,0.036716874688863754
1542,0.0005712078200303949,0.0025671273469924927,0.023995554,0.050666828,0.9922235608100891,0.9659706354141235,0.017528394237160683,0.03461897373199463
1543,0.00046167463005986065,0.0025215886998921633,0.021306435,0.050215423,0.993868887424469,0.9665743112564087,0.015863977372646332,0.034145813435316086
1544,0.0005004854306620969,0.002674933522939682,0.02206376,0.051719762,0.9934252500534058,0.9645416140556335,0.01646619476377964,0.035890497267246246
1545,0.0005263058053308421,0.0025052798446267843,0.022751685,0.05005277,0.9930089116096497,0.966790497303009,0.016815748065710068,0.03454719856381416
1546,0.0005310598287244582,0.002641365397721529,0.021956401,0.051394217,0.9934890866279602,0.9649865627288818,0.01625693030655384,0.03472042828798294
1547,0.0008672986183558929,0.0028944325167685747,0.026295012,0.05379993,0.9906617403030396,0.9616319537162781,0.01786210760474205,0.037030406296253204
1548,0.0007916658247598785,0.0026713775005191565,0.026630906,0.05168537,0.9904216527938843,0.9645887613296509,0.01913738064467907,0.03521641716361046
1549,0.0005843644334659489,0.0027717435732483864,0.023950092,0.05264735,0.9922530055046082,0.9632583260536194,0.01770748384296894,0.0365440659224987
1550,0.0005957801999598319,0.0026724692434072495,0.02418682,0.05169593,0.9920991063117981,0.9645742774009705,0.017327401787042618,0.035032279789447784
1551,0.0004932269928923978,0.002686132211238146,0.021834916,0.05182791,0.9935609698295593,0.964393138885498,0.016357222571969032,0.034736014902591705
1552,0.0006012070490132002,0.002658471465110779,0.02274972,0.05156037,0.9930101037025452,0.9647598266601562,0.016804905608296394,0.035466816276311874
1553,0.0005899270293990743,0.0027257276233285666,0.023448043,0.0522085,0.9925743937492371,0.963868260383606,0.017400259152054787,0.03612926974892616
1554,0.0004924772087675096,0.0026066156569868326,0.022169137,0.051055025,0.993362307548523,0.965447187423706,0.016520217061042786,0.034555885940790176
1555,0.0005258247851584615,0.0027108655776828527,0.022461234,0.052065972,0.9931862354278564,0.9640653133392334,0.01668921858072281,0.03620998188853264
1556,0.0004980998667385641,0.002639810089021921,0.021244356,0.05137908,0.9939045310020447,0.9650071859359741,0.015640130266547203,0.03479430451989174
1557,0.0004897987620841542,0.002746193204075098,0.021357894,0.05240413,0.9938392043113708,0.9635969996452332,0.016065390780568123,0.03692799061536789
1558,0.0005433471074370159,0.0027515625115484,0.023127008,0.05245534,0.9927763342857361,0.9635258316993713,0.017091499641537666,0.035770103335380554
1559,0.0005390535641874357,0.0027898449916392565,0.02300404,0.052818984,0.9928529262542725,0.9630183577537537,0.017044177278876305,0.03694736957550049
1560,0.0004933259571606123,0.0027117652352899313,0.021855855,0.05207461,0.993548572063446,0.9640533924102783,0.01628243923187256,0.03567539155483246
1561,0.0004761145074470815,0.002887875773012638,0.02149534,0.05373896,0.9937596917152405,0.9617188572883606,0.015994703397154808,0.03715525567531586
1562,0.0004492257893699306,0.0026697725988924503,0.02112818,0.051669843,0.993971049785614,0.9646099805831909,0.015902971848845482,0.035155557096004486
1563,0.0005279123208972371,0.0025628984440118074,0.022317508,0.05062508,0.9932731986045837,0.9660267233848572,0.016509728506207466,0.03515183553099632
1564,0.0004732393436742396,0.0026502416003495455,0.021116527,0.0514805,0.9939776659011841,0.9648689031600952,0.015807632356882095,0.034982405602931976
1565,0.0005370878160730089,0.0027384294662624598,0.022125375,0.052330006,0.9933884739875793,0.9636999368667603,0.016425427049398422,0.036029525101184845
1566,0.0005851996155053547,0.002560668857768178,0.023831477,0.05060305,0.9923295378684998,0.9660562872886658,0.017316168174147606,0.03475937992334366
1567,0.0004294163009035401,0.002599627710878849,0.02068464,0.050986547,0.9942215085029602,0.965539813041687,0.015575320459902287,0.03592107445001602
1568,0.0005426397818320601,0.0026789975818246603,0.022429636,0.051759034,0.9932054281234741,0.9644877314567566,0.01628587767481804,0.035232193768024445
1569,0.0007284768173783298,0.002920852741226554,0.025017353,0.054044914,0.991547167301178,0.9612817764282227,0.017809785902500153,0.036481838673353195
1570,0.0008364265476385216,0.00289893732406199,0.024866961,0.05384178,0.9916484951972961,0.9615722298622131,0.01742039993405342,0.036764126271009445
1571,0.0008452509547086348,0.00294879381544888,0.028762141,0.054302797,0.9888272285461426,0.9609113335609436,0.019677408039569855,0.036993734538555145
1572,0.000584056810608176,0.002739432966336608,0.023960348,0.052339595,0.9922463893890381,0.9636865854263306,0.01720614731311798,0.03570439666509628
1573,0.0006188435866285793,0.002762246411293745,0.023107076,0.052557077,0.9927887916564941,0.963384211063385,0.016562912613153458,0.03605463355779648
1574,0.0006007390653725121,0.002862689085304737,0.024508609,0.053504102,0.9918874502182007,0.9620527625083923,0.017677048221230507,0.03560241311788559
1575,0.0005083878052325665,0.002817064756527543,0.022123761,0.053076025,0.9933894872665405,0.9626575708389282,0.016410458832979202,0.03592928871512413
1576,0.0005672616316587664,0.002860117005184293,0.023592541,0.053480063,0.992482602596283,0.9620868563652039,0.017333483323454857,0.036864399909973145
1577,0.0005012383593235758,0.0028401988092809916,0.022217978,0.053293515,0.9933330416679382,0.9623508453369141,0.016103146597743034,0.03626012057065964
1578,0.0004916499919173392,0.0026734794955700636,0.021301836,0.0517057,0.9938715100288391,0.964560866355896,0.015951355919241905,0.03562043607234955
1579,0.0005735241039391523,0.002710687927901745,0.02345028,0.052064266,0.9925729632377625,0.9640676379203796,0.016727551817893982,0.03526468947529793
1580,0.0004682105414262465,0.0026817000471055508,0.021489542,0.051785138,0.9937630295753479,0.9644519090652466,0.016210010275244713,0.03448331356048584
1581,0.0004489811495163436,0.0026948759332299232,0.021026697,0.051912196,0.9940288066864014,0.9642772674560547,0.01578090526163578,0.03499084711074829
1582,0.0004554299379048065,0.0025988155975937843,0.020727554,0.050978582,0.9941974878311157,0.9655506014823914,0.015344141982495785,0.03498494625091553
1583,0.00044580648550022903,0.002780391601845622,0.020533593,0.05272942,0.9943056106567383,0.9631436467170715,0.015528040938079357,0.03566402196884155
1584,0.00046469961340666157,0.0026379842311143875,0.020812415,0.05136131,0.994149923324585,0.9650313854217529,0.015416867099702358,0.03508996218442917
1585,0.0005418726392566565,0.0026856858748942614,0.021386234,0.051823605,0.9938228726387024,0.9643990993499756,0.015623912215232849,0.034779902547597885
1586,0.0005741920434626412,0.0027838025707751513,0.022722503,0.052761756,0.9930267930030823,0.9630984663963318,0.01634802110493183,0.03572440892457962
1587,0.0006344087940471417,0.002706685569137335,0.02509806,0.052025817,0.9914925694465637,0.9641206860542297,0.018717238679528236,0.03638060390949249
1588,0.0005121415974413553,0.0025735318195074797,0.022480508,0.05072999,0.9931745529174805,0.9658857583999634,0.01644965074956417,0.03412792831659317
1589,0.00046833447479664096,0.002817555097863078,0.021182049,0.05308065,0.9939402341842651,0.9626510143280029,0.015619777143001556,0.03580288589000702
1590,0.0005088247681586919,0.002704746089875698,0.02162067,0.052007172,0.9936866760253906,0.9641464352607727,0.01614399068057537,0.03521556779742241
1591,0.0005131647564915263,0.0027220463380217552,0.021618487,0.05217323,0.9936879873275757,0.963917076587677,0.015951301902532578,0.03658778592944145
1592,0.0005502974375055849,0.002714341040700674,0.022951938,0.052099332,0.9928852915763855,0.964019238948822,0.01685735583305359,0.03578987717628479
1593,0.0005488174640711143,0.0027231285348534584,0.022656057,0.052183606,0.9930675625801086,0.9639027118682861,0.01677859202027321,0.035036105662584305
1594,0.0005487159138614185,0.0026791219133883715,0.021657243,0.051760234,0.993665337562561,0.9644860625267029,0.015669943764805794,0.03474479541182518
1595,0.0005426067800726742,0.0026521768886595964,0.022493677,0.05149929,0.9931665658950806,0.9648432731628418,0.016224302351474762,0.034949760884046555
1596,0.0006019810574467887,0.0027778588701039553,0.022033969,0.0527054,0.9934430122375488,0.9631772637367249,0.015996070578694344,0.036664336919784546
1597,0.0006844851787635972,0.0027486372273415327,0.02605439,0.052427445,0.9908318519592285,0.9635645747184753,0.018648751080036163,0.03546227142214775
1598,0.0005333390138482421,0.002812750171869993,0.022483554,0.05303537,0.9931727051734924,0.9627147316932678,0.016362009570002556,0.03566298261284828
1599,0.0006152404497366991,0.002805046970024705,0.022669666,0.052962694,0.9930592179298401,0.9628168344497681,0.016378236934542656,0.03636900335550308
1600,0.0005901614898572337,0.002648176858201623,0.023649199,0.05146044,0.9924464225769043,0.9648962616920471,0.017200535163283348,0.03465550020337105
1601,0.0019921016130617568,0.0028816733974963427,0.033279315,0.053681217,0.9850422143936157,0.9618011116981506,0.019281446933746338,0.036557089537382126
1602,0.0016286561830466699,0.003148952266201377,0.040185176,0.056115527,0.9781902432441711,0.9582580924034119,0.026912027969956398,0.03880952298641205
1603,0.000795327431908597,0.002913897158578038,0.027619762,0.053980526,0.9896970987319946,0.9613739252090454,0.019940543919801712,0.037205759435892105
1604,0.000610164981811646,0.0028241167310625315,0.02393696,0.05314242,0.992261528968811,0.9625640511512756,0.0177135169506073,0.03634224086999893
1605,0.0007037854143577119,0.002931664464995265,0.024437161,0.054144844,0.9919347167015076,0.9611384272575378,0.017546314746141434,0.03737672418355942
1606,0.0007122496000110087,0.0027356469072401524,0.02523733,0.05230341,0.9913978576660156,0.9637367725372314,0.018282225355505943,0.035693828016519547
1607,0.0005374582741007379,0.002675859723240137,0.023133606,0.051728714,0.9927722215652466,0.9645293354988098,0.01726444438099861,0.03441406041383743
1608,0.000517906662769912,0.002555759623646736,0.021719372,0.05055452,0.9936289191246033,0.9661213159561157,0.01596030220389366,0.034248750656843185
1609,0.0005772081448495472,0.0026413158047944307,0.022896815,0.051393736,0.9929194450378418,0.9649872183799744,0.01678849384188652,0.03533993288874626
1610,0.0005755417326078962,0.0028135026805102825,0.023613017,0.05304246,0.9924695491790771,0.9627047777175903,0.0168230552226305,0.03579879552125931
1611,0.0005087642679096792,0.0025967375840991735,0.022285743,0.050958198,0.9932923316955566,0.9655781388282776,0.016901593655347824,0.03466687723994255
1612,0.0004861429809931327,0.002575542777776718,0.021671299,0.05074981,0.993657112121582,0.9658591151237488,0.016328945755958557,0.03484635427594185
1613,0.00046374073744201184,0.002686058171093464,0.021282278,0.051827196,0.9938827753067017,0.9643941521644592,0.01583276502788067,0.0357489213347435
1614,0.0004258590620751916,0.0027043959125876427,0.020431885,0.05200381,0.9943618774414062,0.9641510248184204,0.015551624819636345,0.03521713986992836
1615,0.0004436852296666157,0.0025716160889714956,0.021037847,0.050711103,0.9940224885940552,0.9659111499786377,0.015313944779336452,0.034339822828769684
1616,0.0004630660425226035,0.0025948171969503164,0.02137889,0.050939348,0.9938271045684814,0.9656035900115967,0.015744473785161972,0.035333774983882904
1617,0.00047047730582893234,0.002705430146306753,0.020860404,0.05201375,0.9941228628158569,0.9641373157501221,0.015649454668164253,0.03496088087558746
1618,0.0005592644166344227,0.0027480076532810926,0.022334807,0.052421443,0.993262767791748,0.9635729193687439,0.016233261674642563,0.03536044433712959
1619,0.000488758162563582,0.0026967425365000963,0.021492377,0.05193017,0.993761420249939,0.9642524719238281,0.016025543212890625,0.03511902689933777
1620,0.0004896565687059509,0.002640239894390106,0.021446723,0.051383268,0.9937878847122192,0.9650014638900757,0.01589248515665531,0.03474007919430733
1621,0.0004259643018568485,0.0028006986249238253,0.020332182,0.05292163,0.9944167733192444,0.9628744721412659,0.014960527420043945,0.035786278545856476
1622,0.0005873240271202204,0.0028331622015684843,0.023029234,0.05322746,0.9928373098373413,0.9624441266059875,0.016246721148490906,0.03642281889915466
1623,0.0006452165636636147,0.002650243230164051,0.023472352,0.051480513,0.992559015750885,0.9648689031600952,0.016675306484103203,0.03538329899311066
1624,0.000745225621688984,0.00265432707965374,0.027003085,0.05152016,0.9901520609855652,0.9648147821426392,0.018952853977680206,0.03524937853217125
1625,0.0005763434369741431,0.0026313886046409607,0.022747193,0.05129706,0.9930116534233093,0.9651188254356384,0.016840320080518723,0.03417019918560982
1626,0.0005431789177237079,0.0026139249093830585,0.022910684,0.051126562,0.9929108619689941,0.965350329875946,0.016437839716672897,0.03541240841150284
1627,0.00047697978020137685,0.002693676855415106,0.021518322,0.051900644,0.9937463402748108,0.9642931222915649,0.01613885723054409,0.034820035099983215
1628,0.00047043053795774045,0.002651151968166232,0.021495542,0.051489335,0.9937595725059509,0.9648568630218506,0.015575863420963287,0.03460713103413582
1629,0.0004638099456893873,0.002786678960546851,0.020932224,0.052789003,0.9940823316574097,0.9630603194236755,0.015336031094193459,0.03598257154226303
1630,0.00046225084357005966,0.0027061481960117817,0.021199396,0.05202065,0.9939303398132324,0.9641278386116028,0.015615994110703468,0.03521330654621124
1631,0.000435839716704901,0.002529690507799387,0.02078872,0.050296027,0.9941632151603699,0.9664669036865234,0.01567831262946129,0.034613415598869324
1632,0.00047451924084188334,0.0027233583386987448,0.02094383,0.052185807,0.9940757751464844,0.9638996720314026,0.015543785877525806,0.03511827066540718
1633,0.0005291759701900777,0.0028885493520647287,0.022853509,0.053745225,0.992946207523346,0.9617099761962891,0.016094479709863663,0.03679719939827919
1634,0.0005018134417530911,0.0027177485171705484,0.021940762,0.05213203,0.9934983849525452,0.9639740586280823,0.016157211735844612,0.03549833595752716
1635,0.0005399042916410094,0.002698836848139763,0.021578662,0.05195033,0.9937111735343933,0.9642247557640076,0.01573106087744236,0.036090996116399765
1636,0.0005329154783711684,0.002725154859945178,0.022357471,0.05220301,0.9932490587234497,0.9638758897781372,0.01661459356546402,0.03530783951282501
1637,0.00048452922717181286,0.0026660144794732332,0.021768127,0.051633466,0.9936003088951111,0.9646598100662231,0.01625780574977398,0.035083189606666565
1638,0.0004999807285705836,0.002867915201932192,0.021913493,0.053552918,0.9935145378112793,0.9619834423065186,0.01603385992348194,0.036875169724226
1639,0.00047273896317082375,0.002643906744197011,0.021676518,0.05141893,0.9936540126800537,0.9649528861045837,0.016485216096043587,0.03467141091823578
1640,0.00044715685792404906,0.0026715591084212065,0.02031498,0.05168713,0.9944261908531189,0.9645863175392151,0.015156304463744164,0.03461971879005432
1641,0.0006240849979803897,0.0028412395622581244,0.022894938,0.05330328,0.9929205775260925,0.962337076663971,0.0166633240878582,0.036225367337465286
1642,0.0005482296159739649,0.002561280271038413,0.023112621,0.050609093,0.9927853345870972,0.9660481810569763,0.01701456680893898,0.03438995033502579
1643,0.0005707510870045305,0.0027487881015986204,0.02311956,0.052428886,0.9927809834480286,0.9635626077651978,0.016934292390942574,0.0357712097465992
1644,0.0004906282245594247,0.0026485498528927565,0.022210294,0.051464062,0.9933376312255859,0.9648913145065308,0.01666306145489216,0.03460540249943733
1645,0.0008500896537126126,0.0027509534265846014,0.023523523,0.052449528,0.9925265312194824,0.963533878326416,0.01585305854678154,0.03495768830180168
1646,0.0009975212438307194,0.0028400588780641556,0.030926457,0.053292204,0.9870824813842773,0.9623527526855469,0.02184566669166088,0.037268269807100296
1647,0.0005335511377779767,0.0026228695642203093,0.022538945,0.05121396,0.9931390285491943,0.9652317762374878,0.016836130991578102,0.034679558128118515
1648,0.0008838696739985608,0.002747507765889168,0.025271077,0.05241667,0.9913748502731323,0.9635795950889587,0.01742495223879814,0.03531236574053764
1649,0.000863772671436891,0.00301455263979733,0.029370427,0.054904945,0.9883496165275574,0.9600396752357483,0.019426517188549042,0.03753850609064102
1650,0.0007131583829918368,0.0028196051716804504,0.024908077,0.053099956,0.9916208386421204,0.9626238346099854,0.01796492002904415,0.03701579198241234
1651,0.0010030696040220473,0.003021471668034792,0.031515736,0.054967918,0.9865854978561401,0.959947943687439,0.021837778389453888,0.037216853350400925
1652,0.0006499818211357871,0.002780189970508218,0.025152639,0.052727506,0.9914554953575134,0.9631463289260864,0.018131088465452194,0.03596898913383484
1653,0.0005450598936559717,0.002687283791601658,0.02324812,0.051839016,0.992700457572937,0.9643778800964355,0.01741626486182213,0.0357402041554451
1654,0.0005111681841133924,0.0029204986058175564,0.022438714,0.054041643,0.99319988489151,0.9612864255905151,0.016816623508930206,0.03585733845829964
1655,0.0005643815913406962,0.0026981141418218613,0.022348292,0.051943373,0.9932546019554138,0.9642343521118164,0.01625966466963291,0.035575464367866516
1656,0.0006356607085432519,0.002749703824520111,0.024461098,0.052437622,0.9919189214706421,0.9635504484176636,0.017901327461004257,0.03563889488577843
1657,0.0006095437684879554,0.0027489280328154564,0.024693226,0.05243022,0.9917647838592529,0.9635607600212097,0.017968248575925827,0.03599259629845619
1658,0.0006044277334612244,0.0026645069010555744,0.02287339,0.051618863,0.9929339289665222,0.9646798372268677,0.01639017090201378,0.03577730804681778
1659,0.0005783185122047805,0.0026446504052728415,0.023853093,0.051426165,0.9923156499862671,0.9649430513381958,0.017263714224100113,0.03481103107333183
1660,0.00047634302047134207,0.0027709966525435448,0.021726344,0.052640256,0.9936248064041138,0.9632682204246521,0.01593167707324028,0.035507798194885254
1661,0.0005506800844159443,0.0026006754487752914,0.022636397,0.050996814,0.9930795431137085,0.9655259847640991,0.01643039844930172,0.03539598360657692
1662,0.0004854391141138463,0.002502452116459608,0.021330316,0.050024517,0.9938551187515259,0.9668279886245728,0.01585015282034874,0.034183070063591
1663,0.0004626910290839574,0.0025800096336752176,0.021418367,0.050793797,0.9938042759895325,0.965799868106842,0.016036180779337883,0.03456411510705948
1664,0.00044259932804958555,0.002601353917270899,0.020596787,0.05100347,0.9942705035209656,0.965516984462738,0.015373479574918747,0.034311067312955856
1665,0.0004789182328915393,0.0027769641019403934,0.021360176,0.05269691,0.9938378930091858,0.9631891250610352,0.01575666107237339,0.03556190803647041
1666,0.0004568499382664661,0.0026882681995630264,0.021202043,0.051848516,0.9939287900924683,0.9643648266792297,0.015858296304941177,0.03550764545798302
1667,0.00040621413592651317,0.0026318905875086784,0.019955153,0.051301956,0.9946218729019165,0.9651121497154236,0.01503710262477398,0.0348157100379467
1668,0.0005082191677171398,0.0026070079766213894,0.021269985,0.051058866,0.9938898086547852,0.9654420018196106,0.01593252271413803,0.034370724111795425
1669,0.0005620803395603699,0.0027995698619633913,0.022121767,0.052910965,0.993390679359436,0.9628894329071045,0.016328804194927216,0.03578755632042885
1670,0.0004841381140233187,0.0026970745529979467,0.021859212,0.051933367,0.9935466051101685,0.9642481207847595,0.016095690429210663,0.03531244397163391
1671,0.0005027639417676255,0.002678323071449995,0.022092687,0.05175252,0.9934080243110657,0.9644966721534729,0.0162648968398571,0.03649866208434105
1672,0.00046353371428929017,0.0027583467308431864,0.021268783,0.052519966,0.9938905239105225,0.9634358882904053,0.015433977358043194,0.0349540151655674
1673,0.0004400670355111784,0.0026858432684093714,0.02071839,0.05182512,0.9942026138305664,0.9643969535827637,0.015658758580684662,0.03543669357895851
1674,0.00037156218075489795,0.0027941700536757708,0.019237427,0.05285991,0.9950017929077148,0.9629610180854797,0.014670124277472496,0.035356003791093826
1675,0.0006495766184260984,0.002703364472836256,0.022527087,0.05199389,0.9931462407112122,0.9641647338867188,0.01601952500641346,0.03608645126223564
1676,0.0005158751780320679,0.0026989805046468973,0.022635818,0.051951714,0.9930799007415771,0.9642228484153748,0.016833312809467316,0.03586272522807121
1677,0.0004501112562138587,0.002538372529670596,0.020862559,0.050382264,0.9941216707229614,0.9663518071174622,0.015337701886892319,0.03457176312804222
1678,0.0004955942468685945,0.0027791180182248354,0.021908106,0.05271734,0.9935176968574524,0.9631605744361877,0.016372162848711014,0.035726699978113174
1679,0.00047953909035475755,0.0027854829095304012,0.021020139,0.052777674,0.9940325617790222,0.9630761742591858,0.01571289822459221,0.036061931401491165
1680,0.0004619439248265487,0.0026869908906519413,0.021270633,0.05183619,0.9938894510269165,0.964381754398346,0.015981756150722504,0.035523831844329834
1681,0.00044619787248930976,0.0026792960707098246,0.020628288,0.051761918,0.9942529201507568,0.9644837975502014,0.015398302115499973,0.035121358931064606
1682,0.00040844800539409994,0.002661642385646701,0.01985374,0.05159111,0.994676411151886,0.9647178053855896,0.015017518773674965,0.036145370453596115
1683,0.0003771311659709847,0.002606465481221676,0.019443026,0.051053554,0.9948943853378296,0.9654492139816284,0.014749960042536259,0.03499681130051613
1684,0.000451339795373232,0.002772523555904627,0.020785537,0.052654758,0.9941650032997131,0.9632479548454285,0.015490063466131687,0.03635229915380478
1685,0.0004444536038632081,0.0026291152462363243,0.020275163,0.0512749,0.9944480061531067,0.96514892578125,0.015077873133122921,0.034613218158483505
1686,0.00042980060177135533,0.0026207161135971546,0.020153256,0.05119293,0.9945145845413208,0.9652602672576904,0.014901462011039257,0.03512478619813919
1687,0.0004205541593943384,0.0026837363839149475,0.02007762,0.051804792,0.9945557117462158,0.9644249081611633,0.015119951218366623,0.034625306725502014
1688,0.0005260887430102395,0.002686215564608574,0.02091414,0.051828716,0.994092583656311,0.9643920660018921,0.01495281234383583,0.034966859966516495
1689,0.0004908914290188642,0.0026318938471376896,0.022024507,0.05130199,0.9934486746788025,0.9651121497154236,0.015993475914001465,0.03464055433869362
1690,0.0007160530304562682,0.0027541446033865213,0.02204865,0.05247995,0.9934342503547668,0.9634915590286255,0.014868274331092834,0.03621132671833038
1691,0.001113917466268917,0.0030042571015655994,0.030803755,0.05481111,0.9871847629547119,0.9601761698722839,0.019872471690177917,0.037139248102903366
1692,0.0008002773789815943,0.0028678260277956724,0.027147766,0.053552087,0.9900462627410889,0.9619846343994141,0.01987624354660511,0.036526359617710114
1693,0.0008051179227715528,0.0030529219657182693,0.027776167,0.055253252,0.9895800948143005,0.9595310688018799,0.019918112084269524,0.036962393671274185
1694,0.0006289432077954353,0.0027287243865430355,0.024787154,0.052237194,0.9917020201683044,0.9638285636901855,0.01834970898926258,0.036201316863298416
1695,0.000551765517395159,0.002707886975258589,0.022259925,0.052037362,0.9933078289031982,0.9641047716140747,0.016666309908032417,0.03608573600649834
1696,0.0005426934182072397,0.002669098787009716,0.023302695,0.05166332,0.9926661849021912,0.9646189212799072,0.01755044423043728,0.035265181213617325
1697,0.0005743144905533303,0.0026332810521125793,0.023839053,0.05131551,0.9923246502876282,0.965093731880188,0.01728280633687973,0.035046253353357315
1698,0.000526388240276984,0.002771981293335557,0.021674301,0.05264961,0.9936553239822388,0.9632551670074463,0.015837445855140686,0.03611179441213608
1699,0.0005072567536527375,0.0026709611993283033,0.022533389,0.051681343,0.9931424260139465,0.9645942449569702,0.016491718590259552,0.03535962849855423
1700,0.00041533353181545283,0.002706782426685095,0.020362498,0.05202675,0.9944000840187073,0.9641194343566895,0.01498816441744566,0.03481750190258026
1701,0.0004433340830225709,0.002614713506773114,0.020752674,0.05113427,0.9941834211349487,0.9653398394584656,0.015404390171170235,0.03509366512298584
1702,0.00045554304101229223,0.0026376410387456417,0.020344932,0.05135797,0.9944097399711609,0.9650359153747559,0.015099763870239258,0.034657660871744156
1703,0.0004452054457611997,0.0026568269822746515,0.020853132,0.051544417,0.9941269755363464,0.964781641960144,0.015544695779681206,0.03467723727226257
1704,0.00044337694469670004,0.0026015937328338623,0.020726908,0.05100582,0.9941978454589844,0.9655137658119202,0.015543880872428417,0.035085488110780716
1705,0.00043894832593981516,0.0025194718036800623,0.020430725,0.05019434,0.9943625330924988,0.9666023850440979,0.015224614180624485,0.03385285660624504
1706,0.00044529487356405957,0.0026883715763688087,0.020261303,0.05184951,0.9944556355476379,0.9643634557723999,0.015270189382135868,0.03507322445511818
1707,0.0004547287062450778,0.0026271301321685314,0.020521041,0.05125554,0.9943125247955322,0.9651752710342407,0.015340635553002357,0.03502561151981354
1708,0.0004239508125465363,0.00255669211037457,0.02054285,0.05056374,0.9943004846572876,0.9661089777946472,0.015245537273585796,0.033660270273685455
1709,0.00041748835098008965,0.0026217515114694834,0.02025085,0.051203046,0.9944613575935364,0.9652465581893921,0.014959587715566158,0.03525540232658386
1710,0.00042923687843457713,0.0026960058603435755,0.020302868,0.051923078,0.9944328665733337,0.9642622470855713,0.015148901380598545,0.03509370610117912
1711,0.0004335253953203474,0.002633881289511919,0.02053525,0.051321354,0.9943046569824219,0.9650858044624329,0.015341061167418957,0.0343494638800621
1712,0.0004657815790613478,0.0025525232776999474,0.020652095,0.050522503,0.9942396879196167,0.966164231300354,0.015155995264649391,0.03415113687515259
1713,0.00043672365592845546,0.0027033009100705385,0.020473337,0.051993277,0.9943389892578125,0.9641655683517456,0.015176120214164257,0.035460442304611206
1714,0.0005028358358355366,0.0026855601463466883,0.020721082,0.05182239,0.994201123714447,0.9644007086753845,0.015376214869320393,0.03518965467810631
1715,0.000697804993582064,0.0027868684846907854,0.02475509,0.0527908,0.9917234778404236,0.963057816028595,0.01699770614504814,0.035651665180921555
1716,0.0006778672508186322,0.0026131123304367065,0.025799118,0.05111861,0.9910106658935547,0.9653611183166504,0.01823837123811245,0.034728746861219406
1717,0.0004933148619867014,0.002767977537587285,0.021249523,0.05261157,0.9939016103744507,0.9633082151412964,0.015700899064540863,0.035472556948661804
1718,0.0004568291243975347,0.0026329243555665016,0.021114334,0.05131203,0.9939789175987244,0.9650984406471252,0.015872608870267868,0.034271061420440674
1719,0.0003973485661183738,0.002520966809242964,0.019892145,0.05020923,0.9946557879447937,0.9665825366973877,0.014981374144554138,0.03372730314731598
1720,0.00041526697466245173,0.0025811768136918545,0.019645015,0.050805286,0.9947877526283264,0.9657844305038452,0.014675399288535118,0.035106875002384186
1721,0.0004743897777437021,0.0029912730678915977,0.02061325,0.054692533,0.9942613244056702,0.9603482484817505,0.015068608336150646,0.03727599233388901
1722,0.00048137840679952535,0.002500848611816764,0.020867942,0.050008487,0.9941186308860779,0.9668492078781128,0.015488938428461552,0.03359515592455864
1723,0.0004517506577857685,0.0028856107965111732,0.021231204,0.053717878,0.9939121007919312,0.9617488980293274,0.016061978414654732,0.03707573190331459
1724,0.00043089098670117727,0.0027007583994418383,0.020514056,0.05196882,0.9943163990974426,0.9641993045806885,0.01539375726133585,0.035258881747722626
1725,0.0004074055782852652,0.002720563905313611,0.019865198,0.052159026,0.9946702718734741,0.9639367461204529,0.014879569411277771,0.035820771008729935
1726,0.0005484752675163855,0.0025993871968239546,0.020401806,0.050984185,0.9943784475326538,0.9655430316925049,0.014748639427125454,0.03472517803311348
1727,0.000983158994296735,0.0029463053215295076,0.03097477,0.05427988,0.9870420694351196,0.9609443545341492,0.021341929212212563,0.03739355131983757
1728,0.0006282121658759107,0.0027218072209507227,0.02472384,0.052170943,0.991744339466095,0.9639202356338501,0.017810633406043053,0.035166263580322266
1729,0.0005349810321190903,0.002821126254275441,0.022696236,0.053114276,0.9930429458618164,0.9626036882400513,0.01653304137289524,0.03505634143948555
1730,0.0005146096935442819,0.0028089398983865976,0.02259123,0.052999437,0.9931071400642395,0.9627652168273926,0.016352130100131035,0.035645075142383575
1731,0.0004934412394174036,0.0028319123666733503,0.02169768,0.053215712,0.9936416149139404,0.9624606966972351,0.015623865649104118,0.03591381758451462
1732,0.0005187597635085694,0.002750595100224018,0.021201136,0.052446116,0.9939293265342712,0.963538646697998,0.015306955203413963,0.03569038584828377
1733,0.0005518439389892261,0.002796994522213936,0.023200024,0.05288662,0.9927306771278381,0.9629235863685608,0.01717391610145569,0.03504711017012596
1734,0.0004451173742629842,0.0025500133633613586,0.02079104,0.050497655,0.9941619038581848,0.9661974906921387,0.01540938951075077,0.03478596732020378
1735,0.0004889855888243553,0.002720469841733575,0.020828994,0.052158125,0.9941405653953552,0.9639379978179932,0.015134938061237335,0.035140637308359146
1736,0.0004987691070048393,0.00260150502435863,0.02135329,0.05100495,0.9938418865203857,0.9655149579048157,0.015964224934577942,0.03493141755461693
1737,0.0004848343762039969,0.0025973806623369455,0.021535257,0.050964504,0.9937364459037781,0.9655696153640747,0.015830378979444504,0.034212931990623474
1738,0.0004872098324995022,0.0026700617745518684,0.021782551,0.05167264,0.9935917854309082,0.9646061658859253,0.01592199131846428,0.03438729792833328
1739,0.0004416499525012279,0.0027943875174969435,0.020569423,0.052861966,0.9942857027053833,0.9629581570625305,0.01540416944772005,0.03621932119131088
1740,0.0004904409156138586,0.0025716049131006002,0.021056915,0.050710995,0.994011640548706,0.965911328792572,0.015500358305871487,0.03403542935848236
1741,0.0004918026077740996,0.0028159033972769976,0.021948596,0.053065088,0.9934937357902527,0.9626729488372803,0.016141770407557487,0.03598971292376518
1742,0.0004894017620244995,0.0026567811146378517,0.020641955,0.051543973,0.9942453503608704,0.9647822380065918,0.014971901662647724,0.035087160766124725
1743,0.0004019259193393571,0.0025309871416538954,0.01940098,0.050308913,0.9949164390563965,0.9664497375488281,0.014664308167994022,0.03377559408545494
1744,0.0006540133254020475,0.0026774993166327477,0.023147456,0.051744558,0.9927635788917542,0.9645075798034668,0.015817396342754364,0.035738155245780945
1745,0.0007172168803993951,0.0027775138150900602,0.025659233,0.052702125,0.9911078810691833,0.9631817936897278,0.017894143238663673,0.03525487333536148
1746,0.0005839528530486859,0.0027787587605416775,0.023743968,0.052713934,0.9923858046531677,0.963165283203125,0.017482804134488106,0.035705793648958206
1747,0.0004748628727446141,0.0026869962457567453,0.021133462,0.051836245,0.9939680099487305,0.9643816947937012,0.015726178884506226,0.03442298248410225
1748,0.0004659605891158042,0.0025467481464147568,0.020812074,0.050465316,0.9941501021385193,0.9662408232688904,0.015365032479166985,0.0345589779317379
1749,0.000491999960186976,0.002641888801008463,0.021393333,0.05139931,0.9938187599182129,0.9649796485900879,0.015806671231985092,0.03463335707783699
1750,0.0007248608284995003,0.002767175203189254,0.022619981,0.052603945,0.9930896162986755,0.9633188843727112,0.015773558989167213,0.035041481256484985
1751,0.0005607799876915207,0.002620725892484188,0.023280548,0.051193025,0.9926800727844238,0.9652601480484009,0.017098601907491684,0.034855157136917114
1752,0.0004887598671220159,0.002711764769628644,0.021998752,0.05207461,0.993463933467865,0.9640533924102783,0.015765054151415825,0.034640852361917496
1753,0.0004427140014410146,0.0027212428394705057,0.020522699,0.052165534,0.9943116307258606,0.9639277458190918,0.015439866110682487,0.03466420620679855
1754,0.0004955029845322398,0.0027227220125496387,0.021445153,0.052179705,0.9937887787818909,0.9639081358909607,0.015699727460741997,0.0346081480383873
1755,0.0004816463039209008,0.002597145503386855,0.021897197,0.0509622,0.9935241937637329,0.965572714805603,0.016163965687155724,0.03493969514966011
1756,0.0005309811051781501,0.0026322787161916494,0.02117137,0.051305737,0.993946373462677,0.9651070237159729,0.015419385395944118,0.03493178263306618
1757,0.0005230510998279152,0.0028687138110399246,0.022196217,0.053560376,0.993346095085144,0.9619728922843933,0.01603255234658718,0.03588894009590149
1758,0.00046003870441133836,0.0028710761107504368,0.020645866,0.053582422,0.9942431449890137,0.9619415998458862,0.015444250777363777,0.035715263336896896
1759,0.000586214296080553,0.0028223292902112007,0.022567496,0.053125598,0.9931216239929199,0.9625877737998962,0.016122043132781982,0.035338301211595535
1760,0.0012713567246630025,0.002804903779178858,0.026214499,0.052961342,0.9907188415527344,0.9628187417984009,0.01660815253853798,0.036274343729019165
1761,0.001175734338175971,0.0031805585604161024,0.034095608,0.056396443,0.9842994213104248,0.9578391313552856,0.022929416969418526,0.03824537247419357
1762,0.0005178744534284554,0.0027961598243564367,0.02252923,0.052878726,0.9931449294090271,0.962934672832489,0.016897840425372124,0.036491475999355316
1763,0.0005640636710185473,0.0026784830261021852,0.021977399,0.05175406,0.9934766292572021,0.964494526386261,0.016113953664898872,0.03588011860847473
1764,0.0005919020087193613,0.0027559215668588877,0.024062913,0.052496873,0.9921798706054688,0.9634680151939392,0.017198825255036354,0.03619448468089104
1765,0.00047461437266478737,0.0026442785747349262,0.020888653,0.05142255,0.9941069483757019,0.9649479389190674,0.015622839331626892,0.0354473814368248
1766,0.0004441556166883939,0.0028450952377170324,0.020861635,0.053339433,0.9941222071647644,0.9622859954833984,0.01539252232760191,0.035471174865961075
1767,0.0005502182942688127,0.002705023158341646,0.022119872,0.05200984,0.9933918118476868,0.9641427397727966,0.015276340767741203,0.035138946026563644
1768,0.0004924718794592826,0.0027816726360470057,0.021695485,0.052741565,0.9936429262161255,0.9631266593933105,0.016016019508242607,0.03602995350956917
1769,0.000524101739177819,0.002882448025047779,0.022796508,0.053688433,0.9929813146591187,0.9617908000946045,0.016476362943649292,0.03580055758357048
1770,0.0004774466129178605,0.0029104629065841436,0.021751871,0.053948708,0.9936098456382751,0.9614194631576538,0.015850557014346123,0.03555114567279816
1771,0.00044428713855185464,0.0027544491458684206,0.020674044,0.052482847,0.994227409362793,0.9634875655174255,0.01549594383686781,0.03573312610387802
1772,0.00047796775933503255,0.0026361928321421146,0.021195736,0.05134387,0.9939324259757996,0.9650551080703735,0.015447507612407207,0.03446858748793602
1773,0.00042599741507067597,0.002725958591327071,0.020208638,0.052210715,0.9944844245910645,0.9638652205467224,0.014924931339919567,0.03449605405330658
1774,0.00037412759709034367,0.0027210440021008253,0.019220216,0.05216363,0.9950107336044312,0.9639303684234619,0.014461991377174854,0.035382065922021866
1775,0.000460267168818973,0.002664131112396717,0.020368576,0.05161522,0.9943967461585999,0.964684784412384,0.014958260580897331,0.035318125039339066
1776,0.0004537509640530598,0.0028311596252024174,0.020333948,0.053208645,0.9944157600402832,0.9624707102775574,0.015091996639966965,0.03571251407265663
1777,0.00047919317843149077,0.0027849876787513494,0.021476142,0.05277298,0.9937708377838135,0.9630827307701111,0.015152410604059696,0.03555242717266083
1778,0.0004241738533892203,0.0026620267890393734,0.020011043,0.051594835,0.9945917129516602,0.9647126793861389,0.014980554580688477,0.03489524498581886
1779,0.0004340654446754012,0.0025800142902880907,0.02061237,0.050793845,0.9942618012428284,0.9657998085021973,0.015189005061984062,0.034573670476675034
1780,0.0004050526033758863,0.0025900015607476234,0.01933099,0.05089206,0.9949530959129333,0.9656674265861511,0.014671857468783855,0.034349605441093445
1781,0.000487294870254118,0.002596581121906638,0.021253772,0.05095666,0.9938991665840149,0.9655802249908447,0.01501384936273098,0.034345682710409164
1782,0.0004908466329321858,0.002823637565597892,0.02185776,0.05313791,0.9935474991798401,0.9625704288482666,0.015743479132652283,0.03583863750100136
1783,0.0013574029369258576,0.0030519787687808275,0.03636181,0.055244718,0.9821429252624512,0.9595435857772827,0.022511983290314674,0.03757653385400772
1784,0.0006987479692642493,0.0030919695273041725,0.026499236,0.05560548,0.9905161261558533,0.9590134620666504,0.018623190000653267,0.0384056530892849
1785,0.0005414962698440914,0.002810033271089196,0.022182373,0.053009745,0.9933543801307678,0.9627507328987122,0.016257664188742638,0.035193704068660736
1786,0.0005724989823647775,0.0027773224283009768,0.023156106,0.05270031,0.9927581548690796,0.9631843566894531,0.017157727852463722,0.03564928099513054
1787,0.0005601996377994179,0.0025942865759134293,0.022605287,0.050934136,0.9930985569953918,0.9656106233596802,0.016230378299951553,0.034394361078739166
1788,0.0005768611888263629,0.0029155719093978405,0.02282679,0.053996038,0.992962658405304,0.961351752281189,0.016680195927619934,0.03677890822291374
1789,0.0005133496326214464,0.002739920048043132,0.021990437,0.052344248,0.9934688806533813,0.9636801481246948,0.016554290428757668,0.034768689423799515
1790,0.0004956506924248639,0.0026875254698097706,0.021871103,0.05184135,0.993539571762085,0.9643746614456177,0.01618354581296444,0.03511451184749603
1791,0.0004865727618876421,0.0028713159263134003,0.02173094,0.05358466,0.9936221241950989,0.9619383811950684,0.015621934086084366,0.0357033871114254
1792,0.000515886184571586,0.0028182687237858772,0.022336794,0.053087365,0.9932615160942078,0.9626415967941284,0.016067851334810257,0.03656128793954849
1793,0.0007196925593730571,0.0026159153785556555,0.02365542,0.05114602,0.9924424886703491,0.9653239250183105,0.016669606789946556,0.034741297364234924
1794,0.000542038135542746,0.0027691046707332134,0.022889001,0.052622285,0.9929242730140686,0.9632933139801025,0.016975151374936104,0.035809844732284546
1795,0.0008806081545613283,0.002929779002442956,0.023567632,0.054127432,0.9924984574317932,0.9611634016036987,0.016138067469000816,0.03662508726119995
1796,0.000949314640655013,0.0026717036962509155,0.028268285,0.051688526,0.9892076253890991,0.9645844101905823,0.019607312977313995,0.03546691685914993
1797,0.0009589500279451551,0.002851412631571293,0.02859757,0.05339862,0.9889547228813171,0.962202250957489,0.01869138330221176,0.03630373626947403
1798,0.0007138520542701536,0.002671031281352043,0.025889648,0.05168202,0.990947425365448,0.9645933508872986,0.018266843631863594,0.03527944162487984
1799,0.0006733580766277472,0.002875297563150525,0.025298996,0.053621806,0.9913557767868042,0.9618856310844421,0.018284279853105545,0.03654029592871666
1800,0.0005981928975829346,0.002747421618551016,0.024282504,0.05241585,0.9920364618301392,0.9635807275772095,0.017866607755422592,0.03545317426323891
1801,0.0005219689370609227,0.0028442295733839273,0.022733506,0.05333132,0.9930200576782227,0.9622974395751953,0.016553932800889015,0.03619438782334328
1802,0.0004501028336314696,0.002711980137974024,0.021056578,0.052076675,0.9940118193626404,0.9640505313873291,0.015551026910543442,0.03540670499205589
1803,0.000517395788020539,0.002671126276254654,0.021517823,0.051682938,0.9937466382980347,0.9645920991897583,0.01600641943514347,0.03549942374229431
1804,0.0004941884901861406,0.002765075070783496,0.022077564,0.05258398,0.9934170246124268,0.9633467197418213,0.01649688184261322,0.035740841180086136
1805,0.0004236850515801714,0.002724637510254979,0.020379722,0.05219806,0.994390606880188,0.9638827443122864,0.014987289905548096,0.03456111252307892
1806,0.0005079159669879697,0.0027737279888242483,0.02099234,0.052666195,0.9940482974052429,0.9632319808006287,0.015476207248866558,0.03593162074685097
1807,0.0005231371095843232,0.0026064955163747072,0.021591282,0.051053848,0.9937038421630859,0.965448796749115,0.015940051525831223,0.03524927422404289
1808,0.0005452667220114646,0.0027234572917222977,0.022966104,0.052186757,0.9928765296936035,0.9638983607292175,0.016391539946198463,0.035420507192611694
1809,0.0004674494875044647,0.00261977082118392,0.020847205,0.0511837,0.9941303133964539,0.965272843837738,0.015484247356653214,0.035400450229644775
1810,0.0005636895349942444,0.002702774479985237,0.020938328,0.051988214,0.9940788745880127,0.9641725420951843,0.015270627103745937,0.03557182475924492
1811,0.0006303843573815274,0.002573736011981964,0.025008952,0.050731998,0.9915528893470764,0.9658830761909485,0.01776423491537571,0.03399886563420296
1812,0.000495465875825506,0.0026129093021154404,0.021525543,0.05111662,0.9937421083450317,0.9653638005256653,0.015734413638710976,0.034467026591300964
1813,0.0005722135498548265,0.00266147474758327,0.022437282,0.05158948,0.9932007789611816,0.9647200107574463,0.016515135765075684,0.035147156566381454
1814,0.0005789575516246259,0.002793974243104458,0.023563799,0.05285806,0.992500901222229,0.9629636406898499,0.016968680545687675,0.036368634551763535
1815,0.0004781335036651316,0.002661284292116761,0.021602707,0.051587638,0.9936971664428711,0.9647225141525269,0.01612389087677002,0.03548320010304451
1816,0.0005667318827446169,0.0025252876803278923,0.021723082,0.05025224,0.9936267137527466,0.9665252566337585,0.015520371496677399,0.034870605915784836
1817,0.0006740462823389945,0.0025522818323224783,0.025672032,0.050520115,0.9910989999771118,0.9661674499511719,0.017893563956022263,0.03402093052864075
1818,0.0004940631303973284,0.0027205354999750853,0.02188101,0.052158754,0.993533730506897,0.9639371037483215,0.016174674034118652,0.03571334481239319
1819,0.0004256367799164516,0.0026509619783610106,0.020388793,0.051487494,0.9943856000900269,0.9648593664169312,0.0149410804733634,0.03563949093222618
1820,0.0004925058330462144,0.0024780381936579943,0.020811519,0.0497799,0.9941504001617432,0.9671515822410583,0.015223811380565166,0.034009791910648346
1821,0.0005644354443409776,0.0027072716038674116,0.021713154,0.05203145,0.9936325550079346,0.9641129374504089,0.015721196308732033,0.035000599920749664
1822,0.0006645482545453971,0.002368354704231024,0.02311932,0.048665743,0.9927811622619629,0.9686055183410645,0.017112677916884422,0.03354533389210701
1823,0.0005336538488336373,0.0025757071562111378,0.022628408,0.05075143,0.9930844306945801,0.9658569097518921,0.016777189448475838,0.034628864377737045
1824,0.0005161641476495953,0.0025550215505063534,0.02271188,0.05054722,0.9930333495140076,0.9661311507225037,0.016080712899565697,0.03416014462709427
1825,0.000508162093121262,0.0027059444691985846,0.021352882,0.052018695,0.9938421249389648,0.9641305208206177,0.01550485659390688,0.034423161298036575
1826,0.0005456229446281213,0.0025880280882120132,0.023132477,0.05087267,0.9927729368209839,0.9656935930252075,0.016913333907723427,0.03445650264620781
1827,0.0014573027444632978,0.0029080777894705534,0.038338087,0.053926595,0.9801491498947144,0.9614511132240295,0.024235960096120834,0.03717896714806557
1828,0.0008799561427705074,0.0028804487083107233,0.02722436,0.05366981,0.9899899959564209,0.9618173241615295,0.01878146268427372,0.036380428820848465
1829,0.0007424529010842724,0.002859340514987707,0.027133055,0.053472802,0.9900570511817932,0.9620971083641052,0.019191879779100418,0.036742355674505234
1830,0.0006464073045539077,0.0027583655901253223,0.024361353,0.052520145,0.9919846653938293,0.9634356498718262,0.017638787627220154,0.03585534542798996
1831,0.000535315243971788,0.0026726615615189075,0.022504203,0.05169779,0.9931601881980896,0.9645717144012451,0.01645454205572605,0.03521876409649849
1832,0.0005237832804348066,0.002759246388450265,0.022357233,0.05252853,0.9932491779327393,0.9634239673614502,0.016486093401908875,0.03526860848069191
1833,0.0009075432032907636,0.0027562673203647137,0.029199384,0.052500166,0.9884849190711975,0.9634634256362915,0.019182758405804634,0.03560684248805046
1834,0.0007570559219774706,0.0029317589942365885,0.02513856,0.054145724,0.9914650917053223,0.9611371755599976,0.017600424587726593,0.036317288875579834
1835,0.0006644438101581975,0.002682055113837123,0.024491038,0.05178856,0.9918991327285767,0.9644472002983093,0.01788998767733574,0.03554946929216385
1836,0.0005724037936571139,0.0028341696597635746,0.023303268,0.053236924,0.9926658272743225,0.9624307751655579,0.016843635588884354,0.03525761887431145
1837,0.0005609297460812905,0.0027124169282615185,0.023113009,0.05208087,0.9927850961685181,0.9640447497367859,0.016905056312680244,0.03507138788700104
1838,0.00046967626026757483,0.0026109693571925163,0.021582121,0.051097646,0.9937092065811157,0.9653894901275635,0.016208449378609657,0.035689570009708405
1839,0.000730790074819445,0.002699693199247122,0.026248315,0.051958576,0.9906948804855347,0.9642133712768555,0.01729237474501133,0.03503021225333214
1840,0.00048359850453297525,0.0025916649028658867,0.02171606,0.050908398,0.9936308860778809,0.9656453728675842,0.01616552472114563,0.034727130085229874
1841,0.0004692145217135972,0.0027583101764321327,0.020703578,0.052519616,0.9942108988761902,0.9634363651275635,0.015423295088112354,0.036529939621686935
1842,0.0005528114779735915,0.002816548105329275,0.021928629,0.05307116,0.9935055375099182,0.9626643657684326,0.01609928533434868,0.03588959574699402
1843,0.0004984309036279393,0.0027957847341895103,0.022038035,0.052875184,0.993440568447113,0.9629396200180054,0.01610523648560047,0.03611062839627266
1844,0.00043683387246512046,0.00265514780767262,0.020647481,0.051528122,0.994242250919342,0.9648038744926453,0.015076466836035252,0.03454603999853134
1845,0.00041858206598342144,0.002583972178399563,0.020401629,0.050832786,0.9943785667419434,0.9657473564147949,0.015213419683277607,0.034295257180929184
1846,0.0004716626631720415,0.002670843619853258,0.021316178,0.051680204,0.9938632845878601,0.9645957946777344,0.015476681292057037,0.035241998732089996
1847,0.00042531199505901895,0.0025646393187344074,0.020558463,0.050642267,0.9942917823791504,0.9660036563873291,0.01480207871645689,0.034576594829559326
1848,0.000584143762601095,0.0026696068234741688,0.021044021,0.05166824,0.9940189719200134,0.9646121859550476,0.015086435712873936,0.03553256019949913
1849,0.0008109604916006157,0.0027831715997308493,0.02828135,0.052755773,0.9891976118087769,0.9631068110466003,0.019621681421995163,0.03670501708984375
1850,0.0004894792979360897,0.0025688093155622482,0.022087231,0.05068342,0.9934113025665283,0.9659483432769775,0.016307329759001732,0.03523462638258934
1851,0.0005139931408021683,0.002711113542318344,0.021463452,0.05206836,0.9937781691551208,0.964061975479126,0.01588691584765911,0.035551223903894424
1852,0.00041581854086623275,0.002521301619708538,0.020183707,0.050212562,0.9944980144500732,0.9665781259536743,0.015131507068872452,0.034051310271024704
1853,0.00045690911792917177,0.0025659913662821054,0.021055436,0.050655615,0.9940124750137329,0.9659857153892517,0.015618500299751759,0.034822966903448105
1854,0.0005000416296587156,0.002624794375151396,0.021287186,0.051232748,0.9938799738883972,0.9652062058448792,0.015706539154052734,0.03519720956683159
1855,0.00043947719611672005,0.0025564462412148714,0.02060874,0.050561313,0.9942638278007507,0.9661122560501099,0.01518725510686636,0.03412432596087456
1856,0.00044153468281199986,0.0025171292945742607,0.020909525,0.050171,0.9940951466560364,0.9666334390640259,0.01513758860528469,0.034234948456287384
1857,0.0004006210087523372,0.0025700582191348076,0.019678755,0.050695743,0.9947698712348938,0.9659318327903748,0.014632334001362324,0.034731175750494
1858,0.00038651244639450766,0.002632885705679655,0.019559132,0.05131165,0.99483323097229,0.9650989770889282,0.014543128199875355,0.03411956503987312
1859,0.0004216080441520634,0.0026071721222251654,0.019573601,0.05106048,0.9948256015777588,0.9654398560523987,0.01445094682276249,0.034874238073825836
1860,0.00046872809550470925,0.002515766303986311,0.02048049,0.050157417,0.9943349957466125,0.9666514992713928,0.014835473150014877,0.03421318158507347
1861,0.0004623209474216723,0.0025730463676154613,0.021199867,0.050725203,0.9939300417900085,0.9658921957015991,0.01513430941849947,0.034330952912569046
1862,0.0005003840454843488,0.0027167461812496185,0.020756075,0.05212241,0.9941815137863159,0.9639873504638672,0.014988736249506474,0.03510592505335808
1863,0.0004911169473251158,0.002890549600124359,0.02148099,0.053763833,0.9937679767608643,0.961683452129364,0.015285389497876167,0.03511837124824524
1864,0.0004616732241464144,0.0027318333741277456,0.020980714,0.052266944,0.994054913520813,0.963787317276001,0.01559812668710947,0.03439802676439285
1865,0.00040987449293342337,0.0026637823320925236,0.020178253,0.05161184,0.994500994682312,0.9646894335746765,0.014958353713154793,0.03593076020479202
1866,0.0003710335133126302,0.0027390276081860065,0.01914113,0.052335724,0.9950517416000366,0.9636919498443604,0.014373946003615856,0.03521575406193733
1867,0.0004428910694762387,0.0025626199785619974,0.01941879,0.05062233,0.9949071407318115,0.9660304188728333,0.014408131130039692,0.03417126089334488
1868,0.0004828819715343839,0.002656321506947279,0.021150554,0.051539514,0.9939582347869873,0.9647883176803589,0.015649931505322456,0.0343569852411747
1869,0.0004115292504138779,0.0026322368066757917,0.019887434,0.051305328,0.994658350944519,0.9651075601577759,0.014901779592037201,0.03479774668812752
1870,0.0003909470645091708,0.002708581741899252,0.019160356,0.052044038,0.9950417876243591,0.9640955924987793,0.014357784762978554,0.03520109876990318
1871,0.0005061768057533878,0.002608949551358819,0.020690005,0.051077876,0.9942185282707214,0.9654162526130676,0.015269851312041283,0.03478958085179329
1872,0.0005541771593429571,0.002774649066850543,0.02238638,0.05267494,0.9932315945625305,0.9632197618484497,0.016600685194134712,0.03500440716743469
1873,0.0005518701803918124,0.0025675208307802677,0.022301223,0.05067071,0.9932829737663269,0.9659654498100281,0.01601722277700901,0.03506842255592346
1874,0.000987593857809605,0.0029027732089161873,0.027614249,0.05387739,0.9897012114524841,0.9615213871002197,0.017633624374866486,0.037078890949487686
1875,0.0007186907605500892,0.0025407453067600727,0.026602317,0.050405808,0.9904422163963318,0.9663203954696655,0.018743645399808884,0.03475767746567726
1876,0.0005340540890095078,0.002785497112199664,0.021256614,0.05277781,0.9938974976539612,0.9630759954452515,0.015519111417233944,0.03560502454638481
1877,0.000480002792425115,0.0026517524383962154,0.021879012,0.05149517,0.9935349225997925,0.9648488759994507,0.015950379893183708,0.03531438484787941
1878,0.0004698107573362491,0.002613253192976117,0.021351928,0.051119987,0.9938426613807678,0.9653592109680176,0.015622928738594055,0.034331776201725006
1879,0.0005263983750244898,0.0025674286298453808,0.02200803,0.050669797,0.9934584498405457,0.9659666419029236,0.015926359221339226,0.03391434624791145
1880,0.0004791497102070769,0.0027926263865083456,0.0203467,0.052845303,0.9944087862968445,0.9629814624786377,0.014880278147757053,0.03577914088964462
1881,0.00045099342142665677,0.00250578043051064,0.02103111,0.05005777,0.9940263032913208,0.966783881187439,0.01557065173983574,0.034037455916404724
1882,0.0003980221041605215,0.002560234861448407,0.019929077,0.050598767,0.9946359395980835,0.9660620093345642,0.014924824237823486,0.03425741195678711
1883,0.0003761848235047761,0.002546975389122963,0.019048134,0.05046757,0.995099663734436,0.9662377834320068,0.01409153826534748,0.03420758247375488
1884,0.0005070411028679122,0.002665355335921049,0.020912072,0.05162708,0.9940937161445618,0.9646685719490051,0.015420663170516491,0.03546009585261345
1885,0.0005943298403343016,0.002684578998014331,0.021879146,0.051812924,0.9935348629951477,0.9644137620925903,0.015680070966482162,0.03537065535783768
1886,0.0010991444942192174,0.002882963977754116,0.025339162,0.05369324,0.9913282990455627,0.9617840051651001,0.016835667192935944,0.03583569824695587
1887,0.0009248052936692892,0.002749095903709531,0.029800156,0.05243182,0.9880062341690063,0.9635584950447083,0.01957390271127224,0.0353366918861866
1888,0.0005314579380369237,0.0027148211374878883,0.022521045,0.052103948,0.9931499361991882,0.964012861251831,0.016534041613340378,0.034952618181705475
1889,0.0005582294781395996,0.0029596928507089615,0.023341805,0.054403063,0.9926415085792542,0.9607669115066528,0.016907015815377235,0.037792861461639404
1890,0.0005368927999039773,0.0026408792473375797,0.022554401,0.051389486,0.9931296110153198,0.9649930000305176,0.016662022098898888,0.03504236042499542
1891,0.0005315025092303669,0.0029010337311774492,0.02224871,0.05386125,0.9933145642280579,0.9615444540977478,0.01622798666357994,0.03618043288588524
1892,0.0004960344661164775,0.002770698629319668,0.021660533,0.052637424,0.9936633706092834,0.9632721543312073,0.0158232394605875,0.03593466430902481
1893,0.0004834141092777083,0.0027903022710233927,0.021073101,0.052823313,0.9940024018287659,0.9630122780799866,0.015499654226005077,0.03493274003267288
1894,0.00041265996895328334,0.0026841675862669945,0.020000732,0.051808953,0.994597315788269,0.9644191861152649,0.014797188341617584,0.03515124320983887
1895,0.0004312868993358941,0.002836567582562566,0.020003911,0.053259436,0.9945955872535706,0.9623990058898926,0.014856823720037937,0.035552918910980225
1896,0.0004492941033359702,0.002523809438571334,0.020716846,0.050237533,0.994203507900238,0.9665448665618896,0.015195212326943874,0.03374290466308594
1897,0.00043110445999032396,0.0027010375633835793,0.020078711,0.05197151,0.9945551156997681,0.9641955494880676,0.014780601486563683,0.03492104262113571
1898,0.0003891649480051869,0.0026669129729270935,0.019679189,0.051642165,0.9947696328163147,0.9646478891372681,0.01461305096745491,0.03446470946073532
1899,0.0005531747718288733,0.0024708060082048178,0.019814193,0.049707204,0.994697630405426,0.967247486114502,0.013856382109224796,0.033872317522764206
1900,0.0004899578905844299,0.002620342653244734,0.021131488,0.051189285,0.9939691424369812,0.9652652740478516,0.015079306438565254,0.0352284237742424
1901,0.0005627278806059621,0.0025688118766993284,0.023357086,0.050683446,0.9926319122314453,0.9659483432769775,0.016146089881658554,0.03457115590572357
1902,0.00045186935511248356,0.0024348460137844086,0.020671241,0.04934416,0.9942290186882019,0.9677241444587708,0.015067695640027523,0.03344520181417465
1903,0.00037147276221234773,0.0025571519508957863,0.019198844,0.05056829,0.9950218200683594,0.9661028981208801,0.014486066065728664,0.03487207740545273
1904,0.0004815763439348137,0.0026386533863842487,0.020801846,0.051367823,0.9941558241844177,0.9650225043296814,0.015116234309971333,0.03525960445404053
1905,0.0004840668797524731,0.0027098762802779675,0.021904254,0.052056476,0.9935199618339539,0.964078426361084,0.016175609081983566,0.03577190265059471
1906,0.0006130319650930522,0.002747096586972475,0.021297095,0.052412752,0.9938742518424988,0.9635850191116333,0.015015412122011185,0.03541126474738121
1907,0.0005389426425443327,0.0026936971116811037,0.022824766,0.05190084,0.9929639101028442,0.9642928838729858,0.016334010288119316,0.035131100565195084
1908,0.00042785665540246885,0.0027994413394480944,0.020495953,0.05290975,0.9943264722824097,0.962891161441803,0.01492434274405241,0.034902703016996384
1909,0.00044594093229865064,0.002735934918746352,0.020454187,0.052306164,0.9943495392799377,0.9637329578399658,0.015098183415830135,0.0349518246948719
1910,0.00043874777971227144,0.002510515972971916,0.020087717,0.05010505,0.9945502281188965,0.9667210578918457,0.014771927148103714,0.03353819623589516
1911,0.00042241389449124904,0.002652675611898303,0.02030194,0.051504135,0.9944333434104919,0.9648366570472717,0.015222221612930298,0.035845767706632614
1912,0.00040926974047165873,0.0025432242546230555,0.019505082,0.05043039,0.9948617815971375,0.9662874937057495,0.014640514738857746,0.034278225153684616
1913,0.000496906117570523,0.0026794758159667253,0.020283803,0.051763657,0.9944432973861694,0.9644813537597656,0.014662075787782669,0.035664498805999756
1914,0.0004865184084999121,0.0027315139304846525,0.021958323,0.05226389,0.9934879541397095,0.9637916088104248,0.01636974886059761,0.03538373485207558
1915,0.00045272075195415795,0.002685974584892392,0.020728363,0.05182639,0.9941970705986023,0.9643952250480652,0.015102851204574108,0.03404475748538971
1916,0.0004179831266810652,0.002670096233487129,0.020262912,0.051672973,0.9944547414779663,0.9646057486534119,0.014857333153486252,0.0344562865793705
1917,0.00039876657154474577,0.0026424643583595753,0.019644927,0.051404905,0.9947878122329712,0.9649720191955566,0.014667260460555553,0.035144537687301636
1918,0.0004272623750280631,0.002592966193333268,0.020038243,0.05092118,0.9945769906044006,0.9656281471252441,0.015075835399329662,0.03454625606536865
1919,0.00038722148350312966,0.0026258418802171946,0.01931248,0.05124297,0.994962751865387,0.9651923179626465,0.014441099017858505,0.03444983810186386
1920,0.0004462143617936156,0.002848345320671797,0.020693257,0.05336989,0.9942166805267334,0.9622429013252258,0.015137093141674995,0.036292534321546555
1921,0.000399611427300525,0.0024885351303964853,0.019917421,0.049885217,0.9946421980857849,0.9670124650001526,0.01492756325751543,0.033711496740579605
1922,0.00038744297258248975,0.002611766569316387,0.019422902,0.051105447,0.9949049949645996,0.9653789401054382,0.014288666658103466,0.034226350486278534
1923,0.000460819607476217,0.002624632092192769,0.01968752,0.051231164,0.9947651624679565,0.9652084112167358,0.014398074708878994,0.03474146127700806
1924,0.0004795473690716211,0.002553038764744997,0.021839868,0.050527602,0.9935580492019653,0.9661574363708496,0.016185402870178223,0.034073565155267715
1925,0.00042794730192822914,0.0026966752484440804,0.019543508,0.051929522,0.9948415160179138,0.9642534255981445,0.014314593747258186,0.03525064140558243
1926,0.0004529648074160584,0.0025489283725619316,0.021317165,0.05048691,0.9938626885414124,0.9662119150161743,0.015557458624243736,0.034000713378190994
1927,0.00044673389294819737,0.0024420085828751326,0.01980645,0.049416684,0.9947017431259155,0.9676291942596436,0.014674385078251362,0.033171962946653366
1928,0.00046515343042714943,0.0025547391269356012,0.02085209,0.050544426,0.9941275715827942,0.9661349058151245,0.015247966162860394,0.03388042002916336
1929,0.0006636067641507411,0.0025694305077195168,0.021215739,0.050689552,0.9939209818840027,0.9659401178359985,0.014678150415420532,0.03492162749171257
1930,0.0007112853953995826,0.0027098776772618294,0.026577326,0.052056484,0.9904601573944092,0.9640783667564392,0.019001182168722153,0.03593244031071663
1931,0.000438981725231067,0.0025413010735064745,0.020827532,0.050411317,0.9941413998603821,0.9663130044937134,0.015445766970515251,0.035206571221351624
1932,0.00041724495994540945,0.0025978502817451954,0.020107495,0.050969113,0.9945394992828369,0.9655634164810181,0.014739452861249447,0.03428509086370468
1933,0.0003675867221979636,0.0025612646713852882,0.019013613,0.05060894,0.9951174259185791,0.9660483598709106,0.014159638434648514,0.03418874368071556
1934,0.00040873394192947836,0.0026167461182922125,0.020138638,0.051154144,0.9945225715637207,0.9653128981590271,0.015006918460130692,0.03453312814235687
1935,0.0004076979219627736,0.0027746381238102913,0.019668853,0.052674837,0.994775116443634,0.963219940662384,0.014474349096417427,0.035660915076732635
1936,0.000378462003771512,0.0028636115603148937,0.019111736,0.053512722,0.9950668811798096,0.9620405435562134,0.0142191918566823,0.03570525720715523
1937,0.000404627419894413,0.002564782975241542,0.019891448,0.050643686,0.9946562051773071,0.9660017490386963,0.014985894784331322,0.034297823905944824
1938,0.00046721523077311843,0.002562906825914979,0.020291893,0.05062516,0.994438886642456,0.9660266041755676,0.014859122224152088,0.03431403264403343
1939,0.0004334239377137485,0.002627553418278694,0.02072236,0.051259667,0.9942004084587097,0.9651696681976318,0.014977816492319107,0.03460969775915146
1940,0.00046342965453566814,0.0027721296064555645,0.019395476,0.052651018,0.9949193596839905,0.9632532000541687,0.014074086211621761,0.03561997786164284
1941,0.0006462514082324395,0.002608810318633914,0.023668269,0.051076517,0.9924342632293701,0.9654181003570557,0.01729956828057766,0.034512728452682495
1942,0.0004849053141449324,0.0025536762550473213,0.02138886,0.050533913,0.9938213229179382,0.9661489725112915,0.01570672169327736,0.034425295889377594
1943,0.0006496375906201799,0.002693991409614682,0.022177156,0.051903673,0.9933575391769409,0.9642889499664307,0.0159367136657238,0.035044021904468536
1944,0.000882367571069732,0.002839595777913928,0.027084256,0.053287856,0.9900927543640137,0.9623588919639587,0.01781831495463848,0.03537862002849579
1945,0.0007105480012383355,0.002792219864204526,0.025727568,0.05284146,0.9910604357719421,0.9629868865013123,0.01808752492070198,0.03596967086195946
1946,0.0008110360768941147,0.003023416269570589,0.025935212,0.054985598,0.9909155368804932,0.959922194480896,0.017349299043416977,0.03674444183707237
1947,0.0006130902732944709,0.002696985611692071,0.023979671,0.05193251,0.9922338724136353,0.9642492532730103,0.0174422524869442,0.03535863012075424
1948,0.0005496939087276008,0.002807959681376815,0.02315922,0.052990187,0.992756187915802,0.9627782106399536,0.01659776084125042,0.03469236195087433
1949,0.000498008431102128,0.00273718754760921,0.021134578,0.05231814,0.9939673542976379,0.9637163877487183,0.015727711841464043,0.03558408468961716
1950,0.00045136444797125563,0.0028059748001396656,0.020915067,0.052971456,0.9940920472145081,0.9628045558929443,0.015607497654855251,0.03633308783173561
1951,0.0005255321127399591,0.00277910428121686,0.021003263,0.052717213,0.9940420985221863,0.9631607532501221,0.015295207500457764,0.03596412017941475
1952,0.0004970664846372198,0.002700257580727339,0.022272948,0.051964004,0.9933000206947327,0.9642059206962585,0.016050195321440697,0.03508247807621956
1953,0.0003942732837458607,0.0026447707787156105,0.019689236,0.05142734,0.9947642683982849,0.9649414420127869,0.014601477421820164,0.035403937101364136
1954,0.0004010881278769706,0.0027433540672063828,0.01974432,0.052377034,0.9947349429130554,0.9636346101760864,0.014298413880169392,0.03498923406004906
1955,0.0004691802843643183,0.0027569467201828957,0.020168245,0.052506637,0.9945064187049866,0.9634544253349304,0.014798025600612164,0.03551222383975983
1956,0.0005266151241481897,0.0025206084828823805,0.021870853,0.050205663,0.9935397505760193,0.9665873050689697,0.015745364129543304,0.033953648060560226
1957,0.0004933104805373164,0.0027236095629632473,0.021850863,0.052188214,0.9935515522956848,0.9638963341712952,0.015575116500258446,0.03515808284282684
1958,0.0004832964123951652,0.002590060466900468,0.021033527,0.050892636,0.994024932384491,0.965666651725769,0.01558042224496603,0.03440295532345772
1959,0.0004689650092834861,0.0027590561658143997,0.021741513,0.05252672,0.9936159253120422,0.9634264707565308,0.015947798267006874,0.035182151943445206
1960,0.0004393572843665342,0.0025923526845872402,0.020737747,0.05091515,0.9941918253898621,0.9656362533569336,0.01518756803125143,0.034196075052022934
1961,0.00036164378384869036,0.0026349839754402637,0.01871526,0.051332094,0.9952694773674011,0.9650711417198181,0.014236331917345524,0.034550778567790985
1962,0.0003842039494140243,0.002504780888557434,0.019318648,0.050047785,0.9949595332145691,0.9667971134185791,0.014564269222319126,0.03367356210947037
1963,0.0006434056624791331,0.0026720596943050623,0.020617073,0.051691968,0.9942591786384583,0.964579701423645,0.01429404504597187,0.03512093797326088
1964,0.0005295398070963777,0.0026672212406992912,0.022717623,0.05164515,0.9930298328399658,0.9646438360214233,0.016430094838142395,0.03462132439017296
1965,0.00039269105664888315,0.002726478036493063,0.0196412,0.052215688,0.9947897791862488,0.9638583660125732,0.014761839061975479,0.03510940819978714
1966,0.00040297343994924716,0.002687262138351798,0.019341461,0.051838808,0.994947612285614,0.9643781781196594,0.014345538802444935,0.034895382821559906
1967,0.0004302845445636194,0.0026942191179841757,0.020355497,0.05190587,0.9944039583206177,0.9642859697341919,0.014671670272946358,0.034817155450582504
1968,0.0005690331031060355,0.0030475594103336334,0.023167351,0.055204704,0.9927511215209961,0.9596021175384521,0.016015836969017982,0.03701235353946686
1969,0.0004724842358634553,0.002844508271664381,0.02117883,0.053333934,0.9939420819282532,0.9622937440872192,0.015761494636535645,0.03609899803996086
1970,0.0004375504233228805,0.0026670400984585285,0.02040774,0.051643394,0.9943751692771912,0.9646462202072144,0.015158162452280521,0.03434279188513756
1971,0.00043098871008789337,0.002754781162366271,0.019654501,0.05248601,0.9947827458381653,0.9634831547737122,0.014541830867528915,0.03540826588869095
1972,0.000496082625018475,0.0026686610653996468,0.021931015,0.05165908,0.9935041666030884,0.9646247625350952,0.01578839123249054,0.035230040550231934
1973,0.00042142762553835797,0.0027607055380940437,0.020607743,0.052542415,0.9942643642425537,0.963404655456543,0.015350942499935627,0.03511173278093338
1974,0.0005961628339719027,0.0028297475073486567,0.024212517,0.053195372,0.9920822978019714,0.9624894261360168,0.01596662402153015,0.036633577197790146
1975,0.0004013555513996504,0.0027239383198320866,0.019691436,0.052191366,0.9947631359100342,0.9638919830322266,0.014662285335361958,0.03490079566836357
1976,0.00038373609177969314,0.002723138313740492,0.019556137,0.0521837,0.994834840297699,0.9639025926589966,0.01438705064356327,0.03446389362215996
1977,0.0003650019799269185,0.002814275911077857,0.018968225,0.05304975,0.9951407313346863,0.962694525718689,0.01402566209435463,0.03563954308629036
1978,0.00039162515994658776,0.002619599224999547,0.019367099,0.051182024,0.9949342012405396,0.9652751088142395,0.014461616985499859,0.03500610962510109
1979,0.0004331168364098465,0.002746545011177659,0.019312361,0.05240749,0.9949628114700317,0.9635923504829407,0.014107387512922287,0.0350530706346035
1980,0.0009316076889676465,0.0031626434065401554,0.03044262,0.056237385,0.9874835014343262,0.9580765962600708,0.020749539136886597,0.03802325204014778
1981,0.0007778018156055954,0.0028274154756218195,0.027459014,0.05317345,0.9898167252540588,0.9625203609466553,0.019153807312250137,0.0364600270986557
1982,0.0005665696589858271,0.002979831537231803,0.023299363,0.054587834,0.9926682710647583,0.9604999423027039,0.016631223261356354,0.0367363877594471
1983,0.0005440119384729769,0.0029745870269834995,0.021122612,0.054539777,0.9939742088317871,0.960569441318512,0.015473587438464165,0.03722195699810982
1984,0.0005205766197336329,0.002871191594749689,0.022599675,0.053583503,0.9931020140647888,0.9619400501251221,0.016736052930355072,0.03585386648774147
1985,0.0005084877557237633,0.0027443990111351013,0.020954574,0.05238701,0.9940696954727173,0.9636207818984985,0.015427296981215477,0.035337191075086594
1986,0.0005458788046698002,0.003072189399972558,0.023298815,0.055427335,0.992668628692627,0.9592756628990173,0.016234053298830986,0.037317078560590744
1987,0.0005809171006231653,0.0026160150300711393,0.023568353,0.051146995,0.992497980594635,0.9653226137161255,0.016857286915183067,0.034444939345121384
1988,0.0005525627063682557,0.0027490451466292143,0.021804607,0.052431338,0.9935787916183472,0.9635592103004456,0.0160615686327219,0.03540433198213577
1989,0.00046689680840989405,0.002787515055388212,0.021265304,0.052796926,0.9938925504684448,0.9630492329597473,0.015823474153876305,0.03556055575609207
1990,0.0004457315418139015,0.002800908638164401,0.020788446,0.052923612,0.9941633343696594,0.9628716707229614,0.015008922666311264,0.03538139909505844
1991,0.00046309492278272626,0.002565632574260235,0.02107352,0.050652076,0.9940021634101868,0.9659904837608337,0.015376878902316093,0.03388681262731552
1992,0.000406049044117522,0.0025705378502607346,0.01998948,0.05070047,0.9946033954620361,0.9659254550933838,0.014922239817678928,0.03410964086651802
1993,0.0004177534786074168,0.0025308209005743265,0.020104842,0.050307266,0.9945409297943115,0.9664519429206848,0.014834584668278694,0.033652082085609436
1994,0.0005870177132733675,0.0026728841476142406,0.023564195,0.051699944,0.9925006628036499,0.9645687341690063,0.0165477953851223,0.03537134453654289
1995,0.000515526154644745,0.0027056841645389795,0.022451242,0.05201619,0.9931923151016235,0.9641339778900146,0.01653805561363697,0.03545688837766647
1996,0.0004683578094541603,0.002525677904486656,0.021277845,0.050256122,0.993885338306427,0.9665201306343079,0.016007157042622566,0.034392520785331726
1997,0.0004819043143387799,0.0026392692234367132,0.021854784,0.05137382,0.9935492277145386,0.9650143384933472,0.016095658764243126,0.03486208990216255
1998,0.0003877640228893142,0.0026668079663068056,0.01946523,0.051641148,0.9948827624320984,0.9646493196487427,0.014403323642909527,0.03509728983044624
1999,0.0004120027320327195,0.0026687546633183956,0.019653069,0.05165999,0.9947835206985474,0.9646235108375549,0.014718575403094292,0.034587740898132324
2000,0.0006711653384792788,0.0025739495176821947,0.021604853,0.05073411,0.9936959147453308,0.9658802151679993,0.015078318305313587,0.03458643704652786
