Epoch,Train_Loss,Test_Loss,Train_RMSE,Test_RMSE,Train_R2,Test_R2,Train_MAE,Test_MAE
1,0.06781122672625563,0.05708032473921776,0.25941423,0.23891489,0.08300364017486572,0.2577117085456848,0.20874211192131042,0.19444212317466736
2,0.0560334413735704,0.05128030851483345,0.23742422,0.22645156,0.2318781018257141,0.33313673734664917,0.1897718608379364,0.18172495067119598
3,0.04996396694332361,0.04922864958643913,0.2238543,0.22187531,0.3171725273132324,0.3598170280456543,0.17825201153755188,0.17789962887763977
4,0.047145594927397644,0.04587458819150925,0.2170175,0.21418355,0.35824447870254517,0.403434157371521,0.17554855346679688,0.16998174786567688
5,0.044599569106305186,0.045428577810525894,0.21051781,0.2131398,0.3961101174354553,0.40923428535461426,0.16749757528305054,0.16823841631412506
6,0.04351067907092246,0.04177960753440857,0.20834863,0.20440061,0.40849101543426514,0.45668643712997437,0.16520076990127563,0.16125492751598358
7,0.0414557411250743,0.04158532992005348,0.20355727,0.20392482,0.4353838562965393,0.45921289920806885,0.16131527721881866,0.16157551109790802
8,0.04023094995963303,0.03786209225654602,0.20127924,0.19458185,0.447950541973114,0.5076308846473694,0.16031229496002197,0.15393197536468506
9,0.04146511954340068,0.03852732852101326,0.20295541,0.1962838,0.43871772289276123,0.49897998571395874,0.1605573147535324,0.1534079760313034
10,0.03945956302976066,0.03704473376274109,0.19866712,0.19247009,0.4621860980987549,0.5182600617408752,0.15556390583515167,0.15208692848682404
11,0.03934668855402957,0.03688319772481918,0.1973084,0.19204998,0.46951723098754883,0.5203607678413391,0.15619470179080963,0.15072661638259888
12,0.03797376807779074,0.03619188815355301,0.1946342,0.19024166,0.4837995171546936,0.529350757598877,0.15359628200531006,0.14878542721271515
13,0.03807744807140394,0.03711555898189545,0.19456555,0.19265398,0.4841635823249817,0.5173390507698059,0.15244294703006744,0.1525803804397583
14,0.03695149918679486,0.03843572735786438,0.19172275,0.19605033,0.4991273283958435,0.5001711845397949,0.1500314623117447,0.1523265391588211
15,0.03632544675333933,0.034013859927654266,0.19043714,0.18442848,0.5058221220970154,0.5576742887496948,0.15053653717041016,0.14247916638851166
16,0.034745861860838806,0.034028276801109314,0.18676856,0.18446755,0.5246783494949341,0.557486891746521,0.14570294320583344,0.14286552369594574
17,0.03437977165661075,0.033690400421619415,0.18468714,0.18354943,0.5352136492729187,0.5618808269500732,0.1445871740579605,0.14312376081943512
18,0.03318896927786144,0.03439098224043846,0.18285888,0.18544807,0.544370174407959,0.5527701377868652,0.14231900870800018,0.14839783310890198
19,0.033513930245217954,0.03316338360309601,0.18228154,0.18210816,0.5472427606582642,0.5687342286109924,0.1427658349275589,0.1426302194595337
20,0.03298587512902238,0.03323262557387352,0.181468,0.18229818,0.5512751340866089,0.5678337812423706,0.14129671454429626,0.14399677515029907
21,0.034993723119524395,0.03244183585047722,0.18634598,0.18011618,0.526826798915863,0.5781174898147583,0.1460850089788437,0.14215050637722015
22,0.03253366506065835,0.033035650849342346,0.1807746,0.18175714,0.5546977519989014,0.5703952312469482,0.1409720480442047,0.14618049561977386
23,0.03181679813529958,0.032642658799886703,0.17745766,0.18067281,0.5708891153335571,0.5755058526992798,0.13871516287326813,0.1455802321434021
24,0.03171707947992466,0.032271210104227066,0.17730625,0.17964189,0.5716210007667542,0.5803362727165222,0.13796375691890717,0.13975463807582855
25,0.030862070916389876,0.030938077718019485,0.17553604,0.17589223,0.5801321268081665,0.597672700881958,0.13550631701946259,0.13512617349624634
26,0.03162737724117257,0.029955143108963966,0.17737003,0.17307556,0.5713127851486206,0.6104550361633301,0.13736478984355927,0.13340353965759277
27,0.03127242747524923,0.030036013573408127,0.17698371,0.17330903,0.5731781125068665,0.6094033718109131,0.1379127949476242,0.133172869682312
28,0.02948891142891212,0.03062509000301361,0.17195371,0.17500025,0.5970945358276367,0.6017428636550903,0.1330471634864807,0.13356196880340576
29,0.030994579068977724,0.031006652861833572,0.17598934,0.17608707,0.5779607892036438,0.5967808961868286,0.13578234612941742,0.13428156077861786
30,0.030029117595404387,0.029433703050017357,0.17363265,0.17156254,0.5891882181167603,0.6172360181808472,0.13332532346248627,0.13325321674346924
31,0.030709911645813423,0.03136148303747177,0.17559175,0.17709173,0.579865574836731,0.5921666026115417,0.13426817953586578,0.13626743853092194
32,0.03041550563648343,0.03019244410097599,0.17370051,0.17375974,0.5888670682907104,0.6073691248893738,0.13257841765880585,0.1346246600151062
33,0.03038313595408743,0.03076702356338501,0.17408551,0.17540531,0.5870425701141357,0.5998971462249756,0.13485187292099,0.13905395567417145
34,0.029825051018798895,0.030006716027855873,0.17315654,0.17322448,0.5914380550384521,0.6097843647003174,0.13272224366664886,0.13563285768032074
35,0.029878265266730028,0.03145747259259224,0.17223953,0.17736256,0.5957540273666382,0.5909183025360107,0.1325448900461197,0.13790032267570496
36,0.028886105590076608,0.030596455559134483,0.16916126,0.17491843,0.6100742816925049,0.602115273475647,0.12955047190189362,0.13603854179382324
37,0.030262757177379997,0.03216978907585144,0.17361766,0.17935939,0.589259147644043,0.5816552042961121,0.13430246710777283,0.13648417592048645
38,0.029463003474203022,0.028392774984240532,0.17189766,0.16850156,0.5973571538925171,0.6307725310325623,0.13247565925121307,0.12782782316207886
39,0.028133878018707037,0.029260221868753433,0.16761698,0.17105621,0.6171610355377197,0.6194919347763062,0.12840434908866882,0.13029754161834717
40,0.029563027434051037,0.03068177029490471,0.17234887,0.17516214,0.595240592956543,0.6010057926177979,0.13194839656352997,0.13657815754413605
41,0.02876808223399249,0.02892126329243183,0.16996187,0.17006253,0.6063746213912964,0.6238999366760254,0.13039396703243256,0.12692104279994965
42,0.02865273880094967,0.030556270852684975,0.17024583,0.17480353,0.6050583124160767,0.6026378273963928,0.13077034056186676,0.13088709115982056
43,0.0288551689802923,0.028602242469787598,0.16934422,0.16912198,0.6092303395271301,0.6280485391616821,0.12938615679740906,0.1285652369260788
44,0.028604548255150967,0.028784599155187607,0.1695114,0.16966024,0.608458399772644,0.6256771087646484,0.13017143309116364,0.1259210854768753
45,0.03077896993437951,0.028463097289204597,0.17528152,0.1687101,0.5813488364219666,0.6298580169677734,0.13444525003433228,0.13020983338356018
46,0.02808734711090272,0.028059780597686768,0.16721068,0.16751055,0.6190147995948792,0.6351028084754944,0.1273069828748703,0.12651890516281128
47,0.0275994028726762,0.028214843943715096,0.16697699,0.16797274,0.6200789213180542,0.6330863833427429,0.127291738986969,0.12585586309432983
48,0.028485867745158346,0.027545180171728134,0.16847062,0.16596739,0.6132516860961914,0.6417949199676514,0.1280950903892517,0.12782715260982513
49,0.02823949825357307,0.027875911444425583,0.16810848,0.1669608,0.6149125695228577,0.6374939680099487,0.12819445133209229,0.12751612067222595
50,0.02834786559370431,0.02845851518213749,0.16776651,0.16869652,0.6164777278900146,0.6299176216125488,0.12821856141090393,0.123164601624012
51,0.02818981981412931,0.027698757126927376,0.16710794,0.16642943,0.6194828748703003,0.6397976875305176,0.1283997893333435,0.12806563079357147
52,0.02812425639819015,0.03002946265041828,0.16681013,0.17329012,0.620837926864624,0.6094885468482971,0.1264401525259018,0.13419558107852936
53,0.028636828318915585,0.028081050142645836,0.16857329,0.16757402,0.6127802133560181,0.6348262429237366,0.1278233826160431,0.12672504782676697
54,0.0274858469651504,0.028797602280974388,0.16538692,0.16969857,0.6272802352905273,0.6255080699920654,0.12604478001594543,0.12978123128414154
55,0.02711988596076315,0.025964053347706795,0.16427329,0.16113365,0.6322827935218811,0.6623562574386597,0.12453586608171463,0.11981633305549622
56,0.027106453706933695,0.02798403427004814,0.1645594,0.1672843,0.6310007572174072,0.6360878944396973,0.12455947697162628,0.12701205909252167
57,0.026747031264345755,0.02758856862783432,0.16354473,0.16609807,0.6355372667312622,0.6412306427955627,0.12304627895355225,0.12688305974006653
58,0.02773087869652293,0.027688348665833473,0.16603856,0.16639817,0.6243374347686768,0.6399331092834473,0.12594708800315857,0.12228770554065704
59,0.026980841405351053,0.027643263339996338,0.1633022,0.16626263,0.6366174221038818,0.640519380569458,0.12328881025314331,0.13074806332588196
60,0.027990079569545658,0.02646360546350479,0.16647087,0.1626764,0.6223785877227783,0.6558599472045898,0.1269829422235489,0.12556174397468567
61,0.02699616758830168,0.02718624472618103,0.16464807,0.16488251,0.630603015422821,0.6464625597000122,0.12526027858257294,0.12762489914894104
62,0.02701516521417282,0.027153978124260902,0.16316223,0.16478464,0.6372400522232056,0.646882176399231,0.12456393241882324,0.12811577320098877
63,0.026611157608303158,0.02653592638671398,0.16241476,0.16289853,0.6405561566352844,0.6549195051193237,0.12384296953678131,0.1255723237991333
64,0.027344948104159397,0.026621997356414795,0.1644157,0.16316248,0.6316449046134949,0.6538002490997314,0.12468834221363068,0.12446757405996323
65,0.027225882661613552,0.02775443159043789,0.16415033,0.16659662,0.6328330636024475,0.6390737295150757,0.12407097965478897,0.12687371671199799
66,0.027875628407028587,0.027960749343037605,0.1659298,0.16721468,0.6248294115066528,0.636390745639801,0.12413369864225388,0.1300305873155594
67,0.027027462609112263,0.027289152145385742,0.16435373,0.16519427,0.6319225430488586,0.6451243758201599,0.1245514303445816,0.12485902011394501
68,0.026215390429239382,0.026402672752738,0.16178842,0.162489,0.6433231234550476,0.6566523313522339,0.12246106564998627,0.12264934927225113
69,0.025786946591159158,0.026716431602835655,0.15940793,0.16345161,0.6537419557571411,0.6525721549987793,0.12013211846351624,0.12403419613838196
70,0.027004639829762957,0.029027573764324188,0.16455428,0.17037481,0.6310237646102905,0.6225173473358154,0.12351707369089127,0.13105402886867523
71,0.026389075993475588,0.026584697887301445,0.16215344,0.16304815,0.6417118906974792,0.6542852520942688,0.12390917539596558,0.12056872993707657
72,0.026036740958013317,0.026606809347867966,0.16211978,0.16311593,0.6418606042861938,0.6539977788925171,0.12270668148994446,0.1227208599448204
73,0.025920993098142473,0.026285644620656967,0.16133,0.16212848,0.6453415155410767,0.6581742167472839,0.12169446796178818,0.12130999565124512
74,0.026288917753845453,0.02590114064514637,0.16262996,0.16093832,0.6396028995513916,0.6631743907928467,0.12307468801736832,0.11809209734201431
75,0.025419020898301493,0.026054324582219124,0.15988678,0.16141352,0.6516585350036621,0.6611824035644531,0.12015489488840103,0.11715096980333328
76,0.026419205823913217,0.028177179396152496,0.16213413,0.1678606,0.6417971849441528,0.6335761547088623,0.12143778055906296,0.12406986951828003
77,0.026166855315254492,0.02598583698272705,0.16256383,0.16120124,0.639896035194397,0.662073016166687,0.12245060503482819,0.11870219558477402
78,0.025709989523007112,0.027243252843618393,0.16058716,0.1650553,0.6486000418663025,0.6457211971282959,0.12101680785417557,0.12530992925167084
79,0.025477467316456816,0.025960836559534073,0.16035442,0.16112366,0.6496179103851318,0.662398099899292,0.12043964862823486,0.11851279437541962
80,0.025007275949147614,0.026043564081192017,0.15859069,0.16138019,0.6572831869125366,0.661322295665741,0.11818704009056091,0.12334063649177551
81,0.02509202816608277,0.02648797817528248,0.15839036,0.16275127,0.658148467540741,0.6555430889129639,0.11955881118774414,0.12004972249269485
82,0.025859557452018966,0.026310481131076813,0.16074018,0.16220506,0.6479300260543823,0.6578512191772461,0.12020926922559738,0.11798620223999023
83,0.026329865933141926,0.02693665586411953,0.16122188,0.1641239,0.6458168029785156,0.6497083306312561,0.12045320123434067,0.12079229205846786
84,0.025249762248925188,0.027032557874917984,0.15886962,0.1644158,0.6560764908790588,0.6484611630439758,0.11979871243238449,0.12149582803249359
85,0.025848205158994955,0.026560461148619652,0.15971924,0.1629738,0.6523881554603577,0.6546004414558411,0.119731105864048,0.12375232577323914
86,0.026202125220813534,0.026299573481082916,0.16065347,0.16217144,0.6483098268508911,0.6579930782318115,0.12031856924295425,0.12091612070798874
87,0.025707297238775274,0.027970291674137115,0.15938525,0.16724321,0.6538404226303101,0.6362665891647339,0.11995211988687515,0.12929844856262207
88,0.025964494011449544,0.025855503976345062,0.16121504,0.16079646,0.6458467841148376,0.66376793384552,0.12090632319450378,0.11733746528625488
89,0.025618332036008887,0.02584175392985344,0.1578691,0.16075371,0.6603947877883911,0.6639466881752014,0.1168576031923294,0.12007128447294235
90,0.02596045806157318,0.025696992874145508,0.16101936,0.16030282,0.6467060446739197,0.6658291816711426,0.12104884535074234,0.11938095837831497
91,0.026109024077992548,0.025988811627030373,0.16174492,0.16121046,0.64351487159729,0.6620343327522278,0.12098516523838043,0.12151633948087692
92,0.025599091610109263,0.024997737258672714,0.16041909,0.15810673,0.6493352055549622,0.674922525882721,0.11969076097011566,0.11592460423707962
93,0.02516681794077158,0.024567587301135063,0.15883417,0.15674052,0.6562299728393555,0.6805163025856018,0.11880139261484146,0.11436975002288818
94,0.02543285563164814,0.02546725422143936,0.15903959,0.15958463,0.6553402543067932,0.6688168048858643,0.11995062232017517,0.11895564198493958
95,0.02571513042361899,0.025679580867290497,0.1595393,0.1602485,0.6531710624694824,0.6660556793212891,0.11891157925128937,0.12194306403398514
96,0.02521557877348228,0.026365242898464203,0.15784688,0.16237378,0.6604903936386108,0.6571391224861145,0.11736531555652618,0.12270314991474152
97,0.02528122903525152,0.02545170858502388,0.1595301,0.15953591,0.6532109975814819,0.6690189838409424,0.12021669745445251,0.11783012002706528
98,0.02482622965577651,0.02558530867099762,0.15704666,0.15995409,0.663923978805542,0.6672816276550293,0.11682762950658798,0.1189723014831543
99,0.024645690128884533,0.024776920676231384,0.1574654,0.15740687,0.6621294021606445,0.6777940988540649,0.11692016571760178,0.11646205931901932
100,0.024786295496265997,0.027274969965219498,0.158154,0.16515136,0.6591679453849792,0.6453087329864502,0.11828586459159851,0.12077512592077255
101,0.024897348940033804,0.02600855566561222,0.15710437,0.16127168,0.6636769771575928,0.6617776155471802,0.11727693676948547,0.11806780844926834
102,0.025400270750238138,0.026238596066832542,0.15836759,0.16198333,0.6582466959953308,0.6587860584259033,0.11745993047952652,0.12350840866565704
103,0.025315611432729798,0.0256789717823267,0.15998611,0.1602466,0.6512255668640137,0.6660635471343994,0.11931005120277405,0.1201363056898117
104,0.024227475154806267,0.02640441432595253,0.15507475,0.16249436,0.6723107099533081,0.6566296815872192,0.11440270394086838,0.12285549193620682
105,0.024610062256794085,0.02509246952831745,0.15625064,0.15840603,0.6673223376274109,0.6736905574798584,0.11633047461509705,0.11625857651233673
106,0.025321325202557175,0.025647662580013275,0.15850274,0.16014889,0.657663106918335,0.6664706468582153,0.11831973493099213,0.11710771918296814
107,0.024643109158866784,0.025301247835159302,0.15657556,0.15906367,0.6659373044967651,0.6709755659103394,0.11555597931146622,0.11969102174043655
108,0.02448301891457628,0.02586529403924942,0.1556944,0.1608269,0.6696867346763611,0.6636406183242798,0.11625906080007553,0.1204780787229538
109,0.02464590172960677,0.026006661355495453,0.1545961,0.1612658,0.674330472946167,0.6618021726608276,0.11439167708158493,0.11701136082410812
110,0.024680878924713892,0.026016248390078545,0.15613419,0.16129553,0.6678179502487183,0.6616775393486023,0.11648892611265182,0.1219736784696579
111,0.025026903784071856,0.026701467111706734,0.15799502,0.16340584,0.6598528623580933,0.652766764163971,0.11836962401866913,0.1206805557012558
112,0.023509714604270728,0.024908658117055893,0.15266536,0.15782477,0.682414174079895,0.6760809421539307,0.11305589973926544,0.11719405651092529
113,0.02470982667397369,0.02542717754840851,0.15709315,0.15945901,0.6637250185012817,0.6693379878997803,0.11689693480730057,0.12147842347621918
114,0.025034961840984495,0.02521279640495777,0.15810819,0.15878537,0.6593652963638306,0.6721258163452148,0.11732632666826248,0.11913612484931946
115,0.0244140758771788,0.02584770694375038,0.15616085,0.1607722,0.6677045226097107,0.663869321346283,0.11565311253070831,0.11672194302082062
116,0.02481033623387868,0.02464505471289158,0.1573115,0.15698744,0.6627895832061768,0.6795089244842529,0.11597325652837753,0.11644701659679413
117,0.023758199298754334,0.024694150313735008,0.1542041,0.15714371,0.6759799718856812,0.6788704991340637,0.11478546261787415,0.11489040404558182
118,0.023655134718865156,0.025907279923558235,0.15450148,0.16095738,0.6747289896011353,0.6630945801734924,0.11448589712381363,0.12167692929506302
119,0.0237903330178762,0.024004975333809853,0.15506093,0.15493539,0.672369122505188,0.6878327131271362,0.11421924829483032,0.1133316159248352
120,0.023369322530925274,0.02583136223256588,0.1533339,0.16072138,0.6796265840530396,0.6640818119049072,0.11285045742988586,0.11903292685747147
121,0.02353420745666054,0.024774469435214996,0.15385742,0.15739909,0.6774351596832275,0.677825927734375,0.11403444409370422,0.1153973788022995
122,0.023549522611905228,0.025288404896855354,0.1527097,0.15902328,0.68222975730896,0.671142578125,0.11298996955156326,0.11684960871934891
123,0.024909934409978716,0.0246028583496809,0.15776403,0.15685299,0.6608467102050781,0.6800576448440552,0.11577507853507996,0.11442475765943527
124,0.02285158456387845,0.025014812126755714,0.1507949,0.15816072,0.690148651599884,0.6747004985809326,0.11096320301294327,0.11678920686244965
125,0.023460191462866285,0.025793639943003654,0.1535201,0.16060399,0.6788480281829834,0.6645723581314087,0.11294873058795929,0.11931890994310379
126,0.024262266614559023,0.023875512182712555,0.15515648,0.15451702,0.6719651818275452,0.6895162463188171,0.11459015309810638,0.10969219356775284
127,0.023843380347402257,0.025303665548563004,0.15508795,0.15907127,0.6722549200057983,0.6709442138671875,0.11394575983285904,0.11846291273832321
128,0.02407892734150995,0.02617141604423523,0.15508807,0.16177583,0.6722543835639954,0.6596596240997314,0.11518000811338425,0.12143063545227051
129,0.023952921153977513,0.024092266336083412,0.15461181,0.15521684,0.6742643117904663,0.6866974830627441,0.11417052894830704,0.11184249818325043
130,0.023413028949025003,0.024734683334827423,0.15124962,0.15727264,0.6882771253585815,0.6783433556556702,0.11161612719297409,0.11637548357248306
131,0.02393446308137341,0.025050682947039604,0.15359426,0.15827407,0.6785377264022827,0.6742340326309204,0.11419498920440674,0.11618077754974365
132,0.023623172744092615,0.02364376001060009,0.15333374,0.15376529,0.6796272993087769,0.6925299763679504,0.11346176266670227,0.11356090754270554
133,0.023477589182386346,0.02505534701049328,0.15271744,0.1582888,0.6821974515914917,0.6741733551025391,0.1116732805967331,0.11541974544525146
134,0.02323621240529147,0.024531016126275063,0.15265991,0.15662381,0.6824368238449097,0.6809918880462646,0.11227776110172272,0.1154564842581749
135,0.023247864309021017,0.023723293095827103,0.1519511,0.15402368,0.685378909111023,0.6914957761764526,0.11180972307920456,0.11206360906362534
136,0.022282976572486488,0.024012189358472824,0.14943953,0.15495867,0.6956936120986938,0.6877388954162598,0.10895060002803802,0.11336920410394669
137,0.02320617843757976,0.023937497287988663,0.15186703,0.15471748,0.6857270002365112,0.6887102127075195,0.11024725437164307,0.11571446806192398
138,0.021993739689192313,0.024013547226786613,0.1491491,0.15496306,0.6968752145767212,0.6877211928367615,0.10911218076944351,0.11171675473451614
139,0.02221521830440245,0.023815805092453957,0.14948647,0.1543237,0.6955024003982544,0.6902927160263062,0.10938624292612076,0.11238325387239456
140,0.02269516538151286,0.02498226799070835,0.15008429,0.15805781,0.6930620670318604,0.6751236915588379,0.11031824350357056,0.11969683319330215
141,0.02302615367807448,0.0252090971916914,0.15122767,0.15877374,0.6883676052093506,0.6721739768981934,0.1104017049074173,0.12018254399299622
142,0.02264524136923931,0.02357272431254387,0.15100801,0.15353411,0.6892721652984619,0.6934537887573242,0.11086956411600113,0.11220145225524902
143,0.023113272089341826,0.024929212406277657,0.1525584,0.15788987,0.6828590631484985,0.6758136749267578,0.1121792197227478,0.11179866641759872
144,0.02286988403648138,0.02531127817928791,0.15151076,0.15909518,0.6871998310089111,0.6708451509475708,0.11092635989189148,0.11901503056287766
145,0.022758484542877835,0.023024307563900948,0.15042652,0.15173763,0.6916606426239014,0.7005856037139893,0.11037929356098175,0.1105973869562149
146,0.021974754646759142,0.023980427533388138,0.14864992,0.15485615,0.6989009380340576,0.6881519556045532,0.10999477654695511,0.11352165043354034
147,0.02294129916382107,0.023909330368041992,0.1511696,0.15462643,0.6886069178581238,0.6890764832496643,0.11117130517959595,0.1141652837395668
148,0.02268860713494095,0.022545132786035538,0.14934167,0.15015037,0.6960920095443726,0.7068168520927429,0.1106887012720108,0.10926340520381927
149,0.023275229571895165,0.023884866386651993,0.15237339,0.1545473,0.6836278438568115,0.6893945932388306,0.11271311342716217,0.11255623400211334
150,0.023165624990889973,0.022882038727402687,0.15042281,0.1512681,0.6916759014129639,0.7024356722831726,0.10982740670442581,0.10911265760660172
151,0.022242487090724437,0.023520005866885185,0.14928406,0.15336233,0.6963263750076294,0.6941393613815308,0.1091563031077385,0.11045816540718079
152,0.022562000011517244,0.023266218602657318,0.15026245,0.15253268,0.6923329830169678,0.6974396705627441,0.10951616615056992,0.11476404219865799
153,0.022307075242596595,0.02318098209798336,0.14882717,0.15225303,0.6981824636459351,0.6985480785369873,0.10864019393920898,0.11327171325683594
154,0.0214386645662175,0.02257533371448517,0.1466999,0.1502509,0.7067488431930542,0.7064241170883179,0.10880409926176071,0.10775475203990936
155,0.022130146008831533,0.02289673499763012,0.14880225,0.15131667,0.6982834339141846,0.7022445201873779,0.10920945554971695,0.10944423824548721
156,0.021725210001353513,0.023900752887129784,0.14667885,0.15459868,0.706833004951477,0.6891880035400391,0.10743141919374466,0.10899430513381958
157,0.021939647680317812,0.023345446214079857,0.14864261,0.15279217,0.6989305019378662,0.6964093446731567,0.10864493995904922,0.11150642484426498
158,0.022034411466765134,0.024997105821967125,0.14882666,0.15810473,0.6981844902038574,0.6749306917190552,0.10794331878423691,0.11749807745218277
159,0.02291273852725598,0.02495316043496132,0.15133655,0.15796569,0.6879186630249023,0.6755022406578064,0.11175091564655304,0.11916444450616837
160,0.021691331068392505,0.022847767919301987,0.14635143,0.15115479,0.7081403732299805,0.7028813362121582,0.1077079251408577,0.10812690109014511
161,0.022396039408208293,0.02226485311985016,0.15002212,0.14921412,0.6933163404464722,0.7104616761207581,0.10997570306062698,0.10769619047641754
162,0.02163671376183629,0.023006293922662735,0.14721598,0.15167826,0.7046819925308228,0.7008197903633118,0.10651464015245438,0.11080914735794067
163,0.021383821583268316,0.023350238800048828,0.14663802,0.15280785,0.7069962024688721,0.6963470578193665,0.10759516060352325,0.10919193178415298
164,0.02225143729116429,0.022530151531100273,0.14851339,0.15010047,0.6994537711143494,0.7070116996765137,0.1095493733882904,0.10559883713722229
165,0.022046928040005943,0.022749751806259155,0.1483781,0.15083021,0.7000011205673218,0.7041559219360352,0.10790232568979263,0.10635602474212646
166,0.021380704319612545,0.023078152909874916,0.1470279,0.15191495,0.705436110496521,0.699885368347168,0.10791633278131485,0.11120041459798813
167,0.021644522224298933,0.021783994510769844,0.146496,0.14759402,0.7075634598731995,0.7167149782180786,0.10684118419885635,0.10707858949899673
168,0.021730652650479566,0.022531110793352127,0.14721613,0.15010366,0.7046813368797302,0.7069992423057556,0.10813809186220169,0.10997483879327774
169,0.022123778429390353,0.02328956313431263,0.14606752,0.15260918,0.7092716693878174,0.6971361041069031,0.10671652853488922,0.11376644670963287
170,0.02272500929592008,0.022158978506922722,0.1505324,0.14885892,0.6912265419960022,0.7118385434150696,0.11090650409460068,0.10610201209783554
171,0.021589502565224062,0.022085826843976974,0.14587735,0.14861302,0.7100281715393066,0.71278977394104,0.10573746263980865,0.10782620310783386
172,0.023315373427149923,0.022306125611066818,0.15179834,0.14935236,0.6860112547874451,0.7099249958992004,0.11115019768476486,0.10916144400835037
173,0.020994357341392475,0.022489098832011223,0.14481364,0.14996366,0.7142415642738342,0.7075455188751221,0.10608101636171341,0.10748207569122314
174,0.021367609522051433,0.023909196257591248,0.1462598,0.154626,0.7085057497024536,0.6890782117843628,0.1076897606253624,0.11301956325769424
175,0.021694771479815245,0.025320954620838165,0.14674327,0.15912558,0.7065755128860474,0.6707193851470947,0.10770639032125473,0.1174207404255867
176,0.021525269077921457,0.023017488420009613,0.14651741,0.15171516,0.7074780464172363,0.7006742358207703,0.10758063942193985,0.10950982570648193
177,0.022520476084371858,0.02262449823319912,0.14857577,0.15041442,0.699201226234436,0.705784797668457,0.1084049791097641,0.10771496593952179
178,0.02117689677768133,0.023017749190330505,0.14521563,0.15171602,0.7126529216766357,0.7006708383560181,0.1061195433139801,0.10896532982587814
179,0.021307848203419286,0.02348126657307148,0.14496146,0.15323599,0.7136578559875488,0.6946431398391724,0.10568885505199432,0.10613837838172913
180,0.021703790217130023,0.023084595799446106,0.14738359,0.15193616,0.7040091753005981,0.6998015642166138,0.10836727917194366,0.10929879546165466
181,0.020480980017137797,0.023269055411219597,0.14311804,0.15254198,0.7208942174911499,0.6974027752876282,0.10449465364217758,0.1113172248005867
182,0.020714085019955582,0.022854339331388474,0.1430867,0.15117651,0.7210164070129395,0.7027958631515503,0.10479981452226639,0.10865569114685059
183,0.021191377891227603,0.022660041227936745,0.14444555,0.15053253,0.7156924605369568,0.7053226232528687,0.10611763596534729,0.10784564912319183
184,0.021253060083836317,0.02156069129705429,0.14476046,0.1468356,0.7144514322280884,0.7196187973022461,0.10518170148134232,0.10564009100198746
185,0.020597466204146094,0.02249864675104618,0.14420529,0.14999549,0.7166374921798706,0.7074213624000549,0.10584557056427002,0.1074141189455986
186,0.020376189802349967,0.02295728214085102,0.1432271,0.1515166,0.7204686403274536,0.701457142829895,0.10479696840047836,0.11011697351932526
187,0.020439020654355936,0.02374705858528614,0.1424246,0.1541008,0.7235923409461975,0.6911866664886475,0.10370393097400665,0.11563516408205032
188,0.022412117549472234,0.023095129057765007,0.1486598,0.15197082,0.6988608837127686,0.6996645927429199,0.10867311805486679,0.11014008522033691
189,0.0210010344797576,0.02155088447034359,0.14503495,0.1468022,0.7133674621582031,0.7197463512420654,0.10583043098449707,0.10377242416143417
190,0.020655455660413612,0.021684223785996437,0.14363864,0.14725564,0.7188600301742554,0.7180123329162598,0.10515601187944412,0.1069273129105568
191,0.020372951128096742,0.021570375189185143,0.142276,0.14686857,0.7241687774658203,0.7194929122924805,0.1036517322063446,0.10447299480438232
192,0.020579934077845377,0.021108603104948997,0.14268316,0.145288,0.7225878238677979,0.7254979014396667,0.10378717631101608,0.10753905028104782
193,0.02099926306188784,0.02146904543042183,0.14424005,0.14652319,0.7165008187294006,0.7208106517791748,0.10564466565847397,0.10697207599878311
194,0.02081257445653054,0.023435693234205246,0.14418313,0.15308721,0.7167245149612427,0.6952357888221741,0.10466881096363068,0.1148756742477417
195,0.019909691023217005,0.02114206552505493,0.14109263,0.14540312,0.7287381887435913,0.7250627279281616,0.10371851921081543,0.10422342270612717
196,0.01993864355608821,0.022384485229849815,0.1394836,0.14961445,0.734889805316925,0.7089059352874756,0.10187025368213654,0.10685588419437408
197,0.021768156333233823,0.021055109798908234,0.1474737,0.14510378,0.7036471366882324,0.7261935472488403,0.1081828624010086,0.10200756043195724
198,0.020347072446549482,0.022559192031621933,0.14264353,0.15019718,0.722741961479187,0.7066340446472168,0.10348793119192123,0.10780394822359085
199,0.01996381872926246,0.02135518752038479,0.1414246,0.14613414,0.7274602055549622,0.7222912311553955,0.10362609475851059,0.10425089299678802
200,0.02027450423603031,0.02182428166270256,0.14277491,0.14773044,0.7222309708595276,0.7161910533905029,0.10311005264520645,0.10774128139019012
201,0.020052824656225064,0.02251749485731125,0.14107822,0.15005831,0.7287935614585876,0.7071762681007385,0.10417154431343079,0.11001177132129669
202,0.019860670330341567,0.022242393344640732,0.14144112,0.14913884,0.7273964881896973,0.7107537984848022,0.10307545959949493,0.10723338276147842
203,0.019944615979594262,0.021603217348456383,0.14055316,0.14698033,0.7308085560798645,0.71906578540802,0.10124334692955017,0.10388429462909698
204,0.019256725716827947,0.02162083238363266,0.13887288,0.14704025,0.7372063398361206,0.7188367247581482,0.10103049129247665,0.10726974904537201
205,0.01952487185851417,0.021703161299228668,0.13972867,0.14731993,0.7339574098587036,0.7177661657333374,0.10095787793397903,0.10713262856006622
206,0.020075515208935194,0.02188592031598091,0.1418325,0.1479389,0.7258857488632202,0.7153894305229187,0.10314081609249115,0.10941901803016663
207,0.01971187732521106,0.02093227580189705,0.13957246,0.14467992,0.7345519661903381,0.727790892124176,0.10121269524097443,0.10312559455633163
208,0.020074978936463594,0.021680569276213646,0.14092521,0.14724323,0.7293814420700073,0.7180598974227905,0.10192028433084488,0.10536167025566101
209,0.019901958188380708,0.021937372162938118,0.141221,0.1481127,0.7282443046569824,0.7147203683853149,0.10241229832172394,0.10878318548202515
210,0.018772441089491953,0.02205314114689827,0.13647953,0.14850302,0.7461862564086914,0.7132148742675781,0.09922634065151215,0.10895203799009323
211,0.018901973497122526,0.021488921716809273,0.13718554,0.14659101,0.7435535192489624,0.7205520868301392,0.10027207434177399,0.10533767193555832
212,0.01961735024286265,0.021262967959046364,0.14009075,0.14581826,0.732576847076416,0.7234904766082764,0.10135848820209503,0.10771352797746658
213,0.019145117776299066,0.022178934887051582,0.13867417,0.14892595,0.7379578351974487,0.7115789651870728,0.10173025727272034,0.10843852162361145
214,0.018997833344408056,0.022553279995918274,0.13770232,0.1501775,0.7416177988052368,0.706710934638977,0.10014992952346802,0.10992270708084106
215,0.01874601572159339,0.020109811797738075,0.13592587,0.14180906,0.7482413649559021,0.7384864687919617,0.0984000489115715,0.10209347307682037
216,0.018662504957650195,0.0206469539552927,0.13616401,0.14369048,0.747358500957489,0.7315013408660889,0.09937504678964615,0.10477711260318756
217,0.019788004775446923,0.020295290276408195,0.14143278,0.14246154,0.7274286150932312,0.7360744476318359,0.10299403965473175,0.10259072482585907
218,0.019723753931678155,0.020906265825033188,0.1392252,0.14459,0.7358711957931519,0.7281291484832764,0.1010240986943245,0.10242759436368942
219,0.018978052836080842,0.021972402930259705,0.13826157,0.14823091,0.7395148277282715,0.7142648100852966,0.10139307379722595,0.10547232627868652
220,0.0189313074700873,0.020780108869075775,0.13776304,0.14415307,0.7413898706436157,0.729769766330719,0.10067535191774368,0.10421855747699738
221,0.018335019682788035,0.020343342795968056,0.13479611,0.14263009,0.7524089813232422,0.7354495525360107,0.09730814397335052,0.10329480469226837
222,0.018106002487580885,0.019677158445119858,0.13379224,0.1402753,0.756083071231842,0.7441127896308899,0.09783180058002472,0.1016281470656395
223,0.017833830090239644,0.021332789212465286,0.13266727,0.14605749,0.76016765832901,0.7225825786590576,0.09664636105298996,0.10625685006380081
224,0.019248038149354132,0.01901804655790329,0.13783471,0.13790594,0.7411207556724548,0.7526841163635254,0.09957721829414368,0.09888345748186111
225,0.017853321115994317,0.020631007850170135,0.13438638,0.14363497,0.7539119720458984,0.7317087054252625,0.09752094000577927,0.10275411605834961
226,0.01889593501321294,0.01990627497434616,0.13594623,0.1410896,0.7481659650802612,0.7411333322525024,0.09784289449453354,0.10154061019420624
227,0.018519143997268242,0.018754689022898674,0.13656804,0.13694777,0.7458570003509521,0.7561088800430298,0.098972387611866,0.10052929818630219
228,0.01821062806993723,0.02040424570441246,0.13436471,0.14284344,0.7539912462234497,0.7346575260162354,0.09747404605150223,0.10574957728385925
229,0.018037862504239787,0.02016453631222248,0.13422148,0.14200188,0.7545154690742493,0.7377748489379883,0.09739745408296585,0.10346910357475281
230,0.017744685036384246,0.018838245421648026,0.13329357,0.1372525,0.7578979730606079,0.7550222873687744,0.09650205075740814,0.10005906224250793
231,0.017603781963275236,0.020060785114765167,0.13189581,0.1416361,0.7629488706588745,0.7391240000724792,0.09622771292924881,0.10640246421098709
232,0.01691849208013578,0.01898396760225296,0.13020226,0.13778232,0.768997311592102,0.7531272172927856,0.09400277584791183,0.09833365678787231
233,0.0164762721714479,0.018567578867077827,0.1287693,0.13626291,0.7740539908409119,0.7585420608520508,0.09165341407060623,0.09887844324111938
234,0.017130534482103856,0.019477734342217445,0.12950468,0.13956265,0.7714658975601196,0.7467061281204224,0.09404509514570236,0.09991274774074554
235,0.016329531684856523,0.018170354887843132,0.12799883,0.13479745,0.7767496705055237,0.76370769739151,0.09207987040281296,0.09985668212175369
236,0.01755676105279814,0.019392136484384537,0.13047124,0.13925566,0.7680418491363525,0.7478193044662476,0.0946722999215126,0.1019853726029396
237,0.0169522535817867,0.01944727636873722,0.12901802,0.13945349,0.7731802463531494,0.7471022605895996,0.09433294087648392,0.09875232726335526
238,0.017578050959855318,0.01977180317044258,0.13292646,0.14061224,0.7592296600341797,0.7428820133209229,0.09583238512277603,0.10042648762464523
239,0.016642222138629717,0.021469909697771072,0.12972713,0.14652614,0.7706801295280457,0.7207993865013123,0.09377014636993408,0.10439789295196533
240,0.01638101157732308,0.018069908022880554,0.12788583,0.13442437,0.777143657207489,0.7650139331817627,0.09193748235702515,0.09635216742753983
241,0.015915366080166263,0.01785159297287464,0.12631996,0.13360986,0.7825676798820496,0.7678529620170593,0.09171054512262344,0.09535069763660431
242,0.01629868922331794,0.016936521977186203,0.12738079,0.1301404,0.7789003849029541,0.779752790927887,0.09164125472307205,0.09449917078018188
243,0.01625987540253184,0.018401822075247765,0.12821245,0.13565332,0.776003897190094,0.760697603225708,0.09192579239606857,0.09950455278158188
244,0.01586954775054685,0.017637623474001884,0.12550299,0.13280672,0.7853711247444153,0.7706354856491089,0.09044315665960312,0.09729468822479248
245,0.016352331985465506,0.016948116943240166,0.12611324,0.13018493,0.7832788228988647,0.7796019911766052,0.09102150052785873,0.09434572607278824
246,0.015902268763800912,0.01853238046169281,0.12654816,0.13613369,0.7817814350128174,0.7589998245239258,0.09155584126710892,0.09621874988079071
247,0.015552384736524387,0.018692808225750923,0.12505174,0.13672164,0.7869117259979248,0.7569136023521423,0.09010373055934906,0.09752492606639862
248,0.015988479685884984,0.017443835735321045,0.12589678,0.13207512,0.7840220928192139,0.7731555700302124,0.09111488610506058,0.09566015005111694
249,0.015190302373164079,0.01759723573923111,0.12336644,0.13265458,0.7926165461540222,0.7711607217788696,0.0888655036687851,0.09496518969535828
250,0.015245010653002695,0.016869602724909782,0.12402858,0.12988304,0.7903844118118286,0.7806230187416077,0.08980686962604523,0.09390635788440704
251,0.015259467869658361,0.017871981486678123,0.12357969,0.13368613,0.7918989658355713,0.7675878405570984,0.08888854086399078,0.09717429429292679
252,0.017039851391349326,0.02027784287929535,0.12824619,0.1424003,0.7758859992027283,0.7363013029098511,0.0917118489742279,0.10047493875026703
253,0.015614981297403574,0.01684538833796978,0.12531641,0.12978978,0.7860087752342224,0.780937910079956,0.08960822224617004,0.09358049184083939
254,0.014870425686240196,0.01622491329908371,0.12278481,0.12737705,0.7945674061775208,0.789006769657135,0.08661113679409027,0.09100434184074402
255,0.01566910182803192,0.017924301326274872,0.123610064,0.13388167,0.7917966842651367,0.7669074535369873,0.08703597635030746,0.09586556255817413
256,0.015460929918018255,0.016567757353186607,0.12455019,0.1287158,0.7886176109313965,0.7845483422279358,0.08966771513223648,0.09390701353549957
257,0.015886680053716355,0.018313249573111534,0.12575944,0.13532646,0.784493088722229,0.7618494629859924,0.08989246934652328,0.0978643074631691
258,0.015533268578689207,0.016133656725287437,0.124567464,0.12701832,0.7885589599609375,0.790193498134613,0.08929648250341415,0.09035284072160721
259,0.014979629925536838,0.01729658804833889,0.12107768,0.1315165,0.800240159034729,0.7750703692436218,0.08636429160833359,0.09342069178819656
260,0.01413697435054928,0.01780279353260994,0.119610146,0.1334271,0.8050532341003418,0.7684875726699829,0.08566547185182571,0.09482144564390182
261,0.01504092140715908,0.017754513770341873,0.12138574,0.13324606,0.7992223501205444,0.7691154479980469,0.08597937226295471,0.0948365107178688
262,0.015628299506550484,0.017382971942424774,0.12546168,0.1318445,0.7855123281478882,0.77394700050354,0.0899839773774147,0.09384399652481079
263,0.014792610235004262,0.01715749315917492,0.1213478,0.13098662,0.7993478178977966,0.7768792510032654,0.0865684375166893,0.09193906933069229
264,0.014094878474927762,0.018416017293930054,0.11895645,0.13570563,0.807178258895874,0.7605130076408386,0.0848822370171547,0.09990859776735306
265,0.014039660825140098,0.016285821795463562,0.11766059,0.12761591,0.8113563656806946,0.7882146835327148,0.0835462212562561,0.09235505014657974
266,0.01459008461626416,0.015904471278190613,0.12066371,0.12611294,0.8016037940979004,0.7931738495826721,0.08637675642967224,0.09089218080043793
267,0.01390435434454544,0.015417219139635563,0.11836313,0.124166094,0.8090969324111938,0.7995102405548096,0.08282473683357239,0.08752959221601486
268,0.014002378691326488,0.018337149173021317,0.116925314,0.13541473,0.8137067556381226,0.7615386843681335,0.08266474306583405,0.0973883643746376
269,0.015070758886973967,0.01771506480872631,0.12011667,0.13309795,0.8033985495567322,0.7696284055709839,0.08505766093730927,0.09573230892419815
270,0.013955368522808632,0.014627713710069656,0.11837039,0.12094509,0.8090735077857971,0.8097772002220154,0.0848541334271431,0.08663871139287949
271,0.013390231210823085,0.016062237322330475,0.11559127,0.1267369,0.8179334402084351,0.7911221981048584,0.08236811310052872,0.09255067259073257
272,0.014251144221899185,0.01694980263710022,0.11888576,0.1301914,0.8074073195457458,0.7795801162719727,0.0838007926940918,0.0952659398317337
273,0.01365565580569885,0.015512185171246529,0.115766406,0.12454792,0.8173813223838806,0.7982752323150635,0.08363454788923264,0.08986164629459381
274,0.014083719431337986,0.016023287549614906,0.11814493,0.12658313,0.8098001480102539,0.7916287779808044,0.08282829821109772,0.08947057276964188
275,0.013755404570309276,0.0163863617926836,0.116431706,0.12800923,0.8152763247489929,0.7869072556495667,0.08316968381404877,0.09271029382944107
276,0.013814053731039166,0.015185872092843056,0.11768044,0.12323097,0.8112927675247192,0.8025187253952026,0.08302479982376099,0.08925822377204895
277,0.014030164520425553,0.018131505697965622,0.11865304,0.13465329,0.8081606030464172,0.7642129063606262,0.08452671021223068,0.09603717178106308
278,0.013301010328260336,0.015794461593031883,0.11544242,0.12567602,0.8184020519256592,0.794604480266571,0.08090026676654816,0.09116145968437195
279,0.013915119533935054,0.01819819211959839,0.11859757,0.13490067,0.8083399534225464,0.7633457183837891,0.08441714942455292,0.09391036629676819
280,0.013342211626216093,0.01592068374156952,0.115501955,0.12617719,0.8182147145271301,0.7929630279541016,0.08151815086603165,0.08970732986927032
281,0.014186763670295477,0.016310764476656914,0.11968273,0.1277136,0.804816484451294,0.7878903150558472,0.0832781121134758,0.09255671501159668
282,0.01354631909634918,0.016147946938872337,0.11656436,0.12707457,0.81485515832901,0.7900076508522034,0.08305049687623978,0.0939449816942215
283,0.013221714560958471,0.015025950968265533,0.11426418,0.12258039,0.8220900297164917,0.8045983910560608,0.08084990829229355,0.08729293197393417
284,0.012709200742061843,0.017402851954102516,0.111368164,0.13191988,0.8309940099716187,0.773688554763794,0.07869105786085129,0.09233897924423218
285,0.013788079864091494,0.01568436436355114,0.11795764,0.12523723,0.8104026913642883,0.7960362434387207,0.0833396315574646,0.0897151529788971
286,0.01315613978923383,0.018018655478954315,0.11339701,0.1342336,0.8247801661491394,0.7656804323196411,0.07886101305484772,0.09541526436805725
287,0.013562755087729205,0.015581143088638783,0.115218274,0.12482446,0.8191065788269043,0.7973784804344177,0.08144117146730423,0.088336281478405
288,0.012936094426549971,0.016208233311772346,0.112798765,0.12731156,0.8266240954399109,0.7892236709594727,0.07921852171421051,0.09005242586135864
289,0.013331241535276851,0.015808671712875366,0.114701614,0.12573254,0.8207252621650696,0.7944196462631226,0.08001597970724106,0.09120702743530273
290,0.01271443732548505,0.015714971348643303,0.11284401,0.12535937,0.8264849781990051,0.7956381440162659,0.08096347004175186,0.0898444727063179
291,0.013345710382881489,0.01529686152935028,0.11391412,0.123680495,0.8231784701347351,0.8010753393173218,0.08024465292692184,0.08900544792413712
292,0.012879642890766263,0.015215915627777576,0.11373458,0.12335281,0.8237353563308716,0.8021280169487,0.08098684251308441,0.0902399867773056
293,0.012744555535556918,0.016063354909420013,0.11237309,0.1267413,0.8279301524162292,0.7911076545715332,0.08004294335842133,0.09358390420675278
294,0.012891261415048079,0.01429392397403717,0.112675324,0.119557194,0.8270033597946167,0.8141179084777832,0.07940105348825455,0.08584915846586227
295,0.012175114179792052,0.01607932336628437,0.11050485,0.12680428,0.8336040377616882,0.7909000515937805,0.07762732356786728,0.08882679790258408
296,0.01234360122841529,0.014953945763409138,0.11128546,0.12228632,0.8312448859214783,0.8055347800254822,0.07840941846370697,0.086432546377182
297,0.01220077056099068,0.014998116530478,0.10985158,0.122466795,0.8355656266212463,0.8049603700637817,0.0778406411409378,0.08601517230272293
298,0.011429217845116827,0.014232886023819447,0.1071835,0.119301654,0.8434561491012573,0.8149116635322571,0.07527880370616913,0.08432414382696152
299,0.012969285916452382,0.015190564095973969,0.11103693,0.12325001,0.831997811794281,0.8024576902389526,0.07764294743537903,0.0872848853468895
300,0.012195658129216596,0.013837992213666439,0.109277815,0.117635,0.8372788429260254,0.8200469017028809,0.07706534117460251,0.08414817601442337
301,0.012618548130955209,0.014283646829426289,0.111892715,0.11951421,0.8293981552124023,0.8142515420913696,0.078677237033844,0.08378119766712189
302,0.013069139645350251,0.01549099013209343,0.11261309,0.12446281,0.8271943926811218,0.7985509037971497,0.07788478583097458,0.0884198322892189
303,0.012111643138764934,0.014989068731665611,0.10926495,0.12242985,0.837317168712616,0.8050780296325684,0.07684981822967529,0.08723916858434677
304,0.01287795110097663,0.014750107191503048,0.11306076,0.12145002,0.8258177638053894,0.8081855773925781,0.07905901223421097,0.08692634850740433
305,0.011950736283324659,0.014580843038856983,0.10934636,0.120751165,0.8370746374130249,0.8103867173194885,0.07622610032558441,0.08630198985338211
306,0.012219228855842217,0.016261594370007515,0.1106155,0.12752096,0.8332706689834595,0.7885297536849976,0.07661871612071991,0.08939526230096817
307,0.012321183584969152,0.015176880173385143,0.109511614,0.123194486,0.836581826210022,0.802635669708252,0.07621464133262634,0.0903991311788559
308,0.013300122449767183,0.014826293103396893,0.112697415,0.12176327,0.8269355297088623,0.8071948289871216,0.07906151562929153,0.08819171041250229
309,0.015252127312123775,0.01453352253884077,0.12348387,0.120555066,0.7922215461730957,0.8110020160675049,0.0893447995185852,0.08629484474658966
310,0.012493753985671157,0.01443544402718544,0.11229279,0.12014759,0.8281760215759277,0.8122774958610535,0.07953761518001556,0.08658134192228317
311,0.013631213879720732,0.01647813431918621,0.1157665,0.12836719,0.8173810243606567,0.785713791847229,0.07913725823163986,0.0901651382446289
312,0.013914119790900837,0.01539068017154932,0.11810971,0.12405918,0.8099135160446167,0.7998553514480591,0.08187432587146759,0.08822347968816757
313,0.012199223718859932,0.014905493706464767,0.11056638,0.12208806,0.8334187269210815,0.8061648607254028,0.07771503180265427,0.08543235808610916
314,0.012224120955744927,0.013456243090331554,0.10963463,0.11600105,0.8362144231796265,0.8250113129615784,0.07581694424152374,0.0831480398774147
315,0.013026146006516436,0.015489335171878338,0.11470384,0.12445616,0.8207182884216309,0.7985724210739136,0.0803191214799881,0.0869988277554512
316,0.012676147468896075,0.014178509823977947,0.112738594,0.119073555,0.8268089890480042,0.8156187534332275,0.07846662402153015,0.08399637043476105
317,0.011699699193493208,0.012995194643735886,0.10810307,0.11399647,0.8407585620880127,0.8310068845748901,0.07568223029375076,0.08025325834751129
318,0.012504254160872237,0.014647192321717739,0.1105803,0.121025585,0.8333767652511597,0.80952388048172,0.07694843411445618,0.08458297699689865
319,0.011964213727465407,0.013576407916843891,0.10786041,0.11651784,0.8414726257324219,0.823448657989502,0.07470625638961792,0.08123859763145447
320,0.012296142511662434,0.014921450056135654,0.11041137,0.12215339,0.8338854312896729,0.8059573173522949,0.07795637845993042,0.08908406645059586
321,0.011846826443533328,0.014201577752828598,0.108447,0.119170375,0.8397436738014221,0.815318763256073,0.07594818621873856,0.08446832001209259
322,0.011878777475265617,0.014637594111263752,0.107319295,0.120985925,0.843059241771698,0.8096486926078796,0.07509636133909225,0.08639153838157654
323,0.012853712954727764,0.013939302414655685,0.11372709,0.11806482,0.823758602142334,0.8187294602394104,0.07851492613554001,0.08419998735189438
324,0.011227401079271327,0.013546626083552837,0.10506628,0.116389975,0.8495795726776123,0.8238359689712524,0.07265270501375198,0.08312167227268219
325,0.01161732961720025,0.013246380724012852,0.10775006,0.115092926,0.841796875,0.8277404308319092,0.07392064481973648,0.07982422411441803
326,0.012157393259588967,0.012989988550543785,0.11055303,0.11397363,0.8334589004516602,0.831074595451355,0.07569068670272827,0.07947925478219986
327,0.010789386642334814,0.012463311664760113,0.103836015,0.1116392,0.8530816435813904,0.8379236459732056,0.0716032013297081,0.0790514424443245
328,0.010412528020837768,0.013000852428376675,0.10204941,0.11402129,0.8580939173698425,0.8309333324432373,0.07026512175798416,0.07921836525201797
329,0.011286078645339743,0.013085032813251019,0.10516174,0.11438983,0.8493061065673828,0.8298386335372925,0.07183170318603516,0.08016930520534515
330,0.012286715093068779,0.012737754732370377,0.10992703,0.11286166,0.8353396654129028,0.8343547582626343,0.07520241290330887,0.07993556559085846
331,0.010900599945505912,0.013761941343545914,0.104474336,0.11731131,0.8512697219848633,0.8210359215736389,0.0729789212346077,0.08314593881368637
332,0.010994383853606203,0.013506097719073296,0.103778094,0.116215736,0.8532454967498779,0.8243629932403564,0.070685014128685,0.08060280233621597
333,0.011140876079232177,0.012769551947712898,0.10529579,0.11300244,0.8489216566085815,0.8339412212371826,0.07405655831098557,0.07913998514413834
334,0.010616225941868668,0.013617866672575474,0.10301104,0.116695605,0.8554068803787231,0.8229095339775085,0.07124245166778564,0.08344915509223938
335,0.011180997148833492,0.012624588795006275,0.10495743,0.112359196,0.8498910665512085,0.8358263969421387,0.07247470319271088,0.07791654765605927
336,0.010010292668911543,0.012609679251909256,0.099392034,0.112292826,0.8653881549835205,0.8360202312469482,0.06865236163139343,0.07772529870271683
337,0.012001461730423298,0.014958126470446587,0.108855635,0.12230342,0.8385336995124817,0.805480420589447,0.07526776194572449,0.08561530709266663
338,0.011658483089625159,0.012282529845833778,0.10808093,0.110826574,0.840823769569397,0.8402745723724365,0.07499197125434875,0.07867180556058884
339,0.01058059816502712,0.013505262322723866,0.10290724,0.116212144,0.8556981086730957,0.8243738412857056,0.07073073834180832,0.08041883260011673
340,0.01072135675613853,0.016514228656888008,0.10382847,0.1285077,0.85310298204422,0.7852444052696228,0.07091344892978668,0.08729910850524902
341,0.010276291604069147,0.014132354408502579,0.100848086,0.11887958,0.8614152669906616,0.8162189722061157,0.06971447169780731,0.08205455541610718
342,0.011082751845771616,0.012231066823005676,0.10366405,0.11059416,0.853567898273468,0.8409438133239746,0.07105735689401627,0.07872161269187927
343,0.011684280978939072,0.013427880592644215,0.107652664,0.11587874,0.8420827388763428,0.8253800868988037,0.07454197853803635,0.0835980549454689
344,0.011311899362639948,0.01164492592215538,0.10640528,0.10791166,0.8457211256027222,0.8485661745071411,0.07265272736549377,0.07434885203838348
345,0.011771929365667429,0.013623731210827827,0.108197786,0.11672074,0.8404793739318848,0.822833240032196,0.0739343911409378,0.08186011761426926
346,0.011379024871117012,0.012558827176690102,0.10408003,0.11206617,0.8523902893066406,0.8366815447807312,0.07215194404125214,0.07872044295072556
347,0.010991860689087347,0.013869676738977432,0.10433749,0.11776959,0.8516591191291809,0.8196349143981934,0.07173064351081848,0.08189608156681061
348,0.010222180069170216,0.012928904965519905,0.10042031,0.113705344,0.8625884652137756,0.8318689465522766,0.06868049502372742,0.07893507927656174
349,0.010772093559022655,0.013261846266686916,0.10250468,0.11516009,0.8568249344825745,0.827539324760437,0.07097349315881729,0.08001774549484253
350,0.010080746914768084,0.01300937682390213,0.10090759,0.11405866,0.861251711845398,0.8308224678039551,0.07007979601621628,0.07871757447719574
351,0.011183738364541734,0.012647489085793495,0.10480192,0.11246106,0.8503355979919434,0.835528552532196,0.07219263911247253,0.07899545133113861
352,0.01004800620615821,0.012814868241548538,0.09970908,0.11320277,0.8645280003547668,0.8333519101142883,0.06938426196575165,0.07774829864501953
353,0.009976563488387248,0.012256559915840626,0.100117534,0.110709354,0.8634158372879028,0.8406122922897339,0.06871973723173141,0.0774315595626831
354,0.01054970487232574,0.013279324397444725,0.102692954,0.115235955,0.8562985062599182,0.8273119926452637,0.06895878165960312,0.0816851407289505
355,0.01049543803938749,0.011850547045469284,0.10278567,0.10886022,0.8560388684272766,0.8458921909332275,0.06910493969917297,0.07571560144424438
356,0.010761739633215422,0.012974465265870094,0.100919195,0.113905504,0.8612197637557983,0.831276535987854,0.06925728172063828,0.08039358258247375
357,0.010488877866671166,0.01107051968574524,0.10084182,0.10521654,0.8614324927330017,0.8560358881950378,0.06983379274606705,0.07210603356361389
358,0.010070356603881175,0.012976269237697124,0.098591946,0.11391343,0.8675466775894165,0.8312529921531677,0.06770516186952591,0.08073978126049042
359,0.010771347114562312,0.011674705892801285,0.10134869,0.10804956,0.8600360155105591,0.8481789231300354,0.0700073391199112,0.07752310484647751
360,0.01067205434876748,0.012181331403553486,0.10168015,0.11036907,0.8591189980506897,0.8415905833244324,0.06870391219854355,0.07711583375930786
361,0.009635041033933785,0.012436251156032085,0.09760946,0.111517936,0.8701733350753784,0.8382755517959595,0.06630750000476837,0.07608871161937714
362,0.011117732628587295,0.012992235831916332,0.105594404,0.11398349,0.848063588142395,0.831045389175415,0.07258734107017517,0.0780453085899353
363,0.010052571940997785,0.012354805134236813,0.098640256,0.11115218,0.8674167990684509,0.8393347263336182,0.06761860847473145,0.07826713472604752
364,0.00956485623663122,0.012109455652534962,0.09656167,0.110042974,0.8729456067085266,0.8425253033638,0.06621390581130981,0.07531000673770905
365,0.010303005163388496,0.01296614296734333,0.10024044,0.11386897,0.8630802631378174,0.8313847184181213,0.06782171130180359,0.07862741500139236
366,0.010737841779535467,0.012758661061525345,0.10370893,0.112954244,0.8534409999847412,0.834082841873169,0.071442149579525,0.07742639631032944
367,0.009333332058634947,0.011578269302845001,0.09714997,0.10760237,0.8713927865028381,0.8494330048561096,0.06663599610328674,0.07429657876491547
368,0.009730502338656648,0.012982571497559547,0.09826022,0.11394109,0.8684364557266235,0.8311710357666016,0.06677622348070145,0.08003067970275879
369,0.010099153256636451,0.011804316192865372,0.10053176,0.10864767,0.8622832894325256,0.8464934229850769,0.06829953193664551,0.07622174918651581
370,0.009936944803815673,0.013105873949825764,0.09827814,0.11448089,0.8683884739875793,0.8295676112174988,0.06709352135658264,0.08038495481014252
371,0.010299478519961915,0.011955790221691132,0.10004615,0.10934254,0.8636105060577393,0.8445236086845398,0.06913134455680847,0.07740507274866104
372,0.009868416681208393,0.012313315644860268,0.09795306,0.110965386,0.8692576885223389,0.839874267578125,0.06813839077949524,0.07698340713977814
373,0.009505666485479609,0.01156932394951582,0.09696516,0.1075608,0.8718816041946411,0.8495492935180664,0.06623504310846329,0.07560184597969055
374,0.009407143680040132,0.011077186092734337,0.09724838,0.10524821,0.8711320757865906,0.8559492230415344,0.0663474053144455,0.07373616844415665
375,0.009512867778539658,0.012356349267065525,0.09617096,0.11115912,0.873971700668335,0.8393145799636841,0.06514955312013626,0.07612871378660202
376,0.009297273894348606,0.012016339227557182,0.09560138,0.109619066,0.875460147857666,0.8437361717224121,0.06440375000238419,0.07498330622911453
377,0.009756713851609013,0.01283575501292944,0.09915633,0.113295,0.8660258650779724,0.8330802917480469,0.06879125535488129,0.08045223355293274
378,0.009139093252914872,0.011261616833508015,0.09597317,0.10612077,0.8744896054267883,0.8535507917404175,0.06591653823852539,0.07390432059764862
379,0.00910433054774661,0.01186318788677454,0.09522864,0.108918265,0.8764293789863586,0.845727801322937,0.06592867523431778,0.0748300775885582
380,0.00908318865747953,0.011670886538922787,0.09573557,0.108031884,0.8751102685928345,0.8482285737991333,0.06587959825992584,0.07588495314121246
381,0.009210447135212069,0.013067079707980156,0.09613478,0.11431132,0.8740665316581726,0.8300721049308777,0.06667573004961014,0.07851462066173553
382,0.009514335214837709,0.011776038445532322,0.095712066,0.10851746,0.8751716017723083,0.8468611240386963,0.06563359498977661,0.07646691054105759
383,0.009702792391180992,0.012597833760082722,0.09797841,0.11224007,0.8691900372505188,0.8361743092536926,0.06644953042268753,0.07801954448223114
384,0.008903965036469426,0.011990436352789402,0.09469374,0.10950085,0.8778136968612671,0.8440730571746826,0.06452937424182892,0.07511450350284576
385,0.009446428369053385,0.011527917347848415,0.09662542,0.10736814,0.8727778196334839,0.8500877618789673,0.06546735018491745,0.07603063434362411
386,0.009291000420820306,0.011340184137225151,0.095529415,0.1064903,0.8756475448608398,0.8525291085243225,0.06503220647573471,0.07371535152196884
387,0.009802926014262166,0.013182931579649448,0.098853946,0.11481695,0.866841733455658,0.8285655379295349,0.06766702979803085,0.07911442965269089
388,0.00955372461414134,0.011733325198292732,0.096395105,0.10832047,0.8733835816383362,0.8474166393280029,0.06499513238668442,0.07315736263990402
389,0.009664162961681459,0.012269808910787106,0.096766196,0.11076917,0.8724068403244019,0.840440034866333,0.06463504582643509,0.07556738704442978
390,0.010331841280937872,0.012253192253410816,0.10170583,0.11069414,0.8590478301048279,0.8406561017036438,0.06985292583703995,0.07628053426742554
391,0.008805837799710307,0.010930746793746948,0.093876526,0.10455021,0.8799135088920593,0.8578535318374634,0.06439559161663055,0.07269042730331421
392,0.009196371591480618,0.011215857230126858,0.095662594,0.10590495,0.8753005862236023,0.854145884513855,0.06578949093818665,0.07206527143716812
393,0.009962425905872475,0.01146387867629528,0.097169,0.10706951,0.8713423609733582,0.850920557975769,0.06590946018695831,0.07272766530513763
394,0.009936058745634828,0.010822106152772903,0.10014092,0.10402935,0.8633520007133484,0.8592663407325745,0.06943036615848541,0.07285494357347488
395,0.009807103948498314,0.011211968958377838,0.09738649,0.105886586,0.8707658052444458,0.8541964292526245,0.06578058749437332,0.07527104020118713
396,0.008839517143893649,0.010275952517986298,0.09369178,0.10137037,0.8803857564926147,0.8663686513900757,0.06401608884334564,0.06932427734136581
397,0.00886804088738493,0.010670686140656471,0.09388731,0.10329901,0.8798859715461731,0.861235499382019,0.06464927643537521,0.0725541040301323
398,0.008860222074541856,0.012893594801425934,0.093889125,0.11354996,0.8798812627792358,0.8323281407356262,0.06448420882225037,0.07749463617801666
399,0.00964989087713713,0.011184612289071083,0.09683223,0.10575733,0.8722326755523682,0.8545522093772888,0.0667259469628334,0.07246188074350357
400,0.009415516333485191,0.012497235089540482,0.09535664,0.11179103,0.8760969638824463,0.8374825119972229,0.06544825434684753,0.07752262055873871
401,0.009492972294207324,0.012130361050367355,0.09756786,0.11013792,0.8702839612960815,0.8422534465789795,0.06579683721065521,0.07618094980716705
402,0.008315562820908699,0.010696128942072392,0.09085546,0.10342209,0.8875182271003723,0.8609045743942261,0.061823733150959015,0.07084359973669052
403,0.008324697095138783,0.010200724937021732,0.09027568,0.10099864,0.8889492154121399,0.8673469424247742,0.0614316426217556,0.06976629793643951
404,0.008437753739682112,0.010911337099969387,0.0921042,0.10445735,0.8844050168991089,0.8581059575080872,0.06284371018409729,0.07104714214801788
405,0.008281637999144468,0.010877520777285099,0.090866745,0.10429536,0.8874902725219727,0.85854572057724,0.06259998679161072,0.07296913862228394
406,0.007828769263472746,0.012791706249117851,0.08842799,0.11310043,0.8934484720230103,0.8336530923843384,0.06095309555530548,0.07744023948907852
407,0.007663012683306905,0.01142796315252781,0.08674894,0.10690165,0.8974564075469971,0.851387619972229,0.06011779233813286,0.07213655859231949
408,0.00925146175590767,0.010306263342499733,0.09416755,0.10151976,0.8791677951812744,0.8659745454788208,0.06322095543146133,0.07031069695949554
409,0.009467033452396705,0.011486370116472244,0.096038595,0.10717448,0.8743184208869934,0.8506280779838562,0.06461194902658463,0.07650813460350037
410,0.009360025139440868,0.010704463347792625,0.093461074,0.10346238,0.8809740543365479,0.8607962131500244,0.06227424368262291,0.0716782659292221
411,0.009273304196540266,0.01017717830836773,0.09525465,0.100882,0.8763618469238281,0.8676531314849854,0.06512501835823059,0.06994045525789261
412,0.0086150244301693,0.010686620138585567,0.09278264,0.10337611,0.8826957941055298,0.8610281944274902,0.06255874782800674,0.07126091420650482
413,0.008514420150525191,0.01066044345498085,0.091020554,0.10324942,0.887109100818634,0.8613686561584473,0.06159030646085739,0.07021179795265198
414,0.008916380487128416,0.010187426581978798,0.09368948,0.100932784,0.8803915977478027,0.8675198554992676,0.06311634182929993,0.06977449357509613
415,0.007867569749412889,0.009871072135865688,0.088965006,0.09935327,0.8921504020690918,0.8716338872909546,0.06060141697525978,0.067015141248703
416,0.008391951184338805,0.010655434802174568,0.09095208,0.10322517,0.8872788548469543,0.8614338040351868,0.060878269374370575,0.0702667385339737
417,0.00863271508238871,0.010844157077372074,0.09196866,0.10413528,0.8847450017929077,0.8589795827865601,0.06206295266747475,0.07026445120573044
418,0.008628112216353078,0.010575097054243088,0.09078562,0.10283528,0.887691080570221,0.8624785542488098,0.06117968633770943,0.0713363066315651
419,0.008334868068976159,0.011271687224507332,0.09165722,0.106168196,0.8855242729187012,0.8534198999404907,0.06306210905313492,0.07151142507791519
420,0.008439316631252454,0.011230077594518661,0.09005966,0.10597206,0.8894800543785095,0.8539609909057617,0.06152157858014107,0.07231254130601883
421,0.008024426388808271,0.010444790124893188,0.089136295,0.102199756,0.8917347192764282,0.8641730546951294,0.05998336896300316,0.0705954059958458
422,0.008377739947966555,0.010177232325077057,0.08873593,0.10088226,0.8927050828933716,0.8676524758338928,0.060853518545627594,0.06905966997146606
423,0.009134668211283331,0.009843386709690094,0.09553925,0.099213846,0.8756219744682312,0.871993899345398,0.06506869196891785,0.06915511935949326
424,0.00824666938172992,0.01202233973890543,0.08927267,0.10964643,0.8914031982421875,0.8436582088470459,0.061829958111047745,0.07615754753351212
425,0.007967714315534315,0.010268555954098701,0.08880209,0.10133387,0.8925450444221497,0.8664648532867432,0.061852216720581055,0.0696391835808754
426,0.007319230924953114,0.01061340793967247,0.08545581,0.1030214,0.9004907608032227,0.8619803190231323,0.058984898030757904,0.06932942569255829
427,0.00796022984749553,0.01053481362760067,0.08757663,0.10263924,0.895490288734436,0.863002359867096,0.05865343287587166,0.0692528784275055
428,0.007573093377604065,0.008808518759906292,0.08569848,0.09385371,0.8999248743057251,0.8854515552520752,0.05897121876478195,0.06497054547071457
429,0.007457080990372395,0.00941519346088171,0.08554733,0.09703192,0.9002775549888611,0.8775622248649597,0.05863024294376373,0.06687929481267929
430,0.00799008287933909,0.010346782393753529,0.0886734,0.10171914,0.892856240272522,0.8654475808143616,0.06041736900806427,0.06908749788999557
431,0.008887062473645941,0.010192986577749252,0.09345658,0.10096032,0.8809854984283447,0.8674476146697998,0.06504303216934204,0.06954836845397949
432,0.006547361464154991,0.011939209885895252,0.07981228,0.10926669,0.9132000207901001,0.8447391986846924,0.05520372465252876,0.0755663588643074
433,0.008094619366932999,0.009859634563326836,0.09035881,0.09929569,0.888744592666626,0.8717826008796692,0.06108458340167999,0.06908862292766571
434,0.00782657454890961,0.009908170439302921,0.08703854,0.0995398,0.8967706561088562,0.8711513876914978,0.05929713323712349,0.06945191323757172
435,0.007447367417626083,0.008747025392949581,0.085256055,0.09352554,0.9009554386138916,0.8862512707710266,0.05922935530543327,0.06469667702913284
436,0.008955213627566329,0.010308471508324146,0.09244719,0.10153064,0.8835424780845642,0.8659458160400391,0.06154090538620949,0.07087621092796326
437,0.007391331130003726,0.010201488621532917,0.08505635,0.10100242,0.901418924331665,0.8673370480537415,0.058012913912534714,0.07022153586149216
438,0.00863206622571769,0.010191435925662518,0.09155569,0.10095265,0.8857777118682861,0.8674677610397339,0.061231691390275955,0.06958406418561935
439,0.007975172680082986,0.009669492952525616,0.08794712,0.09833358,0.8946042060852051,0.8742552399635315,0.06045503541827202,0.06771343946456909
440,0.00771407462360168,0.010143610648810863,0.08769408,0.100715496,0.895209789276123,0.8680896759033203,0.0596349760890007,0.06976264715194702
441,0.007496208693324165,0.009056372568011284,0.08608606,0.09516498,0.8990175724029541,0.882228434085846,0.05996812880039215,0.06704328954219818
442,0.0068282761494629085,0.008507054299116135,0.08267251,0.092233695,0.906867265701294,0.889371931552887,0.055467549711465836,0.06380736827850342
443,0.007788795543919233,0.009250761941075325,0.08785576,0.09618088,0.8948230743408203,0.8797005414962769,0.057805225253105164,0.06593752652406693
444,0.0072078057035634465,0.009782311506569386,0.08421925,0.09890557,0.9033498167991638,0.87278813123703,0.058148059993982315,0.06751132011413574
445,0.007407636725640094,0.00852134171873331,0.08599965,0.092311114,0.8992202281951904,0.8891861438751221,0.05767814442515373,0.06293419748544693
446,0.007074727835557001,0.010388217866420746,0.08323599,0.10192261,0.9055933952331543,0.864908754825592,0.055732451379299164,0.068928562104702
447,0.007297490506475283,0.009354873560369015,0.08532065,0.09672059,0.9008052945137024,0.8783466815948486,0.058371566236019135,0.06610804051160812
448,0.007149265666322952,0.00929945521056652,0.08337081,0.096433684,0.9052873253822327,0.8790673017501831,0.05655067041516304,0.06877999007701874
449,0.008174386288208718,0.011333147063851357,0.09032758,0.106457256,0.8888214826583862,0.8526206016540527,0.05963768810033798,0.07277288287878036
450,0.010927908821031451,0.010109484195709229,0.10435354,0.10054593,0.851613461971283,0.8685334920883179,0.07195904105901718,0.0703936517238617
451,0.008437636340121653,0.009137398563325405,0.09119085,0.09558974,0.8866862654685974,0.8811747431755066,0.06319116055965424,0.06679698824882507
452,0.007450949062000622,0.009607411921024323,0.086067304,0.09801741,0.8990615606307983,0.8750625848770142,0.05954844877123833,0.06783690303564072
453,0.007085716754028743,0.009429574944078922,0.08410204,0.097105995,0.9036186337471008,0.8773752450942993,0.05831046402454376,0.06839925795793533
454,0.0070318683495067735,0.0089172488078475,0.083741404,0.094431184,0.9044434428215027,0.8840376138687134,0.05729253590106964,0.06347540766000748
455,0.0068679151008836925,0.009945666417479515,0.081852995,0.099727966,0.9087045192718506,0.8706638216972351,0.05537260323762894,0.06798676401376724
456,0.006563902567987415,0.009069987572729588,0.08115514,0.09523648,0.9102545976638794,0.882051408290863,0.05493035167455673,0.06510693579912186
457,0.006823233482216231,0.008688658475875854,0.08085917,0.09321298,0.9109079837799072,0.8870102763175964,0.056764036417007446,0.06319703906774521
458,0.006418979171113196,0.01012972742319107,0.07941148,0.10064654,0.914069652557373,0.868270218372345,0.0540119893848896,0.06970898807048798
459,0.006796856574841182,0.00893931370228529,0.08206261,0.09454794,0.9082363247871399,0.8837506771087646,0.056146953254938126,0.06371988356113434
460,0.006333366300995377,0.008633785881102085,0.07973431,0.092918165,0.9133695363998413,0.8877238631248474,0.054783739149570465,0.06392686814069748
461,0.006028496236963706,0.009122218936681747,0.07658837,0.09551031,0.9200707674026489,0.8813721537590027,0.0529983825981617,0.06662554293870926
462,0.0067627283014272425,0.009198999032378197,0.082059346,0.09591141,0.9082436561584473,0.8803737163543701,0.05576940253376961,0.0649847686290741
463,0.006464774334083565,0.008410445414483547,0.080680385,0.09170848,0.9113015532493591,0.8906282186508179,0.05533316358923912,0.06207588315010071
464,0.006888152534057471,0.008636587299406528,0.082195,0.092933245,0.9079400300979614,0.8876874446868896,0.05628864839673042,0.06285949796438217
465,0.006581673213407736,0.00912486668676138,0.080833845,0.09552417,0.9109638333320618,0.8813377022743225,0.05480445548892021,0.06557866185903549
466,0.00646439570912414,0.009450182318687439,0.079760656,0.097212054,0.9133123159408569,0.8771072030067444,0.05480073392391205,0.06679511070251465
467,0.006416677497327328,0.010529758408665657,0.0788993,0.102614604,0.9151744842529297,0.8630681037902832,0.0550905242562294,0.06948445737361908
468,0.006554940678390928,0.009651522152125835,0.07972321,0.09824216,0.9133936762809753,0.8744889497756958,0.054247088730335236,0.06618911772966385
469,0.006671912613621151,0.009488808922469616,0.081129864,0.097410515,0.9103105068206787,0.8766049146652222,0.0549636147916317,0.06677132844924927
470,0.006806797538460655,0.008822351694107056,0.0827241,0.093927376,0.9067509770393372,0.8852717280387878,0.05789582431316376,0.06541014462709427
471,0.006461453989190472,0.00815446674823761,0.07993689,0.09030209,0.9129288196563721,0.8939570784568787,0.05531391128897667,0.06356769055128098
472,0.006856449260588058,0.009330559521913528,0.08171471,0.09659482,0.9090127348899841,0.8786628246307373,0.05479817092418671,0.0665140300989151
473,0.00666861743031239,0.008770360611379147,0.08138929,0.09365021,0.9097359776496887,0.8859478235244751,0.056453075259923935,0.06412287056446075
474,0.005695854610001499,0.009506531991064548,0.07511554,0.09750145,0.9231153726577759,0.8763744235038757,0.05192311108112335,0.06577517092227936
475,0.0056557688354091215,0.008573721162974834,0.07372716,0.09259439,0.9259312152862549,0.8885049819946289,0.05171232298016548,0.06339085847139359
476,0.006389137151100757,0.00803169421851635,0.07923125,0.089619726,0.914459228515625,0.8955536484718323,0.0535782128572464,0.062051840126514435
477,0.005941707228141075,0.007944800890982151,0.07641313,0.08913361,0.9204360842704773,0.8966836333274841,0.05249447748064995,0.06187891587615013
478,0.0060095051726834344,0.007901889272034168,0.07749476,0.08889257,0.9181677103042603,0.8972416520118713,0.05287808179855347,0.06131534278392792
479,0.005868313818196343,0.008175470866262913,0.07650057,0.09041832,0.9202539324760437,0.893683910369873,0.052453458309173584,0.06116902828216553
480,0.006304448459890078,0.008579333312809467,0.078584984,0.092624694,0.9158490300178528,0.888431966304779,0.05199136957526207,0.0638921856880188
481,0.006614318847740916,0.00870696734637022,0.08119606,0.09331114,0.9101641178131104,0.8867721557617188,0.05565871670842171,0.06418025493621826
482,0.00620339962717315,0.008614548482000828,0.0773628,0.092814595,0.9184461832046509,0.8879740238189697,0.053212765604257584,0.06386217474937439
483,0.0057185506183569405,0.008355319499969482,0.07540823,0.09140743,0.9225150346755981,0.8913451433181763,0.05318333953619003,0.06161569803953171
484,0.0055988200157034125,0.008234582841396332,0.07467341,0.0907446,0.9240177869796753,0.8929151892662048,0.05050991103053093,0.06270671635866165
485,0.005756456801794808,0.008247909136116505,0.07488986,0.090818,0.9235766530036926,0.8927419185638428,0.05152704566717148,0.06157577782869339
486,0.0068106495680033486,0.00895119458436966,0.08203961,0.09461075,0.908287763595581,0.8835961818695068,0.05623963102698326,0.06467051059007645
487,0.006157939851453359,0.008708550594747066,0.07617088,0.09331962,0.9209398031234741,0.8867515921592712,0.05273621529340744,0.06473653763532639
488,0.006298905614213171,0.008625790476799011,0.07952508,0.09287513,0.9138236045837402,0.8878278732299805,0.05513030290603638,0.06258577108383179
489,0.006484457699116319,0.00845272932201624,0.079209484,0.09193873,0.9145062565803528,0.8900783658027649,0.0539444163441658,0.06425680220127106
490,0.006234092595563693,0.007699767127633095,0.07790988,0.08774832,0.9172886610031128,0.8998700976371765,0.052954137325286865,0.059677284210920334
491,0.005355306403626772,0.007720485795289278,0.07300254,0.0878663,0.9273800253868103,0.8996006846427917,0.051203563809394836,0.05942588672041893
492,0.00569266713203185,0.010028003714978695,0.07556299,0.10013992,0.922196626663208,0.86959308385849,0.05129418894648552,0.06778734177350998
493,0.00623014955569736,0.007927468046545982,0.07576383,0.08903632,0.9217824935913086,0.8969090580940247,0.05135643109679222,0.06218203902244568
494,0.006499662942422385,0.008382926695048809,0.07992228,0.09155832,0.9129606485366821,0.8909860849380493,0.054943498224020004,0.06362330168485641
495,0.006099555927159434,0.008362959139049053,0.077032074,0.09144922,0.919141948223114,0.8912457823753357,0.05329433083534241,0.06374979019165039
496,0.006744537978771736,0.007640361320227385,0.07805671,0.08740916,0.9169765710830688,0.9006426334381104,0.05227818712592125,0.060487665235996246
497,0.00674342790576206,0.00850198045372963,0.08198602,0.09220619,0.9084075689315796,0.8894379138946533,0.056417662650346756,0.06222929432988167
498,0.005234935553744435,0.008485237136483192,0.072376974,0.09211535,0.9286192655563354,0.8896556496620178,0.049733687192201614,0.06192559003829956
499,0.0055408267124386675,0.008179519325494766,0.074827746,0.0904407,0.9237033724784851,0.8936312794685364,0.0512324757874012,0.06282193213701248
500,0.006404529209248722,0.009127747267484665,0.079469636,0.09553925,0.9139437079429626,0.8813002705574036,0.05332334339618683,0.0641096830368042
501,0.006198312409899451,0.008056649938225746,0.07590025,0.08975884,0.921500563621521,0.8952291011810303,0.05153757333755493,0.061510439962148666
502,0.005535927378911187,0.00798568781465292,0.07409317,0.08936267,0.9251940250396729,0.8961519002914429,0.05198125168681145,0.06010289117693901
503,0.00544376539024101,0.007950050756335258,0.07374199,0.089163065,0.9259014129638672,0.8966153264045715,0.05150706693530083,0.06133081391453743
504,0.005734128141987391,0.009649313054978848,0.074277036,0.09823092,0.9248222708702087,0.8745176792144775,0.051327984780073166,0.06776630878448486
505,0.005619064719543199,0.007825600914657116,0.074677505,0.08846243,0.9240094423294067,0.8982337117195129,0.052698228508234024,0.06098245084285736
506,0.00558274627705528,0.008134163916110992,0.07426652,0.090189606,0.9248435497283936,0.8942210674285889,0.051354821771383286,0.06195623800158501
507,0.004941861600276421,0.008032122626900673,0.07062331,0.08962211,0.9320363998413086,0.8955480456352234,0.048761170357465744,0.060759853571653366
508,0.005792813407341865,0.008284262381494045,0.07425614,0.091017924,0.9248645901679993,0.8922691345214844,0.051735036075115204,0.06306333094835281
509,0.0061542696308937266,0.00832907110452652,0.07771569,0.091263756,0.917700469493866,0.8916864395141602,0.054417770355939865,0.062096431851387024
510,0.00551433853847398,0.00730940792709589,0.074457824,0.08549508,0.9244558811187744,0.9049464464187622,0.052310239523649216,0.058534201234579086
511,0.005370165358974852,0.0074822730384767056,0.071312495,0.08650013,0.9307035207748413,0.9026984572410583,0.049642376601696014,0.06071608513593674
512,0.006901220635468649,0.010156217962503433,0.08350941,0.100778066,0.9049721360206604,0.867925763130188,0.05616707354784012,0.06929802894592285
513,0.005835400539746677,0.008027373813092709,0.07589763,0.089595616,0.9215059876441956,0.8956097960472107,0.05206669121980667,0.06184616684913635
514,0.005267110838427801,0.007734102662652731,0.072604425,0.08794375,0.9281699657440186,0.8994235992431641,0.05097067356109619,0.0615452378988266
515,0.005941143005409024,0.009367481805384159,0.07528151,0.096785754,0.9227752089500427,0.8781826496124268,0.050923727452754974,0.06542986631393433
516,0.005406317978420041,0.007204149849712849,0.07211645,0.08487726,0.9291322231292725,0.906315267086029,0.048654720187187195,0.059094276279211044
517,0.004690892078956081,0.007616119924932718,0.06864495,0.08727038,0.9357907772064209,0.9009578824043274,0.04782990366220474,0.05891038477420807
518,0.0053233408596662975,0.007875734940171242,0.072534226,0.08874534,0.9283087849617004,0.8975817561149597,0.048293352127075195,0.06153273209929466
519,0.005122433114923875,0.007925224490463734,0.071406856,0.089023724,0.9305199980735779,0.8969382047653198,0.04876605421304703,0.06024809554219246
520,0.005108115842714059,0.007830461487174034,0.07107286,0.0884899,0.9311684370040894,0.898170530796051,0.04699442908167839,0.0596500001847744
521,0.005800613604316657,0.007725714705884457,0.07478632,0.08789604,0.9237878322601318,0.899532675743103,0.05015378072857857,0.06050606071949005
522,0.005037173586474223,0.0071868752129375935,0.07122997,0.08477543,0.9308637976646423,0.9065399169921875,0.04902874305844307,0.057052966207265854
523,0.005258932418655604,0.007801292929798365,0.0722309,0.088324934,0.9289070963859558,0.8985497951507568,0.04954708367586136,0.060306891798973083
524,0.00554986607643183,0.008330927230417728,0.07296054,0.09127391,0.9274635314941406,0.8916622996330261,0.050127532333135605,0.06197386234998703
525,0.0062715920291587035,0.007738025858998299,0.07594768,0.08796605,0.9214024543762207,0.8993725776672363,0.05082504078745842,0.060274749994277954
526,0.005594682387626645,0.00762472627684474,0.07427948,0.08731968,0.9248173236846924,0.9008459448814392,0.05086401104927063,0.06002645567059517
527,0.005533369490876794,0.007302117068320513,0.074286304,0.08545243,0.9248034954071045,0.9050412178039551,0.05115137994289398,0.058788977563381195
528,0.005465235352114012,0.007399074267596006,0.073299974,0.08601788,0.9267870783805847,0.9037804007530212,0.05025607720017433,0.05894789844751358
529,0.004993533361068165,0.007179200649261475,0.070346005,0.08473017,0.9325690865516663,0.9066396951675415,0.04826420173048973,0.05836164206266403
530,0.00546332020630044,0.007409355137497187,0.07403331,0.08607761,0.9253148436546326,0.90364670753479,0.04994247481226921,0.05929940938949585
531,0.004990409877130084,0.0073659964837133884,0.070285626,0.08582539,0.9326847791671753,0.9042105674743652,0.048369698226451874,0.05958357825875282
532,0.004593399316284128,0.007471034768968821,0.06717517,0.08643515,0.9385109543800354,0.9028446078300476,0.04714253544807434,0.058534175157547
533,0.005215445009525865,0.008781696669757366,0.06984598,0.093710706,0.9335243105888367,0.8858004212379456,0.04726298153400421,0.06257861107587814
534,0.006300221006809311,0.007252436131238937,0.07825664,0.08516124,0.9165507555007935,0.9056873321533203,0.05184721574187279,0.058330364525318146
535,0.0056009323293851184,0.006926410365849733,0.075245954,0.08322506,0.9228481650352478,0.9099270701408386,0.05135098472237587,0.05758744105696678
536,0.0052771136609160085,0.007111800834536552,0.07205475,0.08433149,0.9292534589767456,0.9075161814689636,0.049282364547252655,0.05725385621190071
537,0.005159354699902575,0.007317420560866594,0.07046342,0.08554192,0.9323438405990601,0.9048422574996948,0.04896780103445053,0.05794161930680275
538,0.005381508989640596,0.00815811287611723,0.07084838,0.09032227,0.9316025376319885,0.8939096331596375,0.04859905689954758,0.0613747201859951
539,0.005800996055106886,0.007341388612985611,0.07540862,0.08568191,0.9225142002105713,0.9045305252075195,0.05117475986480713,0.058177340775728226
540,0.0053505986368029635,0.007307560183107853,0.07253295,0.08548427,0.928311288356781,0.9049704670906067,0.04985131323337555,0.05769474059343338
541,0.005378477947405455,0.007134942803531885,0.07277902,0.08446859,0.9278240203857422,0.9072152376174927,0.04998045042157173,0.05616839975118637
542,0.00538966272407296,0.008102521300315857,0.072964996,0.09001401,0.9274547100067139,0.8946325778961182,0.048775382339954376,0.05923889949917793
543,0.0048746688778258185,0.007017652969807386,0.067502275,0.08377143,0.9379106760025024,0.9087405204772949,0.04655957221984863,0.057699054479599
544,0.006531844021413814,0.008760516531765461,0.08102882,0.09359763,0.9105337858200073,0.8860758543014526,0.05518632009625435,0.06251435726881027
545,0.005659687510077757,0.007563392166048288,0.074865885,0.08696777,0.9236255884170532,0.9016435742378235,0.05067362263798714,0.058094922453165054
546,0.004454507926394316,0.007639625109732151,0.06703751,0.08740495,0.9387627243995667,0.9006521701812744,0.0474667027592659,0.05915232375264168
547,0.004633704629007049,0.007085938937962055,0.0674129,0.08417802,0.9380750060081482,0.9078524708747864,0.046663813292980194,0.056821782141923904
548,0.0052304134481925176,0.006798943970352411,0.067639425,0.08245572,0.9376581311225891,0.9115846157073975,0.045982129871845245,0.056698497384786606
549,0.005212274062531916,0.006912014447152615,0.07149588,0.083138525,0.9303466081619263,0.9101142883300781,0.04971957206726074,0.05767764523625374
550,0.004375003950289366,0.007259233854711056,0.06564147,0.08520114,0.9412866830825806,0.9055989384651184,0.04504544287919998,0.05782084912061691
551,0.004996424921872941,0.007191115524619818,0.069958694,0.084800445,0.9333095550537109,0.9064847230911255,0.048098526895046234,0.057324402034282684
552,0.00490909994749183,0.007130710408091545,0.07031526,0.08444354,0.9326280355453491,0.9072702527046204,0.0488838255405426,0.05912923440337181
553,0.00416213798400184,0.0073423683643341064,0.06425479,0.08568762,0.9437411427497864,0.9045178294181824,0.045862406492233276,0.0587802492082119
554,0.004037310774120587,0.007313113659620285,0.062352765,0.08551674,0.9470224976539612,0.9048982858657837,0.04373559355735779,0.0571817010641098
555,0.005375587122133848,0.007123385556042194,0.07262051,0.08440015,0.9281380772590637,0.9073655605316162,0.04988177493214607,0.05796768143773079
556,0.004835546614644541,0.007177055347710848,0.06966669,0.084717505,0.9338651299476624,0.9066675901412964,0.04915745183825493,0.059320058673620224
557,0.0044151553937064655,0.006902632769197226,0.06615341,0.08308209,0.9403672814369202,0.9102362394332886,0.045430175960063934,0.056504350155591965
558,0.0045107985179955986,0.006759571842849255,0.065411195,0.08221661,0.941697895526886,0.9120966792106628,0.044661082327365875,0.05536963418126106
559,0.005033427764746276,0.006816068664193153,0.069920994,0.08255949,0.9333814382553101,0.9113619327545166,0.04812466725707054,0.05516848713159561
560,0.004763083241414279,0.00739334337413311,0.069041215,0.08598456,0.9350473284721375,0.9038549065589905,0.046749137341976166,0.05921078473329544
561,0.005045544874685054,0.006670105736702681,0.07033349,0.08167072,0.9325931072235107,0.9132601022720337,0.0472894012928009,0.05563513934612274
562,0.004795779759826308,0.006660546641796827,0.068664484,0.08161218,0.9357542395591736,0.9133844375610352,0.04772413522005081,0.05626649037003517
563,0.004965255079282956,0.0064246514812111855,0.068477124,0.08015393,0.936104416847229,0.9164520502090454,0.04697183892130852,0.055776022374629974
564,0.005464000251694498,0.0071179307997226715,0.07348601,0.08436783,0.926414966583252,0.9074364900588989,0.05062621831893921,0.05825423821806908
565,0.00453078753145581,0.006835140287876129,0.06630154,0.082674906,0.9400999546051025,0.911113977432251,0.04630187898874283,0.05585771054029465
566,0.004429181746672839,0.007533556316047907,0.06632258,0.08679606,0.9400619268417358,0.9020315408706665,0.046025365591049194,0.05895688757300377
567,0.006713875103741884,0.0073819514364004135,0.081557214,0.085918285,0.9093631505966187,0.9040030837059021,0.05643074959516525,0.05876131355762482
568,0.004841943985824896,0.007109159603714943,0.06953493,0.08431583,0.9341150522232056,0.9075505137443542,0.048059429973363876,0.05760524049401283
569,0.005158096504270692,0.0076316953636705875,0.06954965,0.08735957,0.9340871572494507,0.9007553458213806,0.04662366956472397,0.06040140986442566
570,0.004450526072601365,0.007051448337733746,0.06687607,0.0839729,0.9390573501586914,0.9083009958267212,0.04584122076630592,0.056774213910102844
571,0.004886609470387074,0.007657635025680065,0.070087925,0.08750791,0.9330629706382751,0.9004179835319519,0.046865109354257584,0.05807417258620262
572,0.005003705790097063,0.007183408364653587,0.06964549,0.084754996,0.9339053630828857,0.9065849781036377,0.048570968210697174,0.05729283392429352
573,0.004135421792108735,0.007171656470745802,0.06337189,0.08468563,0.9452765583992004,0.9067378044128418,0.04483141750097275,0.058675043284893036
574,0.004774684954265302,0.007619030773639679,0.069279686,0.08728705,0.9345978498458862,0.900920033454895,0.047882355749607086,0.06006257236003876
575,0.005247646588197147,0.007280746474862099,0.070685,0.08532729,0.931917667388916,0.9053191542625427,0.047702856361866,0.05990583077073097
576,0.005032548538028178,0.008419805206358433,0.07035808,0.091759495,0.9325459599494934,0.8905065059661865,0.048245444893836975,0.06020145118236542
577,0.004785243831892413,0.007564526982605457,0.06927574,0.086974286,0.9346053600311279,0.9016287922859192,0.04638637229800224,0.058212924748659134
578,0.004356512371238999,0.006270148791372776,0.06598909,0.07918427,0.9406631588935852,0.918461263179779,0.045675814151763916,0.05410211160778999
579,0.004530463537031954,0.007757215760648251,0.06663001,0.08807506,0.9395049214363098,0.8991230130195618,0.04563632979989052,0.06021428480744362
580,0.005792476088655266,0.006851400248706341,0.07340642,0.082773186,0.9265742897987366,0.9109025001525879,0.05025536194443703,0.05666704103350639
581,0.005329377885738557,0.006877301260828972,0.07321919,0.0829295,0.9269483685493469,0.9105656743049622,0.049928437918424606,0.05662945285439491
582,0.004002694125202569,0.007300720550119877,0.063532166,0.08544426,0.9449993968009949,0.9050593972206116,0.0440281517803669,0.05901225656270981
583,0.004040221823908558,0.006702192593365908,0.06366252,0.08186692,0.9447734355926514,0.912842869758606,0.04451288655400276,0.05577178671956062
584,0.004047288133402948,0.0063698249869048595,0.06200632,0.07981118,0.947609543800354,0.9171650409698486,0.04280432313680649,0.05399363115429878
585,0.005164470145246014,0.006801581010222435,0.07164732,0.0824717,0.9300512075424194,0.9115504026412964,0.04731469228863716,0.05734069272875786
586,0.004508847317827696,0.006230958737432957,0.066573836,0.07893642,0.9396069049835205,0.9189708828926086,0.044670458883047104,0.05444362759590149
587,0.0042593244076918136,0.00690462114289403,0.06474547,0.08309405,0.9428786039352417,0.910210371017456,0.04432417079806328,0.055413514375686646
588,0.004747806011106481,0.0071118297055363655,0.06860661,0.08433166,0.9358624815940857,0.907515823841095,0.04698971286416054,0.05777128040790558
589,0.004493862443434244,0.006848255638033152,0.066370524,0.08275419,0.9399752020835876,0.9109433889389038,0.04680473729968071,0.05539931729435921
590,0.003710170157401907,0.006571257021278143,0.060530566,0.081063285,0.9500736594200134,0.9145455956459045,0.0432308167219162,0.05613812059164047
591,0.004466788890898566,0.008791685104370117,0.06679323,0.093763985,0.9392082095146179,0.8856704831123352,0.04522679001092911,0.06481552124023438
592,0.0038811576272233983,0.006475032307207584,0.062258594,0.08046758,0.9471824169158936,0.9157968759536743,0.04405874013900757,0.05304005742073059
593,0.004553325749425726,0.007446134462952614,0.06746484,0.086290985,0.937979519367218,0.9031684398651123,0.044760964810848236,0.05798577144742012
594,0.00523263732214797,0.00719809252768755,0.06986176,0.08484157,0.9334942698478699,0.9063940048217773,0.04722186177968979,0.05676596611738205
595,0.005203314935153519,0.006609736941754818,0.07104875,0.08130029,0.9312151074409485,0.9140451550483704,0.04854227602481842,0.055198971182107925
596,0.004136346783277325,0.007182080298662186,0.06337152,0.08474716,0.945277214050293,0.9066022634506226,0.043694332242012024,0.05736946687102318
597,0.004317826575557278,0.006721972022205591,0.06550404,0.081987634,0.9415322542190552,0.9125856161117554,0.04542006179690361,0.054636504501104355
598,0.004854831495322287,0.007458798121660948,0.06744816,0.08636434,0.9380102157592773,0.9030037522315979,0.0462525300681591,0.057430919259786606
599,0.004706324525283311,0.006157425697892904,0.066424474,0.07846927,0.9398776292800903,0.9199271202087402,0.04496115818619728,0.052945539355278015
600,0.004647888031534173,0.006897616665810347,0.06824852,0.0830519,0.9365302920341492,0.9103015065193176,0.045950714498758316,0.054894767701625824
601,0.00423566915825094,0.008462934754788876,0.06448126,0.09199421,0.9433438777923584,0.8899456858634949,0.04430640861392021,0.06345285475254059
602,0.005074221386828206,0.007115689106285572,0.06924467,0.08435455,0.9346639513969421,0.9074655771255493,0.04648846015334129,0.05787833407521248
603,0.005667659006907012,0.007496217265725136,0.07144454,0.0865807,0.9304466247558594,0.9025171399116516,0.04821902513504028,0.05799081549048424
604,0.0046845564449375324,0.006667370907962322,0.06863881,0.081653975,0.9358022809028625,0.9132956862449646,0.04742078855633736,0.0564349964261055
605,0.004173226236492734,0.006683527026325464,0.064632826,0.081752844,0.9430772066116333,0.9130855798721313,0.044698555022478104,0.056762225925922394
606,0.004019451719200747,0.007068224251270294,0.063155174,0.08407274,0.9456502199172974,0.9080828428268433,0.04402381181716919,0.056255027651786804
607,0.004398585559101775,0.0071469638496637344,0.06575355,0.08453972,0.9410859942436218,0.9070588946342468,0.04512389004230499,0.055071886628866196
608,0.004216152685165236,0.0064162444323301315,0.064127415,0.08010146,0.9439639449119568,0.9165613651275635,0.043911516666412354,0.05502047389745712
609,0.004223001242445951,0.006961834616959095,0.061569452,0.08343761,0.9483451843261719,0.9094663858413696,0.0426974780857563,0.054851263761520386
610,0.006022315583488142,0.007137213367968798,0.07713968,0.08448203,0.918915867805481,0.9071857333183289,0.05214848741889,0.05737606808543205
611,0.00470217635368251,0.006520712282508612,0.06835264,0.08075093,0.9363364577293396,0.9152028560638428,0.04649185389280319,0.05577322468161583
612,0.004658354837870734,0.006926408503204584,0.06689893,0.08322505,0.9390156865119934,0.9099270701408386,0.04606678709387779,0.056217487901449203
613,0.004145884254037149,0.006661485880613327,0.0638513,0.08161792,0.9444454908370972,0.9133722186088562,0.045020490884780884,0.05504901707172394
614,0.004554578859824687,0.006427274085581303,0.06627495,0.08017028,0.9401479959487915,0.9164179563522339,0.04515857249498367,0.052999481558799744
615,0.004426186846103519,0.0063760606572031975,0.06399048,0.07985024,0.9442030191421509,0.9170839786529541,0.04366213083267212,0.054498687386512756
616,0.003645485732704401,0.006188632920384407,0.05992355,0.078667864,0.9510700106620789,0.9195213317871094,0.042271871119737625,0.052191175520420074
617,0.00362249832092361,0.006562166381627321,0.059990097,0.081007205,0.9509612917900085,0.9146637916564941,0.042037539184093475,0.053755030035972595
618,0.004009931393242864,0.006633375771343708,0.063289106,0.081445545,0.945419430732727,0.9137377738952637,0.044486016035079956,0.056207071989774704
619,0.0042747690696904265,0.006644875276833773,0.06355601,0.0815161,0.9449580907821655,0.9135882258415222,0.04331458732485771,0.05472524091601372
620,0.0041046245843807064,0.007352257613092661,0.061470546,0.08574531,0.948511004447937,0.9043892025947571,0.04207330569624901,0.05782008916139603
621,0.004303517518565059,0.006519558373838663,0.065403834,0.08074378,0.9417110085487366,0.9152178764343262,0.04497361555695534,0.055301111191511154
622,0.0038007367825643582,0.006744317710399628,0.06171611,0.08212379,0.9480988383293152,0.9122950434684753,0.0432332307100296,0.056090787053108215
623,0.004162922448647971,0.006370518356561661,0.06198239,0.07981553,0.9476500153541565,0.9171560406684875,0.04275315999984741,0.05381079390645027
624,0.004735567252447998,0.006765045691281557,0.06885612,0.082249895,0.9353951215744019,0.9120254516601562,0.04727048799395561,0.053551606833934784
625,0.004065238500267945,0.007002297788858414,0.06264786,0.083679736,0.9465198516845703,0.9089401960372925,0.04369472712278366,0.05545805022120476
626,0.004196853085886687,0.005901853088289499,0.06346179,0.07682352,0.945121169090271,0.923250675201416,0.04380432143807411,0.05182703584432602
627,0.004021226476073603,0.0065415361896157265,0.06313749,0.08087977,0.9456806182861328,0.9149320721626282,0.04360390082001686,0.05441788583993912
628,0.004155329627048393,0.006967365276068449,0.06463255,0.08347075,0.9430776834487915,0.9093944430351257,0.04428339749574661,0.05636971443891525
629,0.004074776055693457,0.006016840226948261,0.06365101,0.0775683,0.9447934627532959,0.9217553734779358,0.0424247682094574,0.05424509197473526
630,0.003953989237991415,0.006400978658348322,0.062364023,0.08000612,0.9470033645629883,0.9167599081993103,0.0431533046066761,0.053474847227334976
631,0.004002929569899358,0.006453373935073614,0.063133635,0.0803329,0.9456872344017029,0.9160785675048828,0.0436018742620945,0.05356615409255028
632,0.004246063067429614,0.007066922727972269,0.06440241,0.08406499,0.9434823393821716,0.9080997705459595,0.043167680501937866,0.05603761225938797
633,0.00449283049039712,0.0064943102188408375,0.06559868,0.08058728,0.9413632154464722,0.915546178817749,0.044852327555418015,0.05361131206154823
634,0.004586946639888497,0.006020379718393087,0.06697728,0.07759111,0.9388726949691772,0.9217092990875244,0.04488878697156906,0.05236564576625824
635,0.00437052903262983,0.006476289592683315,0.064208604,0.0804754,0.9438219666481018,0.9157805442810059,0.043307531625032425,0.05526837706565857
636,0.004297226802340116,0.006251938175410032,0.06273581,0.0790692,0.9463695883750916,0.9186980724334717,0.04444421827793121,0.05347266420722008
637,0.005484353049806404,0.006521003320813179,0.07416488,0.08075274,0.9250491261482239,0.9151990413665771,0.0507606565952301,0.05477515608072281
638,0.003788105378837579,0.006449171341955662,0.060206305,0.08030673,0.950607180595398,0.9161331653594971,0.041882701218128204,0.054101407527923584
639,0.0043914815416263246,0.006583674345165491,0.06548592,0.08113985,0.9415646195411682,0.9143840670585632,0.04524940997362137,0.054189834743738174
640,0.0038062646503517913,0.006342547945678234,0.060751617,0.07964011,0.9497083425521851,0.917519748210907,0.04293029010295868,0.054138101637363434
641,0.004525500561364673,0.006488879676908255,0.066174485,0.080553584,0.9403293132781982,0.9156168103218079,0.04573340713977814,0.05355747044086456
642,0.003914142979986288,0.007258901372551918,0.06223501,0.085199185,0.9472224116325378,0.9056032299995422,0.043103739619255066,0.05903616547584534
643,0.003675346577603539,0.006143658421933651,0.059525937,0.07838149,0.95171719789505,0.9201061725616455,0.04190143570303917,0.05134249106049538
644,0.004064379593315111,0.006696502678096294,0.061547086,0.08183217,0.9483827352523804,0.9129168391227722,0.04296577349305153,0.054552048444747925
645,0.00485875877678733,0.00739981047809124,0.069570795,0.086022146,0.9340471029281616,0.9037708044052124,0.04704315587878227,0.059509146958589554
646,0.004058630930640819,0.006011159159243107,0.06321758,0.077531666,0.9455427527427673,0.9218292236328125,0.04368343949317932,0.0534554161131382
647,0.004777677428633483,0.00918269157409668,0.06633934,0.095826365,0.9400315880775452,0.8805857300758362,0.04496452957391739,0.064195416867733
648,0.010698906855065037,0.009710515849292278,0.10393838,0.09854195,0.8527917861938477,0.8737217783927917,0.06857698410749435,0.06818146258592606
649,0.006072631550275467,0.00712245749309659,0.07823698,0.084394656,0.9165926575660706,0.9073776006698608,0.054031938314437866,0.05791959911584854
650,0.005175436375959014,0.006538458168506622,0.06901916,0.080860734,0.9350888133049011,0.9149720668792725,0.047075510025024414,0.055280935019254684
651,0.004841970967721532,0.007604492828249931,0.06837834,0.08720374,0.936288595199585,0.9011090993881226,0.04621271416544914,0.05956230312585831
652,0.004642586652401157,0.006744736339896917,0.06772665,0.08212635,0.9374972581863403,0.912289559841156,0.047193896025419235,0.05681898817420006
653,0.0038159742517481473,0.006863583344966173,0.061997693,0.082846746,0.947624146938324,0.9107440710067749,0.04309091344475746,0.05630818381905556
654,0.0042539338861719116,0.006330645643174648,0.06400435,0.07956535,0.9441788196563721,0.9176745414733887,0.043536290526390076,0.05311653017997742
655,0.003958502122920684,0.0062694610096514225,0.05946865,0.07917993,0.9518100619316101,0.9184702038764954,0.04134663566946983,0.053920358419418335
656,0.004350096796935593,0.006466815713793039,0.063731104,0.08041652,0.9446544051170349,0.9159037470817566,0.04504077136516571,0.05556992441415787
657,0.004290266433434392,0.006180135533213615,0.06468927,0.07861384,0.9429777264595032,0.919631838798523,0.044243402779102325,0.05299246683716774
658,0.004020391931672665,0.006113797891885042,0.06287252,0.07819078,0.9461355805397034,0.9204944968223572,0.0419604666531086,0.053177811205387115
659,0.0042354790546762,0.0070737130008637905,0.06506951,0.08410537,0.9423053860664368,0.9080114960670471,0.04458137974143028,0.057116396725177765
660,0.003999818788460371,0.00587046891450882,0.062363036,0.07661899,0.947005033493042,0.9236587882041931,0.04324321448802948,0.05239193141460419
661,0.0037560506554489784,0.0068702842108905315,0.061525874,0.08288718,0.9484183192253113,0.9106569290161133,0.04256986454129219,0.05770795792341232
662,0.004022297952112488,0.006142295431345701,0.063024014,0.0783728,0.9458757042884827,0.9201238751411438,0.042805738747119904,0.05365503206849098
663,0.004141621000599116,0.006680762395262718,0.063255966,0.08173593,0.9454765915870667,0.9131215214729309,0.04289747029542923,0.05656362324953079
664,0.00561392842262814,0.006852399557828903,0.0733075,0.08277922,0.9267720580101013,0.9108895063400269,0.049838028848171234,0.05650564283132553
665,0.004320401216814803,0.0064170388504862785,0.06416384,0.08010642,0.9439002871513367,0.9165510535240173,0.04356751590967178,0.05439667031168938
666,0.004064550133824179,0.006397660356014967,0.063449666,0.07998537,0.9451421499252319,0.9168030619621277,0.04244581237435341,0.05475272610783577
667,0.004253027389164676,0.006174525246024132,0.06547291,0.078578144,0.9415878057479858,0.919704794883728,0.04501067101955414,0.05357499420642853
668,0.004265196346254511,0.005720541812479496,0.063486636,0.07563426,0.9450781941413879,0.9256085157394409,0.04257247969508171,0.05198359116911888
669,0.003897676194107837,0.006232128478586674,0.06128766,0.07894383,0.9488169550895691,0.9189556837081909,0.042011573910713196,0.05276896804571152
670,0.0038543752690946512,0.006457800045609474,0.061867073,0.08036044,0.9478446245193481,0.9160209894180298,0.04452557489275932,0.05503958463668823
671,0.004135852547320114,0.00591552909463644,0.06267457,0.07691248,0.9464742541313171,0.9230728149414062,0.042030371725559235,0.05304973945021629
672,0.003918981057888066,0.006623932626098394,0.06280105,0.08138754,0.946258008480072,0.913860559463501,0.042077746242284775,0.05492345243692398
673,0.003749639973234893,0.006677262019366026,0.06140737,0.08171452,0.9486168026924133,0.9131670594215393,0.04246581718325615,0.05499718710780144
674,0.003960168616190044,0.006404289044439793,0.061915353,0.080026805,0.947763204574585,0.9167168736457825,0.04282150790095329,0.05442167818546295
675,0.003941687749995088,0.00641511008143425,0.062746495,0.08009438,0.9463513493537903,0.9165761470794678,0.04278882220387459,0.0530552975833416
676,0.003841945875055072,0.006496082525700331,0.059860088,0.08059828,0.9511736035346985,0.9155231714248657,0.0407455712556839,0.054233912378549576
677,0.006169768986927176,0.006862722337245941,0.07886901,0.08284155,0.9152396321296692,0.9107552766799927,0.05158815160393715,0.05612024664878845
678,0.003973120138239624,0.0066253249533474445,0.06325006,0.0813961,0.9454867839813232,0.9138424396514893,0.04317212477326393,0.05483202636241913
679,0.003708415453068235,0.005987729411572218,0.05922164,0.07738042,0.9522095918655396,0.9221339225769043,0.04127877205610275,0.05288095399737358
680,0.0036165381739424033,0.0063184704631567,0.059998687,0.07948881,0.9509472250938416,0.9178328514099121,0.04133341461420059,0.0537535697221756
681,0.003891255105951462,0.006860546302050352,0.06264945,0.08282842,0.9465171694755554,0.9107835292816162,0.04286745563149452,0.05572795122861862
682,0.004432013872164217,0.006386893335729837,0.06682778,0.07991804,0.9391453266143799,0.9169430732727051,0.04354969039559364,0.05402164161205292
683,0.0031876846015538004,0.006843080744147301,0.056313947,0.08272292,0.9567872285842896,0.9110106825828552,0.04019913077354431,0.058003734797239304
684,0.007257749924478544,0.007287273649126291,0.08544405,0.08536554,0.9005181789398193,0.9052342772483826,0.05668122321367264,0.0585772879421711
685,0.004667554415804757,0.007023213431239128,0.06773404,0.083804615,0.9374836087226868,0.9086682200431824,0.04670673608779907,0.057296693325042725
686,0.004167595354374498,0.010225449688732624,0.06343665,0.10112097,0.945164680480957,0.8670254349708557,0.0441049300134182,0.06765679270029068
687,0.01151737882967361,0.007754101417958736,0.10692094,0.08805738,0.8442221879959106,0.899163544178009,0.06877359747886658,0.06113683059811592
688,0.005319384625181556,0.007053217850625515,0.073130496,0.083983436,0.9271252155303955,0.9082779884338379,0.049173951148986816,0.05809658020734787
689,0.0043348775890825145,0.007193680852651596,0.065049216,0.08481558,0.9423413872718811,0.906451404094696,0.04413684457540512,0.05776156112551689
690,0.004404346940149976,0.007216997444629669,0.066279545,0.08495291,0.940139651298523,0.9061481952667236,0.045801516622304916,0.057131893932819366
691,0.004437998217657547,0.006426930893212557,0.06531773,0.08016814,0.9418643712997437,0.916422426700592,0.04461779445409775,0.054811909794807434
692,0.0042231592868285425,0.006468319799751043,0.064513616,0.080425866,0.9432869553565979,0.9158841967582703,0.04418975114822388,0.055127911269664764
693,0.003831594650612467,0.006559076718986034,0.05967918,0.08098813,0.951468288898468,0.9147039651870728,0.04178525507450104,0.05526888370513916
694,0.004014732877046547,0.006926047150045633,0.063246556,0.08322287,0.9454928040504456,0.9099317789077759,0.042183395475149155,0.05637117475271225
695,0.003934827313059941,0.005980163812637329,0.060729098,0.07733151,0.9497456550598145,0.9222323298454285,0.04096704721450806,0.052460525184869766
696,0.0032517906008499927,0.006658616475760937,0.05721073,0.081600346,0.9553999900817871,0.9134095311164856,0.039659272879362106,0.053732678294181824
697,0.003393047404560176,0.005676948465406895,0.058128685,0.07534552,0.9539572596549988,0.9261754155158997,0.03983986750245094,0.0512404665350914
698,0.003574562378079546,0.005582056473940611,0.059112314,0.07471316,0.9523858428001404,0.9274094104766846,0.041026972234249115,0.05091545358300209
699,0.0034043351585172454,0.006033780053257942,0.058342606,0.077677414,0.9536177515983582,0.921535074710846,0.041684966534376144,0.05232323706150055
700,0.003408433660462668,0.006121847312897444,0.057890438,0.078242235,0.9543339014053345,0.9203898310661316,0.039878882467746735,0.05292462930083275
701,0.003910033085214143,0.0062017012387514114,0.05979318,0.07875088,0.9512826800346375,0.91935133934021,0.040959592908620834,0.052484262734651566
702,0.00421033032365482,0.0061728027649223804,0.064013764,0.078567185,0.9441623687744141,0.9197271466255188,0.04244162142276764,0.05454067885875702
703,0.003899238667641343,0.006309133023023605,0.06233843,0.07943005,0.9470468759536743,0.9179543256759644,0.04244822636246681,0.05357179418206215
704,0.0033179171044718137,0.005751640070229769,0.05743296,0.07583957,0.9550527930259705,0.9252040982246399,0.03905666992068291,0.05071238428354263
705,0.003679068113507872,0.006457341369241476,0.058425114,0.08035759,0.9534865021705627,0.9160269498825073,0.0402846485376358,0.053193558007478714
706,0.004135148401308636,0.005880349315702915,0.061561566,0.07668344,0.948358416557312,0.9235303401947021,0.042013246566057205,0.05264399200677872
707,0.003650479923552749,0.007131714373826981,0.05898758,0.08444948,0.9525865912437439,0.9072571992874146,0.040999885648489,0.058745115995407104
708,0.004196547765538774,0.006746770814061165,0.06365101,0.08213873,0.9447934627532959,0.9122631549835205,0.04333368316292763,0.05545630306005478
709,0.003263170105955479,0.00630625756457448,0.0564045,0.079411946,0.9566481709480286,0.9179916977882385,0.040219709277153015,0.05356922373175621
710,0.0034109312480061567,0.006870435085147619,0.05781926,0.08288809,0.9544461369514465,0.9106549620628357,0.03910236805677414,0.05565542355179787
711,0.003940601055298678,0.006722011603415012,0.0622441,0.08198787,0.947206974029541,0.9125851392745972,0.04274442419409752,0.05494706705212593
712,0.003131158800732175,0.006001302506774664,0.05549546,0.07746807,0.9580342769622803,0.9219574332237244,0.03837921842932701,0.05059690773487091
713,0.003390713055110113,0.006567844655364752,0.05722926,0.081042245,0.955371081829071,0.9145899415016174,0.0389513336122036,0.053226254880428314
714,0.0033066620790949937,0.005648734048008919,0.057323966,0.07515807,0.9552232623100281,0.9265422821044922,0.03911329805850983,0.05094246193766594
715,0.003656242770375684,0.005715138744562864,0.06063978,0.07559854,0.9498933553695679,0.9256787300109863,0.040421657264232635,0.05052272602915764
716,0.003162117444761944,0.006258697714656591,0.05509706,0.07911193,0.958634614944458,0.918610155582428,0.03741820156574249,0.05122346058487892
717,0.004848494369070977,0.006069174036383629,0.06840449,0.07790491,0.9362398386001587,0.9210748076438904,0.046735431998968124,0.05211405083537102
718,0.0039842162990349934,0.005767987109720707,0.06185287,0.07594727,0.9478685259819031,0.9249914884567261,0.041073352098464966,0.051747482270002365
719,0.004346534133550118,0.006455130409449339,0.06606406,0.08034383,0.9405282735824585,0.9160556793212891,0.044468410313129425,0.05348040536046028
720,0.003388453986686231,0.00548779359087348,0.058297914,0.07407964,0.9536888003349304,0.9286352396011353,0.04121164605021477,0.04988165199756622
721,0.0030672352242452853,0.005234954413026571,0.054676514,0.07235298,0.9592636823654175,0.9319232106208801,0.038155317306518555,0.04948875308036804
722,0.0038728251291269607,0.006185091100633144,0.061468158,0.078645356,0.9485150575637817,0.919567346572876,0.042194124311208725,0.05289800465106964
723,0.0030889890463599427,0.005520674865692854,0.05562993,0.07430125,0.9578306078910828,0.9282076358795166,0.03806058689951897,0.04930431395769119
724,0.003241893525806848,0.005977294407784939,0.05664171,0.07731296,0.9562827348709106,0.9222696423530579,0.03865949809551239,0.05328873544931412
725,0.0033769984147511423,0.00558769516646862,0.057984915,0.074750885,0.9541847705841064,0.9273360967636108,0.039745330810546875,0.05086696520447731
726,0.0035000099292532964,0.005995777435600758,0.059396688,0.07743241,0.9519266486167908,0.9220292568206787,0.04108075797557831,0.05355001240968704
727,0.003819675809195773,0.006928317714482546,0.057399545,0.08323651,0.9551051259040833,0.9099022746086121,0.0393013060092926,0.05631285160779953
728,0.008400529284368862,0.007222124841064215,0.09198153,0.08498308,0.8847127556800842,0.90608149766922,0.06306346505880356,0.05838727578520775
729,0.004749917015115815,0.006401035003364086,0.0661544,0.080006465,0.9403654932975769,0.916759192943573,0.04534623771905899,0.054848797619342804
730,0.004122614707078107,0.0062772431410849094,0.06399612,0.07922906,0.9441931843757629,0.9183689951896667,0.04397638514637947,0.053355228155851364
731,0.004478581485190344,0.005832173861563206,0.06452346,0.07636867,0.943269670009613,0.9241567850112915,0.04328616335988045,0.05266039818525314
732,0.004364999183136123,0.006072087213397026,0.064862646,0.077923596,0.9426716566085815,0.9210368990898132,0.04452361539006233,0.05134296417236328
733,0.004404534183611924,0.007082494907081127,0.066404454,0.08415756,0.939913809299469,0.9078972935676575,0.044315405189991,0.056708332151174545
734,0.003952147804242982,0.005819755140691996,0.061216865,0.07628732,0.9489351511001587,0.9243183135986328,0.04195455089211464,0.05207080766558647
735,0.008030404146252708,0.007912975735962391,0.089595,0.08895491,0.8906175494194031,0.8970974683761597,0.05874853581190109,0.06010425463318825
736,0.004701851761307229,0.006590396165847778,0.06863517,0.08118126,0.9358090758323669,0.9142966866493225,0.046731531620025635,0.056035254150629044
737,0.0038191295038400726,0.006010687910020351,0.05968592,0.077528626,0.9514573216438293,0.9218353629112244,0.03999828174710274,0.05286169797182083
738,0.004509452415566722,0.005659572780132294,0.06618087,0.07523014,0.9403177499771118,0.9264013767242432,0.043591756373643875,0.05240688472986221
739,0.004807440632827242,0.006414765026420355,0.066363566,0.08009223,0.9399877786636353,0.9165806174278259,0.044741008430719376,0.05418459698557854
740,0.0035009717288300058,0.005381623283028603,0.058548484,0.07335955,0.9532898664474487,0.9300158619880676,0.04168781265616417,0.05055287107825279
741,0.00388792974461632,0.0059633380733430386,0.06021296,0.07722265,0.9505962133407593,0.9224510788917542,0.042278844863176346,0.05413930118083954
742,0.003503606379540129,0.005277214106172323,0.059514936,0.072644435,0.9517350196838379,0.931373655796051,0.04139623045921326,0.04987882077693939
743,0.003694805814037946,0.005686420947313309,0.057801045,0.07540836,0.9544748663902283,0.9260522127151489,0.038913171738386154,0.05125632882118225
744,0.0036903980759565125,0.005742798559367657,0.060049072,0.075781256,0.9508647918701172,0.9253190755844116,0.04167620837688446,0.05049899220466614
745,0.0031944128674116323,0.005809439346194267,0.05623948,0.07621968,0.9569014310836792,0.9244524240493774,0.03918803110718727,0.051807042211294174
746,0.003241458312417804,0.005365700926631689,0.055186696,0.07325094,0.9584999084472656,0.9302229285240173,0.03852167725563049,0.04876415804028511
747,0.0030535026083023035,0.005167151801288128,0.055104204,0.0718829,0.9586238861083984,0.9328049421310425,0.038393568247556686,0.04945347085595131
748,0.003306814620207826,0.005665003787726164,0.05530394,0.07526622,0.9583234190940857,0.9263307452201843,0.03710974380373955,0.0499720424413681
749,0.003315171785123477,0.005621397867798805,0.057445105,0.07497598,0.9550337791442871,0.9268977642059326,0.03943077102303505,0.04905835539102554
750,0.0029690751557196068,0.005233320873230696,0.053675972,0.072341695,0.9607409238815308,0.9319444298744202,0.03753868117928505,0.04826679453253746
751,0.0030930690832478417,0.005574967246502638,0.055066567,0.0746657,0.9586803913116455,0.9275015592575073,0.038802310824394226,0.051011327654123306
752,0.0032972277840599418,0.005297477822750807,0.057052,0.072783776,0.9556471109390259,0.931110143661499,0.038643185049295425,0.048668455332517624
753,0.0029345053269273853,0.006213224958628416,0.054373816,0.07882401,0.9597134590148926,0.9192014932632446,0.03824295103549957,0.05223676934838295
754,0.0028868432140866803,0.005874251946806908,0.053940058,0.076643676,0.960353672504425,0.9236096143722534,0.03719837963581085,0.04962532967329025
755,0.0027796004142146558,0.005213546101003885,0.052967586,0.07220489,0.9617703557014465,0.932201623916626,0.03638949245214462,0.04880440980195999
756,0.003044839276381853,0.005461964290589094,0.05456129,0.0739051,0.959435224533081,0.9289711117744446,0.03738735616207123,0.049765102565288544
757,0.0033871859195642173,0.005853216629475355,0.05738635,0.07650632,0.9551257491111755,0.9238831400871277,0.03843379393219948,0.05220551788806915
758,0.003434553551910953,0.0056302109733223915,0.05776962,0.07503473,0.9545243382453918,0.9267832040786743,0.03955242037773132,0.051049623638391495
759,0.002766233879480172,0.0059091635048389435,0.051633768,0.07687108,0.9636715054512024,0.9231556057929993,0.0360066257417202,0.05136999115347862
760,0.0030484288052486427,0.005466760601848364,0.05442945,0.07393755,0.9596310257911682,0.9289087057113647,0.0380767360329628,0.049296289682388306
761,0.003164976417214017,0.005446261260658503,0.054128896,0.07379879,0.9600756168365479,0.9291753172874451,0.0377831868827343,0.0499102920293808
762,0.004325814045097848,0.005960874725133181,0.06330444,0.0772067,0.9453929662704468,0.9224831461906433,0.04119545593857765,0.05110251531004906
763,0.0034340209597510034,0.005256553180515766,0.0580176,0.07250209,0.9541330933570862,0.9316423535346985,0.040292154997587204,0.048467256128787994
764,0.003064170974539593,0.004979528021067381,0.054789677,0.07056577,0.9590948820114136,0.9352448582649231,0.0382688045501709,0.04663710668683052
765,0.0035560883618679577,0.005722153466194868,0.059212204,0.07564492,0.9522247910499573,0.92558753490448,0.039928045123815536,0.050869472324848175
766,0.003137806173816154,0.005575521383434534,0.05605724,0.07466941,0.9571803212165833,0.9274944067001343,0.03886082395911217,0.05100931599736214
767,0.0028870420779143883,0.005291413981467485,0.052354116,0.072742105,0.9626507759094238,0.9311890006065369,0.03603177145123482,0.04991384595632553
768,0.004390278603585268,0.006253688130527735,0.06584813,0.07908027,0.9409164190292358,0.9186753034591675,0.043765634298324585,0.054229557514190674
769,0.0034966258866585454,0.005358386319130659,0.057655085,0.073201,0.9547044634819031,0.9303180575370789,0.039342381060123444,0.050399359315633774
770,0.003950406305110929,0.0059361825697124004,0.060040984,0.077046625,0.9508780241012573,0.9228042364120483,0.0404365137219429,0.05438902974128723
771,0.004792899057396095,0.006296340376138687,0.06887875,0.07934948,0.9353526830673218,0.9181206822395325,0.046130988746881485,0.05367888882756233
772,0.003126670347145674,0.006351015064865351,0.05522036,0.079693265,0.9584493041038513,0.9174096584320068,0.03825651854276657,0.05211818218231201
773,0.0033481202924370086,0.005949322134256363,0.05786623,0.07713185,0.9543721079826355,0.9226333498954773,0.038029782474040985,0.05159473419189453
774,0.0036319495623253965,0.005774991121143103,0.058429804,0.07599336,0.953478991985321,0.9249004125595093,0.03955840691924095,0.051036786288022995
775,0.0032709213555790484,0.0056996275670826435,0.055390917,0.07549588,0.9581922292709351,0.925880491733551,0.03884727135300636,0.050722651183605194
776,0.002978578657017682,0.0048575387336313725,0.053824555,0.06969605,0.9605233073234558,0.9368312358856201,0.03764497861266136,0.048202034085989
777,0.0029332876597023146,0.0060111056081950665,0.054229684,0.07753132,0.9599267840385437,0.9218299388885498,0.038213349878787994,0.05086527019739151
778,0.0031685469346650116,0.006157480645924807,0.055978786,0.07846962,0.957300066947937,0.9199264049530029,0.03817884251475334,0.05209534987807274
779,0.003486587814140049,0.00567399337887764,0.05824479,0.07532592,0.9537731409072876,0.926213800907135,0.04001627862453461,0.050172775983810425
780,0.0032631075141993774,0.005602695047855377,0.05666998,0.07485115,0.9562391042709351,0.927141010761261,0.03894965350627899,0.050795793533325195
781,0.002703075990377163,0.004985628183931112,0.052041356,0.07060898,0.9630956649780273,0.935165524482727,0.0363345630466938,0.047975748777389526
782,0.003123688723214648,0.005728286225348711,0.054418273,0.07568545,0.9596475958824158,0.9255077838897705,0.03819342330098152,0.04910793527960777
783,0.003481188143434172,0.005900921765714884,0.058768798,0.07681746,0.952937662601471,0.9232627749443054,0.040240779519081116,0.05192219465970993
784,0.0027698675932532005,0.005198620725423098,0.052700285,0.07210146,0.9621552228927612,0.9323956966400146,0.03701106831431389,0.04901259392499924
785,0.002370034320682118,0.005548710934817791,0.04821018,0.07448967,0.9683293104171753,0.9278430342674255,0.03356090560555458,0.0506112277507782
786,0.00298597452505915,0.0055201053619384766,0.053672228,0.07429741,0.9607464075088501,0.9282150268554688,0.036467961966991425,0.04907471314072609
787,0.0034317306708544493,0.005786293651908636,0.057003565,0.07606769,0.9557223916053772,0.9247534275054932,0.037721987813711166,0.05126612260937691
788,0.003470261816718531,0.0056986394338309765,0.058710042,0.07548933,0.9530317187309265,0.9258933067321777,0.03982497751712799,0.0514533631503582
789,0.00287261166324077,0.005491098389029503,0.05325583,0.07410195,0.9613531231880188,0.9285922050476074,0.03666255250573158,0.05058965086936951
790,0.0034368421633685516,0.00578713184222579,0.05853324,0.0760732,0.9533141851425171,0.9247425198554993,0.039536647498607635,0.05076749995350838
791,0.0027557768096978016,0.005227648187428713,0.052186806,0.072302476,0.9628890752792358,0.9320182204246521,0.03648614510893822,0.04801303148269653
792,0.003059913229662925,0.0054886736907064915,0.05425734,0.074085586,0.9598858952522278,0.9286237955093384,0.03733600303530693,0.04930892959237099
793,0.0036757240489929577,0.005644145887345076,0.05592537,0.07512753,0.957381546497345,0.9266019463539124,0.03645661100745201,0.04986143484711647
794,0.0033805595806122505,0.005362586118280888,0.057172168,0.07322968,0.9554600715637207,0.9302634596824646,0.03915898874402046,0.04821614548563957
795,0.003211925594686446,0.005332477390766144,0.056153055,0.07302381,0.9570338129997253,0.9306550025939941,0.038271464407444,0.04926389455795288
796,0.002852150076333518,0.005268702749162912,0.05295433,0.07258583,0.9617894887924194,0.9314843416213989,0.03671535104513168,0.04862871766090393
797,0.0033108491122468627,0.00566387502476573,0.056501623,0.07525872,0.9564987421035767,0.9263454079627991,0.03821885585784912,0.05128946155309677
798,0.0028736927422208032,0.005196679383516312,0.053399116,0.072088,0.9611448645591736,0.9324209690093994,0.03616884723305702,0.047408249229192734
799,0.0030310114882674748,0.005465078167617321,0.053994734,0.073926166,0.960273265838623,0.9289306402206421,0.03695353493094444,0.049742598086595535
800,0.0031963987355332142,0.0054888236336410046,0.055022057,0.0740866,0.958747148513794,0.9286218285560608,0.03789212554693222,0.04932571202516556
801,0.0031727207189595156,0.006010893266648054,0.055995215,0.07752995,0.9572750329971313,0.9218326807022095,0.037728551775217056,0.05200110375881195
802,0.0030259508348535746,0.005691438913345337,0.05501551,0.07544163,0.9587569832801819,0.9259869456291199,0.03805791214108467,0.05075087398290634
803,0.002800028408687054,0.00539645180106163,0.05290601,0.07346055,0.9618591666221619,0.9298230409622192,0.03614727407693863,0.049409959465265274
804,0.002397929979699918,0.005217639729380608,0.04884012,0.07223323,0.9674962759017944,0.9321483969688416,0.0350676104426384,0.04876340180635452
805,0.002732937737495046,0.005292645655572414,0.049603593,0.07275057,0.9664720892906189,0.9311729669570923,0.03392162173986435,0.0485379584133625
806,0.0032923275165640834,0.005845187231898308,0.055988457,0.07645383,0.9572853446006775,0.9239875674247742,0.038743793964385986,0.05275522544980049
807,0.0031695412842302835,0.0052247256971895695,0.05588611,0.07228227,0.9574413299560547,0.9320562481880188,0.038065105676651,0.0491066612303257
808,0.002906422530279749,0.005458100698888302,0.0533102,0.07387896,0.9612741470336914,0.9290213584899902,0.036959003657102585,0.049947500228881836
809,0.0032956384926695714,0.005500674247741699,0.05733845,0.07416654,0.9552006125450134,0.9284676909446716,0.03875703364610672,0.05016166716814041
810,0.0025892670488577674,0.004676841665059328,0.049922697,0.068387434,0.9660393595695496,0.9391810894012451,0.03459089621901512,0.046857986599206924
811,0.0033567686649886045,0.005704481154680252,0.053372804,0.07552801,0.9611831903457642,0.9258173704147339,0.036190178245306015,0.05113690346479416
812,0.0033823022809387608,0.005824595224112272,0.05731032,0.07631904,0.9552445411682129,0.92425537109375,0.04038337245583534,0.051682405173778534
813,0.0032501901521093464,0.005919236224144697,0.055910848,0.07693657,0.9574036598205566,0.923024594783783,0.03846414387226105,0.051990099251270294
814,0.006652315004347739,0.006917834281921387,0.08170381,0.08317352,0.9090369939804077,0.9100385904312134,0.0537986196577549,0.05852777138352394
815,0.004369720062558455,0.005641964264214039,0.0647701,0.07511301,0.9428350925445557,0.9266303181648254,0.04254143685102463,0.05084681510925293
816,0.0030507854667534543,0.005539751145988703,0.055058043,0.074429505,0.9586932063102722,0.9279595613479614,0.03806469216942787,0.04993463307619095
817,0.003388721419138495,0.005375359207391739,0.057540983,0.07331684,0.9548835754394531,0.9300973415374756,0.0390777550637722,0.049797721207141876
818,0.003282071744747968,0.006265225354582071,0.05712812,0.07915318,0.9555286765098572,0.9185252785682678,0.038623709231615067,0.05316823348402977
819,0.0033510217220861127,0.005349006038159132,0.054624975,0.073136896,0.9593404531478882,0.9304400682449341,0.0364537313580513,0.049511101096868515
820,0.0029652154242450542,0.004836735315620899,0.054209735,0.06954664,0.9599562883377075,0.9371017813682556,0.03752389922738075,0.04837996885180473
821,0.0030871508907611396,0.005324261728674173,0.055509124,0.07296754,0.9580135941505432,0.9307618141174316,0.038368675857782364,0.04864523187279701
822,0.0027002104444281113,0.00538852671161294,0.051602773,0.073406585,0.9637150764465332,0.9299260973930359,0.03523818776011467,0.049712054431438446
823,0.004812211057552221,0.005324756260961294,0.06973934,0.072970934,0.9337271451950073,0.9307553768157959,0.04754418134689331,0.051018450409173965
824,0.0031997693004086614,0.00532349431887269,0.056184493,0.07296228,0.9569857120513916,0.9307718276977539,0.03934092819690704,0.048971738666296005
825,0.003067074618725614,0.005342906806617975,0.054283414,0.07309519,0.9598473310470581,0.9305193424224854,0.037254951894283295,0.049905743449926376
826,0.003110962904016064,0.0054565235041081905,0.05590123,0.07386828,0.9574183225631714,0.929041862487793,0.03819442540407181,0.050210412591695786
827,0.003172444256382402,0.005161801353096962,0.05415345,0.07184568,0.9600393772125244,0.9328745007514954,0.03628326952457428,0.049292780458927155
828,0.003476379637669941,0.004957838449627161,0.056432307,0.07041192,0.9566053748130798,0.9355269074440002,0.03856195509433746,0.047377221286296844
829,0.0036819878706327554,0.0052466196939349174,0.059806835,0.07243355,0.9512604475021362,0.9317715167999268,0.03972785547375679,0.04895029962062836
830,0.0038396702306768434,0.004547234624624252,0.056289192,0.067433186,0.9568251967430115,0.9408665299415588,0.03760363906621933,0.046294208616018295
831,0.002917741070797836,0.004960749298334122,0.053556032,0.07043259,0.9609162211418152,0.9354890584945679,0.03690161556005478,0.048467930406332016
832,0.0026796027113133196,0.005468472838401794,0.051243126,0.07394912,0.9642190933227539,0.9288864731788635,0.03572161868214607,0.04857201129198074
833,0.0027880959122822705,0.005645034834742546,0.052756175,0.07513345,0.962074875831604,0.9265903830528259,0.03662288933992386,0.04991639405488968
834,0.0028458442247938365,0.0054154470562934875,0.05351492,0.07358972,0.9609761834144592,0.92957603931427,0.03628070279955864,0.048114847391843796
835,0.0029502035785381768,0.006589370314031839,0.05379624,0.08117494,0.9605647921562195,0.9143099784851074,0.03657372668385506,0.05307738855481148
836,0.0032063817224380646,0.005911834072321653,0.05654989,0.07688846,0.956424355506897,0.9231208562850952,0.038232702761888504,0.051018401980400085
837,0.0027393297641538084,0.004954086150974035,0.050900508,0.07038527,0.9646959900856018,0.9355757236480713,0.035974763333797455,0.046473629772663116
838,0.002523788113401017,0.005177807994186878,0.05009724,0.071956985,0.965801477432251,0.9326663613319397,0.035066522657871246,0.04765443876385689
839,0.0025852973221018065,0.005337890237569809,0.048242476,0.07306087,0.9682868719100952,0.9305846095085144,0.03396407887339592,0.048003893345594406
840,0.00278148494544439,0.00491707818582654,0.05193368,0.070121884,0.9632482528686523,0.9360569715499878,0.03649961203336716,0.048194944858551025
841,0.002357325482245704,0.00477787759155035,0.047850028,0.069122195,0.9688007235527039,0.9378671646118164,0.034065134823322296,0.046368952840566635
842,0.0028997336842373693,0.005812997929751873,0.052546177,0.07624301,0.9623762369155884,0.9244061708450317,0.03663545846939087,0.05075474828481674
843,0.003049792920302769,0.005304078571498394,0.054886043,0.072829105,0.9589508771896362,0.9310243129730225,0.03860165923833847,0.04933716729283333
844,0.002305807426720011,0.0053895097225904465,0.048013087,0.07341328,0.9685877561569214,0.929913341999054,0.03408554568886757,0.04864968731999397
845,0.002820743242575025,0.005059995222836733,0.05125126,0.07113364,0.9642077684402466,0.9341984391212463,0.03505554050207138,0.049049753695726395
846,0.003414343650960787,0.005559301935136318,0.057994485,0.07456073,0.9541696310043335,0.9277052879333496,0.03960255905985832,0.05052073672413826
847,0.002690096748251976,0.005223947111517191,0.051141817,0.072276875,0.9643604159355164,0.9320663213729858,0.03566604480147362,0.04743601381778717
848,0.002967604783903384,0.005593413952738047,0.054305416,0.07478913,0.9598147869110107,0.9272617101669312,0.035994768142700195,0.0498945377767086
849,0.003191085471454161,0.005495586898177862,0.055066496,0.07413223,0.9586805105209351,0.9285338521003723,0.037011388689279556,0.05221424251794815
850,0.004435143676925112,0.0055298092775046825,0.062340356,0.07436269,0.9470435976982117,0.9280888438224792,0.04193867743015289,0.04973290488123894
851,0.003388884972082451,0.0050386046059429646,0.056688655,0.07098313,0.9562102556228638,0.9344766139984131,0.03950932249426842,0.047105155885219574
852,0.003007471524390646,0.005412777420133352,0.0525886,0.07357158,0.9623154401779175,0.9296107292175293,0.036032941192388535,0.05048543959856033
853,0.003141673398204148,0.006288865581154823,0.053700127,0.07930237,0.960705578327179,0.9182178378105164,0.03734229505062103,0.05390782281756401
854,0.003037365714342079,0.005351717118173838,0.05428536,0.07315543,0.9598444700241089,0.930404782295227,0.037419550120830536,0.049129076302051544
855,0.003238945551195436,0.005637620110064745,0.056202304,0.07508409,0.9569584131240845,0.9266868233680725,0.03821796178817749,0.04954170808196068
856,0.0031114644265141,0.005543024744838476,0.05452476,0.0744515,0.9594895243644714,0.9279170036315918,0.03717520087957382,0.05076545849442482
857,0.003283391844227233,0.0050154393538832664,0.053865705,0.07081977,0.9604629278182983,0.9347778558731079,0.037036046385765076,0.048766300082206726
858,0.0024256261213767257,0.004791356157511473,0.049151476,0.06921962,0.9670804738998413,0.937691867351532,0.034631889313459396,0.04691242054104805
859,0.00309101377338679,0.005076420493423939,0.0532965,0.071249,0.9612940549850464,0.9339848160743713,0.03571992740035057,0.048282891511917114
860,0.0030986608630469577,0.005460528656840324,0.0549303,0.07389539,0.9588846564292908,0.9289897680282593,0.03723616525530815,0.04982423409819603
861,0.002368227785072205,0.005701023619621992,0.0485141,0.07550512,0.9679287672042847,0.9258623123168945,0.03430290147662163,0.049416251480579376
862,0.0025417859433218837,0.00484550092369318,0.050042342,0.069609635,0.9658763408660889,0.9369877576828003,0.0351930633187294,0.04797492176294327
863,0.0025946471485605634,0.0055139437317848206,0.050507385,0.074255936,0.9652391672134399,0.9282951354980469,0.03441955894231796,0.04895463585853577
864,0.0033118989614939146,0.0051206545904278755,0.053446323,0.07155875,0.9610761404037476,0.933409571647644,0.03554198890924454,0.048982031643390656
865,0.004087197710759938,0.005755417048931122,0.06379492,0.075864464,0.9445435404777527,0.925154983997345,0.04156024008989334,0.05127763748168945
866,0.002554209207036448,0.004985202569514513,0.04958794,0.07060596,0.9664932489395142,0.9351710677146912,0.03475652635097504,0.046992771327495575
867,0.0026726437076418238,0.00583382835611701,0.0508555,0.07637951,0.9647583961486816,0.9241352677345276,0.03508166968822479,0.04904854670166969
868,0.0025673488350796765,0.00501988735049963,0.050586957,0.07085116,0.965129554271698,0.9347200393676758,0.035035837441682816,0.04912858456373215
869,0.003013906254306097,0.005411303602159023,0.054563917,0.073561564,0.9594312906265259,0.929629921913147,0.03730303794145584,0.0496957041323185
870,0.002907045294043862,0.005142372567206621,0.05182404,0.07171034,0.9634032249450684,0.9331271648406982,0.03570110350847244,0.04722142219543457
871,0.0025756060124628925,0.005287621170282364,0.049045637,0.07271603,0.9672220945358276,0.9312382936477661,0.03485940769314766,0.04940499737858772
872,0.002598806834695014,0.0049836887046694756,0.05039466,0.07059524,0.9653941988945007,0.935190737247467,0.035397861152887344,0.04883156716823578
873,0.002899341332853179,0.004520226735621691,0.050689768,0.06723263,0.9649876952171326,0.9412177205085754,0.034129466861486435,0.04624735191464424
874,0.004105698187645016,0.005531104747205973,0.061668664,0.0743714,0.9481785893440247,0.9280719757080078,0.04053588956594467,0.0496005155146122
875,0.004743634985061362,0.005861062090843916,0.06784274,0.07655758,0.9372828006744385,0.923781156539917,0.044539082795381546,0.051024239510297775
876,0.003333026916317811,0.00546429306268692,0.057401735,0.07392085,0.9551016688346863,0.9289408326148987,0.03883545473217964,0.04934755712747574
877,0.0025921742728149347,0.005037237890064716,0.050421305,0.0709735,0.9653576016426086,0.9344943761825562,0.0347297377884388,0.04894213378429413
878,0.0029015669212888247,0.005718970205634832,0.05353704,0.07562387,0.9609439373016357,0.9256289005279541,0.03519528731703758,0.050473086535930634
879,0.002922188540899449,0.005250416696071625,0.053849462,0.072459765,0.9604867696762085,0.931722104549408,0.03619421273469925,0.04927917197346687
880,0.0026408630788368596,0.004993109032511711,0.05106271,0.07066193,0.964470624923706,0.9350682497024536,0.0349210724234581,0.04787452518939972
881,0.002580963507749733,0.0047455718740820885,0.04775325,0.06888811,0.9689267873764038,0.9382872581481934,0.033131204545497894,0.046259816735982895
882,0.003161527364599434,0.004866083152592182,0.052551664,0.06975732,0.962368369102478,0.9367201328277588,0.035803016275167465,0.04843227565288544
883,0.00290768198531375,0.00517961336299777,0.05231945,0.07196953,0.9627001881599426,0.9326428771018982,0.03608730807900429,0.04924339801073074
884,0.0032352062487255103,0.005095797125250101,0.055757273,0.071384855,0.957637369632721,0.9337328672409058,0.03827539086341858,0.0490509569644928
885,0.003320686019089242,0.005449898540973663,0.057500422,0.07382343,0.9549471735954285,0.9291279911994934,0.03751721605658531,0.049813609570264816
886,0.003358770995295014,0.005198344588279724,0.05763427,0.072099544,0.9547371864318848,0.9323992729187012,0.03779812529683113,0.04911191016435623
887,0.002952896516283297,0.006945303175598383,0.051659655,0.08333848,0.9636350274085999,0.9096813797950745,0.03536080941557884,0.05718334764242172
888,0.015370725484734232,0.011631879024207592,0.12235902,0.10785119,0.7959897518157959,0.8487358093261719,0.08603426069021225,0.07932426780462265
889,0.01314517441840673,0.011079912073910236,0.11419456,0.10526117,0.822306752204895,0.8559137582778931,0.0795372724533081,0.07235834747552872
890,0.009007719758136029,0.008481117896735668,0.0947728,0.09209298,0.8776095509529114,0.8897092342376709,0.06391919404268265,0.062837153673172
891,0.007030320988798683,0.007945424877107143,0.08364108,0.089137115,0.9046722650527954,0.8966755270957947,0.056235406547784805,0.060431886464357376
892,0.005432264725889333,0.007407051045447588,0.07358147,0.086064234,0.926223635673523,0.9036766290664673,0.04994496703147888,0.05815912410616875
893,0.004869191536933861,0.006926284171640873,0.06956918,0.083224304,0.9340501427650452,0.9099286794662476,0.04681606963276863,0.05681447312235832
894,0.00417397248251787,0.006958330050110817,0.06416157,0.0834166,0.9439042210578918,0.9095119833946228,0.04377031698822975,0.056729547679424286
895,0.00449409926130267,0.006425200030207634,0.067106076,0.08015734,0.938637375831604,0.9164449572563171,0.045639581978321075,0.05459136515855789
896,0.004047466730381447,0.0061217909678816795,0.062328342,0.07824188,0.9470639824867249,0.9203905463218689,0.042445965111255646,0.05259446054697037
897,0.004219033207680861,0.005990696605294943,0.064546354,0.07739959,0.9432293772697449,0.9220952987670898,0.044205330312252045,0.051638294011354446
898,0.004085448004347695,0.005594055168330669,0.06291475,0.07479341,0.946063220500946,0.9272533655166626,0.04252415522933006,0.0492621511220932
899,0.003551454008133574,0.005578724667429924,0.059152767,0.07469086,0.9523206949234009,0.9274527430534363,0.040529776364564896,0.049938835203647614
900,0.003650506003230641,0.0059361751191318035,0.059831817,0.07704658,0.9512196779251099,0.9228043556213379,0.040340062230825424,0.050403058528900146
901,0.003298991005232727,0.005403656046837568,0.057071753,0.07350957,0.9556164145469666,0.9297293424606323,0.03767718747258186,0.050175879150629044
902,0.0032793307380581446,0.006313457153737545,0.055374615,0.07945727,0.9582168459892273,0.9178980588912964,0.03826777637004852,0.051690492779016495
903,0.006721834265838631,0.0068155559711158276,0.082216166,0.08255638,0.9078925848007202,0.9113686084747314,0.05512790009379387,0.058031532913446426
904,0.003613201462113383,0.006266037002205849,0.059421394,0.079158306,0.9518866539001465,0.9185147285461426,0.04221757873892784,0.0533783882856369
905,0.0034200532986274497,0.005978517699986696,0.05831376,0.077320874,0.9536635875701904,0.9222537279129028,0.0397445410490036,0.051474180072546005
906,0.002998279098061506,0.006204357370734215,0.05357471,0.07876775,0.9608889222145081,0.919316828250885,0.037351805716753006,0.05243266001343727
907,0.003271103415913372,0.005678155925124884,0.056760088,0.07535354,0.956099808216095,0.926159679889679,0.03946644812822342,0.050368163734674454
908,0.0031292380749205636,0.005942007526755333,0.05506895,0.077084415,0.958676815032959,0.9227284789085388,0.03799096867442131,0.0522339753806591
909,0.0034920517646241933,0.005440119653940201,0.058576394,0.07375717,0.9532452821731567,0.9292551875114441,0.03858727216720581,0.0500677190721035
910,0.0025648558485872027,0.004821655806154013,0.050533745,0.069438145,0.9652029275894165,0.9372978806495667,0.035868704319000244,0.047212813049554825
911,0.0025448299738028172,0.005193701013922691,0.050596997,0.072067335,0.9651157259941101,0.9324597120285034,0.03527222201228142,0.048943329602479935
912,0.002599924784259532,0.0049339840188622475,0.04994986,0.07024232,0.966002345085144,0.9358370900154114,0.034805893898010254,0.047606755048036575
913,0.003110942742998966,0.00534746004268527,0.054019608,0.07312633,0.960236668586731,0.9304601550102234,0.036850690841674805,0.049553077667951584
914,0.002933415123896504,0.005258261226117611,0.053896118,0.07251387,0.9604182243347168,0.9316201210021973,0.03698450326919556,0.04890958592295647
915,0.002515654158990153,0.0048741539940238,0.049943883,0.06981514,0.9660105109214783,0.9366151690483093,0.035450831055641174,0.04810990020632744
916,0.002642423028274524,0.005053690634667873,0.051393107,0.07108931,0.9640093445777893,0.9342803955078125,0.03537314012646675,0.04857814684510231
917,0.002665173968787051,0.004899619612842798,0.051623635,0.06999728,0.9636857509613037,0.9362840056419373,0.035480741411447525,0.04860260710120201
918,0.002824409904529933,0.004991182591766119,0.053420555,0.070648305,0.961113691329956,0.9350932836532593,0.03523794189095497,0.047566838562488556
919,0.0027894266875757075,0.005095072090625763,0.05014838,0.07137977,0.9657316207885742,0.9337422847747803,0.0351509265601635,0.0490058958530426
920,0.0034056066545996477,0.005305306985974312,0.05776563,0.07283754,0.9545305967330933,0.9310083389282227,0.03904131054878235,0.049435269087553024
921,0.003595157674598423,0.005288299173116684,0.05824531,0.07272069,0.9537723064422607,0.9312294721603394,0.03855369985103607,0.04858016222715378
922,0.003926442277257924,0.005434883758425713,0.062105328,0.07372166,0.9474421143531799,0.9293232560157776,0.040973030030727386,0.049611110240221024
923,0.002533471775347028,0.004983638413250446,0.050417338,0.070594884,0.9653630256652832,0.9351913928985596,0.035316091030836105,0.0469316728413105
924,0.0029436352911447598,0.005223937798291445,0.05213919,0.072276816,0.9629567861557007,0.9320664405822754,0.03523861989378929,0.04801406338810921
925,0.0029156362764876,0.005406897980719805,0.0531035,0.07353161,0.9615738987922668,0.9296872019767761,0.03683914244174957,0.048890359699726105
926,0.0027217685472516514,0.005094217136502266,0.05178583,0.07137378,0.9634571671485901,0.9337533712387085,0.03584757074713707,0.047660622745752335
927,0.0032017852063290775,0.004888277966529131,0.053302336,0.069916226,0.9612855911254883,0.9364314675331116,0.03494349867105484,0.04770983010530472
928,0.0031016977855787527,0.005125477910041809,0.054454513,0.07159244,0.9595938324928284,0.9333468675613403,0.03642348200082779,0.04969489201903343
929,0.003054574462690983,0.005267933011054993,0.05207143,0.07258053,0.9630529880523682,0.9314943552017212,0.03697528690099716,0.04968295618891716
930,0.0030228330076418138,0.0057962313294410706,0.05455838,0.07613298,0.9594395160675049,0.9246242046356201,0.03718142583966255,0.052488747984170914
931,0.0033077514090109617,0.006436958909034729,0.05700538,0.08023066,0.9557195901870728,0.9162920117378235,0.037602122873067856,0.05309935659170151
932,0.0029992875457868317,0.0051506198942661285,0.05366442,0.07176782,0.960757851600647,0.9330199360847473,0.03725474700331688,0.04858782887458801
933,0.002612731706573289,0.005087785888463259,0.050483875,0.071328714,0.965271532535553,0.9338370561599731,0.035107579082250595,0.047799013555049896
934,0.0030414548739579254,0.005093458108603954,0.05306982,0.07136846,0.9616225957870483,0.9337632656097412,0.03627786040306091,0.04757113382220268
935,0.0027969070969530467,0.00483904080465436,0.052973915,0.06956322,0.9617612361907959,0.9370718002319336,0.03629558905959129,0.048046939074993134
936,0.0028666614724153824,0.004876559134572744,0.05306789,0.06983237,0.9616253972053528,0.9365838766098022,0.0355791337788105,0.04651043564081192
937,0.0024059445660730653,0.0049751996994018555,0.04692859,0.0705351,0.9699907302856445,0.9353011250495911,0.03281038627028465,0.04747844114899635
938,0.002507237667239017,0.005016513168811798,0.049254294,0.07082735,0.9669426083564758,0.9347638487815857,0.034866105765104294,0.04750850796699524
939,0.002973977746230296,0.004568152595311403,0.05258776,0.06758811,0.962316632270813,0.940594494342804,0.03537852317094803,0.04599078744649887
940,0.002432220678945834,0.004943592939525843,0.049238883,0.07031069,0.9669632911682129,0.9357121586799622,0.03491777181625366,0.04730386659502983
941,0.0022905804825396362,0.004863321781158447,0.047285974,0.069737524,0.9695319533348083,0.9367560148239136,0.03335984796285629,0.04675795137882233
942,0.0024030058067926966,0.004557045642286539,0.048839282,0.067505896,0.9674973487854004,0.9407389163970947,0.03337758779525757,0.045700691640377045
943,0.0024513057644732976,0.004626621957868338,0.048095673,0.06801928,0.968479573726654,0.9398341178894043,0.032655250281095505,0.0464775450527668
944,0.002906756142196669,0.005208976566791534,0.05171678,0.072173245,0.9635545611381531,0.932261049747467,0.034650273621082306,0.04867476969957352
945,0.003148956936043264,0.005140203051269054,0.056259915,0.071695216,0.9568701386451721,0.933155357837677,0.03842654079198837,0.047957587987184525
946,0.002993244569304145,0.004611538257449865,0.052593105,0.06790831,0.9623090028762817,0.9400302767753601,0.03460949286818504,0.04655452072620392
947,0.0025882513833824883,0.004746192134916782,0.050764415,0.06889261,0.9648845195770264,0.9382792115211487,0.03434120491147041,0.047179292887449265
948,0.0022761874107262966,0.005095753353089094,0.04720332,0.07138454,0.9696383476257324,0.9337334036827087,0.03225765749812126,0.04766816645860672
949,0.0022854590047658844,0.004799683578312397,0.047220565,0.069279745,0.969616174697876,0.9375835657119751,0.03349779173731804,0.04648491367697716
950,0.0024375759133942088,0.005136065650731325,0.04889845,0.07166635,0.9674185514450073,0.9332091808319092,0.0333222970366478,0.04687657579779625
951,0.0024210712462346155,0.005415982101112604,0.04851843,0.073593356,0.9679229855537415,0.9295690655708313,0.033483609557151794,0.04962252825498581
952,0.0023575118552385406,0.005227809306234121,0.04821732,0.07230359,0.9683199524879456,0.932016134262085,0.033855196088552475,0.049073103815317154
953,0.0029883190105796198,0.005273263435810804,0.05010117,0.07261724,0.9657961130142212,0.9314250349998474,0.03414449095726013,0.04955792427062988
954,0.0024319211873014205,0.005400960799306631,0.049201716,0.07349123,0.9670131802558899,0.9297643899917603,0.034384552389383316,0.049186766147613525
955,0.002315994202614423,0.004837602376937866,0.046596117,0.069552876,0.9704144597053528,0.9370905160903931,0.03235996142029762,0.047123171389102936
956,0.002652873393592679,0.0052643511444330215,0.050974704,0.07255585,0.9645929932594299,0.9315409064292908,0.035060591995716095,0.04835078865289688
957,0.0029765291573395107,0.00503955315798521,0.052728273,0.07098981,0.9621149897575378,0.9344642758369446,0.03607381880283356,0.047723300755023956
958,0.0038295360811224036,0.00490221381187439,0.05928315,0.07001581,0.952110230922699,0.9362502694129944,0.04035880044102669,0.04912375658750534
959,0.002732409754323519,0.004986219573765993,0.05173575,0.07061317,0.9635278582572937,0.935157835483551,0.03691878169775009,0.045990414917469025
960,0.003242300725436177,0.004530522506684065,0.055094928,0.067309156,0.9586378335952759,0.9410838484764099,0.036221377551555634,0.0466916523873806
961,0.0031175227751108732,0.005908484570682049,0.05438739,0.07686667,0.9596933722496033,0.923164427280426,0.03750180825591087,0.05266149342060089
962,0.002636071082881906,0.00488306162878871,0.050834935,0.069878906,0.9647868871688843,0.936499297618866,0.03524892032146454,0.04716324433684349
963,0.0030269112400922245,0.005012982990592718,0.05512664,0.07080242,0.9585902094841003,0.9348098039627075,0.03589528799057007,0.04823239520192146
964,0.0027157836355565287,0.0051774135790765285,0.051982645,0.07195424,0.9631788730621338,0.9326714873313904,0.035227157175540924,0.047548141330480576
965,0.003183108288794756,0.0049448623321950436,0.051078696,0.07031971,0.9644483327865601,0.9356956481933594,0.03385529667139053,0.048429109156131744
966,0.00402620830043981,0.00512268440797925,0.05969035,0.07157293,0.9514501094818115,0.9333832263946533,0.040769390761852264,0.04912347346544266
967,0.003666369808012281,0.0048978389240801334,0.057805397,0.06998456,0.9544680118560791,0.9363071322441101,0.03916190192103386,0.04783991351723671
968,0.0033742041745096108,0.005112935323268175,0.055981528,0.071504794,0.9572958946228027,0.9335099458694458,0.03688590228557587,0.047687169164419174
969,0.002707393289628354,0.005230871960520744,0.05163785,0.07232477,0.9636657238006592,0.931976318359375,0.03555335849523544,0.04850885272026062
970,0.0025058014223098076,0.004182586446404457,0.04939378,0.06467292,0.9667551517486572,0.9456084966659546,0.03389512374997139,0.04498816281557083
971,0.0021722528750119222,0.004992768634110689,0.046680737,0.070659526,0.9703068733215332,0.935072660446167,0.0329345241189003,0.04759811982512474
972,0.0022513468310617927,0.004839132074266672,0.04691915,0.06956387,0.9700028300285339,0.9370706081390381,0.03259176388382912,0.046946439892053604
973,0.0023318590749774807,0.004754544235765934,0.04710211,0.06895321,0.9697684049606323,0.9381706118583679,0.032454848289489746,0.04628400132060051
974,0.002504115010114302,0.005262386053800583,0.049772955,0.0725423,0.966242790222168,0.9315664768218994,0.034021686762571335,0.04813087359070778
975,0.0031621893259315666,0.004982989747077227,0.055654578,0.070590295,0.9577932357788086,0.9351998567581177,0.037060268223285675,0.04887806624174118
976,0.002376281135101718,0.004984463565051556,0.048753526,0.07060073,0.9676114320755005,0.9351806640625,0.03347601741552353,0.04778362438082695
977,0.0026177804948846724,0.0041372873820364475,0.05004629,0.06432175,0.9658709764480591,0.9461975693702698,0.03483980521559715,0.04482487589120865
978,0.0024590893563899126,0.004925652407109737,0.049360514,0.070182994,0.9667999148368835,0.935945451259613,0.03433666005730629,0.0468408428132534
979,0.002270121569216082,0.005152340047061443,0.047537573,0.0717798,0.9692068696022034,0.9329975843429565,0.03224135562777519,0.048777151852846146
980,0.0025977197775236245,0.004947221837937832,0.05099422,0.07033649,0.9645658731460571,0.9356649518013,0.03459563106298447,0.047228649258613586
981,0.0020354716980364174,0.004457293078303337,0.04366698,0.06676296,0.9740171432495117,0.9420361518859863,0.031227100640535355,0.04621719568967819
982,0.0023278835181951185,0.004696257878094912,0.046026193,0.06852925,0.9711337685585022,0.9389285445213318,0.032492462545633316,0.04589308798313141
983,0.001999466174641963,0.004549707751721144,0.04455229,0.06745152,0.9729529619216919,0.9408343434333801,0.03201468288898468,0.0445127859711647
984,0.002245357865996828,0.004550446290522814,0.04751459,0.067457,0.9692366123199463,0.9408247470855713,0.03291357308626175,0.045521195977926254
985,0.002302678799341348,0.005084962118417025,0.04531517,0.07130892,0.9720187187194824,0.9338737726211548,0.03140351548790932,0.04725518450140953
986,0.003986695717850869,0.005190374329686165,0.06316107,0.07204425,0.9456400871276855,0.9325029253959656,0.041812486946582794,0.04941347613930702
987,0.002670461798764088,0.004923493601381779,0.05075196,0.07016761,0.9649017453193665,0.9359735250473022,0.034354884177446365,0.04897173121571541
988,0.0020977958364793185,0.004600103944540024,0.045479573,0.067824066,0.9718153476715088,0.9401789903640747,0.03228238970041275,0.04712480679154396
989,0.0025093754308975554,0.004447879269719124,0.047666952,0.06669242,0.9690390229225159,0.942158579826355,0.033069949597120285,0.04585559666156769
990,0.0030338511847234754,0.005698786117136478,0.054481037,0.0754903,0.9595544338226318,0.9258913993835449,0.036358464509248734,0.05111290141940117
991,0.0024686619660563088,0.005626423750072718,0.049395356,0.07500949,0.9667530059814453,0.9268324375152588,0.034226566553115845,0.04968155920505524
992,0.0028069175737486644,0.004956625401973724,0.052561738,0.07040331,0.9623539447784424,0.9355427026748657,0.03473139926791191,0.04748212546110153
993,0.0025684982326559043,0.004906775429844856,0.050640725,0.070048384,0.9650554060935974,0.9361909627914429,0.03459876403212547,0.04690178483724594
994,0.0020307555254972117,0.0049634454771876335,0.044564597,0.07045172,0.9729380011558533,0.9354540109634399,0.0313258096575737,0.046816278249025345
995,0.002968251485568048,0.004389389418065548,0.048681866,0.06625247,0.967706561088562,0.9429191946983337,0.033378325402736664,0.044308703392744064
996,0.0029327149254227565,0.004522144794464111,0.05315198,0.0672469,0.9615036845207214,0.9411927461624146,0.036886170506477356,0.045927733182907104
997,0.002086217356422408,0.004836029838770628,0.045553416,0.069541566,0.971723735332489,0.937110960483551,0.03215429186820984,0.047858357429504395
998,0.0025041316852862524,0.0048093912191689014,0.04850017,0.06934977,0.9679471254348755,0.9374573230743408,0.03341594338417053,0.04648495465517044
999,0.0030579529332251036,0.004765440244227648,0.054663133,0.06903217,0.9592836499214172,0.9380289316177368,0.03558940067887306,0.04790720343589783
1000,0.002471155989703468,0.004651898983865976,0.048266526,0.068204835,0.9682552218437195,0.939505398273468,0.03343692421913147,0.04599316045641899
1001,0.0018063576638021252,0.004682279657572508,0.042455472,0.06842718,0.9754388928413391,0.9391103386878967,0.03035646863281727,0.045623354613780975
1002,0.002133148236845789,0.004562519025057554,0.04464596,0.06754642,0.9728390574455261,0.9406677484512329,0.031059803441166878,0.04577416181564331
1003,0.0023503836710006,0.004677820485085249,0.048303697,0.068394594,0.9682062864303589,0.9391683340072632,0.03315681219100952,0.046257950365543365
1004,0.0024824605696432463,0.004631931893527508,0.04516041,0.068058304,0.9722095131874084,0.9397650957107544,0.031197767704725266,0.045816533267498016
1005,0.0028800937288906425,0.004815198946744204,0.052125286,0.06939164,0.9629765748977661,0.9373818039894104,0.03482939302921295,0.04741606116294861
1006,0.0022981941953978753,0.005315456539392471,0.04793756,0.07290718,0.9686864614486694,0.9308763146400452,0.03305517137050629,0.04860648885369301
1007,0.005700837812830948,0.006094290409237146,0.07469926,0.07806594,0.9239651560783386,0.9207481741905212,0.04743858426809311,0.05279671773314476
1008,0.0030835730325303634,0.004630554001778364,0.051782098,0.06804817,0.9634624719619751,0.939782977104187,0.03526243939995766,0.046324361115694046
1009,0.0030215278966352344,0.004981027916073799,0.053804934,0.0705764,0.9605520963668823,0.9352253675460815,0.035637274384498596,0.04841591417789459
1010,0.003753842277960344,0.005492052529007196,0.061135974,0.074108385,0.9490699768066406,0.9285798072814941,0.04031902551651001,0.049322422593832016
1011,0.002733465860894119,0.005684718955308199,0.051651068,0.07539708,0.9636471271514893,0.9260743260383606,0.03529370203614235,0.04984242841601372
1012,0.0025907267699949443,0.004999612923711538,0.04996706,0.07070794,0.9659789800643921,0.9349836707115173,0.03469399735331535,0.048119910061359406
1013,0.002660052530700341,0.004964444320648909,0.050009653,0.070458815,0.9659209251403809,0.9354410171508789,0.03397746756672859,0.047372665256261826
1014,0.0024809194411235776,0.004614368546754122,0.047955833,0.06792914,0.9686626195907593,0.9399935007095337,0.03352980688214302,0.04516828432679176
1015,0.002501338224233636,0.0047223614528775215,0.049600035,0.06871944,0.9664769172668457,0.9385890960693359,0.03358294814825058,0.047118883579969406
1016,0.0020766209345310926,0.004815957043319941,0.04540016,0.0693971,0.9719136953353882,0.9373719692230225,0.03187217190861702,0.046803638339042664
1017,0.0026651310750325633,0.005198678467422724,0.04954592,0.07210186,0.9665499925613403,0.9323949813842773,0.033643536269664764,0.047842033207416534
1018,0.003668418976965106,0.005226516630500555,0.059011035,0.07229465,0.9525488615036011,0.9320329427719116,0.038572538644075394,0.04848887771368027
1019,0.003431638586334884,0.004968936555087566,0.05853183,0.07049068,0.9533163905143738,0.935382604598999,0.03913060203194618,0.04828914254903793
1020,0.002304136932996864,0.005190011113882065,0.046251837,0.072041735,0.9708500504493713,0.9325076341629028,0.03186636418104172,0.047562722116708755
1021,0.005064516624605114,0.006667403969913721,0.07066615,0.081654176,0.9319539666175842,0.9132952690124512,0.0462745726108551,0.05493469536304474
1022,0.004692845525410535,0.00635703606531024,0.06861425,0.079731025,0.9358482360839844,0.917331337928772,0.04562186822295189,0.053806934505701065
1023,0.0031803879960948093,0.005533604882657528,0.05566923,0.074388206,0.9577710032463074,0.9280394911766052,0.037154827266931534,0.048950646072626114
1024,0.002614797045349736,0.005048179067671299,0.05080095,0.07105054,0.9648339152336121,0.9343520998954773,0.035134121775627136,0.047923095524311066
1025,0.0024162522855807433,0.004621823783963919,0.04699953,0.067984,0.9698999524116516,0.9398965239524841,0.03307051584124565,0.045770563185214996
1026,0.0027816115603358908,0.004466107115149498,0.050421096,0.066828944,0.9653578400611877,0.9419214725494385,0.03403489291667938,0.04446224123239517
1027,0.0025881290599830786,0.005200942512601614,0.05065839,0.07211757,0.9650310277938843,0.9323655366897583,0.03440648689866066,0.04759175702929497
1028,0.0023688268054022706,0.004740037024021149,0.04705229,0.068847924,0.9698323607444763,0.938359260559082,0.032844144850969315,0.046842511743307114
1029,0.002894385720455003,0.006176664959639311,0.053492986,0.078591764,0.9610081911087036,0.9196769595146179,0.035401757806539536,0.05095463618636131
1030,0.002376010809464126,0.00481601944193244,0.048142426,0.06939755,0.9684182405471802,0.9373711347579956,0.03258534148335457,0.04640468582510948
1031,0.0026144499001516538,0.004999998025596142,0.050451916,0.07071067,0.9653155207633972,0.9349786639213562,0.03367521986365318,0.046531181782484055
1032,0.002453198828416961,0.004810240585356951,0.048968635,0.069355905,0.96732497215271,0.9374462962150574,0.033736489713191986,0.04653451219201088
1033,0.002087976254353469,0.004367495886981487,0.04416265,0.06608703,0.973423957824707,0.943203866481781,0.03152874857187271,0.04479893669486046
1034,0.0024533929761012337,0.004754799883812666,0.04623793,0.06895506,0.9708675742149353,0.9381672739982605,0.03161485493183136,0.04691362753510475
1035,0.0030076598685065455,0.004999032709747553,0.05384545,0.07070384,0.9604926109313965,0.934991180896759,0.03541197627782822,0.04749990254640579
1036,0.002149011750589125,0.004593671765178442,0.045177184,0.067776635,0.9721888899803162,0.9402626156806946,0.0316864550113678,0.045833997428417206
1037,0.0028606450359802693,0.005075423046946526,0.052082457,0.071242005,0.963037371635437,0.9339978098869324,0.033995646983385086,0.04660646244883537
1038,0.0026050837570272215,0.004817708861082792,0.04920915,0.06940972,0.9670032262802124,0.9373492002487183,0.033952727913856506,0.04628703370690346
1039,0.0024100314555901355,0.005351940169930458,0.046786442,0.07315695,0.9701722860336304,0.9304019212722778,0.031750909984111786,0.047568004578351974
1040,0.002497242484506304,0.005478649865835905,0.049184535,0.074017905,0.9670361876487732,0.9287540912628174,0.03349810838699341,0.04955892637372017
1041,0.00280553059366701,0.00433318829163909,0.052930858,0.06582696,0.9618233442306519,0.9436500072479248,0.03474296256899834,0.04526020586490631
1042,0.0020706779733617705,0.005052483640611172,0.044558387,0.071080826,0.972945511341095,0.9342961311340332,0.0314699187874794,0.046875592321157455
1043,0.002209162810521031,0.004642017185688019,0.04659647,0.06813235,0.9704139828681946,0.9396339058876038,0.03221062943339348,0.04533334821462631
1044,0.0024277072489811953,0.004405349493026733,0.048318457,0.06637281,0.9681868553161621,0.942711591720581,0.03311038762331009,0.04596920311450958
1045,0.0026224688864948057,0.005121700465679169,0.047919635,0.07156606,0.9687098860740662,0.9333959817886353,0.03281444311141968,0.04837407171726227
1046,0.0034253544634504415,0.005813283380120993,0.057529517,0.07624489,0.9549015760421753,0.9244024753570557,0.03878149017691612,0.051936693489551544
1047,0.003751671481454237,0.005138589069247246,0.059985906,0.07168395,0.9509681463241577,0.9331763982772827,0.04076959192752838,0.04793296009302139
1048,0.0030421901055061344,0.004910092335194349,0.052018102,0.07007205,0.9631286263465881,0.9361478090286255,0.03525350242853165,0.0480738990008831
1049,0.002798763680568134,0.00466019194573164,0.052879304,0.0682656,0.9618976712226868,0.9393975734710693,0.0358874648809433,0.04635356739163399
1050,0.0021199390360958537,0.0043101063929498196,0.04589164,0.0656514,0.9713022708892822,0.9439501762390137,0.0319737046957016,0.04352356120944023
1051,0.0024939233315473593,0.005812141112983227,0.048669346,0.0762374,0.9677231311798096,0.9244173169136047,0.0332811176776886,0.051273323595523834
1052,0.0032635079458652235,0.004720033146440983,0.056319598,0.068702504,0.9567785859107971,0.9386193752288818,0.03771455958485603,0.046732135117053986
1053,0.002391126046528701,0.004662881139665842,0.048281465,0.06828529,0.9682355523109436,0.9393625855445862,0.03310634195804596,0.04596799612045288
1054,0.0024685542289675636,0.005115050822496414,0.04740994,0.07151958,0.9693719744682312,0.9334824681282043,0.03234926238656044,0.04611191898584366
1055,0.0032700621231924742,0.004929163958877325,0.056840133,0.070208006,0.9559759497642517,0.9358997941017151,0.0360279455780983,0.04775447025895119
1056,0.002026465664543635,0.00440433993935585,0.044492576,0.0663652,0.973025381565094,0.9427247643470764,0.03186722472310066,0.04462331905961037
1057,0.0020990826993842015,0.004430719185620546,0.04442685,0.06656365,0.9731050133705139,0.9423816800117493,0.031184565275907516,0.0451393760740757
1058,0.0017763263352786782,0.004090300295501947,0.041747242,0.063955456,0.9762515425682068,0.9468085765838623,0.029645787551999092,0.0439658984541893
1059,0.0023417626084251838,0.004359973128885031,0.047717996,0.06603009,0.9689726829528809,0.9433017373085022,0.031254567205905914,0.043991569429636
1060,0.0034641887204171244,0.004602797795087099,0.05835943,0.06784392,0.953590989112854,0.9401439428329468,0.0396694652736187,0.04638620838522911
1061,0.0027582265584814277,0.004847492557018995,0.048903473,0.06962394,0.9674118757247925,0.9369618892669678,0.03335460647940636,0.047977808862924576
1062,0.0033767222961283883,0.004938221070915461,0.05437699,0.07027248,0.9597088098526001,0.9357820153236389,0.036569707095623016,0.04765913262963295
1063,0.003737376619193872,0.0052103945054113865,0.06005646,0.072183065,0.9508527517318726,0.9322425723075867,0.039617352187633514,0.04762135073542595
1064,0.002540499919136478,0.005154769401997328,0.047879018,0.07179672,0.9687629342079163,0.9329659938812256,0.032821692526340485,0.04766380414366722
1065,0.0022217832712075588,0.0053131734021008015,0.046679415,0.07289152,0.9703086018562317,0.9309060573577881,0.0326555073261261,0.047953393310308456
1066,0.0020233282729433004,0.004750338848680258,0.04483532,0.0689227,0.972608208656311,0.938225269317627,0.030911561101675034,0.04624040424823761
1067,0.0022072376397607677,0.005337677896022797,0.044184458,0.07305942,0.9733977317810059,0.9305873513221741,0.030698833987116814,0.04885052889585495
1068,0.0027583342214876957,0.004923435393720865,0.051732436,0.0701672,0.9635325074195862,0.9359742999076843,0.03636648878455162,0.046766698360443115
1069,0.0024602327559312635,0.004416641779243946,0.04980451,0.06645782,0.9661999344825745,0.9425647854804993,0.033744148910045624,0.044831737875938416
1070,0.0023665474277963353,0.004973929841071367,0.04841624,0.07052609,0.9680579900741577,0.9353176355361938,0.03308767452836037,0.04620063677430153
1071,0.0022083339135861024,0.004214344080537558,0.045136645,0.06491798,0.9722387790679932,0.9451954960823059,0.031245457008481026,0.04435889422893524
1072,0.0018023179661461406,0.0045185512863099575,0.042330053,0.067220174,0.9755837917327881,0.9412395358085632,0.030113190412521362,0.045282360166311264
1073,0.0019679624582005836,0.004236641339957714,0.043126684,0.06508949,0.9746561646461487,0.9449055194854736,0.030490830540657043,0.045047957450151443
1074,0.001875646205999973,0.004631076939404011,0.043013923,0.068052016,0.9747885465621948,0.9397761821746826,0.03006994165480137,0.046474095433950424
1075,0.001716341196284206,0.00452972948551178,0.04125921,0.06730326,0.9768035411834717,0.941094160079956,0.029652953147888184,0.044836174696683884
1076,0.0038470503614834424,0.00536898011341691,0.061036102,0.07327333,0.949236273765564,0.9301803112030029,0.03760480880737305,0.049897488206624985
1077,0.0025673742083282295,0.004546135663986206,0.050665647,0.067425035,0.965021014213562,0.9408807754516602,0.03404550999403,0.046044837683439255
1078,0.001992319403639571,0.004783262498676777,0.044534016,0.06916113,0.9729751348495483,0.9377971291542053,0.02988596446812153,0.046474017202854156
1079,0.002254879439450716,0.0048139202408492565,0.043470453,0.06938242,0.9742504954338074,0.9373984336853027,0.029253706336021423,0.04486054927110672
1080,0.002295862965349277,0.004300856962800026,0.047333736,0.06558091,0.9694703817367554,0.9440704584121704,0.03226004168391228,0.043859537690877914
1081,0.002047161039875143,0.005034491885453463,0.042973064,0.07095415,0.9748364090919495,0.9345300793647766,0.02948562614619732,0.046086475253105164
1082,0.002987226225245236,0.00475108390673995,0.04738646,0.06892811,0.9694023132324219,0.9382156133651733,0.032176822423934937,0.048021383583545685
1083,0.0029259539177556608,0.004888555966317654,0.050436553,0.069918215,0.9653366208076477,0.936427891254425,0.034042343497276306,0.04683413729071617
1084,0.0024381971161346883,0.004424214828759432,0.048474245,0.066514775,0.9679813981056213,0.9424662590026855,0.0335250161588192,0.04495837166905403
1085,0.0019904517102986574,0.004552972968667746,0.044470202,0.06747572,0.9730525016784668,0.9407919049263,0.031127527356147766,0.045197274535894394
1086,0.0021106387205443093,0.00455537810921669,0.045549784,0.06749354,0.9717282652854919,0.940760612487793,0.031083054840564728,0.045710060745477676
1087,0.0019961217913078144,0.004516276065260172,0.04472079,0.067203246,0.9727479815483093,0.9412690997123718,0.03112589567899704,0.04617970809340477
1088,0.0021529572986764833,0.004846098367124796,0.04534336,0.06961392,0.9719839096069336,0.9369800090789795,0.030358830466866493,0.0457962229847908
1089,0.002225205711014992,0.0045501166023314,0.04644084,0.067454554,0.9706113338470459,0.9408290386199951,0.03227148577570915,0.04596753790974617
1090,0.002120344137603586,0.004819628782570362,0.045602947,0.06942355,0.9716622233390808,0.9373242259025574,0.030726302415132523,0.0462082214653492
1091,0.002198657735293223,0.0047930763103067875,0.046622686,0.06923205,0.9703807234764099,0.9376695156097412,0.03156872093677521,0.046770043671131134
1092,0.0024703055069866505,0.0048488168977200985,0.048089977,0.06963345,0.968487024307251,0.9369446635246277,0.03298279270529747,0.046317655593156815
1093,0.002479351861190728,0.0045816609635949135,0.04742912,0.067687966,0.9693471789360046,0.9404188394546509,0.03303161635994911,0.045533545315265656
1094,0.002287929975533519,0.004576955921947956,0.04678309,0.0676532,0.9701765775680542,0.9404799938201904,0.0323801152408123,0.04598141834139824
1095,0.0019789926366436043,0.004530700854957104,0.043125637,0.06731048,0.974657416343689,0.9410815238952637,0.030639929696917534,0.04536128044128418
1096,0.0019067045412322675,0.004356373101472855,0.043191876,0.06600282,0.9745795130729675,0.9433485269546509,0.02985844574868679,0.04468005523085594
1097,0.0020197062046711585,0.004268819000571966,0.044479858,0.0653362,0.9730408191680908,0.9444870948791504,0.031199686229228973,0.043568097054958344
1098,0.002208536403486505,0.004210758022964001,0.046138972,0.064890355,0.9709921479225159,0.945242166519165,0.031058264896273613,0.044387225061655045
1099,0.0021677837556291542,0.004310396034270525,0.046341483,0.06565361,0.9707369208335876,0.9439464211463928,0.031320683658123016,0.043882664293050766
1100,0.0022385140208908442,0.004419512115418911,0.04451808,0.066479415,0.9729944467544556,0.9425274729728699,0.030981797724962234,0.04383651539683342
1101,0.002495911742285402,0.004834706895053387,0.04803515,0.06953206,0.9685588479042053,0.9371281266212463,0.03307969123125076,0.04523857310414314
1102,0.002154751917590726,0.004671911709010601,0.04620504,0.06835138,0.9709089994430542,0.9392451643943787,0.0326041579246521,0.04709543287754059
1103,0.0020917087359438565,0.004261664114892483,0.044211615,0.06528143,0.9733650088310242,0.9445801377296448,0.030309345573186874,0.04322836548089981
1104,0.002395077759336511,0.004246938042342663,0.04898911,0.06516853,0.9672976136207581,0.9447716474533081,0.03313653543591499,0.045439284294843674
1105,0.001960806670302356,0.004369053523987532,0.04395619,0.06609881,0.9736718535423279,0.9431836009025574,0.03003810904920101,0.0447857640683651
1106,0.0015189371082339096,0.004246488679200411,0.03856557,0.065165095,0.9797334671020508,0.9447774887084961,0.02790185622870922,0.043719299137592316
1107,0.0017808860099070114,0.0049839564599096775,0.041850355,0.07059714,0.9761340618133545,0.9351872801780701,0.029089894145727158,0.045357510447502136
1108,0.001903420318161476,0.004312916658818722,0.043181054,0.0656728,0.9745922088623047,0.9439136385917664,0.03008093312382698,0.04405311867594719
1109,0.0029472552229311655,0.004215314984321594,0.05324784,0.064925455,0.96136474609375,0.9451828598976135,0.034713879227638245,0.04462443292140961
1110,0.002105214465039105,0.004767077974975109,0.044467513,0.06904403,0.9730557799339294,0.9380075931549072,0.030232911929488182,0.04649064317345619
1111,0.002237727386686443,0.004981689155101776,0.045859475,0.07058108,0.9713425040245056,0.9352167248725891,0.03127310425043106,0.047352567315101624
1112,0.002966728106416254,0.004556035622954369,0.05431124,0.06749841,0.9598061442375183,0.9407520890235901,0.03495893254876137,0.04638855159282684
1113,0.0030548939275004986,0.004896207246929407,0.055304922,0.0699729,0.9583219289779663,0.9363283514976501,0.037290241569280624,0.04791104048490524
1114,0.002532185222001069,0.004712007939815521,0.049290318,0.06864407,0.966894268989563,0.9387237429618835,0.032966576516628265,0.04677586629986763
1115,0.0021799838207450443,0.004211578518152237,0.045341905,0.06489667,0.9719856977462769,0.9452314972877502,0.03128068149089813,0.043804705142974854
1116,0.0022103064323098147,0.004597584251314402,0.046433326,0.06780549,0.9706208109855652,0.9402117729187012,0.03178757056593895,0.045101575553417206
1117,0.0019794128589141606,0.0045022424310445786,0.043667622,0.06709875,0.9740164279937744,0.9414516091346741,0.029926376417279243,0.04537942633032799
1118,0.0020490511431655086,0.004317502025514841,0.045261923,0.0657077,0.9720844626426697,0.943854033946991,0.03140774369239807,0.04398876056075096
1119,0.0023356533016670833,0.003937050700187683,0.046943013,0.06274592,0.9699723124504089,0.9488015174865723,0.031435102224349976,0.043297603726387024
1120,0.0024325792473973706,0.004183434881269932,0.0487269,0.06467948,0.9676467776298523,0.9455974698066711,0.032918334007263184,0.04407816007733345
1121,0.0021027917193185367,0.004569423850625753,0.045703057,0.067597516,0.9715376496315002,0.9405779242515564,0.030937884002923965,0.045143093913793564
1122,0.002356117018445564,0.004324887879192829,0.04783884,0.06576388,0.9688153266906738,0.943757951259613,0.03151669353246689,0.045319635421037674
1123,0.002058467265504243,0.0043967533856630325,0.04306387,0.06630802,0.9747299551963806,0.9428234100341797,0.029921531677246094,0.046088166534900665
1124,0.0023105436359235846,0.004151189234107733,0.045683157,0.06442972,0.9715624451637268,0.946016788482666,0.03159625083208084,0.044481318444013596
1125,0.002751522964734415,0.00408144248649478,0.052396577,0.063886166,0.9625901579856873,0.9469237923622131,0.03575463965535164,0.04327855259180069
1126,0.0019414362230401655,0.004316309932619333,0.04385445,0.06569863,0.973793625831604,0.9438695311546326,0.030141059309244156,0.0446128211915493
1127,0.0019506756203058599,0.004223633091896772,0.04232213,0.064989485,0.9755929708480835,0.9450746774673462,0.029464639723300934,0.04381391778588295
1128,0.0019133680523902347,0.004715307615697384,0.042993713,0.0686681,0.9748122096061707,0.9386808276176453,0.029738349840044975,0.04485207051038742
1129,0.002241216846000911,0.004144289065152407,0.04700799,0.06437615,0.9698891043663025,0.946106493473053,0.031191756948828697,0.04273997247219086
1130,0.0016773313532625748,0.00430251145735383,0.04052721,0.06559353,0.9776192903518677,0.9440489411354065,0.028788728639483452,0.043503738939762115
1131,0.001594932411204685,0.004280416760593653,0.039221525,0.06542489,0.9790381789207458,0.9443362951278687,0.028030594810843468,0.043047770857810974
1132,0.0018060397705994546,0.004045139066874981,0.041122146,0.06360141,0.976957380771637,0.947395920753479,0.028353944420814514,0.04354897513985634
1133,0.00192408578930719,0.005028578452765942,0.043475624,0.07091247,0.9742444157600403,0.9346069693565369,0.02957136183977127,0.04571910947561264
1134,0.0019870006601029836,0.003796542063355446,0.043041486,0.06161609,0.9747561812400818,0.9506286978721619,0.028739091008901596,0.042905453592538834
1135,0.002023793338924985,0.004275783430784941,0.044912245,0.06538947,0.9725140929222107,0.9443965554237366,0.030511001124978065,0.044686153531074524
1136,0.002731636851835488,0.004428248852491379,0.048349213,0.06654509,0.9681463837623596,0.9424138069152832,0.031247496604919434,0.04499978944659233
1137,0.0032270880421327256,0.004546304699033499,0.054101203,0.067426294,0.960116446018219,0.9408786296844482,0.0354757159948349,0.044907618314027786
1138,0.0026472382226281547,0.004956260789185762,0.049391158,0.07040072,0.966758668422699,0.935547411441803,0.03422991931438446,0.04628293961286545
1139,0.0024994184125468814,0.004606352653354406,0.049758065,0.06787012,0.966262936592102,0.9400976896286011,0.03305787965655327,0.04612746834754944
1140,0.002470982073150067,0.004715326242148876,0.049601216,0.06866824,0.9664753079414368,0.9386805891990662,0.03336441144347191,0.04534192383289337
1141,0.0026429550039624287,0.00520123029127717,0.05163897,0.07211955,0.963664174079895,0.9323617815971375,0.032920267432928085,0.04846319556236267
1142,0.0024486689706629313,0.004954016301780939,0.047347564,0.07038477,0.9694525003433228,0.9355766177177429,0.03268115222454071,0.04632322117686272
1143,0.002232584697511894,0.004599569831043482,0.045737863,0.06782013,0.9714943170547485,0.9401859045028687,0.031304121017456055,0.04484168440103531
1144,0.0023915878489126703,0.005084839649498463,0.04650117,0.07130806,0.9705349206924438,0.933875322341919,0.03249923884868622,0.0467531718313694
1145,0.002290523618946529,0.004785108380019665,0.04711108,0.069174476,0.9697569012641907,0.9377731084823608,0.032196011394262314,0.045746054500341415
1146,0.0028758447588188574,0.00480374600738287,0.053471986,0.06930906,0.9610387682914734,0.9375307559967041,0.034115470945835114,0.04626333713531494
1147,0.0022680586579636756,0.004279748070985079,0.044996805,0.065419786,0.9724105000495911,0.9443449974060059,0.03057924099266529,0.044083695858716965
1148,0.002199355590908619,0.004864117130637169,0.04479643,0.06974322,0.972655713558197,0.9367456436157227,0.03042948804795742,0.046111345291137695
1149,0.0029965056508610196,0.004566602874547243,0.05396645,0.06757665,0.9603148698806763,0.940614640712738,0.035412825644016266,0.04580581188201904
1150,0.002267103673974899,0.00506844324991107,0.047339953,0.071193,0.9694623351097107,0.9340885877609253,0.031490880995988846,0.047333136200904846
1151,0.002342291884071363,0.004612758755683899,0.04645648,0.067917295,0.9705914855003357,0.9400144219398499,0.030722176656126976,0.046563103795051575
1152,0.004526552095988088,0.004795952700078487,0.0667453,0.06925282,0.9392954111099243,0.9376320838928223,0.0453508123755455,0.04769636690616608
1153,0.0026463279632893814,0.004595595877617598,0.051130928,0.06779082,0.9643756151199341,0.9402375817298889,0.034558121114969254,0.04596990346908569
1154,0.0021943978393789043,0.004670053720474243,0.04624912,0.06833779,0.9708534479141235,0.9392693042755127,0.03204226493835449,0.04651748389005661
1155,0.0028210909804329276,0.00432944530621171,0.049106978,0.06579851,0.9671400785446167,0.9436987042427063,0.03218458592891693,0.044519100338220596
1156,0.002635497988773171,0.004564513918012381,0.050754298,0.06756119,0.9648984670639038,0.9406418204307556,0.034032147377729416,0.04467295855283737
1157,0.00201093068939041,0.004108607303351164,0.043862324,0.06409842,0.9737842082977295,0.9465705156326294,0.030179599300026894,0.04450632259249687
1158,0.0019492358101574196,0.004004792310297489,0.04156647,0.06328343,0.9764567613601685,0.947920560836792,0.029372485354542732,0.04339160770177841
1159,0.0021036183488004926,0.004564815666526556,0.045635708,0.06756342,0.9716215133666992,0.9406378865242004,0.03077816218137741,0.045293208211660385
1160,0.002305015937467529,0.004376731812953949,0.047993325,0.06615687,0.9686135649681091,0.9430837631225586,0.03247108310461044,0.04491055756807327
1161,0.001678866551215337,0.004095558542758226,0.040678885,0.06399655,0.9774514436721802,0.9467402100563049,0.027749376371502876,0.04319136589765549
1162,0.0021051399314522064,0.004644271917641163,0.044277024,0.068148896,0.9732861518859863,0.939604640007019,0.029598573222756386,0.04611640423536301
1163,0.002400963120056655,0.004524962976574898,0.04841907,0.06726784,0.9680542349815369,0.9411561489105225,0.03217887505888939,0.04540213569998741
1164,0.0017774609547235411,0.004283181857317686,0.04214837,0.06544602,0.9757929444313049,0.9443002939224243,0.029452817514538765,0.04310882091522217
1165,0.0017475967351029712,0.004108332563191652,0.041570906,0.06409628,0.9764517545700073,0.9465740919113159,0.029363412410020828,0.0435577817261219
1166,0.0018623215397714046,0.006435198709368706,0.041954067,0.08021969,0.9760156273841858,0.9163148999214172,0.029081758111715317,0.05042285844683647
1167,0.00220407519902272,0.004441630560904741,0.046945542,0.06664556,0.9699690937995911,0.9422398209571838,0.03173430636525154,0.04456155747175217
1168,0.0019378891011001542,0.004433016758412123,0.04368118,0.0665809,0.9740002751350403,0.9423518180847168,0.0293122585862875,0.04393560811877251
1169,0.001794592231321572,0.004360130522400141,0.041071966,0.066031285,0.9770135879516602,0.9432996511459351,0.02864943817257881,0.045468516647815704
1170,0.002742955257417634,0.004766477737575769,0.05188368,0.06903968,0.963318943977356,0.9380154013633728,0.03379979729652405,0.046135544776916504
1171,0.002226065423614769,0.005074308719485998,0.04536834,0.07123419,0.9719530344009399,0.9340122938156128,0.03143162652850151,0.047876302152872086
1172,0.0019181701632491736,0.00465107336640358,0.04211018,0.06819878,0.9758368134498596,0.9395161867141724,0.030615244060754776,0.04482148587703705
1173,0.0018070054687665436,0.004478100221604109,0.04015779,0.06691861,0.9780254364013672,0.941765546798706,0.02885381318628788,0.04353736340999603
1174,0.0019422958152559163,0.004706535488367081,0.043763183,0.06860419,0.9739025831222534,0.9387949109077454,0.030635017901659012,0.04554428905248642
1175,0.0016312840452883393,0.004302931018173695,0.03948243,0.06559673,0.9787583947181702,0.9440435171127319,0.02835785038769245,0.04266586899757385
1176,0.0019296003341547805,0.004447919316589832,0.04366782,0.066692725,0.9740161895751953,0.942158043384552,0.029755426570773125,0.04406089708209038
1177,0.0018437710545681925,0.005383047740906477,0.04255293,0.07336926,0.9753260612487793,0.9299973845481873,0.029135681688785553,0.048363957554101944
1178,0.0020883007475111463,0.00447955122217536,0.04444522,0.06692945,0.9730827808380127,0.941746711730957,0.030995771288871765,0.04446426406502724
1179,0.00226880023943853,0.005268179811537266,0.0473315,0.07258223,0.9694732427597046,0.9314911365509033,0.032186541706323624,0.04703676700592041
1180,0.00223041748739144,0.004292693454772234,0.044835392,0.065518655,0.9726080894470215,0.9441766142845154,0.030629951506853104,0.04408165067434311
1181,0.002054077542693862,0.004380233120173216,0.04468882,0.066183336,0.9727869033813477,0.9430382251739502,0.031040731817483902,0.044752076268196106
1182,0.002246144666886804,0.006082181818783283,0.046570893,0.07798835,0.9704464673995972,0.9209056496620178,0.030954014509916306,0.05197163671255112
1183,0.0037241630885877053,0.00453146081417799,0.06013843,0.06731612,0.9507184624671936,0.941071629524231,0.03817425295710564,0.0462687611579895
1184,0.002187718985210681,0.00443133944645524,0.044096537,0.06656831,0.9735034704208374,0.9423736333847046,0.030306093394756317,0.04424411058425903
1185,0.0030284555845851587,0.004554360639303923,0.05493579,0.067486,0.9588764309883118,0.9407738447189331,0.03697129711508751,0.04726548120379448
1186,0.0027965754640965975,0.004244332667440176,0.050088502,0.06514854,0.965813398361206,0.9448055028915405,0.03315211832523346,0.043717075139284134
1187,0.003996063447134061,0.005690051708370447,0.05889718,0.075432435,0.9527317881584167,0.9260050058364868,0.03763210028409958,0.0483887642621994
1188,0.0029638410778716207,0.005521330516785383,0.051854655,0.07430566,0.9633600115776062,0.9281991124153137,0.03572554513812065,0.04971878603100777
1189,0.0029222153587563134,0.005176146514713764,0.05062771,0.071945444,0.9650733470916748,0.9326879978179932,0.03449350222945213,0.046654440462589264
1190,0.002247332758005624,0.0048881820403039455,0.046562895,0.06991554,0.970456600189209,0.9364327192306519,0.03214489296078682,0.04644722864031792
1191,0.0023371258840515193,0.004843664355576038,0.046173085,0.06959644,0.9709492325782776,0.9370116591453552,0.031163720414042473,0.04620843753218651
1192,0.002206812879938463,0.004427078180015087,0.04640948,0.06653629,0.9706509709358215,0.9424290657043457,0.03161256015300751,0.04524651914834976
1193,0.0020246211338830603,0.004432288929820061,0.045063503,0.06657544,0.9723286628723145,0.9423612952232361,0.03070083260536194,0.04483059048652649
1194,0.002048911390540359,0.004058012738823891,0.044993162,0.06370253,0.9724149703979492,0.9472284913063049,0.030639400705695152,0.042434774339199066
1195,0.0016696973470970988,0.004030488431453705,0.040860653,0.06348613,0.9772495031356812,0.9475864171981812,0.028817711398005486,0.042099595069885254
1196,0.0021562983191953126,0.004750605206936598,0.045620218,0.068924636,0.9716407656669617,0.93822181224823,0.029857013374567032,0.04587606340646744
1197,0.001996248375772583,0.004632548429071903,0.044660527,0.06806283,0.9728213548660278,0.9397570490837097,0.030505714938044548,0.04520421475172043
1198,0.0018841570563381538,0.00427304906770587,0.04288154,0.06536856,0.9749434590339661,0.9444320797920227,0.03001376800239086,0.043511901050806046
1199,0.0019685186906082727,0.0040603941306471825,0.041847084,0.063721225,0.9761378169059753,0.9471974968910217,0.029227953404188156,0.04237189516425133
1200,0.0022747029195835985,0.004857008345425129,0.04768635,0.06969225,0.9690138101577759,0.9368381500244141,0.03175508230924606,0.04599802941083908
1201,0.00206389447637114,0.00391251128166914,0.04487976,0.06255007,0.9725538492202759,0.9491206407546997,0.02999413013458252,0.042793158441782
1202,0.0017130942393454131,0.004201251547783613,0.041120578,0.06481706,0.9769591689109802,0.9453657865524292,0.02893034741282463,0.04321010038256645
1203,0.0017298428151248531,0.004033748991787434,0.0402088,0.063511804,0.9779695868492126,0.9475439786911011,0.028224263340234756,0.042829371988773346
1204,0.0017875551209065386,0.004489615559577942,0.041466523,0.0670046,0.9765698313713074,0.9416158199310303,0.02882164716720581,0.04451688006520271
1205,0.0017479111451062965,0.006120684556663036,0.039610196,0.0782348,0.9786206483840942,0.9204049110412598,0.027409041300415993,0.05046752467751503
1206,0.0026637422799302094,0.00518879434093833,0.051716868,0.072033286,0.9635544419288635,0.9325234889984131,0.03282555937767029,0.048084504902362823
1207,0.00217354567642112,0.004353989847004414,0.046114706,0.06598477,0.9710226058959961,0.9433795213699341,0.03102603554725647,0.043516505509614944
1208,0.0021918745399241084,0.004219528753310442,0.046709478,0.0649579,0.9702703356742859,0.9451280832290649,0.031411632895469666,0.04362984001636505
1209,0.0023055941750168463,0.00396288838237524,0.04499079,0.062951475,0.9724178910255432,0.9484655261039734,0.02981145679950714,0.04267401248216629
1210,0.0018956045479915867,0.004302733112126589,0.04330536,0.065595224,0.9744457602500916,0.9440460801124573,0.029904033988714218,0.04426262900233269
1211,0.002038066148419272,0.00445428816601634,0.043187868,0.06674045,0.9745842218399048,0.9420751929283142,0.028682593256235123,0.044729720801115036
1212,0.004727451228642498,0.005386924371123314,0.0684816,0.07339567,0.9360960125923157,0.9299469590187073,0.04422856867313385,0.05028150603175163
1213,0.002266514948463406,0.004684817511588335,0.047459144,0.06844573,0.9693083763122559,0.9390773177146912,0.03280835971236229,0.04512975364923477
1214,0.001973954135213386,0.004226917400956154,0.043699257,0.06501475,0.9739787578582764,0.945032000541687,0.029942529276013374,0.04428707808256149
1215,0.0019068191957723518,0.004582900553941727,0.043566607,0.06769713,0.974136471748352,0.9404026865959167,0.030351988971233368,0.04440716281533241
1216,0.002262423629872501,0.004619171377271414,0.047075722,0.06796449,0.9698022603988647,0.9399310350418091,0.030920477584004402,0.044939491897821426
1217,0.0019898311994356018,0.004206900019198656,0.04295091,0.06486062,0.9748623371124268,0.9452922940254211,0.02947210893034935,0.044473692774772644
1218,0.0020802658969345925,0.004221159499138594,0.045126915,0.06497045,0.972250759601593,0.9451068639755249,0.030692176893353462,0.04469643533229828
1219,0.001854420998080803,0.004117600619792938,0.042683564,0.064168535,0.9751743078231812,0.9464535713195801,0.029745422303676605,0.04308503493666649
1220,0.0018463692844803022,0.004077652003616095,0.041985996,0.0638565,0.9759790897369385,0.9469730854034424,0.029101744294166565,0.042954955250024796
1221,0.0032460432399106635,0.004368494264781475,0.04904429,0.066094585,0.9672239422798157,0.94319087266922,0.03224622458219528,0.04435574263334274
1222,0.002582510462327098,0.004228693898767233,0.049732383,0.065028414,0.9662977457046509,0.9450088739395142,0.03374692052602768,0.044196903705596924
1223,0.002425860571251674,0.004280517343431711,0.04597828,0.065425664,0.9711938500404358,0.9443349838256836,0.03101709857583046,0.04352466017007828
1224,0.003376243979966437,0.004465576261281967,0.05735224,0.066824965,0.9551790952682495,0.9419283866882324,0.037337251007556915,0.046288661658763885
1225,0.0019011768665884367,0.004460097756236792,0.043374844,0.066783965,0.9743636846542358,0.9419996738433838,0.030544385313987732,0.0443677082657814
1226,0.0018851848541420293,0.004134641028940678,0.043336354,0.06430118,0.9744091629981995,0.9462319612503052,0.029921043664216995,0.04349558800458908
1227,0.001705682361551391,0.0039415545761585236,0.03869533,0.0627818,0.9795968532562256,0.9487429261207581,0.027237776666879654,0.042294714599847794
1228,0.0022633177603975955,0.004223519004881382,0.047216903,0.064988606,0.9696208834648132,0.9450761675834656,0.031551770865917206,0.04388292506337166
1229,0.0031496944482734598,0.0048585874028503895,0.054271176,0.06970357,0.9598654508590698,0.9368175864219666,0.03541084751486778,0.04740561917424202
1230,0.002618262512524697,0.004405435174703598,0.048898343,0.06637345,0.9674187302589417,0.9427105188369751,0.032714683562517166,0.04405714571475983
1231,0.0024844702817393804,0.004294104874134064,0.04886226,0.06552942,0.9674667716026306,0.9441582560539246,0.032214198261499405,0.0440811812877655
1232,0.0019971823507644744,0.004584093578159809,0.04425855,0.067705944,0.9733083844184875,0.9403871893882751,0.030533278360962868,0.04519498348236084
1233,0.0019338788128648462,0.004304252564907074,0.042811017,0.0656068,0.9750258326530457,0.9440262913703918,0.029496170580387115,0.04533777013421059
1234,0.0035813159351660447,0.004432226996868849,0.059910715,0.066574976,0.9510909914970398,0.9423620700836182,0.03893269971013069,0.04585535451769829
1235,0.0028410451407332653,0.004696939140558243,0.0533052,0.06853422,0.961281418800354,0.938919723033905,0.03442348167300224,0.04639764502644539
1236,0.00204454875016712,0.004587420262396336,0.0449287,0.067730494,0.9724940061569214,0.9403439164161682,0.03172937408089638,0.04490157216787338
1237,0.0019374621161577206,0.004363699350506067,0.042942293,0.0660583,0.9748724102973938,0.9432532787322998,0.030220191925764084,0.04428413510322571
1238,0.0018148861060829156,0.004615870304405689,0.041860532,0.0679402,0.9761224389076233,0.9399739503860474,0.029630053788423538,0.04529963806271553
1239,0.0021324602408144115,0.0044669960625469685,0.04510926,0.06683559,0.9722724556922913,0.9419099688529968,0.030775615945458412,0.04523241147398949
1240,0.0024901061948515812,0.004671984352171421,0.046583463,0.06835192,0.9704305529594421,0.9392442107200623,0.030766500160098076,0.046251241117715836
1241,0.0036601867733142253,0.005085512530058622,0.060595606,0.07131278,0.949966311454773,0.9338666200637817,0.039493948221206665,0.05019286274909973
1242,0.0021439781941642814,0.004792234394699335,0.04647332,0.06922597,0.9705702066421509,0.9376804828643799,0.032149821519851685,0.04694388061761856
1243,0.0021357328064782037,0.004316338803619146,0.045838725,0.06569885,0.9713684320449829,0.9438691139221191,0.030511122196912766,0.044845499098300934
1244,0.001858644432187165,0.004485127981752157,0.042669494,0.0669711,0.9751906991004944,0.9416741728782654,0.029813870787620544,0.044312868267297745
1245,0.002064738304893994,0.00428526708856225,0.044661388,0.06546195,0.9728202819824219,0.9442732334136963,0.030583541840314865,0.04298705235123634
1246,0.00215694196628068,0.003908965270966291,0.046410214,0.06252172,0.9706500768661499,0.9491667151451111,0.03170696273446083,0.042979974299669266
1247,0.0018626194703921844,0.004442756995558739,0.040001344,0.06665401,0.9781963229179382,0.9422251582145691,0.027988633140921593,0.04425601661205292
1248,0.002899446659615602,0.004369561094790697,0.053350903,0.06610266,0.9612150192260742,0.9431770443916321,0.03638174757361412,0.04530377686023712
1249,0.0019417014766738496,0.0042535606771707535,0.044027694,0.06521933,0.9735861420631409,0.9446855187416077,0.029746204614639282,0.044272053986787796
1250,0.002112686713437804,0.0046486686915159225,0.045726247,0.06818115,0.9715087413787842,0.9395474195480347,0.030464911833405495,0.045047465711832047
1251,0.0017663163254672493,0.004701609723269939,0.041094106,0.06856829,0.9769887924194336,0.9388589859008789,0.028688298538327217,0.045047249644994736
1252,0.0018626612198369746,0.004531995393335819,0.04199953,0.06732009,0.9759636521339417,0.941064715385437,0.02844437211751938,0.044626474380493164
1253,0.0023034245797051963,0.0046244170516729355,0.04776944,0.06800307,0.9689057469367981,0.9398627877235413,0.03224606066942215,0.0439494326710701
1254,0.0016999264401172034,0.0043755280785262585,0.04105645,0.066147774,0.9770309329032898,0.9430994391441345,0.02892244979739189,0.04330102354288101
1255,0.0019329374587290329,0.0043647196143865585,0.041637264,0.06606603,0.976376473903656,0.9432399868965149,0.028465507552027702,0.043461523950099945
1256,0.0021338841642401267,0.004921105690300465,0.044513345,0.07015059,0.9730002284049988,0.9360045790672302,0.029004035517573357,0.04758300632238388
1257,0.014497372504344887,0.011345330625772476,0.12052294,0.10651446,0.802066445350647,0.8524621725082397,0.08381395787000656,0.07527518272399902
1258,0.008798911098644814,0.00860995426774025,0.094128296,0.092789836,0.8792685270309448,0.8880338072776794,0.063836008310318,0.06371871381998062
1259,0.005500997734171423,0.006613743491470814,0.07428419,0.08132493,0.9248077869415283,0.9139930605888367,0.04961959272623062,0.05685938522219658
1260,0.003848531119398434,0.005082542542368174,0.06176878,0.07129195,0.9480102062225342,0.9339052438735962,0.04298904165625572,0.04897299036383629
1261,0.0030978143913671374,0.00464912224560976,0.05497543,0.06818447,0.9588170647621155,0.9395415186882019,0.03681643307209015,0.046597518026828766
1262,0.0032355513857592914,0.004610751755535603,0.054780204,0.06790251,0.9591090679168701,0.9400405287742615,0.03806406259536743,0.04693455621600151
1263,0.0031622304178943687,0.005059280898422003,0.055052545,0.07112862,0.9587014317512512,0.9342077374458313,0.03678665682673454,0.046903133392333984
1264,0.002545900949784978,0.004353888798505068,0.049496595,0.065984,0.9666165709495544,0.9433808326721191,0.033886030316352844,0.04454279690980911
1265,0.0023431301312732762,0.004411121364682913,0.04613549,0.06641627,0.9709964990615845,0.9426365494728088,0.03220666944980621,0.044502828270196915
1266,0.0022648095751223577,0.00417841924354434,0.045879025,0.06464069,0.9713180661201477,0.9456626772880554,0.03197064995765686,0.0443563312292099
1267,0.0022891190733802928,0.004129935055971146,0.04554876,0.06426457,0.9717295169830322,0.9462931752204895,0.031012559309601784,0.044380635023117065
1268,0.0020308587528151375,0.004422452766448259,0.044790193,0.06650153,0.9726632833480835,0.9424892067909241,0.031018752604722977,0.043751608580350876
1269,0.002399772858056663,0.0046472796238958836,0.048394714,0.06817096,0.9680863618850708,0.9395654797554016,0.03260902315378189,0.045339182019233704
1270,0.0019478676589311692,0.004857001360505819,0.042124644,0.06969219,0.9758201837539673,0.9368382096290588,0.029295697808265686,0.0478331595659256
1271,0.008009291621750559,0.006936507765203714,0.08956976,0.083285704,0.8906791806221008,0.9097957611083984,0.058392297476530075,0.05764497444033623
1272,0.003083077111196789,0.005278071854263544,0.05530062,0.07265034,0.9583284258842468,0.931362509727478,0.03896347060799599,0.04920800030231476
1273,0.004574266108895906,0.00477907620370388,0.066805,0.06913087,0.9391868114471436,0.9378515481948853,0.04358423501253128,0.048106249421834946
1274,0.002876340250209482,0.004520319867879152,0.05357899,0.067233324,0.9608826637268066,0.9412165284156799,0.036002811044454575,0.04535933583974838
1275,0.0023731326245152477,0.004690064117312431,0.048867602,0.068484046,0.9674596786499023,0.9390091300010681,0.032806046307086945,0.04537808150053024
1276,0.002082686437378553,0.004543631337583065,0.045372434,0.06740646,0.971947968006134,0.9409133791923523,0.031384412199258804,0.04451506957411766
1277,0.0021294098379175093,0.004418518394231796,0.045666363,0.066471934,0.971583366394043,0.9425403475761414,0.031048433855175972,0.04482399672269821
1278,0.0018529086545723576,0.0042540752328932285,0.04223607,0.06522327,0.975692093372345,0.9446788430213928,0.029617775231599808,0.04406043514609337
1279,0.0017060110456606542,0.0042672655545175076,0.039713383,0.06532431,0.9785091280937195,0.9445073008537292,0.028174234554171562,0.04427202418446541
1280,0.001779419765543108,0.004154717084020376,0.04180048,0.064457096,0.9761909246444702,0.945970892906189,0.02862602099776268,0.043302975594997406
1281,0.004925875061995943,0.005481921602040529,0.0694883,0.07404,0.9342033863067627,0.9287115931510925,0.044090814888477325,0.04932006448507309
1282,0.003225405584089458,0.005325387232005596,0.05233268,0.07297525,0.9626813530921936,0.9307472109794617,0.03460807353258133,0.04771416634321213
1283,0.0020899224274961107,0.004449405707418919,0.045609523,0.06670386,0.9716540575027466,0.942138671875,0.03187566250562668,0.04385463893413544
1284,0.0021534511232113637,0.004365002736449242,0.04370605,0.066068165,0.9739706516265869,0.9432362914085388,0.030266940593719482,0.04391418769955635
1285,0.002262915799457749,0.005328008905053139,0.04557812,0.07299321,0.9716930389404297,0.9307131171226501,0.030811075121164322,0.04895642027258873
1286,0.004743461896644228,0.005003186874091625,0.06840846,0.07073321,0.9362324476242065,0.9349371790885925,0.043406419456005096,0.04734997823834419
1287,0.0026815446379425175,0.004652290139347315,0.049892914,0.068207696,0.966079831123352,0.9395003318786621,0.03336777910590172,0.046316757798194885
1288,0.0024247904207599772,0.004814642947167158,0.048854485,0.06938763,0.9674771428108215,0.937389075756073,0.03333622217178345,0.04644431173801422
1289,0.0024650549113919788,0.004426924977451563,0.04701977,0.06653514,0.9698740243911743,0.9424310326576233,0.03195244073867798,0.044835638254880905
1290,0.0025163338472008368,0.004459238611161709,0.04953918,0.066777535,0.966559112071991,0.9420108199119568,0.032301776111125946,0.0447109155356884
1291,0.0016640062385704368,0.0042478060349822044,0.040384002,0.06517519,0.9777771830558777,0.9447603821754456,0.028316691517829895,0.04311122000217438
1292,0.0021637405866799368,0.004201143514364958,0.04593523,0.06481623,0.9712477326393127,0.945367157459259,0.03101586177945137,0.04390041530132294
1293,0.002381408636045473,0.004467926453799009,0.04586866,0.06684255,0.971331000328064,0.9418978691101074,0.03078087419271469,0.0452495776116848
1294,0.002265870686228895,0.004552608821541071,0.047071997,0.067473024,0.9698070883750916,0.9407966136932373,0.031431782990694046,0.04526244476437569
1295,0.0018804121712243862,0.004657616838812828,0.04325449,0.06824674,0.9745057225227356,0.9394310712814331,0.029099954292178154,0.04439328610897064
1296,0.0023168513540771196,0.004771236330270767,0.047520556,0.06907414,0.9692288637161255,0.937953531742096,0.03152310475707054,0.04602431878447533
1297,0.002268188258643601,0.0049231210723519325,0.04778417,0.070164956,0.9688865542411804,0.935978353023529,0.03168410062789917,0.045147281140089035
1298,0.0020758168353826145,0.004500021226704121,0.04576203,0.0670822,0.9714641571044922,0.9414804577827454,0.030475875362753868,0.04465426877140999
1299,0.001634829520216127,0.004396407399326563,0.04008599,0.06630541,0.9781039953231812,0.9428279399871826,0.028772875666618347,0.04472604766488075
1300,0.0017527526413852518,0.004405902698636055,0.04160463,0.06637698,0.9764134883880615,0.942704439163208,0.028851671144366264,0.04408058896660805
1301,0.0024537455848820337,0.004205739125609398,0.044732142,0.06485167,0.9727341532707214,0.9453074336051941,0.02930251508951187,0.044338371604681015
1302,0.0025981328323144803,0.004287832882255316,0.046672054,0.06548154,0.9703179597854614,0.9442398548126221,0.03167956322431564,0.04324633628129959
1303,0.0024547896411439233,0.0046341330744326115,0.04918533,0.068074465,0.9670351147651672,0.9397364258766174,0.03133702278137207,0.04518240690231323
1304,0.0018362699907315387,0.004997954238206148,0.04232888,0.07069621,0.9755851626396179,0.9350051879882812,0.02821648307144642,0.04669962823390961
1305,0.003660339682193642,0.004831228870898485,0.060400598,0.06950704,0.9502878785133362,0.9371733665466309,0.03965422511100769,0.04662536457180977
1306,0.002239519911447794,0.005280188750475645,0.04485382,0.07266491,0.9725855588912964,0.9313349723815918,0.03096776269376278,0.04804503545165062
1307,0.002387903110833246,0.0043303221464157104,0.048421416,0.06580519,0.9680511951446533,0.9436873197555542,0.03256953880190849,0.04445675015449524
1308,0.0021751081010072744,0.004340945277363062,0.04613991,0.06588586,0.9709909558296204,0.9435491561889648,0.030318930745124817,0.04318513721227646
1309,0.0018733602787092836,0.004351992625743151,0.04295503,0.06596963,0.9748575091362,0.9434055089950562,0.029130514711141586,0.0436965748667717
1310,0.0017803154266651043,0.004681663122028112,0.041772936,0.068422675,0.9762222766876221,0.9391183853149414,0.02916439063847065,0.04440494626760483
1311,0.002001717984305949,0.004263979848474264,0.044632103,0.06529915,0.9728559255599976,0.9445500373840332,0.030066242441534996,0.04440249875187874
1312,0.0017594566888874397,0.004323318134993315,0.04102832,0.06575195,0.9770624041557312,0.943778395652771,0.028646789491176605,0.043824438005685806
1313,0.0017840410754698414,0.0040476080030202866,0.042220496,0.06362082,0.9757100343704224,0.9473637938499451,0.028473787009716034,0.04359259828925133
1314,0.00201231981521811,0.004354602191597223,0.042523455,0.065989405,0.9753602147102356,0.9433715343475342,0.028545241802930832,0.04412626102566719
1315,0.002481986743408594,0.004443829413503408,0.04876399,0.06666205,0.967597484588623,0.9422112107276917,0.03278600424528122,0.045409251004457474
1316,0.0019011866401838647,0.004340250510722399,0.04282228,0.065880574,0.9750126600265503,0.9435582160949707,0.03006184659898281,0.0437624566257
1317,0.0016702569409972057,0.004455511458218098,0.040504284,0.06674962,0.9776446223258972,0.9420592784881592,0.02879182994365692,0.043924152851104736
1318,0.0016861924549712885,0.003932406660169363,0.04090986,0.06270891,0.9771946668624878,0.9488618969917297,0.028233207762241364,0.04186607524752617
1319,0.0018267394149337304,0.0041093239560723305,0.039806627,0.064104006,0.9784080982208252,0.9465612173080444,0.027135923504829407,0.042806513607501984
1320,0.0022839004430517725,0.004854803904891014,0.0476139,0.06967642,0.9691078662872314,0.9368667602539062,0.031564146280288696,0.04492846131324768
1321,0.0020613622936335478,0.00469468766823411,0.04482403,0.0685178,0.9726219773292542,0.9389489889144897,0.03013589419424534,0.04697708040475845
1322,0.0017653702961979434,0.004262741655111313,0.041068517,0.06528967,0.9770174622535706,0.9445661306381226,0.029049856588244438,0.04453393071889877
1323,0.0016311182116623968,0.004465367179363966,0.040247608,0.06682341,0.9779270887374878,0.9419311285018921,0.02844001166522503,0.04493848234415054
1324,0.0016868928108703005,0.0044301045127213,0.039954938,0.06655903,0.9782469272613525,0.942389726638794,0.028377005830407143,0.04484923183917999
1325,0.0018492096966259521,0.004246439319103956,0.04282672,0.06516471,0.9750074744224548,0.9447781443595886,0.02975001558661461,0.04406716302037239
1326,0.001698030654965392,0.004307814873754978,0.040154234,0.06563395,0.9780293703079224,0.9439799785614014,0.02772403508424759,0.043748777359724045
1327,0.00198909220026425,0.0039945244789123535,0.042439576,0.063202254,0.9754573106765747,0.9480540752410889,0.028968606144189835,0.04293419420719147
1328,0.0023284724593395367,0.004463995341211557,0.04535893,0.06681314,0.9719646573066711,0.9419489502906799,0.0299718976020813,0.04546479508280754
1329,0.0024372272270160133,0.005364567041397095,0.04913721,0.07324321,0.9670996069908142,0.9302377104759216,0.03382173180580139,0.047957923263311386
1330,0.0035913000015584244,0.004890350624918938,0.05946836,0.06993104,0.9518105387687683,0.9364045262336731,0.03879094496369362,0.04709901660680771
1331,0.0019840033346554264,0.004425664898008108,0.042772867,0.06652567,0.9750702977180481,0.9424474239349365,0.02986784838140011,0.04506814479827881
1332,0.0020565545723498376,0.004368212074041367,0.04524941,0.066092454,0.9720999002456665,0.943194568157196,0.029929662123322487,0.04457952454686165
1333,0.0019407919608056545,0.004330392926931381,0.04054824,0.065805726,0.97759610414505,0.9436863660812378,0.02759379707276821,0.04463974013924599
1334,0.0020884093550690027,0.004289813339710236,0.045061152,0.06549667,0.9723315834999084,0.9442141056060791,0.030475374311208725,0.043675441294908524
1335,0.0021056283797158608,0.0042902762070298195,0.043878313,0.0655002,0.9737650752067566,0.9442080855369568,0.029650619253516197,0.0439012311398983
1336,0.0017598019886380907,0.005053551401942968,0.041520577,0.07108834,0.9765087366104126,0.9342822432518005,0.02927938662469387,0.045737896114587784
1337,0.0018390896743353965,0.004392830189317465,0.04227494,0.06627843,0.9756473302841187,0.9428744316101074,0.028556790202856064,0.04472682252526283
1338,0.0018981246354418215,0.004869440104812384,0.043249454,0.06978137,0.9745116829872131,0.9366764426231384,0.029430406168103218,0.04577459767460823
1339,0.0022165801796786995,0.004791587591171265,0.043807216,0.069221295,0.9738500118255615,0.9376888871192932,0.029987283051013947,0.04652987793087959
1340,0.002275139258761721,0.004628320224583149,0.04592069,0.068031766,0.971265971660614,0.9398120641708374,0.03019353374838829,0.04533381760120392
1341,0.0015453970977846025,0.004599396139383316,0.038914677,0.06781885,0.9793648719787598,0.9401881694793701,0.028130751103162766,0.045243117958307266
1342,0.0019891191517341545,0.004373899195343256,0.041474286,0.06613546,0.9765610694885254,0.9431205987930298,0.02840094454586506,0.044591788202524185
1343,0.002236905928425999,0.004491731058806181,0.04625192,0.06702038,0.9708499312400818,0.941588282585144,0.03176816552877426,0.044665366411209106
1344,0.001637134490672245,0.004243767820298672,0.04010079,0.06514421,0.9780877828598022,0.9448128938674927,0.028090769425034523,0.04275806248188019
1345,0.001458895581890829,0.004094140604138374,0.037955865,0.063985474,0.9803692102432251,0.9467586874961853,0.02725447341799736,0.04185023531317711
1346,0.0013617055427113717,0.00377159146592021,0.036763612,0.061413284,0.9815831184387207,0.9509531855583191,0.02524176985025406,0.0418253168463707
1347,0.0015276965859811753,0.004385885316878557,0.03845311,0.06622602,0.979851484298706,0.9429647326469421,0.026693079620599747,0.044221699237823486
1348,0.001683648649222133,0.004130489192903042,0.040058203,0.06426889,0.9781343340873718,0.9462859630584717,0.028346111997961998,0.04336082562804222
1349,0.003206858949852176,0.004665793385356665,0.053906538,0.06830661,0.9604029655456543,0.9393247365951538,0.03379281982779503,0.046447888016700745
1350,0.002051405135055327,0.004327814560383558,0.045361694,0.06578612,0.971961259841919,0.9437199234962463,0.03224310278892517,0.0450289286673069
1351,0.0013992536815666508,0.003558496944606304,0.03730285,0.05965314,0.9810388684272766,0.9537243247032166,0.026915809139609337,0.041396092623472214
1352,0.002539182575260797,0.0059659951366484165,0.040654935,0.077239856,0.97747802734375,0.9224165678024292,0.027029378339648247,0.04943215101957321
1353,0.002881807727548717,0.0038277730345726013,0.05393847,0.061869,0.9603559970855713,0.9502226114273071,0.03554993495345116,0.04273642227053642
1354,0.0016698394505180079,0.004109570756554604,0.040315717,0.064105935,0.9778522849082947,0.9465579986572266,0.02797890268266201,0.04318361356854439
1355,0.0022146250571081923,0.004292433150112629,0.044410158,0.065516666,0.9731252193450928,0.9441800117492676,0.029834173619747162,0.04516366124153137
1356,0.0017361393798968163,0.003994235768914223,0.041404665,0.06319997,0.9766396880149841,0.9480578303337097,0.029912788420915604,0.04210516810417175
1357,0.0014845231754324313,0.004343387670814991,0.03842853,0.06590439,0.979877233505249,0.9435173869132996,0.0270913764834404,0.04547461122274399
1358,0.006018717680655589,0.004727045074105263,0.0772007,0.06875351,0.9187875390052795,0.9385281801223755,0.05140430107712746,0.049275875091552734
1359,0.002521109505323693,0.004421686287969351,0.050094124,0.06649576,0.96580570936203,0.9424991607666016,0.03463734686374664,0.04448099434375763
1360,0.0021352537217105487,0.004092829301953316,0.04475373,0.06397522,0.9727078080177307,0.9467757344245911,0.029995108023285866,0.04447759687900543
1361,0.0024724777798507025,0.004287282004952431,0.048838075,0.06547734,0.9674989581108093,0.9442470073699951,0.03278570622205734,0.044631198048591614
1362,0.0023060646040407432,0.004467169288545847,0.046557058,0.066836886,0.9704640507698059,0.9419077038764954,0.031333018094301224,0.04486941173672676
1363,0.0032050257194152273,0.004332592245191336,0.05599407,0.06582242,0.9572767615318298,0.9436577558517456,0.03718354552984238,0.045083243399858475
1364,0.002367656595941464,0.004759409464895725,0.048594337,0.06898847,0.9678225517272949,0.9381073117256165,0.03287821263074875,0.0469103567302227
1365,0.0018385722955413671,0.004221368581056595,0.043115865,0.06497206,0.9746688604354858,0.94510418176651,0.029734358191490173,0.04467074200510979
1366,0.0018109738765898246,0.004459134303033352,0.040936925,0.06677675,0.9771645069122314,0.9420121908187866,0.028530718758702278,0.04433823749423027
1367,0.0016486211296234449,0.004253620747476816,0.04015536,0.06521979,0.9780281186103821,0.9446847438812256,0.028328245505690575,0.043629832565784454
1368,0.0017120865430280735,0.004170266445726156,0.04029235,0.0645776,0.9778779745101929,0.9457687139511108,0.028373247012495995,0.04275355860590935
1369,0.0019387145995014262,0.004237828776240349,0.044199403,0.065098606,0.9733797311782837,0.9448900818824768,0.030254816636443138,0.042986754328012466
1370,0.0018290944968942892,0.004372095223516226,0.04119542,0.066121824,0.9768751859664917,0.9431440830230713,0.028078798204660416,0.04406514763832092
1371,0.0015219030981163748,0.00426327483728528,0.039066374,0.06529376,0.9792037010192871,0.9445592164993286,0.027261896058917046,0.043671052902936935
1372,0.0016870133602589538,0.004009690601378679,0.040525284,0.06332211,0.9776214361190796,0.9478569030761719,0.0274947676807642,0.04191182553768158
1373,0.0016117496707011014,0.0046555399894714355,0.038662326,0.06823152,0.9796316623687744,0.9394580721855164,0.026993010193109512,0.04442329332232475
1374,0.0017144729870117524,0.0039636422879993916,0.040603623,0.062957466,0.977534830570221,0.9484556913375854,0.02909027226269245,0.041378751397132874
1375,0.001788160898616876,0.004157559480518103,0.04055952,0.06447914,0.9775835871696472,0.9459339380264282,0.028192728757858276,0.043687913566827774
1376,0.002049226825792258,0.005014809314161539,0.04402514,0.07081532,0.9735891819000244,0.9347860217094421,0.029293524101376534,0.04485080763697624
1377,0.002535885681440546,0.004346842877566814,0.04970149,0.06593059,0.966339647769928,0.9434724450111389,0.03356403112411499,0.04469551891088486
1378,0.001725370048502968,0.004237194079905748,0.04152173,0.06509373,0.9765074253082275,0.9448983669281006,0.02872563526034355,0.042836472392082214
1379,0.0017719779941465029,0.004117645788937807,0.04082398,0.06416888,0.9772903323173523,0.9464529752731323,0.02842993475496769,0.043806955218315125
1380,0.0017292555381903765,0.004386533051729202,0.04095998,0.06623091,0.9771387577056885,0.9429563283920288,0.028415966778993607,0.04460373893380165
1381,0.004617245989555324,0.005119056906551123,0.06785876,0.07154758,0.9372531175613403,0.9334303736686707,0.04367219656705856,0.04880350083112717
1382,0.002251064558301798,0.004433585796505213,0.046612687,0.066585176,0.9703934192657471,0.9423444271087646,0.032150134444236755,0.04478529095649719
1383,0.002250853245972063,0.004525795578956604,0.04625843,0.067274034,0.9708417057991028,0.9411453008651733,0.03066590428352356,0.04669447988271713
1384,0.0022422815911175512,0.004546136595308781,0.04625907,0.06742504,0.9708409309387207,0.9408807754516602,0.030291711911559105,0.04522181674838066
1385,0.0019675357034429908,0.004391714930534363,0.044546127,0.066270016,0.9729604125022888,0.9428889155387878,0.029671624302864075,0.04359012097120285
1386,0.0020102093430151317,0.004071028437465429,0.044532143,0.06380461,0.9729773998260498,0.9470592141151428,0.02928382344543934,0.04286004975438118
1387,0.001552635783975182,0.003959871828556061,0.038915996,0.062927514,0.9793635010719299,0.9485047459602356,0.02742411196231842,0.042695146054029465
1388,0.001835818890619769,0.004057413432747126,0.040247433,0.06369783,0.9779272675514221,0.9472362995147705,0.02726115472614765,0.04288293793797493
1389,0.001673506377053193,0.004175532143563032,0.040654328,0.064618364,0.9774786829948425,0.9457002282142639,0.028102077543735504,0.04247294366359711
1390,0.0016641901840392331,0.0038192064967006445,0.037880305,0.06179973,0.9804472923278809,0.9503339529037476,0.026473866775631905,0.04196752980351448
1391,0.0019309128706068309,0.003946912940591574,0.043452002,0.062824465,0.9742723703384399,0.9486732482910156,0.029245398938655853,0.04332079365849495
1392,0.0018368123445808042,0.004092230927199125,0.042059578,0.06397055,0.9758948683738708,0.9467834830284119,0.028518004342913628,0.042755234986543655
1393,0.0019049510023747148,0.003927465528249741,0.042887222,0.0626695,0.974936842918396,0.9489261507987976,0.028357723727822304,0.04209410771727562
1394,0.0016572091156955469,0.00383359519764781,0.04079839,0.06191604,0.9773188233375549,0.9501468539237976,0.02845524437725544,0.041462142020463943
1395,0.001863454386528412,0.003900866024196148,0.040979583,0.062456917,0.9771168828010559,0.9492720365524292,0.026923246681690216,0.04171863943338394
1396,0.001972435283030129,0.003982416819781065,0.043753363,0.063106395,0.9739142656326294,0.9482115507125854,0.030240517109632492,0.04309837147593498
1397,0.0017612489517143165,0.004298980347812176,0.040465027,0.065566614,0.9776879549026489,0.9440948963165283,0.028266895562410355,0.043715476989746094
1398,0.001642984066909941,0.004120063502341509,0.03982482,0.06418772,0.9783883690834045,0.9464215636253357,0.026789821684360504,0.04300938546657562
1399,0.0017387534383239902,0.0037334130611270666,0.039484635,0.061101664,0.9787560105323792,0.9514496922492981,0.027544209733605385,0.040768977254629135
1400,0.0021377008471807294,0.004125227220356464,0.046124168,0.06422793,0.9710107445716858,0.9463543891906738,0.031920261681079865,0.04311779513955116
1401,0.0017979712296933444,0.0044173263013362885,0.042024493,0.06646297,0.9759350419044495,0.942555844783783,0.0288202166557312,0.04418928548693657
1402,0.0016709255102217537,0.0037692587357014418,0.039587148,0.06139429,0.9786455631256104,0.9509835243225098,0.027735991403460503,0.042024221271276474
1403,0.0016274439483161339,0.0037855205591768026,0.039789278,0.06152658,0.9784269332885742,0.9507720470428467,0.027824776247143745,0.04212725907564163
1404,0.001665645559445362,0.0037220637314021587,0.04041637,0.06100872,0.977741539478302,0.951597273349762,0.02774803340435028,0.041014429181814194
1405,0.0013901046384655108,0.0040935189463198185,0.03631753,0.06398062,0.9820273518562317,0.94676673412323,0.025886494666337967,0.04254479333758354
1406,0.0013264302436833862,0.004174136556684971,0.035789914,0.06460756,0.9825457334518433,0.9457184076309204,0.025825191289186478,0.0432138592004776
1407,0.0015436009601795706,0.003968268632888794,0.038330648,0.0629942,0.9799796342849731,0.9483955502510071,0.026982158422470093,0.04301367327570915
1408,0.0021295192021749576,0.004283889662474394,0.043446716,0.065451436,0.9742786288261414,0.9442911148071289,0.02858690544962883,0.044021401554346085
1409,0.00244738619949203,0.00441089877858758,0.04616826,0.0664146,0.9709553122520447,0.9426394701004028,0.03049246221780777,0.04411020129919052
1410,0.0022904060196279634,0.003940568305552006,0.045169882,0.06277394,0.9721978902816772,0.9487557411193848,0.029616666957736015,0.04226978123188019
1411,0.0018122399699429727,0.004262590315192938,0.04154525,0.065288514,0.9764807820320129,0.9445680975914001,0.028015153482556343,0.043259501457214355
1412,0.0018292539567813617,0.0042933509685099125,0.04004051,0.06552367,0.978153645992279,0.9441680908203125,0.028205769136548042,0.045261628925800323
1413,0.0018836512833579698,0.003874340793117881,0.041405197,0.062244203,0.9766390919685364,0.9496170282363892,0.028187250718474388,0.04238909110426903
1414,0.0014360238909086381,0.00414226483553648,0.037941553,0.06436043,0.9803839921951294,0.9461328387260437,0.026851505041122437,0.04345334693789482
1415,0.0016083936008561234,0.004044662229716778,0.039028037,0.063597664,0.9792444705963135,0.9474021196365356,0.026465995237231255,0.04218166694045067
1416,0.0016039335592226548,0.004119587130844593,0.03931549,0.06418401,0.9789376258850098,0.9464277625083923,0.027922946959733963,0.04361443966627121
1417,0.0017618085482602262,0.004195129498839378,0.0382276,0.06476982,0.9800871014595032,0.9454453587532043,0.02600090764462948,0.043366167694330215
1418,0.0018102466300743717,0.003955916501581669,0.040664632,0.06289607,0.9774672985076904,0.9485561847686768,0.02752225287258625,0.042476359754800797
1419,0.00186640078027267,0.004531467333436012,0.042747382,0.067316175,0.975100040435791,0.9410715699195862,0.02885245531797409,0.04571962729096413
1420,0.0016544380368114535,0.00412580743432045,0.040659066,0.06423245,0.9774734377861023,0.9463468790054321,0.02812204137444496,0.04403876140713692
1421,0.0025555454168087717,0.004826830234378576,0.042530872,0.06947539,0.9753516316413879,0.9372305870056152,0.027243515476584435,0.04590965434908867
1422,0.0030425076640147545,0.004304306581616402,0.052823864,0.06560721,0.9619775414466858,0.9440256357192993,0.03457048907876015,0.04510054737329483
1423,0.0025161244279429825,0.004222013987600803,0.0449747,0.06497703,0.9724376201629639,0.9450957775115967,0.03043428808450699,0.04402871057391167
1424,0.0018758710582253777,0.0037497272714972496,0.041428342,0.06123502,0.9766129851341248,0.9512374997138977,0.028733788058161736,0.04184534400701523
1425,0.001858388945534402,0.0050862994976341724,0.04062664,0.0713183,0.9775093793869019,0.9338563680648804,0.028399312868714333,0.048610933125019073
1426,0.006525149296397682,0.00590108335018158,0.0811339,0.07681851,0.9103015661239624,0.9232606887817383,0.05242043361067772,0.05240649729967117
1427,0.003091415832221339,0.004922823514789343,0.055065848,0.07016283,0.9586814641952515,0.9359822273254395,0.03764314204454422,0.047260526567697525
1428,0.0021522293126591567,0.004693926777690649,0.04571311,0.06851223,0.9715251326560974,0.9389588832855225,0.031622424721717834,0.04497271776199341
1429,0.0023054372908187693,0.004554935730993748,0.045405623,0.06749026,0.9719069004058838,0.9407663941383362,0.031876496970653534,0.04505589231848717
1430,0.002403538750844415,0.004190566949546337,0.04793888,0.064734586,0.968684732913971,0.9455047249794006,0.03170536831021309,0.043824199587106705
1431,0.0018166864452227442,0.004270527977496386,0.04245595,0.06534927,0.9754383563995361,0.9444648623466492,0.02914212830364704,0.042945295572280884
1432,0.0019050445553148165,0.0044420454651117325,0.0427404,0.06664867,0.9751081466674805,0.9422343969345093,0.028848499059677124,0.044394511729478836
1433,0.0015480032571676102,0.004012656398117542,0.039175116,0.06334553,0.979087769985199,0.9478182792663574,0.027568617835640907,0.04252595081925392
1434,0.0017050304913110185,0.0037348633632063866,0.04068688,0.06111353,0.9774426221847534,0.9514307975769043,0.028283027932047844,0.04252086579799652
1435,0.0016347670620730655,0.004036291968077421,0.04046574,0.063531816,0.9776871800422668,0.9475109577178955,0.02762388251721859,0.0436226911842823
1436,0.0016726819263898176,0.0044432166032493114,0.040579613,0.06665746,0.9775614142417908,0.9422191977500916,0.0277366004884243,0.04442055895924568
1437,0.0018073104716181247,0.004407080821692944,0.0401458,0.06638585,0.9780386090278625,0.9426891207695007,0.027406318113207817,0.04560204967856407
1438,0.0018643316024364058,0.0043231588788330555,0.041393626,0.06575073,0.9766521453857422,0.9437804222106934,0.02813219651579857,0.043062373995780945
1439,0.001751707895891741,0.0037693658377975225,0.04055827,0.061395165,0.977584958076477,0.9509821534156799,0.02728615142405033,0.0430842824280262
1440,0.001803010471948338,0.004302052780985832,0.04240239,0.06559004,0.9755002856254578,0.944054901599884,0.029256029054522514,0.04457031190395355
1441,0.0014653047163102945,0.003804350271821022,0.03817419,0.06167942,0.9801427125930786,0.9505271911621094,0.026929453015327454,0.04244176298379898
1442,0.0014260109746828675,0.0037241801619529724,0.037565127,0.06102606,0.9807713031768799,0.9515697360038757,0.026435984298586845,0.04202341288328171
1443,0.001504028382689946,0.003960803151130676,0.038184654,0.06293491,0.9801318645477295,0.9484926462173462,0.026672201231122017,0.041950348764657974
1444,0.0014557379882634532,0.0035403973888605833,0.038144846,0.05950124,0.9801732301712036,0.9539597034454346,0.026124650612473488,0.04048573225736618
1445,0.0017053902358218859,0.003910867031663656,0.038917962,0.062536925,0.9793614149093628,0.9491419792175293,0.02634211629629135,0.04267995432019234
1446,0.0020557623978344386,0.004468205850571394,0.044624113,0.06684464,0.972865641117096,0.9418942332267761,0.027493581175804138,0.04544059559702873
1447,0.0019233598101312634,0.0037211335729807615,0.042570844,0.061001096,0.9753052592277527,0.9516093730926514,0.02801874652504921,0.04147273674607277
1448,0.001424409933282401,0.0039717573672533035,0.03691651,0.06302188,0.9814295768737793,0.948350191116333,0.026280172169208527,0.042379193007946014
1449,0.002098639983821406,0.003748358925804496,0.040938444,0.061223846,0.977162778377533,0.9512553215026855,0.027433646842837334,0.042518578469753265
1450,0.002761135436065326,0.004042196087539196,0.047292877,0.06357827,0.9695230722427368,0.9474341869354248,0.030436921864748,0.043801143765449524
1451,0.0021050548120084304,0.004225797485560179,0.044604026,0.06500614,0.9728900790214539,0.9450465440750122,0.030489685013890266,0.04393113777041435
1452,0.001604204191773368,0.003815797856077552,0.039859094,0.061772145,0.9783511161804199,0.9503782987594604,0.0272282175719738,0.04255827143788338
1453,0.001538287288646891,0.004221014212816954,0.038645778,0.06496933,0.9796490669250488,0.9451087713241577,0.026605751365423203,0.044401925057172775
1454,0.0015701186560115523,0.003962983377277851,0.03954835,0.06295223,0.9786874055862427,0.9484642744064331,0.027628915384411812,0.04215859994292259
1455,0.001340092235213061,0.0038002694491297007,0.03558543,0.061646324,0.9827446341514587,0.9505802392959595,0.025566453114151955,0.04119259864091873
1456,0.001405072910446589,0.0038944792468100786,0.03691825,0.062405765,0.9814278483390808,0.9493551254272461,0.02578684128820896,0.041602786630392075
1457,0.0016649717158129947,0.004306822083890438,0.039392658,0.06562638,0.9788548350334167,0.9439929127693176,0.026993393898010254,0.04396732151508331
1458,0.0017650371764003385,0.003720448585227132,0.04080737,0.060995486,0.9773088097572327,0.9516182541847229,0.028015457093715668,0.04160402715206146
1459,0.0016182455146918073,0.0041907248087227345,0.03992415,0.06473581,0.9782804250717163,0.9455026388168335,0.02726379595696926,0.042680054903030396
1460,0.0013325025740248914,0.004270671401172876,0.036388356,0.065350376,0.9819571375846863,0.9444630146026611,0.02557346038520336,0.04273131117224693
1461,0.0014015904929361898,0.003974021878093481,0.037394755,0.06303985,0.980945348739624,0.948320746421814,0.025948701426386833,0.043507035821676254
1462,0.0017634492145258594,0.0037185363471508026,0.039196532,0.060979806,0.9790648818016052,0.9516431093215942,0.026492077857255936,0.041364528238773346
1463,0.00150234274439175,0.0036662148777395487,0.03841239,0.060549278,0.9798941612243652,0.9523235559463501,0.026720477268099785,0.04178774356842041
1464,0.0013209222524892539,0.0040480694733560085,0.036053192,0.06362444,0.9822880029678345,0.9473577737808228,0.02568274736404419,0.042804423719644547
1465,0.001190361906827258,0.0038215271197259426,0.03424068,0.061818503,0.9840241074562073,0.9503037929534912,0.024286355823278427,0.04212510213255882
1466,0.001578398994752206,0.003743676235899329,0.039056115,0.061185583,0.979214608669281,0.951316237449646,0.02597362920641899,0.04156024754047394
1467,0.0016545721141896634,0.003988612908869982,0.03951423,0.063155465,0.9787241220474243,0.9481309652328491,0.02698024921119213,0.04101176559925079
1468,0.0014410961951150305,0.003824106650426984,0.037516072,0.06183936,0.9808214902877808,0.9502702355384827,0.026749713346362114,0.04282353073358536
1469,0.0017863696147370238,0.0035773504059761763,0.038275763,0.059810963,0.9800369143486023,0.9534791111946106,0.0265207476913929,0.04139477387070656
1470,0.001793916613678448,0.0041724080219864845,0.041565172,0.06459418,0.9764581918716431,0.9457408785820007,0.028610218316316605,0.042959801852703094
1471,0.0019504970140670512,0.0038759170565754175,0.043975353,0.06225687,0.9736489057540894,0.9495965242385864,0.0289832204580307,0.04170326516032219
1472,0.0017273663450561633,0.003889818210154772,0.040975336,0.0623684,0.9771216511726379,0.9494157433509827,0.027746934443712234,0.04174206033349037
1473,0.0016139742629920047,0.003479349659755826,0.039217606,0.058986016,0.9790423512458801,0.954753577709198,0.026727821677923203,0.040411122143268585
1474,0.001826421976809136,0.003924054559320211,0.04203468,0.06264228,0.9759233593940735,0.9489704966545105,0.027403682470321655,0.04267534986138344
1475,0.0014140532664235004,0.003644318552687764,0.037420154,0.06036819,0.9809194207191467,0.9526082873344421,0.026528270915150642,0.03994417190551758
1476,0.0016480846984036775,0.004207173828035593,0.03997192,0.06486273,0.9782283902168274,0.9452887773513794,0.026760300621390343,0.0426902174949646
1477,0.0013672280884665352,0.0044732047244906425,0.036185388,0.06688202,0.9821578860282898,0.9418292045593262,0.026052383705973625,0.04393911734223366
1478,0.0015247906055513092,0.003748425981029868,0.03865662,0.061224394,0.9796376824378967,0.9512544274330139,0.025934988632798195,0.040424004197120667
1479,0.0011413367438680407,0.003365212120115757,0.033249337,0.058010448,0.9849358201026917,0.9562378525733948,0.024285776540637016,0.0401260070502758
1480,0.0013703080092620273,0.0038219052366912365,0.035661325,0.06182156,0.9826709628105164,0.9502989053726196,0.02542530931532383,0.041042279452085495
1481,0.0014107443381693554,0.003633930115029216,0.036391765,0.060282093,0.9819537997245789,0.9527433514595032,0.025984814390540123,0.04089852422475815
1482,0.0020187767447416923,0.004434800706803799,0.04204587,0.0665943,0.9759105443954468,0.9423286318778992,0.02801552787423134,0.04644893482327461
1483,0.002421888727853498,0.004356738645583391,0.045863956,0.066005595,0.9713369011878967,0.9433437585830688,0.03006010688841343,0.044428739696741104
1484,0.0016460333493093706,0.00408443296328187,0.03963051,0.063909575,0.9785987138748169,0.9468848705291748,0.027193289250135422,0.04347800835967064
1485,0.0017586402536835521,0.003780749859288335,0.03902976,0.0614878,0.9792426824569702,0.9508340954780579,0.026682721450924873,0.04184768721461296
1486,0.0016922188713744451,0.003846473293378949,0.040865276,0.062019944,0.9772443771362305,0.9499794244766235,0.029246501624584198,0.04149708151817322
1487,0.0014877431451829827,0.004237926099449396,0.03835684,0.06509936,0.9799522161483765,0.9448888301849365,0.026229819282889366,0.04374418035149574
1488,0.005614539550151676,0.005597292445600033,0.07531422,0.07481506,0.9227080941200256,0.9272112846374512,0.04908719286322594,0.05119160935282707
1489,0.0023863341749264773,0.0050350637175142765,0.047704097,0.07095819,0.9689907431602478,0.9345226287841797,0.03262455761432648,0.046846840530633926
1490,0.0018623521186369048,0.0038351560942828655,0.043129873,0.061928637,0.9746524095535278,0.950126588344574,0.030882278457283974,0.04210078716278076
1491,0.0015271021587647158,0.004347990732640028,0.03893264,0.06593929,0.9793457984924316,0.9434575438499451,0.026930470019578934,0.042103610932826996
1492,0.0015550637578020212,0.00389533257111907,0.038472906,0.0624126,0.9798307418823242,0.9493440389633179,0.026516839861869812,0.04158524423837662
1493,0.001782846447895281,0.003970575053244829,0.039558608,0.063012496,0.9786763191223145,0.9483655691146851,0.027041079476475716,0.042927857488393784
1494,0.001672734737935984,0.0039349514991045,0.03844302,0.062729195,0.9798620343208313,0.9488288164138794,0.026951495558023453,0.042112525552511215
1495,0.0018312610270434313,0.0043706814758479595,0.04210788,0.06611113,0.9758394360542297,0.9431624412536621,0.028293676674365997,0.04263754561543465
1496,0.0014481025163232434,0.0037821605801582336,0.036295213,0.06149927,0.9820494055747986,0.950815737247467,0.0259453933686018,0.04247329756617546
1497,0.0021935837708455933,0.00392188923433423,0.04491879,0.06262499,0.9725061058998108,0.9489986896514893,0.029251856729388237,0.04228762537240982
1498,0.002023594685438597,0.0043108188547194,0.044003405,0.065656826,0.973615288734436,0.9439409375190735,0.029744792729616165,0.042593952268362045
1499,0.0016659385635813867,0.0038069349247962236,0.040244173,0.061700366,0.9779308438301086,0.950493574142456,0.028224047273397446,0.04142986983060837
1500,0.0016864808593791995,0.003908638376742601,0.041231494,0.0625191,0.9768346548080444,0.9491710066795349,0.027649644762277603,0.04215502738952637
1501,0.0012856907487730496,0.003933574538677931,0.035538457,0.06271821,0.9827901721000671,0.948846697807312,0.024972472339868546,0.04303833842277527
1502,0.0015051535447128117,0.004235516767948866,0.037827287,0.06508085,0.9805020093917847,0.9449201822280884,0.026116056367754936,0.04207540303468704
1503,0.0018998309308451346,0.004554241430014372,0.04077346,0.06748512,0.9773464798927307,0.9407753944396973,0.026606174185872078,0.04436950385570526
1504,0.002463746206062338,0.0043204897083342075,0.047346752,0.06573043,0.9694535732269287,0.9438151717185974,0.03240596503019333,0.044739577919244766
1505,0.0019201834617309612,0.004124382045120001,0.043831795,0.06422135,0.973820686340332,0.9463654160499573,0.029728936031460762,0.04340411722660065
1506,0.0016585189349081536,0.004058704245835543,0.038157128,0.06370796,0.9801604747772217,0.9472194910049438,0.026870112866163254,0.043392524123191833
1507,0.00201993264966983,0.0038492463063448668,0.043490387,0.062042296,0.9742268919944763,0.9499433636665344,0.029436346143484116,0.04207039996981621
1508,0.0018088308213257485,0.004185083322227001,0.04052792,0.06469222,0.9776185154914856,0.945576012134552,0.027391748502850533,0.04350227862596512
1509,0.0018356516573641618,0.004388110712170601,0.041231234,0.06624282,0.9768349528312683,0.9429358243942261,0.027594156563282013,0.04566890746355057
1510,0.0019660906175638297,0.004177430644631386,0.04227687,0.06463306,0.975645124912262,0.9456755518913269,0.028783975169062614,0.04352252930402756
1511,0.00187218620240773,0.0041976566426455975,0.04308556,0.064789325,0.9747045040130615,0.9454125165939331,0.029102912172675133,0.04376945644617081
1512,0.0018901663610119033,0.0039777373895049095,0.041168354,0.06306931,0.9769055843353271,0.9482724070549011,0.028189780190587044,0.0435364730656147
1513,0.0017351150428029623,0.0044490741565823555,0.04088861,0.06670138,0.9772183895111084,0.9421430230140686,0.028065072372555733,0.044611815363168716
1514,0.0036333492105107075,0.004658988676965237,0.059664298,0.06825679,0.9514924883842468,0.9394132494926453,0.03924226760864258,0.044978417456150055
1515,0.002192787545606155,0.004065090324729681,0.045443244,0.06375806,0.9718603491783142,0.9471364617347717,0.030538322404026985,0.0436650887131691
1516,0.0018272809869482774,0.004212594591081142,0.040258966,0.0649045,0.977914571762085,0.9452182650566101,0.027785776183009148,0.04355599358677864
1517,0.001560767179894769,0.004056798759847879,0.03845307,0.063693,0.9798515439033508,0.9472442865371704,0.02645563706755638,0.04304627701640129
1518,0.0016357022964670746,0.004221027716994286,0.04026356,0.064969435,0.9779095649719238,0.9451085925102234,0.027699297294020653,0.04257963225245476
1519,0.0014138665283098817,0.00392107805237174,0.03534241,0.06261852,0.9829794764518738,0.9490092396736145,0.02481304481625557,0.04145720973610878
1520,0.0015139166789595038,0.003929825499653816,0.038389895,0.06268831,0.9799177050590515,0.9488954544067383,0.026587922126054764,0.04191425442695618
1521,0.0016644019752592694,0.004175395704805851,0.040241715,0.0646173,0.9779335260391235,0.9457020163536072,0.02782781980931759,0.042751412838697433
1522,0.0016242075282868675,0.004275434650480747,0.039430335,0.06538681,0.9788143634796143,0.9444010853767395,0.026818590238690376,0.04402882605791092
1523,0.0017152469398834828,0.0037709351163357496,0.041326325,0.06140794,0.9767280220985413,0.950961709022522,0.02709309384226799,0.042199261486530304
1524,0.0014820952293865214,0.004244988318532705,0.0376642,0.06515358,0.9806697368621826,0.9447969794273376,0.026082590222358704,0.04277642071247101
1525,0.0014176282367605547,0.00373100652359426,0.037043683,0.061081965,0.9813014268875122,0.9514809846878052,0.02580747753381729,0.041037771850824356
1526,0.0016771005056480963,0.003775601275265217,0.037944455,0.06144592,0.9803810119628906,0.9509010314941406,0.025114966556429863,0.04119362682104111
1527,0.0019629454023247076,0.0038855699822306633,0.044272013,0.06233434,0.9732921719551086,0.9494709968566895,0.029670946300029755,0.04197314381599426
1528,0.0016754007242111998,0.003946204669773579,0.039901227,0.062818825,0.9783053398132324,0.9486824870109558,0.027087034657597542,0.041672561317682266
1529,0.0018969742351063442,0.00432750815525651,0.042989116,0.0657838,0.9748175740242004,0.9437239170074463,0.028484130278229713,0.04396100342273712
1530,0.0018110191409835932,0.004144242033362389,0.042502686,0.06437579,0.9753842353820801,0.9461071491241455,0.0276494137942791,0.042148739099502563
1531,0.0016038941883545538,0.0041314843110740185,0.038556434,0.06427662,0.9797430634498596,0.9462730288505554,0.02725370228290558,0.043198663741350174
1532,0.0018497212387790735,0.004006796982139349,0.043073077,0.06329927,0.9747191667556763,0.9478945136070251,0.028534486889839172,0.043579649180173874
1533,0.0015254226918014783,0.0038624994922429323,0.03834944,0.062149014,0.9799599647521973,0.949770987033844,0.02695794217288494,0.041738227009773254
1534,0.001481101120589301,0.004356692545115948,0.03762733,0.06600525,0.980707585811615,0.9433443546295166,0.026676958426833153,0.043934982270002365
1535,0.0035855881896250967,0.003936959430575371,0.060026523,0.06274519,0.9509016871452332,0.9488027095794678,0.0384356714785099,0.0440971665084362
1536,0.00223719740064222,0.003908789716660976,0.04700931,0.06252032,0.9698874354362488,0.9491690397262573,0.03130122646689415,0.04374577850103378
1537,0.0016886480496561323,0.003784227417781949,0.040781736,0.06151608,0.9773373007774353,0.9507888555526733,0.028917770832777023,0.04163604974746704
1538,0.0015290653087008236,0.004036720842123032,0.03837164,0.06353519,0.9799367785453796,0.9475053548812866,0.026154356077313423,0.042943380773067474
1539,0.0016500620483632454,0.0041076610796153545,0.038666658,0.064091034,0.9796270728111267,0.9465828537940979,0.027017686516046524,0.04255472496151924
1540,0.0016575563786318526,0.003931219689548016,0.040369883,0.062699445,0.9777927398681641,0.9488773345947266,0.027433957904577255,0.04253346472978592
1541,0.002013622989497063,0.004695821087807417,0.044699475,0.06852606,0.9727739095687866,0.9389342665672302,0.029909685254096985,0.04622330144047737
1542,0.001676498670183884,0.00377069553360343,0.03937574,0.06140599,0.9788730144500732,0.9509648084640503,0.02726997248828411,0.0421268604695797
1543,0.0018259209358472037,0.003910343628376722,0.041763,0.06253274,0.9762336015701294,0.9491488337516785,0.027510877698659897,0.04217309132218361
1544,0.001445446932021613,0.003728022798895836,0.037895318,0.061057538,0.9804317951202393,0.951519787311554,0.02617248333990574,0.041668228805065155
1545,0.002178938389988616,0.004067299421876669,0.04026719,0.06377538,0.9779055714607239,0.94710773229599,0.026805106550455093,0.04397078603506088
1546,0.0016884660726645961,0.00403627660125494,0.04088424,0.0635317,0.9772232174873352,0.9475111365318298,0.02792627364397049,0.04289716109633446
1547,0.001525248867851174,0.0039245691150426865,0.03817411,0.06264638,0.9801428318023682,0.9489638209342957,0.026196254417300224,0.041729580610990524
1548,0.0016354383842553943,0.0038800218608230352,0.040197603,0.062289823,0.9779818654060364,0.9495431184768677,0.027734944596886635,0.041589342057704926
1549,0.0014463003436420959,0.003620919305831194,0.035196595,0.060174074,0.9831196665763855,0.9529125690460205,0.024493802338838577,0.040588442236185074
1550,0.0013527347658633846,0.0037811887450516224,0.036087614,0.061491374,0.982254147529602,0.9508283734321594,0.025552110746502876,0.04172345623373985
1551,0.0012691464521181347,0.0035516018979251385,0.033801906,0.05959532,0.9844309091567993,0.9538139700889587,0.02413402870297432,0.04002987593412399
1552,0.0011728979139165444,0.0037523668725043535,0.034099635,0.061256565,0.9841554760932922,0.9512031674385071,0.024254310876131058,0.04060943052172661
1553,0.0013004995430078866,0.0036469444166868925,0.03547701,0.06038994,0.9828495979309082,0.9525741338729858,0.025110596790909767,0.04089970886707306
1554,0.001337606778675267,0.0037071150727570057,0.036407918,0.060886085,0.9819377660751343,0.9517916440963745,0.024974966421723366,0.041266776621341705
1555,0.0012900644545549187,0.0037681579124182463,0.035766177,0.061385326,0.9825688600540161,0.9509978294372559,0.024671025574207306,0.040298912674188614
1556,0.001331438117300753,0.0036569649819284678,0.034544498,0.060472846,0.9837393760681152,0.9524438381195068,0.024449028074741364,0.040616024285554886
1557,0.0013952932905257594,0.0037992442958056927,0.036781352,0.061638013,0.9815653562545776,0.9505935907363892,0.02505171298980713,0.04202989116311073
1558,0.0016370936064049602,0.0038338867016136646,0.03979524,0.06191839,0.9784204363822937,0.9501430988311768,0.02728787250816822,0.041854385286569595
1559,0.001507223685621284,0.0037516707088798285,0.036909573,0.061250884,0.981436550617218,0.9512122273445129,0.026058882474899292,0.04167821258306503
1560,0.0015755507417700508,0.0039724987000226974,0.03959457,0.06302776,0.9786375164985657,0.9483405351638794,0.027431802824139595,0.04133029654622078
1561,0.0014199744632192464,0.0038351786788553,0.03645035,0.06192882,0.9818956255912781,0.9501262903213501,0.0256210807710886,0.04146309196949005
1562,0.0015870098987678912,0.003689110279083252,0.039188817,0.060738046,0.9790731072425842,0.9520257711410522,0.027295313775539398,0.04114771634340286
1563,0.001255639593265104,0.0038058965001255274,0.035217855,0.061691947,0.9830992817878723,0.9505070447921753,0.02462138794362545,0.04240357503294945
1564,0.0011882844780550593,0.0038569385651499033,0.033929616,0.062104255,0.9843130707740784,0.9498432874679565,0.024376817047595978,0.04100320488214493
1565,0.001205687921769409,0.003655326785519719,0.034747925,0.0604593,0.9835472702980042,0.9524651169776917,0.02404499053955078,0.04055364057421684
1566,0.0011753017990320752,0.0037006514612585306,0.03403628,0.06083298,0.9842143058776855,0.9518756866455078,0.024324703961610794,0.041162896901369095
1567,0.0015349245798213153,0.0036990453954786062,0.03893443,0.06081978,0.9793439507484436,0.951896607875824,0.024988928809762,0.04085007682442665
1568,0.0014030078336046163,0.0037692077457904816,0.03748091,0.061393876,0.9808574318885803,0.9509841799736023,0.024972574785351753,0.04191122576594353
1569,0.0015091136791108345,0.003525498090311885,0.03690534,0.059375905,0.9814408421516418,0.9541534781455994,0.025075262412428856,0.039921555668115616
1570,0.0014426655252464116,0.0038658042903989553,0.037743293,0.062175594,0.9805884957313538,0.9497280120849609,0.02593158185482025,0.041616927832365036
1571,0.0013613422594393012,0.003986233379691839,0.03672731,0.06313662,0.9816194772720337,0.9481619000434875,0.024933693930506706,0.0425126738846302
1572,0.0017707491854459724,0.004212855827063322,0.04222217,0.064906515,0.9757081270217896,0.9452148675918579,0.027591992169618607,0.043592631816864014
1573,0.0016506601783806798,0.004244068171828985,0.038341187,0.06514651,0.9799686074256897,0.9448089599609375,0.026367176324129105,0.04330306872725487
1574,0.001656561494614421,0.004491853527724743,0.039812323,0.06702129,0.9784018993377686,0.9415866732597351,0.02785114385187626,0.04301026090979576
1575,0.0014615338507362387,0.004496431909501553,0.037408635,0.06705544,0.9809311628341675,0.9415271878242493,0.025820322334766388,0.04274434223771095
1576,0.0013692656582200223,0.004270732402801514,0.03489399,0.06535084,0.9834086894989014,0.944462239742279,0.02507181093096733,0.04312586784362793
1577,0.0015864652549763296,0.003811474656686187,0.03930841,0.061737143,0.9789451956748962,0.9504345059394836,0.027544798329472542,0.042372483760118484
1578,0.0011906786332309077,0.0037514944560825825,0.03446641,0.061249446,0.9838128089904785,0.9512145519256592,0.024661513045430183,0.042152710258960724
1579,0.0012945492026946422,0.004017621744424105,0.035489056,0.06338471,0.982837975025177,0.9477537274360657,0.024560779333114624,0.04160013049840927
1580,0.001763406124981967,0.004058385267853737,0.04064969,0.06370546,0.9774838089942932,0.9472236633300781,0.025980528444051743,0.0427667461335659
1581,0.002054283456263048,0.004235258791595697,0.04347331,0.06507887,0.9742471575737,0.9449235200881958,0.028883662074804306,0.044056396931409836
1582,0.001957618467382748,0.004318590741604567,0.04325063,0.06571598,0.9745103120803833,0.9438398480415344,0.02817838080227375,0.04369336739182472
1583,0.0015292765297503634,0.0038306275382637978,0.03752445,0.061892066,0.9808129072189331,0.9501854777336121,0.02642764151096344,0.0412016287446022
1584,0.0016107821892629463,0.004138919059187174,0.038670022,0.06433443,0.979623556137085,0.9461763501167297,0.026089370250701904,0.04326009377837181
1585,0.002337438811082393,0.004374928306788206,0.048532147,0.066143245,0.9679048657417297,0.9431072473526001,0.03258977830410004,0.042848918586969376
1586,0.0018042015515013852,0.004094153176993132,0.041570235,0.063985564,0.9764524698257446,0.946758508682251,0.027660991996526718,0.04393792897462845
1587,0.0017104513734176924,0.004474879242479801,0.03995405,0.06689454,0.978247880935669,0.9418074488639832,0.027304770424962044,0.04430363327264786
1588,0.0018425887008726766,0.003989190794527531,0.0400557,0.06316004,0.9781370759010315,0.9481234550476074,0.026892276480793953,0.04281476512551308
1589,0.0021110571555750953,0.00498242350295186,0.043626364,0.07058628,0.9740654826164246,0.935207188129425,0.029147416353225708,0.04695425182580948
1590,0.003444882548964498,0.00447254441678524,0.05754648,0.06687708,0.9548749327659607,0.9418377876281738,0.03618498519062996,0.04532967135310173
1591,0.002410389332164248,0.004369421396404505,0.046433844,0.066101596,0.9706201553344727,0.9431788325309753,0.029878098517656326,0.045066460967063904
1592,0.002107780906953849,0.004891438875347376,0.044754263,0.06993882,0.9727071523666382,0.9363903999328613,0.02998051606118679,0.04562133550643921
1593,0.003237148969095539,0.00413388479501009,0.054797787,0.06429529,0.9590827822685242,0.9462417960166931,0.0347135029733181,0.04375959187746048
1594,0.0018222204631787133,0.004506856203079224,0.042111266,0.06713312,0.9758355617523193,0.9413915872573853,0.028729697689414024,0.04424191266298294
1595,0.0017816255276557058,0.0038247231859713793,0.04147577,0.061844345,0.9765594005584717,0.9502622485160828,0.028422299772500992,0.04273559898138046
1596,0.0020752726890019735,0.004029715899378061,0.04487832,0.06348005,0.9725556373596191,0.9475964307785034,0.028810907155275345,0.0432092621922493
1597,0.0032381243495778604,0.004103679675608873,0.05345375,0.06405997,0.9610653519630432,0.9466345906257629,0.033724259585142136,0.042896855622529984
1598,0.0022214779892237857,0.004439345560967922,0.045037065,0.06662841,0.972361147403717,0.9422695636749268,0.029480963945388794,0.04428228363394737
1599,0.0018539779650216753,0.004251685459166765,0.042716697,0.06520495,0.9751357436180115,0.9447098970413208,0.02875649929046631,0.04257639870047569
1600,0.0016469454236688432,0.004114715848118067,0.0402521,0.06414605,0.9779221415519714,0.9464911222457886,0.027269694954156876,0.042900703847408295
1601,0.0015461207354250787,0.0037076431326568127,0.03872356,0.060890414,0.9795670509338379,0.9517847895622253,0.0264921635389328,0.042315635830163956
1602,0.001264866916409863,0.004035347141325474,0.03390917,0.06352439,0.9843319654464722,0.9475232362747192,0.023649094626307487,0.04221339151263237
1603,0.001376120656707578,0.0037886041682213545,0.03581232,0.061551634,0.9825238585472107,0.9507319331169128,0.02516224980354309,0.04282211512327194
1604,0.0013072847650619224,0.0036991965025663376,0.03591655,0.060821023,0.9824219942092896,0.9518946409225464,0.025550637394189835,0.04245010018348694
1605,0.0014402648243545132,0.004070097580552101,0.037182584,0.06379732,0.9811609387397766,0.9470713138580322,0.026183919981122017,0.0426621250808239
1606,0.0012885408319892701,0.003504183841869235,0.035557047,0.059196144,0.9827721118927002,0.9544306397438049,0.024923592805862427,0.04040488228201866
1607,0.0013397205316736786,0.003462071530520916,0.03624292,0.05883937,0.9821010828018188,0.9549782872200012,0.024613531306385994,0.03982698917388916
1608,0.0014886296280151741,0.0037630859296768904,0.038276374,0.061343998,0.9800362586975098,0.9510638117790222,0.026175791397690773,0.0421697199344635
1609,0.001445837066223083,0.003984583076089621,0.0372515,0.063123554,0.9810910224914551,0.9481833577156067,0.025510264560580254,0.04258006811141968
1610,0.0013045450786276806,0.0036865135189145803,0.03603283,0.060716666,0.982308030128479,0.9520595669746399,0.024845026433467865,0.04145575314760208
1611,0.00116991475277411,0.003660146612673998,0.033122983,0.060499147,0.9850500822067261,0.9524024724960327,0.023843370378017426,0.040909577161073685
1612,0.00139546560107688,0.003745752153918147,0.036577046,0.06120255,0.9817695617675781,0.9512892365455627,0.025636065751314163,0.04085733741521835
1613,0.001596303330602082,0.003935862798243761,0.036924314,0.06273645,0.9814217686653137,0.9488169550895691,0.025572936981916428,0.04235842823982239
1614,0.0020163344901944088,0.005783749744296074,0.041824915,0.07605097,0.9761630892753601,0.9247865080833435,0.027338221669197083,0.05003541335463524
1615,0.0023851215585388922,0.007162650115787983,0.047679454,0.08463244,0.9690227508544922,0.9068549275398254,0.030889851972460747,0.05305744335055351
1616,0.0026649419993521983,0.0045794290490448475,0.05157679,0.06767148,0.9637516140937805,0.9404478669166565,0.03341545909643173,0.04421393573284149
1617,0.0014223937019282444,0.004370285198092461,0.03659001,0.06610813,0.9817566275596619,0.9431676268577576,0.02570602111518383,0.044079069048166275
1618,0.0012057405573696915,0.0039984844624996185,0.033481605,0.06323357,0.9847245812416077,0.9480026364326477,0.024231405928730965,0.04157796502113342
1619,0.001480541374555535,0.003987317904829979,0.037309844,0.06314521,0.9810317754745483,0.9481478333473206,0.025522105395793915,0.041806742548942566
1620,0.0013420112293467603,0.004033776931464672,0.035924055,0.06351202,0.9824146628379822,0.9475436806678772,0.024981655180454254,0.0415087528526783
1621,0.0014706108525966886,0.004098959732800722,0.038189795,0.06402312,0.9801265001296997,0.9466959834098816,0.024981848895549774,0.042561646550893784
1622,0.001216411132852293,0.0041620465926826,0.034428645,0.06451393,0.9838482141494751,0.9458755850791931,0.02398107759654522,0.0418441966176033
1623,0.0016217913243136454,0.005250213202089071,0.03583025,0.07245835,0.9825063943862915,0.9317247867584229,0.024531716480851173,0.04489991441369057
1624,0.001756455680482428,0.0038389170076698065,0.041115552,0.061958995,0.9769647717475891,0.9500776529312134,0.028679627925157547,0.04228675737977028
1625,0.0012860589830035513,0.00365958409383893,0.034858078,0.060494497,0.9834427833557129,0.9524097442626953,0.02468922734260559,0.04104774072766304
1626,0.0013749414726837792,0.0036826205905526876,0.035687607,0.060684603,0.9826453924179077,0.9521101713180542,0.023978216573596,0.040966447442770004
1627,0.004297804976390166,0.004941554740071297,0.06557254,0.07029619,0.9414099454879761,0.9357386827468872,0.04147743061184883,0.047613199800252914
1628,0.0021572543443074787,0.004185057245194912,0.04509862,0.06469202,0.9722855091094971,0.9455763697624207,0.03042461723089218,0.0429157055914402
1629,0.001955865121668797,0.004337930120527744,0.04383802,0.06586296,0.9738132357597351,0.943588376045227,0.028537286445498466,0.04397463798522949
1630,0.00216669342559974,0.004522628616541624,0.045819808,0.0672505,0.971392035484314,0.9411864876747131,0.030300812795758247,0.04348645731806755
1631,0.002305237301201983,0.004181251395493746,0.047461543,0.0646626,0.9693052768707275,0.9456258416175842,0.030645232647657394,0.04338078945875168
1632,0.0019178317015757784,0.004099798388779163,0.043675628,0.06402967,0.9740068912506104,0.9466850757598877,0.029051648452878,0.04282815381884575
1633,0.0014609700050310823,0.004226398654282093,0.037611395,0.065010756,0.9807239174842834,0.9450387358665466,0.026123344898223877,0.04220323637127876
1634,0.0014640873771647669,0.004376034252345562,0.037048597,0.066151604,0.9812964797019958,0.9430928230285645,0.025852127000689507,0.04303715378046036
1635,0.0023282606959004293,0.004395684693008661,0.04740946,0.06629996,0.9693726301193237,0.9428372979164124,0.03090275265276432,0.043963778764009476
1636,0.002209307088791816,0.004352359101176262,0.046107363,0.06597241,0.9710318446159363,0.9434007406234741,0.030797740444540977,0.044843170791864395
1637,0.0018178572155937384,0.0043121143244206905,0.041409954,0.06566669,0.9766337275505066,0.943924069404602,0.02935505472123623,0.04372928664088249
1638,0.0015166832017712295,0.003931987565010786,0.03888535,0.06270557,0.9793959856033325,0.9488673210144043,0.026668766513466835,0.041616976261138916
1639,0.0013113392620156942,0.004146289080381393,0.03578633,0.06439169,0.982549250125885,0.9460805058479309,0.024869414046406746,0.042551759630441666
1640,0.0014678098880474201,0.003831633133813739,0.037062075,0.061900187,0.9812828302383423,0.9501723647117615,0.02485538274049759,0.04110494256019592
1641,0.0012925808220064607,0.0038633092772215605,0.03573157,0.062155526,0.982602596282959,0.9497604370117188,0.025398744270205498,0.04201311990618706
1642,0.0017464232064825906,0.004026095848530531,0.037587814,0.06345153,0.9807480573654175,0.947643518447876,0.024761222302913666,0.04277779161930084
1643,0.0015636934840586036,0.006304439157247543,0.039525867,0.0794005,0.9787116050720215,0.9180153608322144,0.02707359567284584,0.049629293382167816
1644,0.0021108360736186364,0.004244982730597258,0.045617163,0.06515353,0.9716445207595825,0.9447970986366272,0.029767854139208794,0.042556531727313995
1645,0.0015131500046911904,0.003778798971325159,0.03887741,0.061471935,0.9794043898582458,0.9508594870567322,0.026939507573843002,0.04112958535552025
1646,0.0017665163494794715,0.0045504700392484665,0.039661743,0.06745717,0.978564977645874,0.9408244490623474,0.026468444615602493,0.04318484663963318
1647,0.0028515872069295833,0.003958692774176598,0.052627973,0.06291814,0.9622589945793152,0.9485200643539429,0.03452454134821892,0.04379962757229805
1648,0.002029003886326047,0.003981109708547592,0.040647853,0.06309604,0.9774858355522156,0.9482285380363464,0.027720021083950996,0.04194805026054382
1649,0.002195327197444964,0.0046692960895597935,0.045665685,0.068332255,0.9715842008590698,0.9392791986465454,0.029854999855160713,0.0441938079893589
1650,0.0017173962445336986,0.0047402167692780495,0.041323606,0.068849236,0.9767310619354248,0.9383569359779358,0.02801433764398098,0.044869814068078995
1651,0.0046409892476565965,0.005225722678005695,0.06835299,0.07228916,0.9363358020782471,0.9320432543754578,0.0426301471889019,0.04895252361893654
1652,0.002157107860760086,0.0047632791101932526,0.046212547,0.069016516,0.9708995223045349,0.938057005405426,0.03151386231184006,0.047310080379247665
1653,0.0016493504358963532,0.0042067645117640495,0.040452864,0.06485958,0.9777013659477234,0.9452940821647644,0.027508655562996864,0.04316536709666252
1654,0.0017694469715934247,0.004337727092206478,0.04192129,0.06586143,0.9760531187057495,0.9435909986495972,0.027809621766209602,0.04302673041820526
1655,0.0016238643107829955,0.003945707343518734,0.038824737,0.06281487,0.9794601798057556,0.9486889243125916,0.02629769593477249,0.04230591654777527
1656,0.0016398079870586198,0.0038618759717792273,0.03935079,0.062143993,0.9788997769355774,0.9497790932655334,0.026458993554115295,0.04244384542107582
1657,0.0014371033943131226,0.003969530574977398,0.037823524,0.06300421,0.9805058836936951,0.9483791589736938,0.026481306180357933,0.042452916502952576
1658,0.0011600917324275624,0.003477161517366767,0.033722542,0.058967464,0.984503984451294,0.9547820091247559,0.024147557094693184,0.04015163332223892
1659,0.0012189231003338302,0.0038798763416707516,0.034816258,0.062288657,0.9834824800491333,0.9495450258255005,0.024668985977768898,0.04141616448760033
1660,0.001041866837609136,0.0036408472806215286,0.03133615,0.060339432,0.9866195321083069,0.9526534080505371,0.02284853346645832,0.040936052799224854
1661,0.0012925336380827832,0.003565130988135934,0.034010578,0.05970872,0.9842381477355957,0.9536380767822266,0.023426342755556107,0.039679523557424545
1662,0.001229649859438227,0.004332804121077061,0.03472373,0.06582404,0.9835701584815979,0.9436550140380859,0.024400785565376282,0.04251965507864952
1663,0.0013852528394305739,0.003817400662228465,0.035506155,0.06178512,0.9828214049339294,0.9503574371337891,0.02479615993797779,0.040251366794109344
1664,0.0012282881269294937,0.004023512359708548,0.034386482,0.06343116,0.983887791633606,0.9476771354675293,0.02410881221294403,0.04156296327710152
1665,0.001318121052463539,0.003988930955529213,0.03528951,0.06315799,0.9830304384231567,0.9481268525123596,0.024709714576601982,0.04132173955440521
1666,0.0013430413541341709,0.0038055710028856993,0.03613485,0.06168931,0.9822076559066772,0.9505113363265991,0.025255369022488594,0.04102717339992523
1667,0.0012451401390452784,0.0037555734161287546,0.034971904,0.06128273,0.983334481716156,0.9511615037918091,0.024197550490498543,0.04161801189184189
1668,0.001253376598469913,0.0038032932206988335,0.035118125,0.061670847,0.9831948280334473,0.9505409002304077,0.024605795741081238,0.04150066524744034
1669,0.001253803784493357,0.0036447211168706417,0.035373673,0.06037153,0.9829493761062622,0.9526030421257019,0.025341367349028587,0.040586572140455246
1670,0.001589596616792154,0.0035417808685451746,0.03819982,0.059512865,0.980116069316864,0.9539417028427124,0.025603333488106728,0.04035481810569763
1671,0.0017434946335428817,0.004475356545299292,0.04143206,0.0668981,0.9766087532043457,0.9418012499809265,0.028137315064668655,0.044011104851961136
1672,0.0014486848826477812,0.0038367663510143757,0.037407305,0.061941635,0.9809325337409973,0.950105607509613,0.026411360129714012,0.04264073446393013
1673,0.0014454604745630852,0.004068270325660706,0.037238557,0.06378299,0.9811041951179504,0.9470950961112976,0.02575390413403511,0.042328130453825
1674,0.001533167558425868,0.004071139730513096,0.038751625,0.06380549,0.9795374274253845,0.9470577836036682,0.026111630722880363,0.042511288076639175
1675,0.001535434644955041,0.0035434335004538298,0.038140826,0.05952675,0.9801774024963379,0.9539201855659485,0.026537274941802025,0.040373437106609344
1676,0.0012185086035804654,0.00388505170121789,0.034777537,0.062330183,0.9835191965103149,0.9494777321815491,0.024473179131746292,0.041354186832904816
1677,0.0012732386411781508,0.0035253064706921577,0.034302074,0.05937429,0.9839667677879333,0.9541559219360352,0.023999692872166634,0.040488000959157944
1678,0.002921610628783872,0.004401645623147488,0.05136857,0.066344894,0.9640436768531799,0.9427598118782043,0.03214680030941963,0.04513167962431908
1679,0.002385385149285536,0.004444968421012163,0.045709904,0.0666706,0.9715291261672974,0.9421964287757874,0.029987260699272156,0.04450948163866997
1680,0.0018891140670430932,0.004176105838268995,0.043390658,0.0646228,0.9743449687957764,0.945692777633667,0.029414894059300423,0.043660882860422134
1681,0.0017386092500104992,0.003796670585870743,0.041788697,0.06161713,0.9762043356895447,0.9506270289421082,0.027884136885404587,0.041649289429187775
1682,0.0017539823972831734,0.0038166872691363096,0.037747744,0.061779343,0.980583906173706,0.950366735458374,0.025729741901159286,0.04181579872965813
1683,0.0015468375786440447,0.003815347095951438,0.039023925,0.0617685,0.9792488813400269,0.9503841996192932,0.026491757482290268,0.0413413904607296
1684,0.0017691390610046008,0.003860725788399577,0.037163686,0.06213474,0.9811800718307495,0.9497940540313721,0.02499266527593136,0.04170548543334007
1685,0.002003797021726231,0.003663492389023304,0.04401647,0.06052679,0.9735996127128601,0.9523589611053467,0.029146207496523857,0.04213662073016167
1686,0.001987291462931105,0.004224426578730345,0.040431723,0.06499559,0.9777246713638306,0.9450643658638,0.027026595547795296,0.04411785677075386
1687,0.001554712524838661,0.0036618474405258894,0.039020553,0.0605132,0.9792524576187134,0.952380359172821,0.02656748704612255,0.041451457887887955
1688,0.0013891225482273678,0.003694175509735942,0.03632772,0.06077973,0.9820172190666199,0.9519599080085754,0.024961482733488083,0.04107499495148659
1689,0.0013773761337771166,0.0036567894276231527,0.035037912,0.06047139,0.9832715392112732,0.9524461030960083,0.02462652325630188,0.040558479726314545
1690,0.0016565425784475256,0.004036703146994114,0.04080329,0.06353506,0.9773133397102356,0.9475055932998657,0.02857067622244358,0.04363107681274414
1691,0.0011186845387617889,0.00392663199454546,0.03326653,0.06266285,0.9849202036857605,0.9489369988441467,0.02377002313733101,0.04176720604300499
1692,0.0010533050213284282,0.003962675575166941,0.032223858,0.06294979,0.9858506917953491,0.9484682679176331,0.02335190586745739,0.04208901897072792
1693,0.001139058596560393,0.0036036386154592037,0.033803213,0.060030315,0.9844297170639038,0.9531372785568237,0.023983003571629524,0.040356457233428955
1694,0.0012160783212907104,0.0035874901805073023,0.03451962,0.059895664,0.9837627410888672,0.9533472657203674,0.024158570915460587,0.041130371391773224
1695,0.00114946173959073,0.0037273431662470102,0.03321994,0.061051972,0.9849624037742615,0.9515286087989807,0.023389087989926338,0.04015268757939339
1696,0.0010520573480541564,0.003626918187364936,0.032230396,0.0602239,0.9858449697494507,0.9528345465660095,0.02330741472542286,0.04029574990272522
1697,0.001236078911460936,0.003735567210242152,0.033697978,0.06111929,0.984526515007019,0.9514216780662537,0.023362115025520325,0.041388873010873795
1698,0.0016540393751876597,0.0038131047040224075,0.04057795,0.061750345,0.9775632619857788,0.9504133462905884,0.027484700083732605,0.04242638871073723
1699,0.002417553975564343,0.004495543427765369,0.049108133,0.06704881,0.9671385288238525,0.9415386915206909,0.03258048743009567,0.044447604566812515
1700,0.0017390683960084889,0.004007168114185333,0.04088241,0.063302204,0.9772253036499023,0.9478896856307983,0.027793291956186295,0.04099997878074646
1701,0.0017966307839907875,0.003532971488311887,0.039746776,0.059438806,0.9784730076789856,0.9540562629699707,0.027264440432190895,0.040242310613393784
1702,0.0015785472456958485,0.004573183134198189,0.039424155,0.06762532,0.9788210391998291,0.9405290484428406,0.027352550998330116,0.043508708477020264
1703,0.001622034236127299,0.003895972389727831,0.037034236,0.062417723,0.9813109636306763,0.9493356943130493,0.0251940805464983,0.040552519261837006
1704,0.001761042212654667,0.0037837738636881113,0.03938465,0.06151239,0.9788634777069092,0.9507947564125061,0.02700602263212204,0.04219043627381325
1705,0.0019117675017861818,0.004009374417364597,0.03990911,0.06331962,0.9782967567443848,0.9478610157966614,0.027277378365397453,0.04111142456531525
1706,0.0018966758467616853,0.0037240406963974237,0.04325812,0.06102492,0.9745014905929565,0.951571524143219,0.02770494669675827,0.04131397232413292
1707,0.0015076620938171718,0.0038135244976729155,0.038711768,0.061753742,0.979579508304596,0.950407862663269,0.026644974946975708,0.04113837331533432
1708,0.0015748466658723455,0.00417822552844882,0.03863109,0.064639196,0.9796645641326904,0.945665180683136,0.025903459638357162,0.042589958757162094
1709,0.0014258854128208689,0.0038667796179652214,0.037117448,0.062183432,0.9812268614768982,0.9497153162956238,0.025406353175640106,0.040669940412044525
1710,0.0015848931030962956,0.003926466219127178,0.0370254,0.06266152,0.9813199043273926,0.9489391446113586,0.024871161207556725,0.04231319576501846
1711,0.0017601412718332458,0.0037255564238876104,0.040376425,0.061037336,0.9777855277061462,0.9515518546104431,0.026639685034751892,0.04063568636775017
1712,0.0022915673577120865,0.003830990754067898,0.04045637,0.061894994,0.977697491645813,0.9501807689666748,0.026302509009838104,0.04153847321867943
1713,0.001841432207253423,0.003932412248104811,0.04171936,0.06270895,0.9762832522392273,0.948861837387085,0.029126450419425964,0.041423577815294266
1714,0.001308378010765988,0.0034862998872995377,0.036021337,0.059044898,0.9823192954063416,0.9546632170677185,0.02462640404701233,0.03953187167644501
1715,0.001905908940402283,0.004574333783239126,0.043001853,0.06763382,0.9748026728630066,0.940514087677002,0.028269078582525253,0.04490814357995987
1716,0.001861435218333182,0.003842438105493784,0.040357657,0.061987404,0.9778062105178833,0.9500318765640259,0.02622069977223873,0.041499778628349304
1717,0.0015326449925355105,0.0036786117125302553,0.0390258,0.06065156,0.9792468547821045,0.9521623253822327,0.026911398395895958,0.041221678256988525
1718,0.0014394162638134069,0.003746384521946311,0.03513862,0.061207715,0.9831752181053162,0.9512810111045837,0.024063777178525925,0.041790030896663666
1719,0.0016713672428688203,0.004190431442111731,0.04058548,0.06473354,0.9775549173355103,0.9455064535140991,0.028040852397680283,0.043905969709157944
1720,0.0014627068316754462,0.003959077876061201,0.037288383,0.0629212,0.9810535907745361,0.9485150575637817,0.025369346141815186,0.04257866367697716
1721,0.0012881666387494822,0.003931915387511253,0.034565296,0.06270499,0.9837197661399841,0.9488682746887207,0.024209171533584595,0.04120425134897232
1722,0.0012925820906688882,0.003860796568915248,0.03452378,0.062135313,0.9837588667869568,0.9497931003570557,0.024652699008584023,0.04104967415332794
1723,0.0016563966941744598,0.004183324985206127,0.03800294,0.06467863,0.9803204536437988,0.9455989003181458,0.025607991963624954,0.04226602241396904
1724,0.0014980186004487966,0.0036923156585544348,0.03781624,0.06076443,0.9805133938789368,0.9519841074943542,0.0257803313434124,0.04059360921382904
1725,0.0013516182767819953,0.0042023067362606525,0.03591905,0.0648252,0.9824195504188538,0.9453520178794861,0.02503928728401661,0.04155834764242172
1726,0.001348307541444559,0.0036396405193954706,0.036617864,0.060329434,0.9817288517951965,0.952669084072113,0.025120625272393227,0.040732234716415405
1727,0.0012273334445622327,0.0038943716790527105,0.0344632,0.062404897,0.9838157892227173,0.9493564963340759,0.024770086631178856,0.04198937118053436
1728,0.001339930835952559,0.003683352842926979,0.035338927,0.060690634,0.982982873916626,0.9521006345748901,0.024321986362338066,0.04062429070472717
1729,0.0010762605498629537,0.003476891200989485,0.032654073,0.05896517,0.9854703545570374,0.9547855257987976,0.023062007501721382,0.0394304059445858
1730,0.0010279925594328563,0.0036026963498443365,0.031209897,0.060022466,0.9867271184921265,0.9531495571136475,0.022698096930980682,0.04067439213395119
1731,0.001021511103979058,0.0035352741833776236,0.031757183,0.059458174,0.9862575531005859,0.9540263414382935,0.022509481757879257,0.04003217816352844
1732,0.0015070788854659027,0.003987054340541363,0.0387204,0.06314313,0.9795703887939453,0.9481512308120728,0.025575492531061172,0.04107176885008812
1733,0.0014189513775901023,0.0037473076954483986,0.03455269,0.06121526,0.9837316274642944,0.9512689709663391,0.024182669818401337,0.04029102623462677
1734,0.001566539142831144,0.00404229573905468,0.039065447,0.06357905,0.9792046546936035,0.9474328756332397,0.02570665441453457,0.04210176318883896
1735,0.0013610343065176328,0.0035239767748862505,0.03561269,0.059363093,0.9827181696891785,0.95417320728302,0.02437230758368969,0.0403418205678463
1736,0.0013470604674446142,0.003801467828452587,0.03611133,0.061656047,0.9822308421134949,0.9505646824836731,0.023892488330602646,0.0407247394323349
1737,0.002311130263313482,0.004002089146524668,0.04210656,0.063262075,0.9758409857749939,0.9479557275772095,0.027790218591690063,0.04236069694161415
1738,0.0016212179960513656,0.003985593095421791,0.04023848,0.063131556,0.9779370427131653,0.9481702446937561,0.027806822210550308,0.04270414263010025
1739,0.0013328270036833021,0.004020469728857279,0.034257635,0.063407175,0.9840083122253418,0.9477167129516602,0.024073941633105278,0.04212993010878563
1740,0.003641513432905247,0.004456717986613512,0.060063582,0.06675865,0.9508410692214966,0.9420436024665833,0.037960655987262726,0.04563140869140625
1741,0.0016070383942199194,0.004007962066680193,0.039424453,0.06330847,0.9788206815719604,0.9478793740272522,0.027198858559131622,0.042836934328079224
1742,0.0022690858485558156,0.0039441525004804134,0.043199044,0.062802486,0.9745710492134094,0.9487091302871704,0.027873491868376732,0.04344947636127472
1743,0.002008181361650879,0.004552639555186033,0.042322468,0.06747325,0.9755925536155701,0.9407961964607239,0.029496021568775177,0.045929186046123505
1744,0.0022107644882370632,0.004126227460801601,0.045157902,0.06423572,0.9722126126289368,0.9463413953781128,0.029344046488404274,0.042685817927122116
1745,0.0015405717528086495,0.00375359901227057,0.038933996,0.061266623,0.979344367980957,0.9511871337890625,0.027230307459831238,0.04281614348292351
1746,0.0014665442722616717,0.003680164460092783,0.038412668,0.060664356,0.9798938632011414,0.9521421194076538,0.026307640597224236,0.040372222661972046
1747,0.0012292152373861013,0.003412803402170539,0.034185205,0.058419205,0.9840758442878723,0.9556189775466919,0.02381574548780918,0.03986890986561775
1748,0.0014483186043269764,0.003872234607115388,0.03685535,0.062227283,0.9814910888671875,0.9496443867683411,0.02482864074409008,0.04114251583814621
1749,0.0013671360184988853,0.004228302277624607,0.036066994,0.065025404,0.9822744131088257,0.9450139999389648,0.025084804743528366,0.04299909248948097
1750,0.0013189201179722493,0.00421876972541213,0.036180727,0.06495206,0.9821624755859375,0.9451379776000977,0.024852178990840912,0.04322134330868721
1751,0.0014791485042554666,0.004242720548063517,0.034864724,0.06513617,0.9834364652633667,0.9448264837265015,0.024333447217941284,0.04350942373275757
1752,0.00147351278627122,0.003725931514054537,0.03701444,0.06104041,0.981330931186676,0.9515469670295715,0.02617497183382511,0.04074779897928238
1753,0.0013520376113857228,0.00394631689414382,0.036518946,0.06281972,0.981827437877655,0.9486809968948364,0.02571984753012657,0.0411972776055336
1754,0.001253889415899969,0.0037153237499296665,0.035111878,0.060953457,0.9832007884979248,0.9516848921775818,0.02372770570218563,0.041610825806856155
1755,0.0011518578050361777,0.003447957569733262,0.0336782,0.05871931,0.9845446944236755,0.9551618099212646,0.023930266499519348,0.038991495966911316
1756,0.001196282731887715,0.003629735903814435,0.033209216,0.06024729,0.9849721193313599,0.9527978897094727,0.023756584152579308,0.04067988693714142
1757,0.004786198900546879,0.004892872646450996,0.06839526,0.06994907,0.9362570643424988,0.9363717436790466,0.043151579797267914,0.047738466411828995
1758,0.0019109114906644788,0.004361622966825962,0.04370491,0.06604258,0.9739720225334167,0.9432802796363831,0.030209045857191086,0.044282954186201096
1759,0.0018964471885489977,0.003925875294953585,0.041471764,0.062656805,0.9765639305114746,0.9489468336105347,0.027278559282422066,0.041523806750774384
1760,0.0036471478961175308,0.004606594797223806,0.053420056,0.0678719,0.9611144065856934,0.9400945901870728,0.03396139666438103,0.045447513461112976
1761,0.002027764497060244,0.004130541812628508,0.044905353,0.06426929,0.9725225567817688,0.9462853074073792,0.030599692836403847,0.0438714362680912
1762,0.0015178419601976532,0.00414120452478528,0.038590617,0.064352185,0.9797071218490601,0.9461466670036316,0.02648085728287697,0.04309051111340523
1763,0.0015127438078211112,0.003995235543698072,0.038714223,0.06320787,0.9795769453048706,0.9480448365211487,0.026272768154740334,0.04200556501746178
1764,0.001190559142163362,0.003574102884158492,0.03433694,0.059783798,0.9839341640472412,0.9535213708877563,0.02449982427060604,0.04004561901092529
1765,0.001645977454080077,0.004070841707289219,0.0373296,0.06380315,0.981011688709259,0.9470616579055786,0.024855155497789383,0.04284503310918808
1766,0.0012809806027111006,0.003739697625860572,0.03497241,0.061153065,0.9833340048789978,0.9513679146766663,0.02495889738202095,0.03997504338622093
1767,0.0015767864851196382,0.004054409451782703,0.038021766,0.06367424,0.9803009629249573,0.9472753405570984,0.02545647881925106,0.04118030145764351
1768,0.0015818170491415499,0.004289384000003338,0.037109848,0.06549339,0.9812345504760742,0.9442196488380432,0.02561071515083313,0.04286293312907219
1769,0.0014527191987409342,0.0036835218779742718,0.03689969,0.060692027,0.9814465045928955,0.9520984888076782,0.025951869785785675,0.04029863327741623
1770,0.0013885295470986007,0.003610301064327359,0.036881138,0.060085785,0.9814651608467102,0.9530506134033203,0.02493361569941044,0.04007629305124283
1771,0.0014518447662174533,0.0037118163891136646,0.035866484,0.060924683,0.9824709892272949,0.951730489730835,0.024220731109380722,0.04162527620792389
1772,0.0014671280712884088,0.00364161585457623,0.037847187,0.060345802,0.9804814457893372,0.9526433944702148,0.025310682132840157,0.04037691652774811
1773,0.0011354374847459521,0.003602277720347047,0.032440897,0.06001898,0.9856594204902649,0.953154981136322,0.023468751460313797,0.04088231921195984
1774,0.0014254157537255776,0.003830000991001725,0.033973075,0.061887003,0.984272837638855,0.9501935839653015,0.023728009313344955,0.040737297385931015
1775,0.001521588139108975,0.0038044790271669626,0.037616372,0.061680462,0.9807187914848328,0.9505255222320557,0.026130400598049164,0.04093044996261597
1776,0.0016339230377608064,0.004121321719139814,0.037599765,0.064197525,0.9807358384132385,0.9464051723480225,0.025223175063729286,0.04277900606393814
1777,0.0015988823923345824,0.0037563929799944162,0.039759308,0.061289415,0.9784594178199768,0.9511508345603943,0.026021312922239304,0.041442111134529114
1778,0.0012350769274317745,0.0037362058646976948,0.035152193,0.06112451,0.9831622242927551,0.9514133334159851,0.023713244125247,0.040520090609788895
1779,0.0010677049854579805,0.003648289479315281,0.032427557,0.06040107,0.9856712222099304,0.9525566697120667,0.02331971935927868,0.04052577167749405
1780,0.0020018684286200864,0.004206876736134291,0.035830483,0.06486044,0.9825061559677124,0.945292592048645,0.02362869866192341,0.042541466653347015
1781,0.0018774761027254333,0.004301672335714102,0.043058842,0.06558713,0.9747358560562134,0.9440598487854004,0.028854673728346825,0.0432010181248188
1782,0.0011632976119554687,0.003748917020857334,0.033465937,0.06122841,0.9847388863563538,0.951248049736023,0.023779356852173805,0.0402136854827404
1783,0.001085069900992411,0.0036353832110762596,0.032846913,0.060294136,0.985298216342926,0.9527244567871094,0.023402126505970955,0.039169806987047195
1784,0.0011404503099832007,0.0037451875396072865,0.03339759,0.061197937,0.984801173210144,0.9512965679168701,0.023141397163271904,0.04051557183265686
1785,0.0014012581496816974,0.003649525111541152,0.037052114,0.0604113,0.9812929034233093,0.9525405764579773,0.02460961602628231,0.0407424196600914
1786,0.001457324603424323,0.003874580143019557,0.037697326,0.06224613,0.9806357026100159,0.9496138691902161,0.025056349113583565,0.04125484824180603
1787,0.002804308965675194,0.004487523343414068,0.051837135,0.066988975,0.963384747505188,0.9416429996490479,0.03331902623176575,0.0440882071852684
1788,0.0017100589677945457,0.003959381487220526,0.04039248,0.062923625,0.9777678847312927,0.9485111236572266,0.026743700727820396,0.0404760017991066
1789,0.0015000121599190277,0.0037011541426181793,0.0363309,0.060837112,0.9820140600204468,0.9518691897392273,0.025251027196645737,0.04004941135644913
1790,0.0012710541711633348,0.0036952276714146137,0.034104783,0.060788386,0.9841507077217102,0.9519462585449219,0.023722710087895393,0.04069584608078003
1791,0.0013670341378945689,0.0037037187721580267,0.03650293,0.060858183,0.9818433523178101,0.9518358111381531,0.02460045926272869,0.039061471819877625
1792,0.001340643811007877,0.00403151148930192,0.036598492,0.06349418,0.9817481637001038,0.9475731253623962,0.02498444728553295,0.04163520783185959
1793,0.0015086955880344083,0.003857308765873313,0.035496797,0.06210724,0.9828304648399353,0.9498385190963745,0.023609282448887825,0.040765777230262756
1794,0.001641070270455781,0.003655367763713002,0.039668255,0.060459636,0.9785579442977905,0.9524645805358887,0.025596050545573235,0.040237851440906525
1795,0.001195462388833138,0.003958753310143948,0.03297068,0.062918626,0.9851872324943542,0.9485192894935608,0.02323794551193714,0.0418727844953537
1796,0.0023798371548764408,0.004231305327266455,0.048676807,0.065048486,0.9677132368087769,0.944974958896637,0.031451474875211716,0.043464578688144684
1797,0.0013526012083854187,0.003860438708215952,0.036920562,0.062132433,0.9814255237579346,0.9497978091239929,0.025882836431264877,0.04142998158931732
1798,0.0013651291420418684,0.004091836977750063,0.036646675,0.063967474,0.98170006275177,0.9467886090278625,0.02527390792965889,0.04159630835056305
1799,0.0012560872948432172,0.0036878075916320086,0.035060715,0.06072732,0.9832497239112854,0.9520427584648132,0.02466885931789875,0.040657319128513336
1800,0.0010892513726668601,0.0034141403157263994,0.03164159,0.058430646,0.9863573908805847,0.9556015729904175,0.022832531481981277,0.03961072489619255
1801,0.0014916473248211498,0.0036784005351364613,0.037760142,0.06064982,0.9805711507797241,0.9521650671958923,0.02522437646985054,0.04056534543633461
1802,0.001409375357483937,0.003510233946144581,0.03722397,0.05924723,0.9811189770698547,0.9543519616127014,0.025062721222639084,0.04009619355201721
1803,0.0011870569763810966,0.0034583150409162045,0.034093086,0.05880744,0.9841615557670593,0.9550271034240723,0.023702455684542656,0.039755675941705704
1804,0.001370046175328422,0.003775240620598197,0.036188185,0.061442986,0.9821551442146301,0.9509057402610779,0.025124048814177513,0.040796324610710144
1805,0.0012758448415711014,0.003628724254667759,0.03535567,0.060238898,0.9829667210578918,0.952811062335968,0.024579118937253952,0.04026057571172714
1806,0.0019251470459328796,0.003542565042153001,0.04171742,0.059519447,0.976285457611084,0.9539315104484558,0.027366984635591507,0.04057952016592026
1807,0.0014294059629636731,0.003672949504107237,0.037559792,0.060604863,0.9807767868041992,0.9522359371185303,0.026063712313771248,0.04042255878448486
1808,0.0014902500816705551,0.0040513877756893635,0.03679969,0.06365052,0.981546938419342,0.9473146200180054,0.024605542421340942,0.04234974831342697
1809,0.0012644018028037283,0.00353253330104053,0.03522251,0.059435118,0.9830948114395142,0.9540619850158691,0.02461179345846176,0.039985351264476776
1810,0.0011312083317369054,0.003374664578586817,0.03179015,0.058091868,0.9862290024757385,0.9561149477958679,0.022697923704981804,0.03860434889793396
1811,0.0013173422200700522,0.003684205235913396,0.033843126,0.060697656,0.9843929409980774,0.9520895481109619,0.023692699149250984,0.04091036319732666
1812,0.0013153383651197973,0.003539793426170945,0.03603611,0.059496164,0.9823048114776611,0.9539675712585449,0.024989305064082146,0.03977091237902641
1813,0.0010069019692971117,0.0036250678822398186,0.031495422,0.060208537,0.9864831566810608,0.9528586268424988,0.022638583555817604,0.03971194848418236
1814,0.0013824553474974396,0.0034766432363539934,0.033620384,0.058963068,0.9845976829528809,0.9547887444496155,0.023702649399638176,0.04003801941871643
1815,0.0013617442322852598,0.003827050793915987,0.0367284,0.06186316,0.981618344783783,0.9502319693565369,0.02508009411394596,0.04019243270158768
1816,0.0014488004314692014,0.0035478745121508837,0.036678936,0.05956403,0.9816678762435913,0.9538624882698059,0.024898149073123932,0.03978500887751579
1817,0.001095415173701688,0.0036785516422241926,0.032970425,0.060651068,0.9851874709129333,0.9521631002426147,0.02369503304362297,0.03985978290438652
1818,0.0014687328042451884,0.0037602016236633062,0.03273818,0.061320484,0.9853954315185547,0.9511013031005859,0.021618705242872238,0.04085889086127281
1819,0.0020876511513382534,0.004051234107464552,0.045267634,0.063649304,0.9720774292945862,0.9473166465759277,0.02884666994214058,0.04263012856245041
1820,0.0010938636313023214,0.003280519973486662,0.032223437,0.057275824,0.9858510494232178,0.9573392271995544,0.02353464812040329,0.03875400498509407
1821,0.0012295785008146513,0.0035620674025267363,0.033963304,0.05968306,0.9842818975448608,0.9536778926849365,0.023733999580144882,0.03960992023348808
1822,0.0010057034828192131,0.0036190468817949295,0.031456027,0.060158517,0.9865169525146484,0.9529368877410889,0.022922830656170845,0.04000072181224823
1823,0.0012606831164289774,0.003540296806022525,0.03497782,0.059500396,0.9833288788795471,0.9539610147476196,0.022788507863879204,0.03983812779188156
1824,0.0015576250919945198,0.0038852128200232983,0.039003156,0.062331475,0.9792709350585938,0.9494756460189819,0.024861203506588936,0.04122290015220642
1825,0.0010228477780897679,0.0034010042436420918,0.031298872,0.05831813,0.9866513609886169,0.9557723999023438,0.0220639668405056,0.03947722539305687
1826,0.0011790239514084533,0.003431049408391118,0.03391691,0.05857516,0.9843248128890991,0.9553816914558411,0.022971071302890778,0.03893813490867615
1827,0.0015019393653016198,0.003840373596176505,0.033938363,0.06197075,0.9843049645423889,0.9500586986541748,0.023387249559164047,0.04209458455443382
1828,0.0013307960074267942,0.0035785904619842768,0.03575431,0.059821323,0.9825804233551025,0.9534630179405212,0.025094274431467056,0.04032966122031212
1829,0.0011200567122696984,0.003492845455184579,0.033434134,0.059100296,0.9847679138183594,0.9545781016349792,0.023734373971819878,0.03943154588341713
1830,0.00137932011090346,0.003721019485965371,0.03688198,0.06100016,0.9814643263816833,0.9516108632087708,0.02581622637808323,0.04117681458592415
1831,0.0010735720200252465,0.0039535886608064175,0.0326352,0.06287757,0.985487163066864,0.9485864639282227,0.022834058851003647,0.04163815453648567
1832,0.0011968146136496216,0.0036660227924585342,0.034575142,0.06054769,0.9837104678153992,0.9523260593414307,0.02446955442428589,0.04013989865779877
1833,0.0011156069032784383,0.0038056508637964725,0.031684645,0.061689958,0.9863202571868896,0.9505102634429932,0.022576866671442986,0.04093412309885025
1834,0.001299350432501259,0.0037356724496930838,0.03596948,0.06112015,0.982370138168335,0.9514203071594238,0.02591484785079956,0.041248615831136703
1835,0.0010893079597735777,0.003619987051934004,0.03233614,0.06016633,0.9857519268989563,0.9529246687889099,0.02229508012533188,0.040338821709156036
1836,0.0009980752722847021,0.0034539897460490465,0.03140733,0.058770657,0.9865586757659912,0.9550833702087402,0.02265780419111252,0.04006554186344147
1837,0.0012686658757791686,0.0035946755670011044,0.032858323,0.05995561,0.9852880239486694,0.9532538652420044,0.02322249300777912,0.03990743309259415
1838,0.0026772338910218837,0.004394131246954203,0.047754955,0.06628824,0.9689245820045471,0.9428575038909912,0.030749747529625893,0.04246958717703819
1839,0.0016748044885885479,0.003686957061290741,0.039746273,0.060720317,0.9784735441207886,0.9520537853240967,0.02766738459467888,0.042217984795570374
1840,0.0012192362575495447,0.003541005542501807,0.03411461,0.05950635,0.9841415286064148,0.9539517760276794,0.024478493258357048,0.038957323879003525
1841,0.001323100541908802,0.0033205070067197084,0.033986237,0.05762384,0.9842606782913208,0.9568192362785339,0.023710422217845917,0.03980899229645729
1842,0.0014347489962925795,0.003849790198728442,0.03761023,0.06204668,0.980725109577179,0.9499362707138062,0.025495965033769608,0.04153410717844963
1843,0.001518570868277245,0.0036536098923534155,0.038852155,0.060445093,0.97943115234375,0.9524874687194824,0.02617446891963482,0.040735308080911636
1844,0.0012449540081433952,0.0035936885979026556,0.034385785,0.059947383,0.9838884472846985,0.9532666802406311,0.02429363504052162,0.04091249033808708
1845,0.0016984116677618163,0.003999302629381418,0.03944751,0.06324004,0.9787959456443787,0.9479919672012329,0.027086924761533737,0.04407861828804016
1846,0.0015502926478141242,0.0039143129251897335,0.039170776,0.06256447,0.9790923595428467,0.949097216129303,0.027131449431180954,0.04190841317176819
1847,0.0013314981452739712,0.0036720060743391514,0.035772536,0.06059708,0.9825626611709595,0.952248215675354,0.025391634553670883,0.04046859219670296
1848,0.0011038844121768225,0.0038487606216222048,0.032823823,0.062038384,0.9853188991546631,0.9499496221542358,0.02323334664106369,0.04063219949603081
1849,0.0014675121227893132,0.0038307923823595047,0.035953693,0.061893396,0.9823856353759766,0.9501833319664001,0.02421397902071476,0.04159599915146828
1850,0.0013229733436177908,0.00370918121188879,0.03615579,0.06090305,0.982187032699585,0.9517647624015808,0.025527294725179672,0.040718451142311096
1851,0.0011565943542254072,0.0036881372798234224,0.033663202,0.060730036,0.9845584630966187,0.9520384669303894,0.023158345371484756,0.04160234332084656
1852,0.0017705557944612917,0.004209817852824926,0.040866435,0.06488311,0.9772430658340454,0.945254385471344,0.02559703215956688,0.04352106153964996
1853,0.0018371536795960062,0.0041043623350560665,0.037687022,0.06406529,0.9806463122367859,0.9466257691383362,0.0258205384016037,0.04205849766731262
1854,0.001667008075111715,0.0038899555802345276,0.040543225,0.062369507,0.9776016473770142,0.9494139552116394,0.027407336980104446,0.04098982363939285
1855,0.0013781938760075718,0.004066389054059982,0.03517719,0.063768245,0.9831382632255554,0.9471195340156555,0.024935757741332054,0.041270870715379715
1856,0.0013430167164187878,0.0038240994326770306,0.035478067,0.0618393,0.982848584651947,0.9502703547477722,0.024041512981057167,0.04149922728538513
1857,0.0017218783653912726,0.0038711479865014553,0.038283747,0.062218554,0.9800285696983337,0.9496585130691528,0.025387229397892952,0.042540859431028366
1858,0.0013740106872071258,0.0035509802401065826,0.037113026,0.0595901,0.9812313318252563,0.9538220763206482,0.025311382487416267,0.040608424693346024
1859,0.0013997203813315455,0.00361423846334219,0.035378072,0.060118537,0.9829451441764832,0.952999472618103,0.023812178522348404,0.04156436771154404
1860,0.0014993708609836176,0.0037267988082021475,0.034913212,0.061047513,0.9833903908729553,0.951535701751709,0.023724589496850967,0.041246961802244186
1861,0.0018365308219058948,0.004231782164424658,0.04167627,0.06505215,0.9763321876525879,0.9449687004089355,0.02783268503844738,0.04326264560222626
1862,0.0011848113393749702,0.003538171760737896,0.034448598,0.059482533,0.9838294982910156,0.9539886116981506,0.02425551787018776,0.03993164002895355
1863,0.001349371810316701,0.00397160928696394,0.036107488,0.0630207,0.9822345972061157,0.9483520984649658,0.024363812059164047,0.04184054583311081
1864,0.0011010420937302777,0.0035961568355560303,0.032883547,0.059967965,0.9852654337882996,0.9532346129417419,0.023417692631483078,0.0405237078666687
1865,0.001876328685532578,0.0036146091297268867,0.03693992,0.06012162,0.981406033039093,0.9529946446418762,0.02329258620738983,0.040931638330221176
1866,0.00357068657070737,0.004265891388058662,0.058046483,0.06531379,0.9540873765945435,0.9445251822471619,0.037427280098199844,0.04487956315279007
1867,0.0018452428868675436,0.004004691261798143,0.040988974,0.06328263,0.9771063923835754,0.947921872138977,0.02740226872265339,0.04219975695014
1868,0.0015381375123979524,0.0037126154638826847,0.037196904,0.06093123,0.9811464548110962,0.951720118522644,0.0257694274187088,0.04219207912683487
1869,0.0025574286939279937,0.004208021331578493,0.05081586,0.06486927,0.9648132920265198,0.945277750492096,0.03294597938656807,0.04405283182859421
1870,0.0016033329368590123,0.0038561196997761726,0.038417645,0.062097665,0.9798886179924011,0.9498539566993713,0.0264215636998415,0.04195088893175125
1871,0.0014230030580868267,0.003968579228967428,0.037502684,0.06299666,0.9808351993560791,0.9483914971351624,0.025836508721113205,0.041452813893556595
1872,0.0015197253815131262,0.004068149719387293,0.038428683,0.06378205,0.9798770546913147,0.9470966458320618,0.025049768388271332,0.042156144976615906
1873,0.0017930041159905325,0.0036047077737748623,0.038332067,0.060039215,0.9799781441688538,0.9531233906745911,0.025654371827840805,0.04046104475855827
1874,0.0011764939269844697,0.003956281114369631,0.03370631,0.06289898,0.9845188856124878,0.9485514163970947,0.02443009801208973,0.041081808507442474
1875,0.0014755431515037674,0.0034627551212906837,0.036566287,0.05884518,0.9817802906036377,0.9549694061279297,0.02513640746474266,0.04050328582525253
1876,0.0011531350001777437,0.003407444106414914,0.033349577,0.058373313,0.9848448038101196,0.9556886553764343,0.023948663845658302,0.03934358060359955
1877,0.0015499024276240643,0.003623940283432603,0.03864339,0.06019917,0.9796515703201294,0.9528732895851135,0.025345319882035255,0.041046902537345886
1878,0.0015406232758488675,0.003647603327408433,0.036093526,0.060395397,0.9822483658790588,0.9525655508041382,0.024509308859705925,0.04143064469099045
1879,0.0018983998148045926,0.003950093407183886,0.04146838,0.06284977,0.9765677452087402,0.9486318826675415,0.027771756052970886,0.04183037579059601
1880,0.0014651594392489642,0.004183802288025618,0.037488975,0.06468231,0.9808492064476013,0.9455927014350891,0.026174407452344894,0.041451144963502884
1881,0.0013547652938128026,0.00425833510234952,0.03637331,0.06525592,0.9819720983505249,0.9446234107017517,0.02512742206454277,0.04280223324894905
1882,0.00115498392816252,0.0037030514795333147,0.033884432,0.060852703,0.9843547940254211,0.9518445134162903,0.0241627749055624,0.039707232266664505
1883,0.0014334720630854877,0.003863652003929019,0.03493778,0.062158283,0.9833669662475586,0.9497560262680054,0.024446601048111916,0.04087177291512489
1884,0.0012380891685924407,0.0036643724888563156,0.0352795,0.060534064,0.9830400347709656,0.9523475170135498,0.02495729923248291,0.03976865112781525
1885,0.0011709517910441552,0.003571309382095933,0.033117875,0.059760433,0.9850546717643738,0.9535577297210693,0.023132098838686943,0.03959355503320694
1886,0.002154673568756235,0.003966956399381161,0.044444818,0.06298378,0.9730832576751709,0.9484125971794128,0.027888452634215355,0.041950855404138565
1887,0.0016124435695184563,0.003840983146801591,0.037157983,0.061975665,0.9811858534812927,0.9500507712364197,0.025479696691036224,0.04093426465988159
1888,0.0012697856522704983,0.00396137498319149,0.033847004,0.06293946,0.9843893647193909,0.9484851956367493,0.02384447306394577,0.039715737104415894
1889,0.0015002681968987665,0.003682655980810523,0.03830912,0.06068489,0.9800021052360535,0.9521097540855408,0.025448184460401535,0.04075413942337036
1890,0.0011101380732725374,0.003783812513574958,0.033080444,0.0615127,0.9850884675979614,0.9507942795753479,0.022996073588728905,0.040116772055625916
1891,0.0010525149369972166,0.0038335632998496294,0.031278282,0.061915778,0.9866688847541809,0.950147271156311,0.022241616621613503,0.04074510559439659
1892,0.0021224422175278464,0.00464908592402935,0.044752628,0.068184204,0.9727091193199158,0.9395419955253601,0.029561417177319527,0.04309774190187454
1893,0.0013754291959974746,0.004568375647068024,0.036020372,0.06758976,0.982320249080658,0.94059157371521,0.024747708812355995,0.043963443487882614
1894,0.0013833034556062723,0.0035821967758238316,0.0360943,0.059851456,0.9822475910186768,0.953416109085083,0.02473960630595684,0.039685338735580444
1895,0.0011706680604468354,0.0038462660741060972,0.03398822,0.062018275,0.9842588305473328,0.9499821066856384,0.024234546348452568,0.039873164147138596
1896,0.0012316841775001112,0.0038095295894891024,0.03415039,0.06172139,0.9841082692146301,0.9504598379135132,0.023651856929063797,0.03965948149561882
1897,0.0014674986569761213,0.003871539141982794,0.035673056,0.062221695,0.9826595187187195,0.9496534466743469,0.023942407220602036,0.03888343274593353
1898,0.0019288667191920633,0.004014909733086824,0.04388746,0.06336331,0.9737541079521179,0.9477890133857727,0.027691345661878586,0.041048143059015274
1899,0.0012254351009191437,0.0037139097694307566,0.033545766,0.060941856,0.9846659898757935,0.9517033100128174,0.022862693294882774,0.039838746190071106
1900,0.001227692333817355,0.004035189747810364,0.032922152,0.06352314,0.9852308034896851,0.9475252628326416,0.022948497906327248,0.041183702647686005
1901,0.0013650360779138282,0.003731817938387394,0.03689053,0.06108861,0.9814557433128357,0.9514703750610352,0.02571066841483116,0.040349218994379044
1902,0.0010670121396701275,0.003772285534068942,0.032263566,0.061418943,0.9858158230781555,0.9509441256523132,0.02214810624718666,0.04047812148928642
1903,0.0011804559630532326,0.003744350280612707,0.03260432,0.061191097,0.9855145812034607,0.9513074159622192,0.022036734968423843,0.04025663062930107
1904,0.0013177679356886074,0.0036867891903966665,0.03450825,0.060718935,0.9837734699249268,0.9520559906959534,0.023437246680259705,0.04005594551563263
1905,0.002344197155749002,0.004064735025167465,0.04689318,0.063755274,0.9700360298156738,0.9471410512924194,0.029013371095061302,0.04238653928041458
1906,0.002215883821587671,0.003991033881902695,0.042601626,0.06317463,0.9752694964408875,0.9480994939804077,0.02673410438001156,0.04207085818052292
1907,0.002115899048724466,0.003845017869025469,0.045388877,0.06200821,0.9719276428222656,0.9499983191490173,0.029253056272864342,0.041724350303411484
1908,0.0013764558296481316,0.003323314245790243,0.036988575,0.057648197,0.9813570380210876,0.9567826986312866,0.025294989347457886,0.0394543781876564
1909,0.001263183934497647,0.003556742798537016,0.034418292,0.059638433,0.9838579297065735,0.9537471532821655,0.02452024072408676,0.039313193410634995
1910,0.001321276737144217,0.0038977195508778095,0.03554309,0.062431715,0.9827856421470642,0.9493129849433899,0.02417929843068123,0.041910652071237564
1911,0.0013029298266205428,0.003715656464919448,0.034278013,0.060956188,0.9839892387390137,0.951680600643158,0.024320943281054497,0.040639348328113556
1912,0.0013507839731491085,0.0035334271378815174,0.035001893,0.059442636,0.9833058714866638,0.9540503621101379,0.02370150201022625,0.03979652747511864
1913,0.0025804593301886184,0.0042349230498075485,0.049600378,0.065076284,0.9664764404296875,0.9449278712272644,0.032420799136161804,0.042407579720020294
1914,0.00258109210699331,0.004702931735664606,0.045090757,0.06857792,0.9722951650619507,0.9388417601585388,0.028965432196855545,0.04528691992163658
1915,0.00282433516589332,0.004285017028450966,0.05315961,0.06546004,0.961492657661438,0.9442764520645142,0.03504708781838417,0.04333266615867615
1916,0.0025932740867243742,0.004598550498485565,0.0507599,0.06781261,0.964890718460083,0.9401991963386536,0.03165709227323532,0.04481281340122223
1917,0.0016059505234641786,0.004363448824733496,0.040049203,0.06605641,0.9781441688537598,0.9432564973831177,0.02772042341530323,0.042795248329639435
1918,0.0015630628662289712,0.0038219003472477198,0.037554182,0.061821517,0.9807825088500977,0.9502989649772644,0.02577183023095131,0.041212908923625946
1919,0.0014517268811521883,0.00416799308732152,0.037914675,0.06455999,0.9804117679595947,0.9457982778549194,0.02537992224097252,0.042379964143037796
1920,0.0015886012710821392,0.0037932535633444786,0.03696759,0.061589394,0.9813781976699829,0.9506714940071106,0.024746637791395187,0.04128345847129822
1921,0.002246738649608398,0.003648327197879553,0.04616595,0.060401384,0.9709581732749939,0.9525561332702637,0.029890311881899834,0.04112323373556137
1922,0.0016353282976937903,0.0038602782879024744,0.03912344,0.062131137,0.9791429042816162,0.9497998952865601,0.027894416823983192,0.041981879621744156
1923,0.0016115994486343961,0.004074996802955866,0.039744876,0.063835695,0.978475034236908,0.9470075964927673,0.027294892817735672,0.04279410466551781
1924,0.0014933701776581902,0.0038319299928843975,0.03749533,0.061902586,0.9808427095413208,0.9501685500144958,0.02522711455821991,0.040886521339416504
1925,0.0016847586904821749,0.0036157178692519665,0.037162833,0.06013084,0.9811809659004211,0.9529802203178406,0.025454454123973846,0.040212277323007584
1926,0.0015966171909398822,0.003901203628629446,0.038553666,0.062459614,0.9797459840774536,0.9492676854133606,0.02553301490843296,0.041580092161893845
1927,0.002017035486377691,0.0037788834888488054,0.038568307,0.061472625,0.9797306060791016,0.9508583545684814,0.024286188185214996,0.04047098383307457
1928,0.0018848806198961524,0.003841929603368044,0.043286793,0.061983302,0.9744676351547241,0.950038492679596,0.027595989406108856,0.04187792167067528
1929,0.0014885909477015957,0.0036316169425845146,0.038499583,0.0602629,0.9798027276992798,0.9527734518051147,0.026396580040454865,0.0411333292722702
1930,0.0011981519386278126,0.004280380439013243,0.034168348,0.06542461,0.9840915203094482,0.9443367719650269,0.02404121682047844,0.04190344363451004
1931,0.0013967896070839329,0.003967978525906801,0.035977636,0.062991895,0.9823621511459351,0.9483993053436279,0.023884303867816925,0.04177282005548477
1932,0.0038549430927642707,0.0044104112312197685,0.061715096,0.06641093,0.9481005072593689,0.942645788192749,0.037555497139692307,0.04338046908378601
1933,0.0017928648898801343,0.004343727137893438,0.041716006,0.06590696,0.9762870669364929,0.9435129761695862,0.027699695900082588,0.042713772505521774
1934,0.0013820441183104942,0.003878990188241005,0.03658969,0.06228154,0.9817569255828857,0.9495565295219421,0.025089791044592857,0.04072440788149834
1935,0.0011758108409015801,0.00387078570201993,0.03381652,0.062215637,0.9844174981117249,0.9496632218360901,0.023321975022554398,0.0417344905436039
1936,0.0013242528392848644,0.0037285643629729748,0.036169007,0.061061975,0.9821740388870239,0.9515126943588257,0.024441547691822052,0.04076714068651199
1937,0.0011332467031686313,0.0036331515293568373,0.03288579,0.060275633,0.9852634072303772,0.952753484249115,0.02283204346895218,0.04010242596268654
1938,0.0015165450511796569,0.004114213399589062,0.03723625,0.06414214,0.9811065196990967,0.9464976191520691,0.023242687806487083,0.0424329936504364
1939,0.0013322657270526345,0.003719855099916458,0.036440294,0.060990617,0.9819056391716003,0.9516260027885437,0.02476811222732067,0.040310319513082504
1940,0.0011974937607936392,0.0036633971612900496,0.031734213,0.060526002,0.9862774014472961,0.9523601531982422,0.021942105144262314,0.04074540734291077
1941,0.0012588611531431195,0.0034992126747965813,0.034104474,0.05915414,0.9841509461402893,0.9544952511787415,0.02342238649725914,0.03904484212398529
1942,0.001546614626105028,0.003668062621727586,0.037390344,0.060564533,0.9809498190879822,0.9522994756698608,0.025282882153987885,0.04176634922623634
1943,0.002161332550299862,0.0037379139102995396,0.04543482,0.061138485,0.9718707799911499,0.9513911604881287,0.02922077476978302,0.040856655687093735
1944,0.001409238351202062,0.004483839962631464,0.03749968,0.06696148,0.9808382391929626,0.9416909217834473,0.025336379185318947,0.044047463685274124
1945,0.0014526319864671677,0.004047699738293886,0.037997406,0.063621536,0.980326235294342,0.9473626017570496,0.025786951184272766,0.04260224476456642
1946,0.0013170887858987871,0.0034829904325306416,0.035041276,0.059016865,0.9832683205604553,0.9547062516212463,0.023787453770637512,0.039442338049411774
1947,0.0012584770361585965,0.0038433163426816463,0.035073474,0.061994486,0.9832375645637512,0.950020432472229,0.02457168698310852,0.04095052555203438
1948,0.001296190596556037,0.003974015358835459,0.035627756,0.063039795,0.9827035665512085,0.9483208060264587,0.023689065128564835,0.04068148881196976
1949,0.0011116414111298086,0.0037582162767648697,0.032262105,0.061304294,0.9858170747756958,0.9511271119117737,0.022391455247998238,0.04168093949556351
1950,0.0012688226594367404,0.0036868369206786156,0.033948887,0.060719326,0.9842952489852905,0.9520553350448608,0.023221775889396667,0.040339671075344086
1951,0.001956663294219073,0.00382415484637022,0.040739812,0.06183975,0.9773838520050049,0.9502696394920349,0.026426905766129494,0.04146391525864601
1952,0.002114502680011686,0.0039025661535561085,0.04202747,0.06247052,0.9759316444396973,0.9492499828338623,0.027161478996276855,0.04194352775812149
1953,0.0016264787541744722,0.003755931742489338,0.039561547,0.061285656,0.9786731600761414,0.9511568546295166,0.02673390880227089,0.04032830521464348
1954,0.0012776107813062315,0.00359495566226542,0.035032623,0.059957948,0.9832765460014343,0.9532502293586731,0.024277744814753532,0.0392439141869545
1955,0.0012068143842043355,0.0035769185051321983,0.034315046,0.059807345,0.983954668045044,0.9534847736358643,0.023530403152108192,0.040347035974264145
1956,0.0010057562837821686,0.003910776227712631,0.031547982,0.062536195,0.9864380359649658,0.9491431713104248,0.02259155549108982,0.041228391230106354
1957,0.0010576594517756762,0.00342004606500268,0.03122205,0.05848116,0.9867168068885803,0.9555248022079468,0.02201719395816326,0.03966068476438522
1958,0.0010812141653414901,0.0036045622546225786,0.031329542,0.060038008,0.9866251945495605,0.9531252980232239,0.02250273898243904,0.040736984461545944
1959,0.0013448044020068746,0.003680845256894827,0.03468804,0.06066997,0.9836039543151855,0.952133297920227,0.023080643266439438,0.04119676724076271
1960,0.001269400394944982,0.0037302386481314898,0.033545546,0.06107568,0.9846661686897278,0.9514909386634827,0.02350141853094101,0.04033982753753662
1961,0.0012268851569388062,0.0034316338133066893,0.03490264,0.058580153,0.9834004640579224,0.9553740620613098,0.02411123551428318,0.03945199027657509
1962,0.0014572959692238576,0.004064070526510477,0.037651025,0.063750066,0.9806832671165466,0.9471496939659119,0.024026136845350266,0.041781071573495865
1963,0.0011894409372788768,0.0038030100986361504,0.033937395,0.061668545,0.9843058586120605,0.9505445957183838,0.0230452511459589,0.04138093441724777
1964,0.0010570644027955661,0.0034472651313990355,0.032046944,0.058713414,0.9860056042671204,0.9551708102226257,0.02299937605857849,0.0397750660777092
1965,0.004581813965077427,0.004398891236633062,0.066983216,0.066324145,0.9388619065284729,0.9427956342697144,0.041910868138074875,0.04450855031609535
1966,0.0023022991464875468,0.004080023616552353,0.04352303,0.063875064,0.9741882085800171,0.9469422698020935,0.02870478667318821,0.0425293892621994
1967,0.0018333526650994,0.00364923314191401,0.04171213,0.060408887,0.9762914776802063,0.9525443315505981,0.028166476637125015,0.04138060286641121
1968,0.0018936464065601203,0.004025050904601812,0.040545408,0.063443296,0.9775992035865784,0.9476571083068848,0.027432406321167946,0.043491534888744354
1969,0.0014527669025648554,0.003586928592994809,0.037166405,0.059890978,0.9811773300170898,0.9533545970916748,0.025427090004086494,0.03974451124668121
1970,0.0010596342624260367,0.003802256425842643,0.03253618,0.06166244,0.9855750799179077,0.9505544304847717,0.02350030653178692,0.040493451058864594
1971,0.001555448706230064,0.004378837533295155,0.03735244,0.066172786,0.9809884428977966,0.9430564045906067,0.025232259184122086,0.043359484523534775
1972,0.001205861473202028,0.0038414201699197292,0.033711556,0.061979186,0.984514057636261,0.950045108795166,0.024101262912154198,0.040574006736278534
1973,0.0012915005592565815,0.0036918988917022943,0.03522247,0.060761,0.9830948114395142,0.9519895315170288,0.024662287905812263,0.03961564227938652
1974,0.0011637899389659817,0.003699778113514185,0.033229016,0.060825802,0.9849541783332825,0.9518870711326599,0.02291039377450943,0.03963695466518402
1975,0.0011966371292311867,0.0034358357079327106,0.03183943,0.058616005,0.9861862659454346,0.9553194642066956,0.02186955139040947,0.039391908794641495
1976,0.0011168115670443512,0.003662576898932457,0.03303495,0.060519226,0.9851294159889221,0.952370822429657,0.0233046505600214,0.0400262251496315
1977,0.0009675296645251696,0.003588865278288722,0.03067621,0.059907135,0.9871771931648254,0.9533294439315796,0.021644368767738342,0.03923417627811432
1978,0.0010774333985120227,0.0033905724994838238,0.031334966,0.058228623,0.9866205453872681,0.9559080600738525,0.02196679450571537,0.0389648862183094
1979,0.0009918862587338399,0.0035285025369375944,0.030941758,0.0594012,0.9869542121887207,0.9541143774986267,0.022003905847668648,0.039384689182043076
1980,0.002015861141527156,0.003752536838874221,0.04269844,0.061257955,0.9751570224761963,0.9512009620666504,0.02871331200003624,0.04166039824485779
1981,0.0012466024887875062,0.0034982990473508835,0.03507049,0.05914642,0.9832404255867004,0.9545071721076965,0.024872416630387306,0.039745137095451355
1982,0.0015453423640627245,0.003647164674475789,0.034686193,0.06039176,0.983605682849884,0.9525712728500366,0.02357758767902851,0.04022493585944176
1983,0.0012424113453810357,0.0033690480049699545,0.034151502,0.058043502,0.984107255935669,0.9561879634857178,0.023907409980893135,0.03913242369890213
1984,0.0011013800407950343,0.0038717593997716904,0.032811914,0.062223464,0.9853295683860779,0.9496505856513977,0.022985637187957764,0.04121825098991394
1985,0.001309122736777433,0.0034031847026199102,0.03598739,0.05833682,0.982352614402771,0.9557440280914307,0.023744646459817886,0.03995371237397194
1986,0.001023982722968371,0.003268224885687232,0.031744298,0.057168394,0.9862686991691589,0.957499086856842,0.022169003263115883,0.038910578936338425
1987,0.0010457270400365815,0.003577873343601823,0.031835306,0.05981533,0.9861898422241211,0.953472375869751,0.022379443049430847,0.04009145125746727
1988,0.0015744719897735524,0.0037166140973567963,0.039704684,0.06096404,0.978518545627594,0.9516681432723999,0.027176229283213615,0.042059823870658875
1989,0.0013710889139805329,0.0033470767084509134,0.034089908,0.057853926,0.9841644763946533,0.956473708152771,0.02320060320198536,0.0399598553776741
1990,0.001489551333096725,0.003964881878346205,0.038393494,0.06296731,0.9799138903617859,0.9484395980834961,0.025861751288175583,0.04151067137718201
1991,0.0015398364948024127,0.0035478679928928614,0.034904055,0.05956398,0.9833990931510925,0.9538625478744507,0.0241731908172369,0.040439192205667496
1992,0.00149446729747896,0.0037301655393093824,0.03607325,0.061075084,0.9822682738304138,0.9514918923377991,0.0241829976439476,0.04062344878911972
1993,0.002127981101776558,0.0032966865692287683,0.040341314,0.057416778,0.9778241515159607,0.9571290016174316,0.02634640783071518,0.03878263384103775
1994,0.0013135073439281603,0.0034606598783284426,0.03610081,0.058827374,0.9822412133216858,0.954996645450592,0.025112371891736984,0.03991004824638367
1995,0.0015984700757226992,0.003476484213024378,0.036345724,0.05896172,0.981999397277832,0.9547908306121826,0.023721573874354362,0.03885003551840782
1996,0.0015409367968624626,0.0034208449069410563,0.035710942,0.058487993,0.9826226830482483,0.9555143713951111,0.0245782770216465,0.04076562076807022
1997,0.0012971301211192358,0.003952399827539921,0.035629537,0.06286811,0.98270183801651,0.9486019015312195,0.024820096790790558,0.04117109999060631
1998,0.0013810231638754803,0.003497077850624919,0.036204692,0.059136096,0.9821388125419617,0.9545230269432068,0.024675922468304634,0.03897174820303917
1999,0.0013655965581578625,0.0034943551290780306,0.036550652,0.05911307,0.9817958474159241,0.9545584321022034,0.02516264095902443,0.039811041206121445
2000,0.0010735373467799616,0.004044711589813232,0.032663986,0.063598044,0.9854615330696106,0.9474014639854431,0.022453511133790016,0.041551992297172546
