Epoch,Train_Loss,Test_Loss,Train_RMSE,Test_RMSE,Train_R2,Test_R2,Train_MAE,Test_MAE
1,0.09403517757627097,0.057282283902168274,0.30672935,0.23933718,-0.22096121311187744,0.1602482795715332,0.23919853568077087,0.18431714177131653
2,0.05521973544223742,0.04956261068582535,0.23514614,0.22262661,0.2824257016181946,0.2734178304672241,0.18827110528945923,0.17395348846912384
3,0.05092674476856535,0.04407646879553795,0.22488597,0.20994398,0.3436794877052307,0.3538439869880676,0.1773681789636612,0.16735142469406128
4,0.04784690165384249,0.04360344260931015,0.21935299,0.20881437,0.37557774782180786,0.3607785105705261,0.1748424768447876,0.16844210028648376
5,0.044234794649210846,0.03844655677676201,0.2103408,0.19607794,0.42583292722702026,0.4363778829574585,0.16590069234371185,0.15172120928764343
6,0.042903979647565975,0.03850464150309563,0.2063952,0.19622602,0.44717156887054443,0.4355262517929077,0.16302022337913513,0.1537269949913025
7,0.04089358292350715,0.03799432888627052,0.20185567,0.19492134,0.47122228145599365,0.4430074691772461,0.15885384380817413,0.15164807438850403
8,0.04060870197347619,0.03390686586499214,0.20057334,0.18413816,0.4779192805290222,0.5029293298721313,0.1585828959941864,0.14324167370796204
9,0.03805094766853885,0.03613324090838432,0.19478896,0.19008747,0.5075978636741638,0.47029078006744385,0.1534406840801239,0.14715516567230225
10,0.03567911891944029,0.03247242793440819,0.18883003,0.18020108,0.5372639298439026,0.5239579081535339,0.14909961819648743,0.13897109031677246
11,0.03572141484950076,0.03408662974834442,0.18867709,0.18462564,0.538013219833374,0.5002938508987427,0.14756549894809723,0.14239954948425293
12,0.034576054831797425,0.030899478122591972,0.18564332,0.17578247,0.5527504682540894,0.5470172166824341,0.1446378231048584,0.13649335503578186
13,0.03384177348661152,0.030151674523949623,0.18431549,0.17364238,0.5591256618499756,0.5579798221588135,0.14362198114395142,0.13238415122032166
14,0.032596793745390394,0.027803247794508934,0.1808236,0.16674307,0.5756722092628479,0.5924075841903687,0.13893213868141174,0.1294395476579666
15,0.031121627046641977,0.028230996802449226,0.17681614,0.16802083,0.5942719578742981,0.5861368179321289,0.13756175339221954,0.13031084835529327
16,0.02918427357111465,0.025961942970752716,0.17089713,0.1611271,0.6209812164306641,0.6194008588790894,0.1314576417207718,0.12446048110723495
17,0.029031357981941917,0.026337090879678726,0.17009625,0.16228706,0.6245253086090088,0.6139012575149536,0.13152040541172028,0.12361717224121094
18,0.029117006596855143,0.028551135212183,0.16935648,0.16897081,0.6277841925621033,0.5814436078071594,0.1303146481513977,0.12824887037277222
19,0.03012372273951769,0.027673838660120964,0.17257568,0.16635455,0.6134991645812988,0.5943046808242798,0.13321420550346375,0.1307610273361206
20,0.02927920196882703,0.026087932288646698,0.17060214,0.1615176,0.6222885251045227,0.6175538301467896,0.1329919397830963,0.12333501875400543
21,0.026932981246235697,0.02385438047349453,0.16474983,0.15444864,0.6477579474449158,0.6502975225448608,0.1280822902917862,0.1186542883515358
22,0.026515450497919864,0.023408573120832443,0.16210924,0.1529986,0.658958911895752,0.6568330526351929,0.1233847513794899,0.11467757821083069
23,0.024732772705399177,0.02272976189851761,0.15666592,0.15076393,0.681477427482605,0.6667842864990234,0.11937309801578522,0.1123267188668251
24,0.02431262432682243,0.021347973495721817,0.15626225,0.14610945,0.6831167340278625,0.687041163444519,0.12033868581056595,0.11009320616722107
25,0.023987483339045535,0.020275408402085304,0.15448609,0.14239174,0.690279483795166,0.7027648687362671,0.11717770993709564,0.10629801452159882
26,0.022616381058469415,0.020111940801143646,0.1502443,0.14181659,0.7070542573928833,0.7051612138748169,0.11395692825317383,0.10480374097824097
27,0.023052985398945482,0.021282421424984932,0.15144588,0.14588496,0.7023497819900513,0.6880021095275879,0.11488156765699387,0.10777825117111206
28,0.021722042869607158,0.019192008301615715,0.14692442,0.13853523,0.7198573350906372,0.7186473608016968,0.11145955324172974,0.10247781872749329
29,0.020704614400694318,0.01814984157681465,0.1445113,0.13472135,0.7289840579032898,0.7339253425598145,0.10891455411911011,0.10093764215707779
30,0.02067229494621808,0.019341077655553818,0.14427404,0.13907221,0.7298732399940491,0.7164620161056519,0.10788922756910324,0.10383222252130508
31,0.020187074572525242,0.01790497452020645,0.14214098,0.13380948,0.7378016710281372,0.7375150918960571,0.10548817366361618,0.09880882501602173
32,0.02013708962212232,0.01821245811879635,0.14173457,0.13495354,0.739298939704895,0.7330074310302734,0.10636311024427414,0.10199279338121414
33,0.018613655903291972,0.01813681609928608,0.13593654,0.134673,0.7601919770240784,0.7341163158416748,0.10138727724552155,0.09768764674663544
34,0.018449860095808453,0.01730428636074066,0.13551569,0.13154575,0.7616745233535767,0.7463211417198181,0.10027774423360825,0.09611105918884277
35,0.01861709214492955,0.01773928292095661,0.13678461,0.1331889,0.757190465927124,0.7399441003799438,0.10156812518835068,0.09893346577882767
36,0.017941814995455472,0.017609218135476112,0.13399076,0.13269973,0.7670080661773682,0.7418508529663086,0.10040618479251862,0.09623608738183975
37,0.017789315178313038,0.017291676253080368,0.13269916,0.13149782,0.7714782357215881,0.7465059757232666,0.09852857142686844,0.09509642422199249
38,0.019533591747114606,0.016132526099681854,0.13689548,0.12701388,0.7567967176437378,0.7634990215301514,0.10078128427267075,0.09580538421869278
39,0.018209200140766123,0.016271011903882027,0.13398938,0.12755789,0.7670128345489502,0.761468768119812,0.09823679178953171,0.09321493655443192
40,0.01739767504940656,0.016950294375419617,0.13189913,0.13019331,0.7742253541946411,0.7515106201171875,0.09817524999380112,0.09518697112798691
41,0.017589507582174105,0.016919109970331192,0.13244116,0.13007347,0.7723659873008728,0.7519677877426147,0.09653274714946747,0.09508228302001953
42,0.016783241140232844,0.015100877732038498,0.13005632,0.12288562,0.7804900407791138,0.7786228656768799,0.094915971159935,0.08847230672836304
43,0.01640794788148593,0.018897438421845436,0.1280142,0.13746795,0.787329375743866,0.7229657173156738,0.09397447109222412,0.09793289005756378
44,0.01689951147206805,0.015612528659403324,0.12966067,0.12495011,0.7818236351013184,0.7711220979690552,0.09523791074752808,0.09037169069051743
45,0.01678975838744505,0.015771202743053436,0.1294798,0.12558345,0.7824318408966064,0.7687959671020508,0.09472528100013733,0.09064660966396332
46,0.015864452728154985,0.015325859189033508,0.12539977,0.123797655,0.7959274053573608,0.7753246426582336,0.09224360436201096,0.0888001099228859
47,0.017359110293909907,0.015491829253733158,0.13142864,0.12446618,0.7758331894874573,0.7728915214538574,0.09487763047218323,0.08875682204961777
48,0.014788108528591692,0.013917413540184498,0.12236056,0.11797209,0.8056994080543518,0.7959722876548767,0.08953334391117096,0.08451873809099197
49,0.01643140275369991,0.01535006519407034,0.12634575,0.12389538,0.7928367853164673,0.7749698162078857,0.09156664460897446,0.08873309940099716
50,0.015158444283191453,0.015521381050348282,0.122930154,0.12458483,0.8038862347602844,0.7724583148956299,0.0902118980884552,0.08997689932584763
51,0.015174706191332503,0.016535287722945213,0.12035355,0.12858962,0.8120211362838745,0.7575945854187012,0.08792997151613235,0.09288927167654037
52,0.014715930648063395,0.014232875779271126,0.12047457,0.11930162,0.8116428852081299,0.7913476228713989,0.08823583275079727,0.08520027250051498
53,0.014468637337400154,0.016131844371557236,0.11903009,0.12701121,0.8161326050758362,0.7635089755058289,0.08561675250530243,0.09102974832057953
54,0.015641299478540368,0.014634577557444572,0.12393045,0.12097346,0.8006816506385803,0.7854587435722351,0.0898970440030098,0.0879189595580101
55,0.015159217175096273,0.014952397905290127,0.12239286,0.12228,0.8055968284606934,0.7807995676994324,0.08934663981199265,0.08809955418109894
56,0.01506513429128311,0.015718502923846245,0.12171782,0.12537347,0.8077353239059448,0.7695685029029846,0.08833347260951996,0.09338072687387466
57,0.014866612618789077,0.01490901317447424,0.12118639,0.12210247,0.8094105124473572,0.7814356088638306,0.08787281811237335,0.0897606834769249
58,0.013783077751709656,0.013523026369512081,0.1174722,0.11628855,0.820914089679718,0.8017539978027344,0.08529886603355408,0.0842026099562645
59,0.013626887822862376,0.014192353934049606,0.11638824,0.11913167,0.8242038488388062,0.7919417023658752,0.08417929708957672,0.0851898044347763
60,0.01357478299178183,0.014727408066391945,0.11597692,0.12135655,0.8254441618919373,0.7840978503227234,0.08436093479394913,0.084711953997612
61,0.013137607739984312,0.015003262087702751,0.1134157,0.122487806,0.8330687880516052,0.7800539135932922,0.08176274597644806,0.08454079926013947
62,0.012655496364459395,0.013417239300906658,0.11158678,0.115832806,0.8384091854095459,0.8033047914505005,0.08040671050548553,0.08054216206073761
63,0.013327873057939789,0.013153721578419209,0.11373039,0.11468968,0.8321411609649658,0.8071679472923279,0.08142178505659103,0.08385912328958511
64,0.012965699805962768,0.012900259345769882,0.11380285,0.11357931,0.8319271802902222,0.810883641242981,0.08181450515985489,0.08351945132017136
65,0.013249042010019448,0.012151491828262806,0.11463955,0.110233806,0.8294466733932495,0.8218605518341064,0.08090576529502869,0.07729265838861465
66,0.011660626560280269,0.01438521035015583,0.10793573,0.11993836,0.8488104939460754,0.7891144752502441,0.0783601626753807,0.08316247165203094
67,0.01288130793678151,0.013052995316684246,0.11193835,0.11424971,0.837389349937439,0.8086445331573486,0.08073918521404266,0.08143004775047302
68,0.012608512971465561,0.013197794556617737,0.11115705,0.11488166,0.839651346206665,0.8065218329429626,0.07929232716560364,0.08234038203954697
69,0.011742940299551596,0.01237051747739315,0.108222224,0.111222826,0.8480068445205688,0.8186496496200562,0.07863160222768784,0.07747986167669296
70,0.011525182783688333,0.013707434758543968,0.10716929,0.11707875,0.8509500026702881,0.7990505695343018,0.07761981338262558,0.08490892499685287
71,0.011833125026896596,0.011703777126967907,0.10860202,0.108183995,0.8469381332397461,0.8284239768981934,0.07702197879552841,0.07867130637168884
72,0.011221629705026069,0.012309374287724495,0.105854966,0.11094762,0.8545835018157959,0.8195459842681885,0.07627181708812714,0.07893456518650055
73,0.012753473605367948,0.012093550525605679,0.112497024,0.10997068,0.8357621431350708,0.8227099180221558,0.08041568845510483,0.07670415192842484
74,0.011106220349161462,0.01379959937185049,0.10567569,0.1174717,0.8550756573677063,0.7976994514465332,0.0753781720995903,0.0852905660867691
75,0.011899895606223832,0.013400224968791008,0.107380696,0.11575934,0.8503614068031311,0.8035542368888855,0.07657988369464874,0.08082663267850876
76,0.010525158140808344,0.012642650865018368,0.10189308,0.11243954,0.8652649521827698,0.8146601915359497,0.07362440228462219,0.07899146527051926
77,0.01087293920467015,0.01162692904472351,0.10425655,0.10782824,0.858941912651062,0.829550564289093,0.07502592355012894,0.0738280639052391
78,0.011297250716862354,0.013096805661916733,0.1062794,0.11444128,0.8534150123596191,0.8080023527145386,0.07683457434177399,0.08232120424509048
79,0.013487185118719935,0.01195695623755455,0.11629341,0.109347865,0.8244901895523071,0.8247123956680298,0.08354900777339935,0.07752346992492676
80,0.012142408670942214,0.011633772403001785,0.110190995,0.10785997,0.8424264192581177,0.829450249671936,0.07793955504894257,0.07427515834569931
81,0.01209228854118423,0.01489703543484211,0.109630786,0.122053415,0.8440245389938354,0.7816111445426941,0.0778566226363182,0.08561640232801437
82,0.011574861297214573,0.01361524872481823,0.107898414,0.11668441,0.8489149808883667,0.8004019856452942,0.07793262600898743,0.08310411125421524
83,0.010557805981741032,0.011818243190646172,0.1013566,0.10871175,0.8666799664497375,0.826745867729187,0.0713551938533783,0.0768919438123703
84,0.010450547434050928,0.012136689387261868,0.10171783,0.11016665,0.8657280206680298,0.8220775127410889,0.0731925219297409,0.07842250168323517
85,0.01220997556282038,0.011148071847856045,0.109441176,0.10558443,0.8445636034011841,0.8365705609321594,0.07653415203094482,0.07245706766843796
86,0.010217028532431206,0.015627214685082436,0.09958957,0.12500885,0.8712880611419678,0.7709068059921265,0.07093778997659683,0.08663373440504074
87,0.013304893901063637,0.012767944484949112,0.115070045,0.112995334,0.8281633853912354,0.8128234148025513,0.08157724887132645,0.07933232933282852
88,0.011313708721321415,0.012565908022224903,0.10650318,0.11209776,0.8527970910072327,0.8157852292060852,0.07656048238277435,0.0778418704867363
89,0.011312719794328917,0.011873604729771614,0.10675586,0.108966075,0.8520978093147278,0.8259342908859253,0.075921431183815,0.07437609136104584
90,0.010225948374930093,0.011194324120879173,0.10129856,0.10580324,0.8668326139450073,0.8358924984931946,0.07141542434692383,0.0752214565873146
91,0.010356816018677571,0.012297118082642555,0.101382375,0.11089237,0.8666121959686279,0.8197256326675415,0.07233782112598419,0.07642156630754471
92,0.009210305870510638,0.011815018951892853,0.09601061,0.108696915,0.8803728818893433,0.8267931938171387,0.06879106163978577,0.07276253402233124
93,0.008897057152353227,0.010853609070181847,0.093839735,0.10418066,0.8857214450836182,0.8408873081207275,0.06648450344800949,0.0734010636806488
94,0.010669389242221687,0.012081446126103401,0.10248131,0.109915644,0.8637048006057739,0.8228873610496521,0.07365766912698746,0.07496682554483414
95,0.009721241954883391,0.010599225759506226,0.09848231,0.10295254,0.8741341829299927,0.8446165323257446,0.06980451941490173,0.07055913656949997
96,0.00955866800028492,0.01033792831003666,0.09740864,0.1016756,0.8768637180328369,0.8484471440315247,0.06817420572042465,0.07063043862581253
97,0.009255740939724174,0.010971329174935818,0.09618219,0.104744114,0.879944920539856,0.8391615748405457,0.0686190202832222,0.07346822321414948
98,0.008445170961997726,0.010519077070057392,0.0914431,0.102562554,0.8914842009544373,0.8457915186882019,0.06419115513563156,0.0729929655790329
99,0.008817788488654927,0.01150096021592617,0.09354033,0.10724253,0.8864495158195496,0.8313972353935242,0.06641891598701477,0.07345112413167953
100,0.009985791455784982,0.010598347522318363,0.099219866,0.10294828,0.8722418546676636,0.8446294069290161,0.07125987857580185,0.07123366743326187
101,0.00974073449403725,0.010546804405748844,0.09775869,0.10269763,0.875977098941803,0.8453850746154785,0.06839662790298462,0.06926701217889786
102,0.010225647615946153,0.010606217198073864,0.09905472,0.10298649,0.8726668357849121,0.8445140719413757,0.06797473132610321,0.07018893212080002
103,0.010199346124533226,0.010776164010167122,0.09989955,0.10380831,0.8704855442047119,0.8420226573944092,0.06990806758403778,0.07129637151956558
104,0.008851015284149484,0.012075039558112621,0.09411669,0.10988649,0.8850458860397339,0.8229812979698181,0.06628137081861496,0.0734095647931099
105,0.009042741180482235,0.009568804875016212,0.09501906,0.09782027,0.8828309774398804,0.8597224354743958,0.06612268090248108,0.06757465749979019
106,0.009213040688667785,0.01140145305544138,0.09573534,0.10677759,0.881057858467102,0.8328559994697571,0.06810833513736725,0.07180988043546677
107,0.009248210656964644,0.010371263138949871,0.09450779,0.1018394,0.8840885162353516,0.8479584455490112,0.06583411246538162,0.06983520835638046
108,0.009670269876633856,0.010183732956647873,0.09859974,0.100914486,0.8738338947296143,0.8507076501846313,0.06845155358314514,0.07086984068155289
109,0.009248859852298418,0.01127778273075819,0.09608396,0.1061969,0.8801900148391724,0.8346689939498901,0.06802237778902054,0.07422741502523422
110,0.008439329622144049,0.00977449119091034,0.09167573,0.09886603,0.8909313678741455,0.8567070960998535,0.06516741961240768,0.06994646787643433
111,0.00920907134952193,0.01033066026866436,0.094533466,0.10163986,0.884025514125824,0.8485536575317383,0.0667014867067337,0.0705033391714096
112,0.009001925979232923,0.010211317799985409,0.09506886,0.10105106,0.8827081918716431,0.8503032326698303,0.06620058417320251,0.06954114884138107
113,0.00904674859802154,0.011397060006856918,0.094756305,0.106757015,0.8834781050682068,0.8329204320907593,0.06722423434257507,0.07508722692728043
114,0.009216154502196745,0.010590623132884502,0.094798736,0.10291075,0.8833737373352051,0.8447426557540894,0.0669778361916542,0.07179328799247742
115,0.008756621359762821,0.011326574720442295,0.09264234,0.10642638,0.8886192440986633,0.8339537382125854,0.06545503437519073,0.07255449146032333
116,0.009088460080833598,0.010776950977742672,0.09475218,0.1038121,0.8834882974624634,0.8420110940933228,0.06735771149396896,0.07041411846876144
117,0.00854313492097638,0.010531160049140453,0.092836544,0.10262144,0.8881517648696899,0.8456143736839294,0.0647677406668663,0.07130640745162964
118,0.008586284032472495,0.010106774978339672,0.09260298,0.10053246,0.8887138366699219,0.8518358469009399,0.06512653827667236,0.06944669783115387
119,0.00924860149494965,0.00959616806358099,0.09583513,0.09796003,0.8808097839355469,0.8593212366104126,0.06630321592092514,0.06538183242082596
120,0.00847993159285662,0.01073288545012474,0.092216514,0.103599645,0.889640748500824,0.8426570892333984,0.06499513983726501,0.07063829153776169
121,0.00832707008389248,0.010057426989078522,0.09138156,0.10028672,0.8916301727294922,0.8525592684745789,0.06457305699586868,0.06668156385421753
122,0.007600500756366687,0.00955403782427311,0.08749337,0.097744755,0.9006560444831848,0.85993891954422,0.06129645183682442,0.06676703691482544
123,0.00814729458017444,0.0095337750390172,0.090452984,0.09764105,0.8938213586807251,0.8602359294891357,0.0632677972316742,0.06775365024805069
124,0.008419218002183532,0.009122787043452263,0.09123161,0.095513284,0.8919855356216431,0.8662610054016113,0.06365177035331726,0.06375302374362946
125,0.007572887423024936,0.010085400193929672,0.087018535,0.10042609,0.9017314314842224,0.8521491885185242,0.06101362407207489,0.06699829548597336
126,0.008612768925641749,0.009102638810873032,0.09187579,0.09540775,0.8904547691345215,0.8665563464164734,0.06417369097471237,0.06468991190195084
127,0.008063101738860661,0.01020494569092989,0.0899944,0.10101953,0.8948953151702881,0.8503966331481934,0.06357789039611816,0.06814748793840408
128,0.008080215510827575,0.00945326965302229,0.08919447,0.09722792,0.8967554569244385,0.8614161610603333,0.06262681633234024,0.06820131093263626
129,0.008054592995904386,0.010741518810391426,0.089256145,0.1036413,0.8966126441955566,0.8425305485725403,0.062097273766994476,0.07110785692930222
130,0.008363056049512868,0.01009421981871128,0.089763224,0.10046999,0.895434558391571,0.8520199060440063,0.06315387040376663,0.0687333345413208
131,0.00881931331770664,0.009588274173438549,0.09218945,0.09791973,0.8897055387496948,0.8594369888305664,0.06501039862632751,0.06785696744918823
132,0.008265356490896507,0.009120563976466656,0.09103946,0.09550165,0.8924400806427002,0.8662935495376587,0.06416111439466476,0.06503213942050934
133,0.007951518319631841,0.009623042307794094,0.08871508,0.09809711,0.8978623151779175,0.858927309513092,0.06258052587509155,0.0661001205444336
134,0.008487308255015787,0.00861687958240509,0.0907384,0.09282715,0.893150269985199,0.8736774921417236,0.06222660839557648,0.06316398829221725
135,0.007475179122676226,0.009216406382620335,0.08420667,0.09600212,0.9079796075820923,0.8648885488510132,0.05953679606318474,0.06717991083860397
136,0.008151422265324403,0.009788324125111103,0.08960302,0.09893596,0.8958075046539307,0.8565042614936829,0.062284622341394424,0.0686115249991417
137,0.007201289848043499,0.009279121644794941,0.08406343,0.0963282,0.9082923531532288,0.8639691472053528,0.05924675613641739,0.06586875021457672
138,0.007911346313035623,0.009366494603455067,0.08865147,0.09678065,0.8980087041854858,0.8626882433891296,0.0627049133181572,0.0662347748875618
139,0.00800084649712186,0.009105299599468708,0.0895872,0.095421694,0.8958442807197571,0.8665173649787903,0.06222257390618324,0.06438165158033371
140,0.007624192856548523,0.00865091197192669,0.08728404,0.09301028,0.9011307954788208,0.8731786012649536,0.0611165314912796,0.06524869054555893
141,0.007833331304771656,0.008337361738085747,0.087234855,0.09130915,0.901242196559906,0.877775251865387,0.060937896370887756,0.06470972299575806
142,0.0077689341692761945,0.010517570190131664,0.08719831,0.10255521,0.901324987411499,0.8458136320114136,0.06172368675470352,0.07158993929624557
143,0.007847322076982395,0.008298232220113277,0.08900709,0.091094635,0.8971888422966003,0.8783488273620605,0.06300993263721466,0.06118054687976837
144,0.0072867161467332735,0.009165157563984394,0.08521001,0.09573483,0.9057736396789551,0.8656398057937622,0.060605794191360474,0.06571368128061295
145,0.007161841590211473,0.008279489353299141,0.082664974,0.090991706,0.9113182425498962,0.8786236047744751,0.05828475579619408,0.06363453716039658
146,0.007656567936382172,0.008671545423567295,0.08630249,0.09312114,0.9033420085906982,0.8728761076927185,0.062188297510147095,0.06349818408489227
147,0.007779421739872883,0.00946157518774271,0.085806206,0.09727063,0.9044504761695862,0.8612943887710571,0.06112034246325493,0.06640936434268951
148,0.007317534647881985,0.008542816154658794,0.08536162,0.09242736,0.9054380059242249,0.8747633099555969,0.0608016774058342,0.0625118762254715
149,0.006770277088931339,0.009410818107426167,0.08240374,0.09700937,0.9118778705596924,0.8620384931564331,0.05710308626294136,0.0675729364156723
150,0.007245035455773838,0.009416661225259304,0.08240999,0.09703948,0.9118644595146179,0.8619528412818909,0.05739891901612282,0.06628953665494919
151,0.009158629627729004,0.009405968710780144,0.09526973,0.09698437,0.8822119832038879,0.8621095418930054,0.06566792726516724,0.06625989824533463
152,0.00742143724875694,0.007936947047710419,0.08655399,0.08908954,0.9027777910232544,0.8836452960968018,0.06049378961324692,0.0629601925611496
153,0.006600101150318303,0.010123353451490402,0.08172263,0.100614876,0.9133285880088806,0.8515927791595459,0.056804101914167404,0.06708185374736786
154,0.006805227127518843,0.008756648749113083,0.08247318,0.09357697,0.9117292761802673,0.8716285228729248,0.05661153048276901,0.0623026117682457
155,0.006802287963430651,0.008796779438853264,0.082134284,0.09379114,0.9124532341957092,0.8710402250289917,0.05667993053793907,0.06419272720813751
156,0.007823511545377021,0.008791640400886536,0.08642734,0.09376375,0.903062105178833,0.8711155652999878,0.06019043177366257,0.06308449059724808
157,0.007426723081152886,0.009065783582627773,0.086213216,0.09521441,0.9035418629646301,0.8670966625213623,0.059971440583467484,0.06585372984409332
158,0.007042556138582189,0.00866594910621643,0.08308626,0.09309108,0.910412073135376,0.8729581832885742,0.05855277553200722,0.06495344638824463
159,0.006675301855218343,0.008617660030722618,0.08173026,0.09283136,0.9133123755455017,0.8736660480499268,0.05792246386408806,0.0630839541554451
160,0.007368247479793023,0.009444382041692734,0.08528515,0.09718221,0.9056073427200317,0.8615464568138123,0.059662822633981705,0.06439684331417084
161,0.0065415700770575895,0.009031976573169231,0.07975967,0.095036715,0.9174422025680542,0.8675922155380249,0.055791232734918594,0.06439913064241409
162,0.007223629599056122,0.00892134103924036,0.08467331,0.09445285,0.9069568514823914,0.8692141771316528,0.05833657830953598,0.0642503872513771
163,0.006306066997984255,0.008318408392369747,0.07692803,0.09120531,0.9232001304626465,0.8780530691146851,0.05439883470535278,0.06202682852745056
164,0.006401145931290971,0.009289627894759178,0.08029,0.09638272,0.916340708732605,0.8638150691986084,0.05685010179877281,0.06682479381561279
165,0.006320091562387956,0.008288824930787086,0.07911236,0.09104299,0.9187768697738647,0.8784867525100708,0.05518028885126114,0.06286660581827164
166,0.006037165627772497,0.008475364185869694,0.07710344,0.09206174,0.9228494763374329,0.8757520914077759,0.0544622577726841,0.06561005115509033
167,0.006512589313470843,0.008433728478848934,0.079550765,0.091835335,0.9178741574287415,0.8763625025749207,0.05631899833679199,0.06295109540224075
168,0.007515927496239205,0.008907027542591095,0.08395048,0.09437705,0.9085386395454407,0.8694239854812622,0.058695413172245026,0.06365084648132324
169,0.007083298627879809,0.008314590901136398,0.08290594,0.09118437,0.9108004570007324,0.8781090378761292,0.05839649960398674,0.06348869949579239
170,0.006672044639179314,0.009816354140639305,0.08137806,0.09907752,0.9140579104423523,0.8560933470726013,0.05706463381648064,0.06565171480178833
171,0.006653124974532561,0.008780674077570438,0.08155143,0.09370526,0.9136913418769836,0.871276319026947,0.057395681738853455,0.0640358179807663
172,0.006261288802224127,0.0077542089857161045,0.07855778,0.08805799,0.9199116230010986,0.8863241672515869,0.05477798730134964,0.060026269406080246
173,0.005714202659543265,0.007523174863308668,0.07532569,0.08673624,0.9263661503791809,0.8897110819816589,0.05382024496793747,0.06111202761530876
174,0.005681366537993943,0.007401422131806612,0.07522944,0.08603152,0.9265542030334473,0.8914960026741028,0.05251098796725273,0.06113223731517792
175,0.006011087960690598,0.007234568241983652,0.076024905,0.08505627,0.9249927997589111,0.8939420580863953,0.05232046917080879,0.058772582560777664
176,0.006735822111791508,0.008307987824082375,0.08145335,0.09114817,0.9138988256454468,0.8782058358192444,0.05835249274969101,0.061502642929553986
177,0.00588872694325718,0.008234696462750435,0.07657876,0.090745226,0.9238959550857544,0.8792802691459656,0.05413680523633957,0.06107417121529579
178,0.005899651314724575,0.00818111002445221,0.076051146,0.0904495,0.9249410033226013,0.8800658583641052,0.05384789779782295,0.06295061856508255
179,0.006294056783768941,0.008203402161598206,0.0791283,0.09057263,0.9187440872192383,0.8797390460968018,0.0555778443813324,0.06375832855701447
180,0.005378894116306169,0.00741681270301342,0.07310672,0.08612092,0.9306405186653137,0.8912703990936279,0.052103206515312195,0.05742891505360603
181,0.005287669567306611,0.007916782051324844,0.07027986,0.08897631,0.9359007477760315,0.8839408755302429,0.050226036459207535,0.05954746901988983
182,0.005567549002907154,0.007616076618432999,0.074672624,0.08727013,0.9276373982429504,0.888349175453186,0.05271020904183388,0.05778032913804054
183,0.005846346728503704,0.007527919020503759,0.07485719,0.08676358,0.9272792339324951,0.8896415829658508,0.052054017782211304,0.05637965723872185
184,0.005255964214236222,0.00757995992898941,0.07262682,0.08706296,0.9315481185913086,0.8888786435127258,0.05113524943590164,0.05719377100467682
185,0.005456666017628529,0.0075375717133283615,0.07375434,0.08681919,0.9294062256813049,0.889500081539154,0.05076289176940918,0.059969689697027206
186,0.005780919899486683,0.008386515080928802,0.076480605,0.09157792,0.9240909218788147,0.8770546317100525,0.054343633353710175,0.06073720380663872
187,0.005854903386948122,0.00823914259672165,0.07609621,0.09076973,0.9248520135879517,0.8792151212692261,0.052818894386291504,0.06149771437048912
188,0.005212203821760009,0.007433210499584675,0.072531745,0.08621607,0.9317272305488586,0.891029953956604,0.05095541477203369,0.05991899594664574
189,0.005821578368671577,0.007205350790172815,0.07204908,0.08488434,0.9326328635215759,0.8943703770637512,0.05067336931824684,0.05780582129955292
190,0.006144363136792725,0.007462255656719208,0.07825474,0.08638435,0.9205282926559448,0.8906041979789734,0.05376721918582916,0.061274513602256775
191,0.00570980420822955,0.006920967251062393,0.07312275,0.083192356,0.9306101202964783,0.8985394239425659,0.05192093551158905,0.0569048710167408
192,0.006928910014473579,0.00808702688664198,0.0821864,0.0899279,0.9123420715332031,0.8814451098442078,0.05699627473950386,0.060535214841365814
193,0.006296668302225457,0.007109385449439287,0.078684635,0.08431718,0.9196527600288391,0.8957772254943848,0.05516944080591202,0.05743001401424408
194,0.005519732462496243,0.007711051031947136,0.07293594,0.08781259,0.9309641718864441,0.8869568705558777,0.051813725382089615,0.060918696224689484
195,0.006349194075234912,0.007764753419905901,0.07989039,0.08811784,0.9171714186668396,0.8861696124076843,0.056835759431123734,0.05931216478347778
196,0.004830648260064085,0.0075946892611682415,0.06927633,0.08714751,0.9377182126045227,0.8886626958847046,0.049600999802351,0.05925117805600166
197,0.004871947537387975,0.00745898624882102,0.068279125,0.086365424,0.9394983649253845,0.8906521201133728,0.048693932592868805,0.058334290981292725
198,0.0052853188456290145,0.007179777603596449,0.07148147,0.08473357,0.9336901307106018,0.8947452902793884,0.05044789984822273,0.05994458496570587
199,0.005522671949372373,0.008230875246226788,0.07366926,0.09072418,0.9295690059661865,0.8793362975120544,0.05203240364789963,0.06077822670340538
200,0.005008758511394262,0.007692849263548851,0.070079826,0.08770889,0.9362651109695435,0.8872237205505371,0.050050847232341766,0.057567041367292404
201,0.005062944340434941,0.007667339872568846,0.071042985,0.08756335,0.9345011711120605,0.8875976800918579,0.05014486983418465,0.0590188167989254
202,0.004995984464502809,0.007016472052782774,0.0706892,0.08376439,0.9351518750190735,0.897139310836792,0.05065762624144554,0.058124229311943054
203,0.005110493358436294,0.0074622356332838535,0.07104087,0.08638423,0.934505045413971,0.8906044960021973,0.049972135573625565,0.05951883643865585
204,0.0064143583294935524,0.009699278511106968,0.07743514,0.098484926,0.9221842885017395,0.8578096628189087,0.05324827879667282,0.06572353094816208
205,0.0060892565207640555,0.007728456985205412,0.07545289,0.08791164,0.9261172413825989,0.8867017030715942,0.05322021245956421,0.05871984362602234
206,0.005489220234184441,0.006576810963451862,0.074125275,0.08109754,0.9286943674087524,0.9035847187042236,0.05129978433251381,0.05558609589934349
207,0.004911384508225389,0.007201481610536575,0.06919961,0.08486155,0.9378560781478882,0.8944271206855774,0.048642948269844055,0.05894730985164642
208,0.0053316515775143425,0.007138450630009174,0.0723948,0.08448935,0.9319847822189331,0.8953511118888855,0.05163271725177765,0.05802592262625694
209,0.004765411288562146,0.006359296850860119,0.068818994,0.0797452,0.9385378360748291,0.9067734479904175,0.04954882338643074,0.0541999377310276
210,0.0043272549466399305,0.007515504490584135,0.06550657,0.08669201,0.9443120956420898,0.8898235559463501,0.04681041091680527,0.05897906422615051
211,0.004573637497907674,0.006409360561519861,0.06695598,0.080058485,0.941820502281189,0.9060394763946533,0.04783087223768234,0.0549921989440918
212,0.004284810518253256,0.006856219377368689,0.065725625,0.08280229,0.9439390301704407,0.899488627910614,0.046823181211948395,0.056319933384656906
213,0.0058061147045174785,0.0061958651058375835,0.07146023,0.07871382,0.9337295293807983,0.9091693162918091,0.05012117326259613,0.053981803357601166
214,0.005249144996262409,0.006667671259492636,0.07270469,0.08165581,0.931401252746582,0.9022526741027832,0.05132734775543213,0.05506940558552742
215,0.00473780399823392,0.006824172101914883,0.068764836,0.08260855,0.9386345148086548,0.8999584317207336,0.04864261671900749,0.05664097145199776
216,0.004403141909278929,0.006887095049023628,0.065764904,0.08298852,0.9438719749450684,0.8990359902381897,0.04661818966269493,0.05871647596359253
217,0.004994614229706878,0.0066549465991556644,0.07006103,0.08157785,0.9362993240356445,0.9024392366409302,0.0488237664103508,0.05544457584619522
218,0.004620096910829571,0.006273133214563131,0.0675483,0.079203114,0.940786600112915,0.9080365896224976,0.04848359525203705,0.05423593893647194
219,0.004519102698065002,0.006394269876182079,0.066251755,0.07996418,0.9430378675460815,0.9062607288360596,0.04716280475258827,0.05415273457765579
220,0.004393275731920518,0.006020134314894676,0.06508337,0.07758953,0.9450293183326721,0.911745548248291,0.0471983440220356,0.0528462715446949
221,0.004365093296986412,0.006985976826399565,0.06358973,0.083582155,0.9475234746932983,0.8975863456726074,0.04566899687051773,0.05737413838505745
222,0.005073515864999287,0.006694592535495758,0.07122268,0.081820495,0.9341694116592407,0.9018580317497253,0.04996040090918541,0.05515391379594803
223,0.004274660758462481,0.006936362478882074,0.06552124,0.083284825,0.944287121295929,0.8983137011528015,0.04651915282011032,0.05639084056019783
224,0.004082878310741348,0.0066007631830871105,0.06370252,0.08124509,0.9473371505737305,0.903233528137207,0.04630272835493088,0.055758796632289886
225,0.004394718930019404,0.005741678643971682,0.064157866,0.075773865,0.9465816020965576,0.9158276319503784,0.044411104172468185,0.05134763941168785
226,0.004123456109399823,0.006251711864024401,0.0636814,0.07906777,0.9473720192909241,0.9083505868911743,0.04513559117913246,0.05328081175684929
227,0.003849871186751195,0.006486581172794104,0.061704457,0.080539316,0.9505889415740967,0.9049074649810791,0.0448460578918457,0.055311426520347595
228,0.004867576470132917,0.006755888927727938,0.06980575,0.082194224,0.9367626309394836,0.9009594321250916,0.04797684773802757,0.05489663779735565
229,0.004217236374229701,0.006005969829857349,0.063913055,0.0774982,0.9469884634017944,0.9119531512260437,0.04521077871322632,0.05358225479722023
230,0.004229794325180013,0.006080228835344315,0.0650688,0.077975824,0.9450539350509644,0.910864531993866,0.046635642647743225,0.05099182948470116
231,0.0040582895480011675,0.006226954981684685,0.062933505,0.07891106,0.9486009478569031,0.9087135791778564,0.04432879760861397,0.054796189069747925
232,0.004296683283014731,0.005984459538012743,0.06519528,0.07735929,0.9448400735855103,0.9122685194015503,0.04645839333534241,0.052845604717731476
233,0.005026005531280217,0.006472049746662378,0.069232985,0.08044905,0.9377961158752441,0.9051204919815063,0.04781154543161392,0.05703677982091904
234,0.004610147856345231,0.005952654872089624,0.06819559,0.07715345,0.939646303653717,0.9127347469329834,0.04934238642454147,0.05443146824836731
235,0.0044105940456078815,0.00630781939253211,0.0657816,0.07942178,0.9438434839248657,0.9075281023979187,0.04615365341305733,0.05453646928071976
236,0.004324352445440705,0.006361850071698427,0.0658058,0.07976121,0.9438021779060364,0.9067360162734985,0.046795554459095,0.05508935824036598
237,0.004284790526567535,0.006225735880434513,0.064820334,0.07890333,0.9454727172851562,0.9087314009666443,0.04656919464468956,0.05437898263335228
238,0.004196316228692674,0.006389396730810404,0.06385425,0.0799337,0.947085976600647,0.9063321352005005,0.044440582394599915,0.05578159540891647
239,0.00404813130047511,0.006078764796257019,0.06264932,0.07796644,0.9490641355514526,0.9108859896659851,0.04454362392425537,0.053072817623615265
240,0.004414820360993458,0.006346642971038818,0.06490404,0.07966582,0.9453318119049072,0.9069589376449585,0.04626704007387161,0.055414676666259766
241,0.0043100272252393716,0.005822807550430298,0.065802954,0.07630733,0.9438070058822632,0.9146382808685303,0.04692443087697029,0.05218736454844475
242,0.003994413318154825,0.006315870676189661,0.06252678,0.07947245,0.9492631554603577,0.9074100255966187,0.04419611394405365,0.05455998703837395
243,0.003808478327383372,0.007661954499781132,0.06141928,0.08753259,0.9510446190834045,0.8876765966415405,0.0435916967689991,0.058097731322050095
244,0.004065666876902635,0.006158467847853899,0.06276682,0.07847591,0.9488728642463684,0.9097175598144531,0.044652923941612244,0.05334329977631569
245,0.003972445402971723,0.005959774367511272,0.06287725,0.07719958,0.948692798614502,0.9126303791999817,0.04484300687909126,0.052701033651828766
246,0.004249785071641038,0.0060849254950881,0.06461721,0.07800593,0.9458139538764954,0.9107956886291504,0.045602720230817795,0.05265689641237259
247,0.0036603400129189886,0.006136462092399597,0.059824497,0.078335576,0.9535539150238037,0.9100401401519775,0.041886284947395325,0.05313471704721451
248,0.003427232083843344,0.006175016053020954,0.05735338,0.07858127,0.9573116302490234,0.9094749689102173,0.04188774153590202,0.05302577093243599
249,0.0034748779514550483,0.006474428344517946,0.0582138,0.080463834,0.956021249294281,0.9050856232643127,0.04187173396348953,0.054940592497587204
250,0.003901431215292012,0.006135220639407635,0.062453758,0.07832765,0.9493815898895264,0.9100583791732788,0.043877966701984406,0.05482083186507225
251,0.0038051553499165243,0.006368882954120636,0.061810896,0.079805285,0.9504182934761047,0.9066329002380371,0.04351048544049263,0.05437728017568588
252,0.004055523218333044,0.0059656789526343346,0.06277377,0.07723781,0.9488615393638611,0.9125438332557678,0.04340588301420212,0.052480921149253845
253,0.0039179432787932456,0.0061889588832855225,0.061668236,0.078669935,0.9506469368934631,0.9092705845832825,0.044044528156518936,0.05303826555609703
254,0.003791083655828102,0.006878734566271305,0.061164703,0.082938135,0.9514495730400085,0.8991585373878479,0.043818194419145584,0.054907962679862976
255,0.0034939886642281304,0.006129825487732887,0.059193216,0.078293204,0.9545289278030396,0.9101374745368958,0.041756339371204376,0.053478192538022995
256,0.003470891012429175,0.00585820572450757,0.05900991,0.07653891,0.9548101425170898,0.9141193628311157,0.042656395584344864,0.05290088430047035
257,0.003931387502234429,0.006238006986677647,0.060155995,0.07898105,0.9530377388000488,0.9085515737533569,0.04219452664256096,0.05261841043829918
258,0.0038175576006654987,0.006157257128506899,0.0617058,0.07846819,0.9505867958068848,0.9097353219985962,0.043403323739767075,0.0533219538629055
259,0.003741449028232389,0.005594884045422077,0.06036602,0.074798964,0.9527092576026917,0.9179795980453491,0.04330635070800781,0.04968739673495293
260,0.003184287628920918,0.0059789689257740974,0.056546926,0.07732379,0.9585037231445312,0.9123489856719971,0.04063993692398071,0.05155159533023834
261,0.0036751384878615763,0.005996532738208771,0.05991949,0.07743728,0.9534062743186951,0.9120914936065674,0.042338211089372635,0.052425771951675415
262,0.003811031230725348,0.005707431118935347,0.057199813,0.075547546,0.957539975643158,0.9163296818733215,0.04056806489825249,0.05071872100234032
263,0.00477727296741002,0.006211338099092245,0.06902488,0.07881204,0.938169538974762,0.9089425206184387,0.047778740525245667,0.051929932087659836
264,0.003416171800133518,0.00564191397279501,0.058362048,0.07511268,0.9557969570159912,0.917290210723877,0.042297109961509705,0.050536904484033585
265,0.003696567953077399,0.006687553133815527,0.060839042,0.08177746,0.9519652128219604,0.9019612073898315,0.042309921234846115,0.05332833155989647
266,0.0033473219029309057,0.005933820270001888,0.05763459,0.07703129,0.9568920135498047,0.9130108952522278,0.04116841033101082,0.051431044936180115
267,0.0035353095895102756,0.005894162226468325,0.05647841,0.07677345,0.9586042165756226,0.9135922193527222,0.039975136518478394,0.05198848247528076
268,0.003974986532491378,0.005765271373093128,0.062596805,0.07592938,0.9491494297981262,0.9154818058013916,0.044462937861680984,0.05208996310830116
269,0.0033711084291677585,0.005391388200223446,0.058040213,0.073426075,0.9562830924987793,0.9209628701210022,0.04118301346898079,0.05095953121781349
270,0.003377777103609829,0.005885675083845854,0.05692636,0.07671816,0.9579449892044067,0.9137166738510132,0.04089212045073509,0.051596902310848236
271,0.00338190930779092,0.0055220588110387325,0.058150303,0.074310556,0.9561170935630798,0.9190472364425659,0.04078538715839386,0.05087905749678612
272,0.0033570147272919053,0.005620933137834072,0.05577317,0.07497288,0.9596315622329712,0.917597770690918,0.04059247300028801,0.0513579286634922
273,0.004481929486659778,0.00610553752630949,0.066219695,0.078137934,0.9430930018424988,0.9104934930801392,0.04612432047724724,0.05217154324054718
274,0.003863723310959441,0.005992361344397068,0.062068652,0.07741034,0.9500039219856262,0.9121526479721069,0.04411598667502403,0.05266507342457771
275,0.0032634055268400434,0.005619042553007603,0.056810617,0.07496028,0.958115816116333,0.9176254868507385,0.040317755192518234,0.05110527575016022
276,0.003186819156822325,0.005658211186528206,0.056196578,0.07522108,0.9590163230895996,0.9170512557029724,0.040610991418361664,0.050484102219343185
277,0.003731119573454965,0.006229747552424669,0.058916852,0.07892875,0.9549525380134583,0.9086726307868958,0.04264161363244057,0.052528947591781616
278,0.0031525907530026,0.006061858963221312,0.055790916,0.07785794,0.959605872631073,0.9111338257789612,0.04027779400348663,0.05250462517142296
279,0.0037420761390504513,0.005795037839561701,0.060895555,0.07612515,0.9518759250640869,0.9150453805923462,0.04385862872004509,0.05280867591500282
280,0.0032988037273753434,0.006065797992050648,0.05707372,0.077883236,0.9577269554138184,0.9110760688781738,0.04009097069501877,0.05228620767593384
281,0.0034417927566788753,0.005609910935163498,0.056239393,0.07489934,0.958953857421875,0.917759358882904,0.04062019661068916,0.05057322606444359
282,0.004515301637266847,0.0060322280041873455,0.06591562,0.07766742,0.9436144232749939,0.9115682244300842,0.04663081467151642,0.05182875320315361
283,0.003993348371957175,0.006328697316348553,0.06305947,0.07955311,0.9483950138092041,0.9072220325469971,0.043923575431108475,0.055309753865003586
284,0.004100883331954141,0.0060964603908360004,0.061045222,0.078079835,0.9516390562057495,0.9106265902519226,0.04307163506746292,0.052703168243169785
285,0.004164559163407169,0.005926238838583231,0.06448121,0.076982066,0.9460417628288269,0.9131219983100891,0.045319341123104095,0.05178389325737953
286,0.0036260452047413723,0.005906266625970602,0.058742713,0.07685225,0.9552184343338013,0.9134147763252258,0.04161606356501579,0.05110926553606987
287,0.0036897305134599183,0.0056535545736551285,0.057918508,0.07519013,0.9564662575721741,0.9171195030212402,0.04018637537956238,0.05050753802061081
288,0.0034066861553583294,0.0054403031244874,0.058431253,0.07375841,0.9556920528411865,0.9202457666397095,0.04150557145476341,0.05052938312292099
289,0.003372925180222162,0.005535093601793051,0.057662327,0.07439821,0.956850528717041,0.918856143951416,0.040053535252809525,0.050493158400058746
290,0.003336175961356441,0.005594184156507254,0.057404067,0.07479428,0.9572361707687378,0.9179899096488953,0.04097404330968857,0.052510060369968414
291,0.0033107646211812444,0.005446224007755518,0.05652099,0.07379854,0.958541750907898,0.9201589822769165,0.03957045450806618,0.04954425245523453
292,0.003257556170203977,0.005748347379267216,0.05548902,0.07581785,0.960041880607605,0.9157298803329468,0.039054811000823975,0.05219541862607002
293,0.0035581776306075467,0.00541040301322937,0.059744213,0.07355545,0.9536784887313843,0.9206840991973877,0.042139824479818344,0.050276514142751694
294,0.003158572643190961,0.005864695180207491,0.05605995,0.0765813,0.9592153429985046,0.9140242338180542,0.04014657437801361,0.05235662683844566
295,0.0034873752606059,0.005788193084299564,0.058263574,0.07608017,0.9559459686279297,0.915145754814148,0.04088262468576431,0.05163159966468811
296,0.0031617783771997147,0.005363873206079006,0.05447433,0.07323847,0.9614898562431335,0.9213662147521973,0.039669547230005264,0.04806403070688248
297,0.0035261487434829837,0.006242813542485237,0.058908783,0.07901148,0.9549648761749268,0.9084810614585876,0.04262949526309967,0.051096074283123016
298,0.0032626470968931576,0.005731567274779081,0.05679074,0.075707115,0.9581450819969177,0.9159758687019348,0.039601899683475494,0.050597772002220154
299,0.0033948285325261004,0.0060990918427705765,0.057700373,0.07809668,0.9567935466766357,0.9105880260467529,0.03997739404439926,0.052563223987817764
300,0.003395129323259673,0.005598489195108414,0.05773873,0.07482305,0.9567360877990723,0.9179267883300781,0.04042582958936691,0.052526626735925674
301,0.0033140288115563717,0.005519285798072815,0.056919623,0.0742919,0.9579549431800842,0.9190878868103027,0.041132085025310516,0.050242915749549866
302,0.002834111007607796,0.005425590556114912,0.051832538,0.07365861,0.9651345014572144,0.9204614758491516,0.037680502980947495,0.04941042885184288
303,0.003131127310387621,0.005632693879306316,0.05366854,0.07505128,0.962620735168457,0.9174253344535828,0.03870944678783417,0.05038262531161308
304,0.0033929509994446894,0.005788871087133884,0.05811543,0.076084636,0.9561697244644165,0.9151358008384705,0.04089289531111717,0.052429694682359695
305,0.002688171220308339,0.00505649670958519,0.05200442,0.07110905,0.9649028778076172,0.9258723258972168,0.03845358267426491,0.04833103343844414
306,0.0029224540868943386,0.0052397847175598145,0.052492913,0.072386354,0.9642404317855835,0.9231853485107422,0.03761814534664154,0.049579523503780365
307,0.002829218460564417,0.005106715485453606,0.052092113,0.07146129,0.9647843837738037,0.925136148929596,0.037408843636512756,0.04905010014772415
308,0.002675674853063273,0.005191589239984751,0.050436,0.07205269,0.9669879674911499,0.9238919019699097,0.03658207505941391,0.048334214836359024
309,0.0030896018248644064,0.005375726148486137,0.05434709,0.073319346,0.9616695642471313,0.921192467212677,0.038356900215148926,0.0508008636534214
310,0.0039670145461886104,0.005725453142076731,0.06015322,0.075666726,0.9530420899391174,0.916065514087677,0.04204270616173744,0.050338562577962875
311,0.003213341554245827,0.0053895264863967896,0.05598674,0.073413394,0.9593217968940735,0.9209901690483093,0.04063279926776886,0.04908913001418114
312,0.0033594351658724586,0.005040151998400688,0.055167086,0.07099403,0.9605041742324829,0.9261119365692139,0.0387231782078743,0.04764695465564728
313,0.0033762747162572023,0.0050753275863826275,0.056148674,0.071241334,0.9590861797332764,0.925596296787262,0.04062844440340996,0.048533037304878235
314,0.003527221926064654,0.005616921000182629,0.05804729,0.07494612,0.9562724232673645,0.9176566004753113,0.04082378372550011,0.05128990486264229
315,0.002809381152143363,0.004910697229206562,0.053011738,0.07007637,0.9635300636291504,0.9280097484588623,0.03803467005491257,0.04845215007662773
316,0.003123929930469868,0.005085339304059744,0.05475845,0.07131156,0.9610871076583862,0.9254494905471802,0.039102405309677124,0.04824265465140343
317,0.0028040530874436213,0.005262463819235563,0.05273287,0.072542846,0.9639127254486084,0.9228528738021851,0.0382198765873909,0.04960586503148079
318,0.00241286091146652,0.004487673286348581,0.049225587,0.0669901,0.9685534238815308,0.934211254119873,0.035170137882232666,0.04582282155752182
319,0.00248089219993827,0.005066613666713238,0.049916286,0.07118015,0.9676647782325745,0.9257240295410156,0.03631609305739403,0.046789295971393585
320,0.0026524694853419946,0.004856623709201813,0.05085078,0.06968948,0.9664427638053894,0.9288024306297302,0.03561186417937279,0.04717619717121124
321,0.002527187279404395,0.005162192974239588,0.049967367,0.07184841,0.967598557472229,0.9243228435516357,0.036143600940704346,0.047890469431877136
322,0.002762475794456391,0.005201010499149561,0.05173783,0.07211803,0.9652617573738098,0.9237537980079651,0.03738447278738022,0.049012694507837296
323,0.002612405800556933,0.004721520934253931,0.050020862,0.06871332,0.9675291776657104,0.9307830333709717,0.036657266318798065,0.04716295748949051
324,0.0026947062446693467,0.005051840096712112,0.051188577,0.071076296,0.9659954309463501,0.9259406328201294,0.03695174679160118,0.0481344610452652
325,0.0026225853997113354,0.004960309248417616,0.05090934,0.07042946,0.966365396976471,0.927282452583313,0.03691974654793739,0.04773925989866257
326,0.0024066830281464554,0.004827588330954313,0.0490204,0.06948085,0.9688150882720947,0.9292281270027161,0.03569640591740608,0.0470089465379715
327,0.0027616046929985964,0.005122313275933266,0.051460158,0.07157034,0.9656336307525635,0.9249074459075928,0.03628269210457802,0.0466824509203434
328,0.002526084318312562,0.005129251629114151,0.048441723,0.071618795,0.9695469737052917,0.924805760383606,0.03534599766135216,0.04875894635915756
329,0.0024703858547251334,0.004882463254034519,0.04954081,0.06987463,0.9681494235992432,0.9284236431121826,0.03618866950273514,0.04758736863732338
330,0.0025963163987564094,0.004865633323788643,0.049414776,0.069754094,0.9683112502098083,0.928670346736908,0.03469378873705864,0.04703493416309357
331,0.0026728409945710814,0.004468877334147692,0.05140979,0.06684966,0.9657008647918701,0.9344867467880249,0.0372110977768898,0.045971162617206573
332,0.002457051082852889,0.0051892343908548355,0.049231935,0.07203634,0.9685453176498413,0.9239264130592346,0.035794422030448914,0.049565646797418594
333,0.0025012576502790166,0.0049766418524086475,0.049944587,0.07054532,0.9676281213760376,0.9270430207252502,0.03543398529291153,0.046680793166160583
334,0.0023481991348407146,0.004412876907736063,0.048429415,0.06642949,0.9695624709129333,0.9353077411651611,0.03457838296890259,0.045263949781656265
335,0.0022573547162623568,0.0044126505963504314,0.04744819,0.06642778,0.9707833528518677,0.9353110790252686,0.03403037041425705,0.04450652375817299
336,0.0024777513833462513,0.0043899891898036,0.049032196,0.066257,0.9688000679016113,0.9356432557106018,0.034974124282598495,0.04541802406311035
337,0.0028984009960285302,0.005290683824568987,0.05395149,0.07273708,0.9622255563735962,0.9224392175674438,0.03776594251394272,0.04842504486441612
338,0.0024076515216041694,0.004702099598944187,0.048924614,0.06857186,0.9689368009567261,0.9310677647590637,0.03549930080771446,0.047140903770923615
339,0.00228481090744026,0.004687472712248564,0.047147594,0.06846512,0.9711523652076721,0.9312821626663208,0.03426798805594444,0.0460507832467556
340,0.0033380780051547017,0.004853122401982546,0.05350003,0.06966435,0.9628551006317139,0.9288538098335266,0.037246380001306534,0.047241829335689545
341,0.0029944468935189598,0.00545555679127574,0.052649282,0.07386174,0.9640270471572876,0.9200221300125122,0.03809494525194168,0.04983366280794144
342,0.002787728320320391,0.005060458555817604,0.052820805,0.0711369,0.9637922644615173,0.9258142709732056,0.03814474120736122,0.04822356998920441
343,0.002957438534146852,0.005290697328746319,0.05110764,0.07273718,0.9661028981208801,0.9224389791488647,0.03671273961663246,0.04840477555990219
344,0.003238709138134833,0.004807923920452595,0.056982715,0.0693392,0.9578616619110107,0.9295163750648499,0.04048968851566315,0.04726160690188408
345,0.0027054868776097214,0.004752004519104958,0.05145895,0.06893478,0.9656352400779724,0.9303361773490906,0.03701220080256462,0.04606098309159279
346,0.00259847372548062,0.0045381407253444195,0.049018938,0.06736572,0.9688169360160828,0.9334713816642761,0.03544333204627037,0.04563227668404579
347,0.0024470480539920654,0.004667013417929411,0.048939712,0.06831554,0.9689176082611084,0.9315820932388306,0.03499207645654678,0.04767715185880661
348,0.002525368901181289,0.00471076462417841,0.048827842,0.06863501,0.9690595865249634,0.9309407472610474,0.03543370962142944,0.04684769734740257
349,0.0027580473635515027,0.004623353481292725,0.052611783,0.06799524,0.9640782475471497,0.9322221875190735,0.03736681118607521,0.046120237559080124
350,0.0024367717269342393,0.005130578763782978,0.04943824,0.071628064,0.9682811498641968,0.9247863292694092,0.035055022686719894,0.04795612767338753
351,0.0025681264444508338,0.004833415150642395,0.050500344,0.069522776,0.9669036865234375,0.9291426539421082,0.035848889499902725,0.04583002254366875
352,0.0024432726336685432,0.004752411972731352,0.04894948,0.06893774,0.9689052104949951,0.9303301572799683,0.03522348776459694,0.04583292081952095
353,0.002557752452875403,0.004846374969929457,0.05023585,0.069615915,0.9672494530677795,0.928952693939209,0.03574095293879509,0.047013819217681885
354,0.002567877979758619,0.00484747439622879,0.049118917,0.06962381,0.9686895608901978,0.9289366006851196,0.03520676866173744,0.04689210280776024
355,0.0026420947502959857,0.004529261961579323,0.050314594,0.06729979,0.9671466946601868,0.9336015582084656,0.03657722845673561,0.0456615649163723
356,0.0023244744780558076,0.004598825704306364,0.04822767,0.06781464,0.9698154926300049,0.9325817227363586,0.035004980862140656,0.04528030380606651
357,0.0022993742445991797,0.004554822575300932,0.047810998,0.06748942,0.9703348278999329,0.9332268238067627,0.03417864441871643,0.04548736289143562
358,0.002317819059085609,0.0044496748596429825,0.04739233,0.06670588,0.9708520770072937,0.9347682595252991,0.033748336136341095,0.04590923711657524
359,0.002625879376534034,0.004734525922685862,0.05086902,0.06880789,0.9664186835289001,0.93059241771698,0.03645766153931618,0.046155668795108795
360,0.0022214761411305517,0.004976123571395874,0.04714171,0.07054164,0.9711595773696899,0.9270505905151367,0.034102246165275574,0.04783926159143448
361,0.0027811787361067468,0.005027511157095432,0.052317217,0.07090494,0.964479386806488,0.9262972474098206,0.035556450486183167,0.049006521701812744
362,0.0024272397250487384,0.0047047738917171955,0.048553973,0.06859135,0.9694057106971741,0.9310285449028015,0.03495658561587334,0.046243131160736084
363,0.0022401535587215967,0.004434839356690645,0.046918105,0.066594586,0.9714325070381165,0.9349857568740845,0.03468341380357742,0.04502198100090027
364,0.002357207886895842,0.004573506768792868,0.048161145,0.06762771,0.9698987007141113,0.932952880859375,0.03531276807188988,0.045824773609638214
365,0.0021819024193312293,0.004329261835664511,0.046003185,0.06579713,0.9725357890129089,0.936533510684967,0.033400945365428925,0.04444483667612076
366,0.0021355744181412524,0.004498027730733156,0.0461601,0.06706734,0.9723480939865112,0.9340594410896301,0.033971432596445084,0.045816630125045776
367,0.002357890107139776,0.00445212796330452,0.048345745,0.06672427,0.9696675539016724,0.9347323179244995,0.034494902938604355,0.04443405196070671
368,0.0022258993703871965,0.0045663462951779366,0.046867754,0.06757475,0.9714937806129456,0.9330579042434692,0.03348710760474205,0.04409920424222946
369,0.002140849439787086,0.004265054129064083,0.04606713,0.06530738,0.9724593758583069,0.93747478723526,0.03380906581878662,0.043629396706819534
370,0.002046468903162432,0.0044937171041965485,0.045112118,0.06703519,0.9735894203186035,0.934122622013092,0.03282413259148598,0.044085629284381866
371,0.0021125021422366526,0.0045082904398441315,0.045520373,0.067143805,0.973109245300293,0.9339089393615723,0.033280663192272186,0.04607057198882103
372,0.0020977974980434574,0.004617085214704275,0.04558556,0.06794914,0.9730321764945984,0.9323140382766724,0.03283776715397835,0.04681919515132904
373,0.0021236787407277998,0.004259064327925444,0.045499858,0.06526151,0.9731335043907166,0.9375625848770142,0.03320631384849548,0.04413779079914093
374,0.002566407265310938,0.004824770614504814,0.0505368,0.06946057,0.9668558835983276,0.9292694330215454,0.036127351224422455,0.04784407839179039
375,0.002523830753158439,0.004657916259020567,0.049390372,0.068248935,0.9683425426483154,0.9317154884338379,0.034593332558870316,0.04565974324941635
376,0.0023232096441047775,0.004432208836078644,0.04774933,0.066574834,0.9704113006591797,0.9350243210792542,0.034628767520189285,0.04415031895041466
377,0.002069842795291069,0.004768612328916788,0.044760145,0.06905514,0.9739999771118164,0.9300926923751831,0.03217016160488129,0.045297861099243164
378,0.0023412207877051765,0.004848039243370295,0.048271727,0.069627866,0.9697603583335876,0.9289283156394958,0.03451254963874817,0.045817822217941284
379,0.002102574606066231,0.004938965197652578,0.04600844,0.07027777,0.9725295305252075,0.927595317363739,0.033621400594711304,0.047003891319036484
380,0.0021001260227587245,0.004699540324509144,0.045415793,0.068553194,0.9732326865196228,0.9311052560806274,0.03336874023079872,0.045539792627096176
381,0.0021364711931462148,0.004363860469311476,0.046004426,0.06605952,0.9725342988967896,0.9360263347625732,0.03320600092411041,0.04546895623207092
382,0.0020498886138243092,0.004632853902876377,0.044950265,0.06806508,0.9737786054611206,0.9320828914642334,0.033186715096235275,0.04623779281973839
383,0.0019257372689687393,0.004462523851543665,0.043651666,0.06680212,0.9752717614173889,0.9345799088478088,0.03199050948023796,0.044593147933483124
384,0.0018724047457164322,0.004606663249433041,0.04322354,0.067872405,0.97575443983078,0.9324668645858765,0.03153551369905472,0.0452255979180336
385,0.0020231697549620135,0.004251805599778891,0.044256896,0.06520587,0.9745813012123108,0.937669038772583,0.032263804227113724,0.04402592405676842
386,0.0016884100438222629,0.004415540024638176,0.041053385,0.06644953,0.9781279563903809,0.9352687001228333,0.030634185299277306,0.044994454830884933
387,0.0022023610045752403,0.004994475748389959,0.04621536,0.0706716,0.9722818732261658,0.9267815351486206,0.03347953036427498,0.04663510620594025
388,0.0021539425069931895,0.004981574136763811,0.04642787,0.070580274,0.9720263481140137,0.9269707202911377,0.033696722239255905,0.0468817874789238
389,0.002080783568089828,0.004630344919860363,0.045504514,0.06804664,0.9731279611587524,0.9321196675300598,0.032947808504104614,0.04478449001908302
390,0.001692365980654193,0.004318556282669306,0.040889245,0.06571572,0.978302538394928,0.9366904497146606,0.030304064974188805,0.0447409488260746
391,0.0022061516435562885,0.004729705397039652,0.046267636,0.06877285,0.9722191095352173,0.9306630492210388,0.03316262364387512,0.04663257673382759
392,0.0021322580141713843,0.004831906408071518,0.044794258,0.06951192,0.973960280418396,0.9291647672653198,0.03254786506295204,0.04684099555015564
393,0.0026041383257093416,0.004575270228087902,0.051082686,0.067640744,0.9661359786987305,0.9329270720481873,0.03549361974000931,0.04572513699531555
394,0.0019297445806759324,0.004524587653577328,0.0432078,0.067265056,0.9757721424102783,0.9336700439453125,0.03198010101914406,0.0449715331196785
395,0.0020632170463531193,0.004483009222894907,0.044571523,0.066955276,0.9742186069488525,0.9342796206474304,0.03237001597881317,0.045255497097969055
396,0.0021488442725967616,0.004739282187074423,0.046392445,0.06884245,0.9720690250396729,0.9305226802825928,0.03355203568935394,0.04611659049987793
397,0.0022215093274346805,0.00466968584805727,0.04647964,0.0683351,0.9719639420509338,0.9315429329872131,0.03434405475854874,0.046085990965366364
398,0.002297598006076772,0.004093601368367672,0.047189828,0.063981265,0.9711006283760071,0.9399882555007935,0.034521348774433136,0.04333473742008209
399,0.0021324238782240586,0.00482392031699419,0.04594569,0.06945445,0.9726043939590454,0.9292818903923035,0.03312274441123009,0.04708632826805115
400,0.0021915152954699643,0.004591948818415403,0.045752127,0.06776392,0.9728347659111023,0.9326825737953186,0.03307076171040535,0.04527605324983597
401,0.002353543066419661,0.004249032586812973,0.048148174,0.06518461,0.9699149131774902,0.9377096891403198,0.03478313237428665,0.04432729259133339
402,0.0024911248223030602,0.004129685927182436,0.049442574,0.064262636,0.9682756066322327,0.9394592642784119,0.03403565660119057,0.04425041005015373
403,0.0020630662541159177,0.0044809081591665745,0.045083832,0.066939585,0.9736225605010986,0.9343103766441345,0.032973550260066986,0.04576553776860237
404,0.0020246469357516617,0.00468042166903615,0.04436986,0.06841361,0.9744513630867004,0.9313855767250061,0.03230718523263931,0.04485497996211052
405,0.0019971808228133755,0.004427609499543905,0.044497814,0.066540286,0.9743038415908813,0.9350917339324951,0.03219010680913925,0.044600244611501694
406,0.0023157567166807976,0.004213289823383093,0.04498509,0.06490986,0.9737379550933838,0.9382336735725403,0.03190179169178009,0.04432446137070656
407,0.003238017504124648,0.0051043410785496235,0.055670567,0.071444675,0.9597799777984619,0.9251709580421448,0.03776406869292259,0.04854991286993027
408,0.0023225433978950605,0.0043678730726242065,0.048007414,0.06608989,0.9700905680656433,0.9359674453735352,0.03438550978899002,0.044381123036146164
409,0.002104414039587771,0.004871775396168232,0.045597322,0.069798104,0.9730182886123657,0.9285803437232971,0.032976459711790085,0.04724213853478432
410,0.0018566088626605713,0.004381452687084675,0.04300324,0.066192545,0.976000964641571,0.9357684254646301,0.03148355707526207,0.044957876205444336
411,0.0019466281572187488,0.004468249157071114,0.044025667,0.06684497,0.9748462438583374,0.9344959855079651,0.03238020837306976,0.04353814572095871
412,0.0018210096075728704,0.00416040513664484,0.042409018,0.0645012,0.9766596555709839,0.9390089511871338,0.031212719157338142,0.043507080525159836
413,0.0018786343081790785,0.004205540753901005,0.04314629,0.064850144,0.9758410453796387,0.9383472800254822,0.031225457787513733,0.043437883257865906
414,0.002297480482163585,0.004949210211634636,0.047776937,0.070350625,0.9703770875930786,0.9274451732635498,0.032826706767082214,0.04777175188064575
415,0.002448095815700733,0.004284442402422428,0.047110725,0.06545565,0.9711974859237671,0.9371905326843262,0.03365716710686684,0.044086892157793045
416,0.0023819254896476527,0.004509001970291138,0.04782607,0.0671491,0.9703161120414734,0.9338985681533813,0.0339086577296257,0.04554976895451546
417,0.002203516722974283,0.004215753171592951,0.0464883,0.06492883,0.9719535112380981,0.9381975531578064,0.034316178411245346,0.044173821806907654
418,0.0022353089866969226,0.004521345719695091,0.045682445,0.06724095,0.9729174375534058,0.9337176084518433,0.03270428627729416,0.04573763534426689
419,0.0021581186447292566,0.004165606573224068,0.046398148,0.06454151,0.9720621705055237,0.9389326572418213,0.03377356380224228,0.044181495904922485
420,0.0020188377000687815,0.003999047912657261,0.044414714,0.063238025,0.9743996858596802,0.9413744211196899,0.032532695680856705,0.042400963604450226
421,0.0018916821493555537,0.004204127937555313,0.04132596,0.064839244,0.977836549282074,0.9383679628372192,0.03074217028915882,0.043311379849910736
422,0.00290313335029747,0.004478191025555134,0.049623117,0.06691929,0.9680435061454773,0.9343502521514893,0.03397538512945175,0.04648293927311897
423,0.002445861676030538,0.004343770910054445,0.049231533,0.065907285,0.9685458540916443,0.9363208413124084,0.03497091308236122,0.04543532431125641
424,0.0021659946439533746,0.0037795421667397022,0.04534218,0.06147798,0.9733193516731262,0.9445923566818237,0.03231649100780487,0.041671574115753174
425,0.0022170416129731825,0.004074121359735727,0.043887183,0.06382884,0.9750041961669922,0.9402738213539124,0.031574927270412445,0.04335581138730049
426,0.003834968612698669,0.004198202397674322,0.06170618,0.064793535,0.9505861401557922,0.938454806804657,0.041148412972688675,0.044454123824834824
427,0.002467071230057627,0.004345472902059555,0.049181066,0.065920204,0.9686102867126465,0.9362958669662476,0.03497838228940964,0.0448325090110302
428,0.002197401492263783,0.0043681953102350235,0.045244712,0.06609233,0.9734339714050293,0.9359627366065979,0.03300483524799347,0.04480297490954399
429,0.0022840598645747045,0.004706995096057653,0.04554386,0.06860754,0.9730814695358276,0.9309960007667542,0.03353728726506233,0.046117283403873444
430,0.002619797747518698,0.004499856382608414,0.050746348,0.067080975,0.9665804505348206,0.9340326189994812,0.035575248301029205,0.045120999217033386
431,0.0019788542889397254,0.004446662496775389,0.043943375,0.0666833,0.9749401807785034,0.9348124265670776,0.03211439773440361,0.045859936624765396
432,0.001974140561122278,0.004342300817370415,0.04391255,0.06589614,0.9749753475189209,0.9363423585891724,0.030758725479245186,0.044246774166822433
433,0.001894128432137553,0.004491382744163275,0.043190237,0.067017786,0.9757918119430542,0.9341568350791931,0.03136994689702988,0.04465555027127266
434,0.0018657771195814182,0.004135302267968655,0.04282526,0.06430632,0.976199209690094,0.939376950263977,0.031211359426379204,0.0423903688788414
435,0.0017996622826269065,0.004171785898506641,0.04203814,0.06458937,0.9770660996437073,0.9388421177864075,0.030416375026106834,0.04407469183206558
436,0.0021596650079697033,0.004377678968012333,0.045470078,0.06616403,0.973168671131134,0.9358237385749817,0.03225088119506836,0.04462207108736038
437,0.002055935548427938,0.00455343397334218,0.04476041,0.06747913,0.9739996194839478,0.9332472085952759,0.032040249556303024,0.04440905526280403
438,0.002570896883050657,0.004410557448863983,0.04939061,0.066412024,0.9683422446250916,0.9353417158126831,0.03346269950270653,0.04574327915906906
439,0.002532373708990318,0.004164102021604776,0.049337048,0.06452985,0.968410849571228,0.9389547109603882,0.03559216856956482,0.04444001987576485
440,0.0019189233505378731,0.0039597912691533566,0.04374911,0.06292687,0.9751612544059753,0.9419499039649963,0.03226471319794655,0.043135322630405426
441,0.001996027713175863,0.0042732288129627705,0.043145232,0.06536994,0.9758422374725342,0.9373549222946167,0.031103041023015976,0.04355625808238983
442,0.001760176337980242,0.004236173816025257,0.041557305,0.065085895,0.9775876998901367,0.9378981590270996,0.030728967860341072,0.04330573230981827
443,0.001951094547455961,0.004007656592875719,0.04357962,0.063306056,0.9753533601760864,0.9412481784820557,0.031271811574697495,0.04288287088274956
444,0.0018005963952005418,0.0041406480595469475,0.04222651,0.06434787,0.9768601059913635,0.9392985701560974,0.031011804938316345,0.043243274092674255
445,0.0016233788694741882,0.003974249120801687,0.040095102,0.06304164,0.979137122631073,0.941737949848175,0.02936512976884842,0.04222608730196953
446,0.0017127656637140635,0.004082553554326296,0.04126695,0.06389486,0.9778997898101807,0.940150260925293,0.03009110875427723,0.042560774832963943
447,0.0017864195026711307,0.003950796090066433,0.0409652,0.062855355,0.9782218337059021,0.9420818090438843,0.029828514903783798,0.0430186428129673
448,0.001712409628618678,0.004017503932118416,0.0403459,0.06338378,0.9788753390312195,0.9411038756370544,0.029763292521238327,0.04239077493548393
449,0.0016954565931386737,0.004150333348661661,0.041166972,0.064423084,0.9780067801475525,0.9391565918922424,0.02984282560646534,0.04196144640445709
450,0.0016503098277925428,0.004007052630186081,0.03962361,0.06330129,0.9796249270439148,0.9412570595741272,0.0292090754956007,0.04146406799554825
451,0.0016388289619829845,0.0039598215371370316,0.040222652,0.06292712,0.9790042042732239,0.9419494867324829,0.02902357652783394,0.0411636158823967
452,0.0017173439952206206,0.004082618746906519,0.04150445,0.063895375,0.977644681930542,0.9401492476463318,0.02992257848381996,0.04283812642097473
453,0.0017946052248589694,0.004093574825674295,0.04097079,0.063981056,0.9782158732414246,0.9399886727333069,0.029601063579320908,0.04272781312465668
454,0.001713661717737771,0.003672330640256405,0.041375346,0.060599755,0.9777835607528687,0.946164071559906,0.030510688200592995,0.04186904430389404
455,0.001584571128742854,0.0037757428362965584,0.039793424,0.061447073,0.9794499278068542,0.944648027420044,0.02888951078057289,0.04183848574757576
456,0.0015385747074932706,0.0040789879858493805,0.03918614,0.06386696,0.9800723195075989,0.9402024745941162,0.028882671147584915,0.04333006963133812
457,0.001533182880269702,0.003944338299334049,0.03930116,0.06280397,0.9799551963806152,0.9421764612197876,0.02895539626479149,0.043156687170267105
458,0.0014246988456844438,0.00403590640053153,0.0372779,0.063528776,0.9819658994674683,0.940834105014801,0.02773250825703144,0.04292551428079605
459,0.0016380650023083117,0.004013565834611654,0.04020678,0.06335271,0.9790207743644714,0.941161572933197,0.02919185534119606,0.041932184249162674
460,0.0017225176667455923,0.0038447673432528973,0.040849406,0.062006187,0.9783447980880737,0.9436361789703369,0.029824148863554,0.042175427079200745
461,0.0017151795301205393,0.00393407279625535,0.04001707,0.06272218,0.9792182445526123,0.9423269629478455,0.02895791083574295,0.043106503784656525
462,0.0017315831990510394,0.0041402787901461124,0.041545853,0.064345,0.97760009765625,0.939303994178772,0.029590342193841934,0.04248025640845299
463,0.0015611215891443533,0.00409165071323514,0.039260793,0.06396601,0.9799963235855103,0.9400168657302856,0.02834409847855568,0.043244730681180954
464,0.0015134313818469475,0.004114754032343626,0.037631635,0.06414635,0.981622040271759,0.9396781921386719,0.027641836553812027,0.04215367138385773
465,0.0018529101719402454,0.004166311584413052,0.04111847,0.06454697,0.9780585765838623,0.9389223456382751,0.030048733577132225,0.04352961480617523
466,0.002299779000829651,0.00426263315603137,0.04552398,0.06528884,0.9731050133705139,0.9375103116035461,0.03220892697572708,0.04408375918865204
467,0.0020699087921953337,0.004655400291085243,0.04525107,0.068230495,0.9734264612197876,0.9317523241043091,0.03191689774394035,0.04643977805972099
468,0.002028376911766827,0.003953642677515745,0.043225743,0.062878,0.9757519960403442,0.9420400261878967,0.03197003901004791,0.04293115437030792
469,0.002002294781215658,0.004040411673486233,0.044560295,0.06356423,0.9742316007614136,0.9407680034637451,0.03182302415370941,0.04337006434798241
470,0.002007985871221701,0.003939502406865358,0.04316412,0.06276546,0.9758210778236389,0.9422473311424255,0.030853111296892166,0.042144786566495895
471,0.0017487215359737588,0.004095458425581455,0.041234426,0.06399577,0.9779346585273743,0.9399610757827759,0.030022820457816124,0.04205182194709778
472,0.001594909054057842,0.003854964394122362,0.03948197,0.062088363,0.979770302772522,0.9434866309165955,0.029637319967150688,0.04228600859642029
473,0.0015222459915094078,0.004275482147932053,0.038669292,0.065387174,0.9805945754051208,0.9373219013214111,0.028358837589621544,0.043778207153081894
474,0.0015529942148449745,0.0038702082820236683,0.039177302,0.062211,0.98008131980896,0.9432631731033325,0.02831455133855343,0.041380465030670166
475,0.0015751953641566533,0.004180149640887976,0.0395391,0.064654075,0.9797117710113525,0.9387195110321045,0.028739083558321,0.04318644851446152
476,0.0014781667083628815,0.004023955203592777,0.03827583,0.06343465,0.9809874296188354,0.9410092830657959,0.028549959883093834,0.0430452898144722
477,0.0015062875371024181,0.004071717616170645,0.037626248,0.06381001,0.9816272854804993,0.9403091073036194,0.027186524122953415,0.04391680285334587
478,0.001468159020243382,0.004147748462855816,0.037854034,0.06440302,0.981404185295105,0.9391945004463196,0.02795429527759552,0.042787790298461914
479,0.0015021030015883628,0.004429434891790152,0.038819212,0.066554,0.9804437756538391,0.935064971446991,0.028242727741599083,0.044131629168987274
480,0.001776886464953846,0.0038150763139128685,0.04015669,0.0617663,0.9790729880332947,0.9440714120864868,0.028380433097481728,0.041865818202495575
481,0.0030296409968286753,0.0042221685871481895,0.054128703,0.06497822,0.9619770050048828,0.9381034970283508,0.037240128964185715,0.044285811483860016
482,0.002233589430530132,0.004423373378813267,0.04442637,0.06650845,0.9743862748146057,0.9351538419723511,0.03249906376004219,0.04495362937450409
483,0.0023349840167528864,0.003998425789177418,0.04798259,0.06323311,0.9701215028762817,0.9413835406303406,0.035642609000205994,0.043074410408735275
484,0.00200027251875409,0.004226398654282093,0.04274431,0.065010756,0.9762890934944153,0.9380415081977844,0.031239697709679604,0.043483931571245193
485,0.002422288782492449,0.004187535494565964,0.048777904,0.06471117,0.9691228270530701,0.9386112093925476,0.034327052533626556,0.04367445036768913
486,0.0019342792696658182,0.004186708014458418,0.043018658,0.064704776,0.975983738899231,0.938623309135437,0.031818244606256485,0.04235558211803436
487,0.0019701207903298464,0.0037867273204028606,0.04364079,0.06153639,0.9752840995788574,0.9444870352745056,0.031898386776447296,0.044008519500494
488,0.002031845077660612,0.0040608556009829044,0.04457848,0.06372484,0.9742105603218079,0.9404683113098145,0.03182172402739525,0.0426582433283329
489,0.0016871343462050638,0.003961096052080393,0.040666476,0.062937245,0.9785382747650146,0.9419307708740234,0.029893649742007256,0.04371372610330582
490,0.0017342927696352656,0.00406250124797225,0.03991917,0.06373776,0.9793198108673096,0.9404441714286804,0.028936319053173065,0.043350882828235626
491,0.0017395046465522187,0.00440186308696866,0.041077834,0.06634654,0.978101909160614,0.9354692101478577,0.030267750844359398,0.045134689658880234
492,0.001606769894186238,0.004105855245143175,0.039656628,0.06407695,0.9795909523963928,0.9398086071014404,0.029028084129095078,0.042864665389060974
493,0.001712803443131799,0.0041048056446015835,0.041190885,0.06406876,0.9779812097549438,0.9398239850997925,0.02978658117353916,0.04374115541577339
494,0.0015859670569294724,0.00441818218678236,0.039978802,0.06646941,0.9792580008506775,0.9352299571037292,0.028718816116452217,0.04421041160821915
495,0.001480933171644045,0.0037797868717461824,0.03805363,0.061479975,0.981207549571991,0.9445887804031372,0.027748119086027145,0.041282132267951965
496,0.001752377614717592,0.004191246815025806,0.040485103,0.06473984,0.9787293076515198,0.9385567903518677,0.029538210481405258,0.043982550501823425
497,0.002036209175871177,0.004138398915529251,0.04173058,0.06433039,0.9774004220962524,0.9393315315246582,0.03043072298169136,0.04441704973578453
498,0.002014398617161946,0.004330429248511791,0.043441784,0.065805994,0.975508987903595,0.9365164041519165,0.03160396218299866,0.043958310037851334
499,0.001803589126211591,0.0038465685211122036,0.04244128,0.06202071,0.9766241312026978,0.9436097145080566,0.03118309937417507,0.04216919466853142
500,0.001785602674565532,0.003983007278293371,0.041949164,0.063111074,0.9771630764007568,0.9416095614433289,0.02982347086071968,0.04318332299590111
501,0.0016636649405964736,0.004068559035658836,0.040608022,0.06378526,0.9785999655723572,0.9403553605079651,0.029091140255331993,0.043059904128313065
502,0.0017360526928148995,0.004162271041423082,0.041289292,0.064515665,0.9778758883476257,0.9389815926551819,0.030033431947231293,0.04304271936416626
503,0.0014932134733747014,0.0036861777771264315,0.038587295,0.060713902,0.9806767702102661,0.945961058139801,0.028553467243909836,0.04099797457456589
504,0.0013163330215981907,0.003885637503117323,0.035870574,0.062334877,0.9833018779754639,0.9430370330810547,0.026964275166392326,0.04181896895170212
505,0.001499226815543476,0.003700542263686657,0.037884604,0.060832083,0.9813741445541382,0.9457504749298096,0.02775866538286209,0.04078827425837517
506,0.0016753400017147544,0.003747562412172556,0.04087242,0.061217338,0.9783203601837158,0.9450611472129822,0.0305077712982893,0.04125645384192467
507,0.0015661388752050698,0.00400900561362505,0.039266124,0.06331671,0.9799908995628357,0.941228449344635,0.028388364240527153,0.04205852374434471
508,0.0016143307571341707,0.003929927945137024,0.039779805,0.06268914,0.9794639945030212,0.9423877000808716,0.02880106307566166,0.041127175092697144
509,0.001826419619398869,0.004062737803906202,0.042254005,0.06373961,0.9768299460411072,0.9404407143592834,0.029957622289657593,0.043199893087148666
510,0.0015079176757188345,0.0040611205622553825,0.03773383,0.063726924,0.9815220832824707,0.940464437007904,0.027691859751939774,0.0425780713558197
511,0.0014524185323600911,0.003708785865455866,0.03784544,0.0608998,0.9814125895500183,0.9456295967102051,0.027792219072580338,0.040824756026268005
512,0.0014097411450083282,0.0037622684612870216,0.03677824,0.061337337,0.9824461340904236,0.9448455572128296,0.027437716722488403,0.040977947413921356
513,0.0015127642611994154,0.003997663035988808,0.03683658,0.06322708,0.9823904037475586,0.9413946866989136,0.026615597307682037,0.04245563969016075
514,0.0018998889387479392,0.004270234145224094,0.042785056,0.06534703,0.9762439131736755,0.9373988509178162,0.0299353189766407,0.044582054018974304
515,0.0017952944816153665,0.004446601029485464,0.0407749,0.066682845,0.9784237146377563,0.9348133206367493,0.03004707768559456,0.04468246549367905
516,0.002024013497496278,0.00389506621286273,0.044866007,0.062410466,0.9738768339157104,0.9428987503051758,0.030595410615205765,0.042098838835954666
517,0.0015263065103102815,0.003766444744542241,0.038482487,0.061371367,0.980781614780426,0.9447843432426453,0.02841552533209324,0.04220806807279587
518,0.001975007974331013,0.004005984868854284,0.042958103,0.06329285,0.9760513305664062,0.9412727355957031,0.030310923233628273,0.0433824397623539
519,0.0018455057169458914,0.0039694965817034245,0.040303342,0.06300394,0.9789198637008667,0.9418076276779175,0.029616840183734894,0.042943742126226425
520,0.0016702880688667806,0.004398712422698736,0.04048848,0.066322796,0.9787257313728333,0.9355153441429138,0.029994316399097443,0.04473196342587471
521,0.0016336243305969137,0.004303721711039543,0.04010999,0.06560276,0.9791216254234314,0.936907947063446,0.029313450679183006,0.04365520179271698
522,0.001531921151168221,0.0035519208759069443,0.038994677,0.059598003,0.9802665710449219,0.9479292631149292,0.027932293713092804,0.0395546555519104
523,0.0013097972418604927,0.00366247002966702,0.03593273,0.060518343,0.9832439422607422,0.9463086128234863,0.026579588651657104,0.03991028666496277
524,0.0016385349405357954,0.0037841666489839554,0.03761738,0.06151558,0.9816359281539917,0.9445245265960693,0.026975540444254875,0.0414680615067482
525,0.0017743969219736755,0.004149036016315222,0.041356124,0.06441301,0.9778041839599609,0.9391756057739258,0.02906699851155281,0.04297744110226631
526,0.0017884000024588947,0.003961562179028988,0.038772333,0.06294094,0.9804909825325012,0.941923975944519,0.027900386601686478,0.04279638081789017
527,0.0014295374633299864,0.004059912171214819,0.037580375,0.06371744,0.9816720485687256,0.9404821395874023,0.028245694935321808,0.04260201007127762
528,0.0014096331023293633,0.003775171237066388,0.036817964,0.06144242,0.9824081659317017,0.9446564316749573,0.0270759966224432,0.04185495525598526
529,0.0014996726412474263,0.004117697477340698,0.038441587,0.06416929,0.9808224439620972,0.9396350383758545,0.028005214408040047,0.04384433850646019
530,0.0014512342855926943,0.0037992894649505615,0.03797646,0.061638378,0.9812836647033691,0.9443028569221497,0.027675041928887367,0.04104652255773544
531,0.0013613312105669386,0.0037442909087985754,0.03642801,0.061190616,0.9827788472175598,0.9451091289520264,0.02663237974047661,0.04042648524045944
532,0.0013967858407836916,0.003827448934316635,0.037323993,0.061866384,0.9819213151931763,0.9438900351524353,0.027278415858745575,0.040702980011701584
533,0.0012986358408604494,0.003950541373342276,0.035807375,0.06285334,0.9833606481552124,0.9420855045318604,0.026331167668104172,0.04070929065346718
534,0.0013587541020983322,0.0038237234111875296,0.03680349,0.061836258,0.9824219942092896,0.9439446330070496,0.0276983380317688,0.04200821369886398
535,0.0014063223392109978,0.0037478716112673283,0.035907194,0.061219864,0.9832677841186523,0.9450566172599792,0.026121921837329865,0.04084674268960953
536,0.0013481860435356132,0.0037588453851640224,0.03634628,0.061309423,0.982856035232544,0.9448957443237305,0.026440057903528214,0.04214350879192352
537,0.00130410362908151,0.003930262755602598,0.035681635,0.06269181,0.9834772944450378,0.9423828125,0.026537057012319565,0.04197023808956146
538,0.0013327822261172432,0.0037840029690414667,0.035953745,0.061514255,0.9832243323326111,0.9445269703865051,0.026228949427604675,0.04164469242095947
539,0.0015019645361462608,0.0038722767494618893,0.037805777,0.06222762,0.9814515709877014,0.9432328939437866,0.02694988250732422,0.04172429442405701
540,0.0014006999620257623,0.004024436231702566,0.036848627,0.063438445,0.9823788404464722,0.9410022497177124,0.02708706259727478,0.04311646521091461
541,0.0014729072387457234,0.0038503576070070267,0.037748344,0.062051248,0.9815078377723694,0.9435542225837708,0.027468573302030563,0.04306500032544136
542,0.001524424402635883,0.003944275435060263,0.03816417,0.06280347,0.9810982346534729,0.9421773552894592,0.028554432094097137,0.042577262967824936
543,0.0014504067949019372,0.0037959550973027945,0.037489843,0.06161133,0.9817602634429932,0.9443517327308655,0.02754158526659012,0.040651265531778336
544,0.0015766156059478155,0.003907629754394293,0.038949348,0.062511034,0.9803124666213989,0.9427145719528198,0.028169777244329453,0.04172776639461517
545,0.001300966696527956,0.003861979115754366,0.03579507,0.062144827,0.9833720922470093,0.9433838129043579,0.02639947459101677,0.04182499274611473
546,0.0013109626425747674,0.004117276053875685,0.03590666,0.06416601,0.9832682609558105,0.9396411776542664,0.026401635259389877,0.04299873486161232
547,0.0015630137640982866,0.004252824932336807,0.038451467,0.06521369,0.9808125495910645,0.9376540780067444,0.02765917032957077,0.04347550496459007
548,0.0012739855235188522,0.003686258103698492,0.035562865,0.06071456,0.9835871458053589,0.9459598660469055,0.02641499787569046,0.04112521931529045
549,0.0013818687121701341,0.003788229776546359,0.036601275,0.061548598,0.9826146364212036,0.9444649815559387,0.026842622086405754,0.04119865223765373
550,0.001499352884076705,0.0036773141473531723,0.038353495,0.060640864,0.9809101819992065,0.9460909962654114,0.02835073322057724,0.03999966010451317
551,0.0014933377110124143,0.004095823038369417,0.03804695,0.063998625,0.981214165687561,0.9399557113647461,0.027541009709239006,0.04224983975291252
552,0.0014240451934959062,0.0036721464712172747,0.037522685,0.06059824,0.9817283153533936,0.9461667537689209,0.027808085083961487,0.04045560210943222
553,0.0012909132929053158,0.003552073612809181,0.035720445,0.059599277,0.9834413528442383,0.9479269981384277,0.026279708370566368,0.03932691365480423
554,0.0013399548426439817,0.0037633900064975023,0.036418892,0.061346475,0.9827874898910522,0.9448291063308716,0.02653655596077442,0.040832340717315674
555,0.001252553405885754,0.003999247681349516,0.03530204,0.063239604,0.9838269948959351,0.941371500492096,0.025869907811284065,0.041475340723991394
556,0.0014699763798324223,0.0037293978966772556,0.03785299,0.0610688,0.9814051985740662,0.9453274607658386,0.026681194081902504,0.040788836777210236
557,0.0013209591243966397,0.003818983444944024,0.03602218,0.061797924,0.9831604361534119,0.9440141320228577,0.026068072766065598,0.041200775653123856
558,0.0013827511085599492,0.0038557457737624645,0.03543591,0.06209465,0.9837040901184082,0.9434751868247986,0.025575948879122734,0.04063962399959564
559,0.0017001054167683999,0.0042121573351323605,0.041210555,0.064901136,0.9779601693153381,0.9382502436637878,0.028726572170853615,0.04298579692840576
560,0.0014923694596456533,0.003980522509664297,0.038040556,0.06309138,0.9812204837799072,0.9416459798812866,0.026928016915917397,0.042958613485097885
561,0.0013748989877058193,0.0038019667845219374,0.036790926,0.061660092,0.9824340343475342,0.9442635774612427,0.027136551216244698,0.04121273756027222
562,0.0014350065995875577,0.0037301327101886272,0.03740306,0.061074812,0.9818446040153503,0.9453166723251343,0.026773348450660706,0.04059101268649101
563,0.001414531230693683,0.003874373622238636,0.036861096,0.062244467,0.9823669195175171,0.9432021379470825,0.026684002950787544,0.04211519658565521
564,0.0013810944378333675,0.0035911251325160265,0.03657016,0.059926,0.9826442003250122,0.9473544955253601,0.0266849547624588,0.0399162657558918
565,0.00120528330179778,0.00360939372330904,0.034738153,0.06007823,0.9843395352363586,0.9470866918563843,0.025609826669096947,0.03956404700875282
566,0.001240900655499321,0.003771191230043769,0.034225777,0.06141003,0.9847980737686157,0.9447147846221924,0.025378858670592308,0.04142848029732704
567,0.001401378025713546,0.0037026789505034685,0.037305586,0.060849644,0.9819391369819641,0.9457191228866577,0.026881510391831398,0.040586747229099274
568,0.0013487187666628001,0.0036557293497025967,0.036553293,0.060462628,0.982660174369812,0.9464074373245239,0.02623695321381092,0.0399739034473896
569,0.0015718951961554756,0.004108551889657974,0.03947833,0.064097986,0.9797740578651428,0.9397690892219543,0.028437945991754532,0.0425930917263031
570,0.0014677614989605818,0.003763850312680006,0.037745077,0.06135023,0.9815110564231873,0.944822371006012,0.02715412899851799,0.041006289422512054
571,0.0012472845721111464,0.0038774011190980673,0.035013065,0.062268782,0.9840906858444214,0.9431577324867249,0.02589627169072628,0.0413595512509346
572,0.0012814608079762283,0.0038415088783949614,0.035346206,0.06197991,0.9837865233421326,0.943683922290802,0.025790566578507423,0.0410664826631546
573,0.001335894809347916,0.0038670015055686235,0.0357208,0.06218522,0.9834409952163696,0.9433102011680603,0.025729496031999588,0.04083550348877907
574,0.00120434600235471,0.003799010068178177,0.034476794,0.061636113,0.9845743179321289,0.9443069696426392,0.025681018829345703,0.040892817080020905
575,0.0011950525500155477,0.003709829179570079,0.03472465,0.060908366,0.9843516945838928,0.9456143379211426,0.02535305917263031,0.04069577530026436
576,0.0014836375273510137,0.0038100124802440405,0.037505146,0.0617253,0.9817453622817993,0.944145679473877,0.02667548879981041,0.041233085095882416
577,0.0012856460274302992,0.0035659156274050474,0.03501586,0.05971529,0.984088122844696,0.9477241039276123,0.02520507387816906,0.04020293802022934
578,0.0013958751938348128,0.004043257795274258,0.037153542,0.063586615,0.9820860624313354,0.9407262802124023,0.027076032012701035,0.04246227443218231
579,0.0012064053179611537,0.003541267476975918,0.034364216,0.05950855,0.984674870967865,0.9480854272842407,0.025707945227622986,0.04017018899321556
580,0.0014206989025379617,0.003912691958248615,0.03773225,0.06255151,0.9815236330032349,0.9426403641700745,0.027363715693354607,0.04152115061879158
581,0.0013054960304130377,0.0036628127563744783,0.03515619,0.060521178,0.9839603304862976,0.9463036060333252,0.025774195790290833,0.04152225703001022
582,0.001381566733471118,0.0035853502340614796,0.0369791,0.059877794,0.9822538495063782,0.9474391937255859,0.02686256915330887,0.04036719352006912
583,0.001246930180720731,0.003663312876597047,0.034772784,0.06052531,0.9843083024024963,0.9462962746620178,0.025547072291374207,0.040627241134643555
584,0.001173922178250822,0.0038187657482922077,0.03400339,0.061796162,0.9849950075149536,0.9440173506736755,0.02524114027619362,0.041359808295965195
585,0.0013440970241473142,0.0036553668323904276,0.036605466,0.060459632,0.9826106429100037,0.9464127421379089,0.026424666866660118,0.04015202447772026
586,0.001371682142648338,0.003494539763778448,0.036320537,0.05911463,0.9828802943229675,0.9487704634666443,0.02602776512503624,0.03932288661599159
587,0.0015724800138162789,0.003707129741087556,0.03740197,0.060886204,0.9818456768989563,0.9456539154052734,0.027692830190062523,0.0417429618537426
588,0.0013020296186864884,0.003546803956851363,0.03547007,0.05955505,0.9836726784706116,0.9480042457580566,0.02642316184937954,0.04006093367934227
589,0.0014490768173180352,0.0038697179406881332,0.038125586,0.062207058,0.9811364412307739,0.9432703852653503,0.026957476511597633,0.04180147871375084
590,0.0013882975141644817,0.0034757170360535383,0.036561258,0.05895521,0.9826526641845703,0.9490463733673096,0.02646925486624241,0.039252135902643204
591,0.0014051515265071596,0.0037526332307606936,0.03730036,0.061258744,0.98194420337677,0.9449868202209473,0.027138352394104004,0.04155392944812775
592,0.0013667372034185312,0.0035258657298982143,0.036636535,0.059379,0.9825811386108398,0.9483112096786499,0.027092278003692627,0.040253330022096634
593,0.0013112756741148505,0.003622492076829076,0.03555008,0.060187142,0.9835989475250244,0.9468947052955627,0.026168139651417732,0.039822764694690704
594,0.0014307114417368377,0.004020940512418747,0.0353935,0.063410886,0.9837430715560913,0.9410534501075745,0.025596413761377335,0.041795533150434494
595,0.0013322904758917337,0.003791743889451027,0.035221864,0.061577138,0.9839003682136536,0.9444134831428528,0.0260916780680418,0.040416184812784195
596,0.0015587238925614986,0.004005617927759886,0.03816195,0.06328995,0.9811004400253296,0.9412781000137329,0.027779171243309975,0.04279613494873047
597,0.0020175484956284477,0.003900790587067604,0.042214092,0.06245631,0.9768736958503723,0.942814826965332,0.029072094708681107,0.04226081445813179
598,0.001606560998797332,0.003972756676375866,0.040045824,0.06302981,0.9791883826255798,0.9417598247528076,0.029145874083042145,0.041653625667095184
599,0.0013232709527735344,0.0033970954827964306,0.035532527,0.058284607,0.9836151003837585,0.9501989483833313,0.025988170877099037,0.03941243886947632
600,0.0012671580400571904,0.003823994193226099,0.035534047,0.061838455,0.9836137294769287,0.9439406991004944,0.02640826255083084,0.042000919580459595
601,0.0014257444973654028,0.0036222541239112616,0.036351886,0.060185168,0.9828507304191589,0.9468981623649597,0.026327872648835182,0.040803492069244385
602,0.0014467486405258321,0.0037490283139050007,0.037651386,0.061229315,0.9816027283668518,0.945039689540863,0.027314255014061928,0.04087740182876587
603,0.001205791434834034,0.003490263829007745,0.034705956,0.059078455,0.9843685626983643,0.9488331079483032,0.025385217741131783,0.0394778735935688
604,0.0014057478653161195,0.003582785604521632,0.03403183,0.059856374,0.9849699139595032,0.9474767446517944,0.024252723902463913,0.03995051234960556
605,0.0015176797499986026,0.003541411366313696,0.03815581,0.059509758,0.9811065196990967,0.9480833411216736,0.027921125292778015,0.041153911501169205
606,0.0011944918395866725,0.0036434431094676256,0.034625743,0.060360942,0.9844407439231873,0.9465875625610352,0.025947174057364464,0.04185496270656586
607,0.00131973136740271,0.0032400295604020357,0.036076013,0.05692126,0.9831100702285767,0.9525015354156494,0.026425808668136597,0.03818066045641899
608,0.0010773813714463772,0.0033446047455072403,0.032426838,0.05783256,0.9863541722297668,0.9509685039520264,0.02421530708670616,0.038206517696380615
609,0.001123940296979113,0.0035696220584213734,0.033236716,0.059746314,0.9856640100479126,0.9476697444915771,0.02455064281821251,0.04012138023972511
610,0.0010635442224818028,0.003413577564060688,0.032624274,0.058425833,0.9861874580383301,0.9499573111534119,0.024203725159168243,0.03908226266503334
611,0.0011876176100816917,0.0037631553132086992,0.034591503,0.061344564,0.9844714999198914,0.9448325634002686,0.024912100285291672,0.04072553291916847
612,0.0013156695323149588,0.003808134701102972,0.03525351,0.06171009,0.9838714003562927,0.9441731572151184,0.02526993863284588,0.04206757992506027
613,0.0013464645281518724,0.0036755776964128017,0.03618165,0.06062654,0.98301100730896,0.9461164474487305,0.02578509971499443,0.040090981870889664
614,0.0013187783532140945,0.004015590995550156,0.03583596,0.063368686,0.9833340644836426,0.9411318898200989,0.026002276688814163,0.042463164776563644
615,0.0012480243524557657,0.0037893634289503098,0.034910664,0.061557807,0.9841836094856262,0.9444483518600464,0.026385273784399033,0.04001004993915558
616,0.001727508129657839,0.0038175638765096664,0.038904272,0.06178644,0.9803580045700073,0.9440349340438843,0.027386091649532318,0.039878856390714645
617,0.0014883783931674604,0.003596157068386674,0.03836221,0.05996797,0.9809015393257141,0.947280764579773,0.02748282067477703,0.039259158074855804
618,0.0013673249288165773,0.003532783128321171,0.035661153,0.05943722,0.9834962487220764,0.948209822177887,0.025722933933138847,0.040597472339868546
619,0.002446102993086573,0.004353082738816738,0.049423028,0.0659779,0.9683007001876831,0.936184287071228,0.03421979025006294,0.04362732544541359
620,0.0014565687280000102,0.003766855923458934,0.038215663,0.06137472,0.9810471534729004,0.944778323173523,0.0275333933532238,0.04136847332119942
621,0.001496978601525453,0.003743607085198164,0.038613737,0.061185025,0.9806502461433411,0.9451191425323486,0.027539236471056938,0.04027242958545685
622,0.0012597468223909593,0.0036964567843824625,0.035310667,0.060798496,0.9838190674781799,0.9458103775978088,0.025830350816249847,0.040031347423791885
623,0.001603767176592638,0.003968107979744673,0.0398018,0.06299292,0.9794412851333618,0.9418280124664307,0.02753574773669243,0.042300574481487274
624,0.0013480634992116723,0.003649213118478656,0.0363338,0.06040872,0.9828678369522095,0.9465029239654541,0.02604040317237377,0.039263997226953506
625,0.001659793336081996,0.0034652482718229294,0.037843835,0.05886636,0.9814141988754272,0.9491998553276062,0.02625340223312378,0.04021349176764488
626,0.0015247516143559055,0.003859960939735174,0.038595524,0.062128585,0.9806685447692871,0.9434134364128113,0.02798268385231495,0.04133833199739456
627,0.001182724578856406,0.0037818721029907465,0.03424857,0.06149693,0.9847778677940369,0.9445582032203674,0.0255329217761755,0.04123447835445404
628,0.0014526026537747714,0.003988699056208134,0.036670238,0.06315615,0.9825490713119507,0.9415261149406433,0.02650757133960724,0.04266813024878502
629,0.00155270942857235,0.003703980939462781,0.039411142,0.060860343,0.9798428416252136,0.9457000494003296,0.028456619009375572,0.040695738047361374
630,0.001306320187392306,0.0036260730121284723,0.03559494,0.06021688,0.9835575222969055,0.9468421936035156,0.025596044957637787,0.04085621237754822
631,0.001375705711490644,0.003621003357693553,0.037198883,0.060174774,0.9820423126220703,0.9469165205955505,0.027064800262451172,0.04103626683354378
632,0.0011111976610581305,0.003565886989235878,0.03329035,0.059715047,0.9856176972389221,0.9477245211601257,0.0245529618114233,0.03987317159771919
633,0.0010891205152306197,0.003497767960652709,0.032942854,0.059141934,0.9859163761138916,0.9487231373786926,0.02446574904024601,0.04068027064204216
634,0.001120229226547632,0.003898902563378215,0.03278286,0.062441193,0.9860528707504272,0.9428425431251526,0.02447393536567688,0.04176457226276398
635,0.0015138384174365042,0.0037646826822310686,0.036664434,0.061357014,0.9825546145439148,0.944810152053833,0.025977961719036102,0.041832175105810165
636,0.0018302589213073422,0.004070631694048643,0.038684838,0.063801505,0.9805789589881897,0.9403250217437744,0.027418654412031174,0.04389248788356781
637,0.0024731605795254422,0.004291599616408348,0.049434673,0.0655103,0.9682857394218445,0.9370856285095215,0.032202981412410736,0.04351207613945007
638,0.0014894283548611302,0.003685126081109047,0.038285825,0.060705245,0.9809775352478027,0.9459764957427979,0.02739114500582218,0.041075170040130615
639,0.0013524842797778547,0.003722625784575939,0.03554611,0.061013326,0.9836025834083557,0.9454267024993896,0.025838034227490425,0.039770279079675674
640,0.0013754955189969305,0.0037715937942266464,0.037156716,0.061413307,0.9820829629898071,0.9447088837623596,0.027395956218242645,0.04095134884119034
641,0.0011982644169951197,0.0036968456115573645,0.034502875,0.060801696,0.984550952911377,0.9458046555519104,0.025228098034858704,0.040173765271902084
642,0.001292047201952135,0.0037493137642741203,0.03468594,0.061231643,0.9843865633010864,0.945035457611084,0.02574603073298931,0.04020433872938156
643,0.0012493962382326242,0.0037591566797345877,0.03524902,0.06131196,0.9838755130767822,0.9448912143707275,0.02560693770647049,0.04082641750574112
644,0.0011079079598527062,0.0034166607074439526,0.032707732,0.058452208,0.9861167073249817,0.9499121308326721,0.024148043245077133,0.039587873965501785
645,0.0014924684801371768,0.003544262610375881,0.037705034,0.05953371,0.9815502762794495,0.9480414986610413,0.02730422466993332,0.0400545708835125
646,0.0012468455467817628,0.0037399569991976023,0.03477735,0.06115519,0.9843041896820068,0.9451726675033569,0.025385800749063492,0.04082635045051575
647,0.0012461047220065004,0.0034313916694372892,0.034837466,0.05857808,0.9842498898506165,0.9496961832046509,0.02584528550505638,0.03916392847895622
648,0.0013681195626056499,0.0036249279510229826,0.035538774,0.060207378,0.9836093783378601,0.9468589425086975,0.025623954832553864,0.0402759313583374
649,0.0016325248011112722,0.003781431820243597,0.036323443,0.06149335,0.9828775525093079,0.9445646405220032,0.02619452215731144,0.040461037307977676
650,0.0019601965243716472,0.0038938727229833603,0.04281591,0.062400904,0.9762095808982849,0.9429162740707397,0.02903442084789276,0.04238036274909973
651,0.0016032133399593558,0.003726646536961198,0.038640466,0.06104627,0.9806234836578369,0.9453678131103516,0.028111377730965614,0.04082431644201279
652,0.001451385219380344,0.0037210772279649973,0.037831217,0.061000634,0.9814265966415405,0.9454494118690491,0.027298182249069214,0.04117601737380028
653,0.0012653374009956183,0.003989750053733587,0.035211515,0.063164465,0.9839098453521729,0.9415107369422913,0.025928078219294548,0.04347185790538788
654,0.001691913681993769,0.0036403583362698555,0.03501588,0.06033538,0.984088122844696,0.9466327428817749,0.024917906150221825,0.041008803993463516
655,0.0018165171905738216,0.003731251461431384,0.04075521,0.06108397,0.978444516658783,0.945300281047821,0.029268408194184303,0.04252920672297478
656,0.001429181900510395,0.0037775086238980293,0.037915107,0.06146144,0.9813441038131714,0.9446221590042114,0.027934113517403603,0.04101745784282684
657,0.0012583248105577447,0.0037100855261087418,0.035302818,0.06091047,0.9838262796401978,0.9456105828285217,0.025692641735076904,0.04111285135149956
658,0.0013790180237265304,0.003751373151317239,0.036354475,0.061248455,0.9828482866287231,0.9450052976608276,0.026648038998246193,0.04150485619902611
659,0.001309489962295629,0.0037317953538149595,0.03490666,0.061088424,0.9841872453689575,0.9452922940254211,0.02546444907784462,0.04043878987431526
660,0.0016704343658850782,0.0035784333012998104,0.04023496,0.05982001,0.9789913296699524,0.9475405812263489,0.027738185599446297,0.04106799513101578
661,0.001529373007625426,0.003547860076650977,0.037227444,0.059563916,0.9820147156715393,0.947988748550415,0.027372628450393677,0.039572205394506454
662,0.0012321267726788806,0.00361120468005538,0.034913197,0.060093295,0.98418128490448,0.9470601677894592,0.02548835799098015,0.04071011021733284
663,0.0012358462938044051,0.003669191151857376,0.032860424,0.060573854,0.9859867691993713,0.9462100863456726,0.024406002834439278,0.039983395487070084
664,0.0013735307703344997,0.003552061039954424,0.036762156,0.05959917,0.9824614524841309,0.9479271769523621,0.0266805998980999,0.03982215002179146
665,0.001132804694035175,0.0032596164382994175,0.03360182,0.05709305,0.985347330570221,0.9522144198417664,0.02497975341975689,0.038624394685029984
666,0.001627041111615571,0.003350300481542945,0.034426574,0.05788178,0.9846192002296448,0.950884997844696,0.024393023923039436,0.03851420059800148
667,0.0017509892138398507,0.0037741519045084715,0.040535286,0.061434127,0.9786765575408936,0.9446713924407959,0.028985919430851936,0.04119449108839035
668,0.001457040935003368,0.0035978045780211687,0.03708527,0.059981707,0.9821518063545227,0.9472565650939941,0.026850135996937752,0.04054968059062958
669,0.0012505841983842072,0.0034046645741909742,0.034576118,0.05834951,0.9844852685928345,0.9500880241394043,0.02530844323337078,0.0394650362432003
670,0.0013383508802772585,0.003366252640262246,0.03677547,0.058019415,0.9824487566947937,0.9506511092185974,0.02593533881008625,0.03900529071688652
671,0.0011346312081017954,0.0035042581148445606,0.032763023,0.059196774,0.9860697388648987,0.9486279487609863,0.02419959008693695,0.04039166495203972
672,0.0011291953864697875,0.0035628266632556915,0.03348601,0.05968942,0.9854481816291809,0.9477693438529968,0.024587538093328476,0.03949027135968208
673,0.001186361013837582,0.0037121507339179516,0.032001592,0.06092742,0.986709713935852,0.9455803036689758,0.023405930027365685,0.03926052525639534
674,0.00152424777016594,0.0038193627260625362,0.038222373,0.061800994,0.9810405373573303,0.9440085887908936,0.02720457687973976,0.040939006954431534
675,0.0011480855451240627,0.003453947138041258,0.032991793,0.05877029,0.9858745336532593,0.949365496635437,0.024087008088827133,0.03842443600296974
676,0.0011758796754293144,0.0035107398871332407,0.032753054,0.059251502,0.9860782027244568,0.9485329389572144,0.02384391985833645,0.039054982364177704
677,0.0016205739097627388,0.0034966047387570143,0.038429946,0.05913209,0.9808340072631836,0.9487401843070984,0.026603803038597107,0.04153317213058472
678,0.0012050566491035913,0.003481612540781498,0.03476491,0.05900519,0.9843153953552246,0.9489599466323853,0.025817319750785828,0.038919419050216675
679,0.0012258146069308912,0.0035501020029187202,0.034845427,0.059582736,0.9842426776885986,0.9479559063911438,0.025088530033826828,0.03947853296995163
680,0.0012675743729976768,0.0035487860441207886,0.03525062,0.059571683,0.9838740825653076,0.947975218296051,0.025281865149736404,0.03937366604804993
681,0.0012496561116263779,0.003628054168075323,0.03233352,0.060233336,0.9864326119422913,0.9468131065368652,0.02375592477619648,0.04107281565666199
682,0.001427257204671729,0.003558357944712043,0.03702927,0.059651975,0.9822056889533997,0.947834849357605,0.026389632374048233,0.03871484473347664
683,0.0010673379491146823,0.0032129499595612288,0.032735746,0.05668289,0.9860929250717163,0.9528985023498535,0.02423655241727829,0.03721952438354492
684,0.0011199539228321307,0.0036062912549823523,0.032880336,0.060052406,0.9859697818756104,0.9471321702003479,0.02394232153892517,0.04006792604923248
685,0.001159317958147519,0.0032946597784757614,0.03393901,0.057399128,0.9850517511367798,0.9517006874084473,0.024423973634839058,0.03918030485510826
686,0.0013054569069274955,0.0036218762397766113,0.034187034,0.06018203,0.9848325252532959,0.9469037055969238,0.024748636409640312,0.038920484483242035
687,0.001160588706790639,0.003298426978290081,0.033804197,0.057431933,0.985170304775238,0.9516454339027405,0.02519516833126545,0.037468649446964264
688,0.0010205942777578127,0.003419163404032588,0.031030413,0.058473613,0.9875041246414185,0.9498754739761353,0.02301592007279396,0.038794782012701035
689,0.001091456608264707,0.0036563233006745577,0.032170918,0.060467545,0.9865686893463135,0.9463987350463867,0.023972125723958015,0.03880986198782921
690,0.0012470647515411574,0.003412521444261074,0.03513141,0.058416795,0.9839829802513123,0.9499728083610535,0.02567407488822937,0.038712359964847565
691,0.0012028473693962123,0.0035852252040058374,0.033001497,0.059876755,0.9858661890029907,0.9474409818649292,0.024473140016198158,0.03912818059325218
692,0.0012363893527601083,0.0037033550906926394,0.034343258,0.060855195,0.9846935868263245,0.945709228515625,0.02453797310590744,0.040509872138500214
693,0.0013197260824116793,0.0035176489036530256,0.03523518,0.05930977,0.9838882088661194,0.948431670665741,0.024564070627093315,0.039436373859643936
694,0.0013147509439890696,0.0035740684252232313,0.034965422,0.05978352,0.9841339588165283,0.9476045370101929,0.025412634015083313,0.040267463773489
695,0.0012262523721967061,0.0035801255144178867,0.034424018,0.059834152,0.9846214652061462,0.9475157856941223,0.025323063135147095,0.0402611643075943
696,0.0011743017768656666,0.003637006739154458,0.03314937,0.060307607,0.9857392907142639,0.9466818571090698,0.02399120107293129,0.040220361202955246
697,0.0014231093889314004,0.0035786707885563374,0.036900416,0.05982199,0.9823293089866638,0.9475371241569519,0.026126017794013023,0.040268853306770325
698,0.001237820890806192,0.0034568258561193943,0.033948816,0.058794778,0.9850431084632874,0.949323296546936,0.024913717061281204,0.03883553668856621
699,0.001104936411138624,0.003693321021273732,0.032761734,0.0607727,0.9860708117485046,0.9458563327789307,0.023900313302874565,0.03963426873087883
700,0.0011325460932725532,0.0034901818726211786,0.032039464,0.059077762,0.9866782426834106,0.9488343000411987,0.023537619039416313,0.03966912254691124
701,0.0013696193081242118,0.0037360091228038073,0.03635291,0.0611229,0.9828497767448425,0.9452305436134338,0.026113566011190414,0.04016193374991417
702,0.0010984125798462298,0.003283589845523238,0.032561634,0.057302613,0.9862404465675354,0.9518629312515259,0.024061428382992744,0.038231588900089264
703,0.0014921143010724336,0.003542407415807247,0.037468992,0.05951813,0.9817805290222168,0.9480687379837036,0.026100266724824905,0.03934817016124725
704,0.0013643135422502053,0.00355320330709219,0.034748394,0.059608757,0.9843302965164185,0.9479104280471802,0.025108927860856056,0.039923522621393204
705,0.0012827637388413264,0.003674757434055209,0.035115927,0.06061978,0.9839970469474792,0.9461284875869751,0.025161443278193474,0.04017747566103935
706,0.0013908800994448195,0.0033621506299823523,0.033064682,0.057984054,0.9858120679855347,0.9507112503051758,0.023529766127467155,0.03865325078368187
707,0.0016279721100793474,0.003771168878301978,0.03927901,0.061409842,0.9799777865409851,0.9447150826454163,0.027309600263834,0.0393904447555542
708,0.0012007161025063726,0.003481069812551141,0.03421254,0.059000596,0.9848098754882812,0.9489679336547852,0.025260308757424355,0.04002536088228226
709,0.0010209114023547788,0.0038035972975194454,0.031487044,0.061673313,0.9871336817741394,0.9442396759986877,0.02344595640897751,0.040749430656433105
710,0.0010381434787466953,0.0033807449508458376,0.03168954,0.058144175,0.9869676232337952,0.9504386782646179,0.023366594687104225,0.03794344887137413
711,0.0011551567136352373,0.0035485392436385155,0.03351147,0.05956962,0.9854260087013245,0.9479787945747375,0.024215493351221085,0.03925829753279686
712,0.00108228731948078,0.0036407082807272673,0.03249576,0.06033828,0.9862960577011108,0.9466276168823242,0.023452263325452805,0.04088084399700165
713,0.0010976062820356508,0.0034942184574902058,0.032233488,0.05911192,0.9865164160728455,0.9487751722335815,0.024112878367304802,0.03835735097527504
714,0.001195397877547128,0.003563143312931061,0.033534262,0.05969207,0.9854061603546143,0.9477647542953491,0.024372072890400887,0.04025592654943466
715,0.001154152362935499,0.0034954126458615065,0.03251669,0.05912202,0.9862784147262573,0.9487576484680176,0.024020683020353317,0.04022623226046562
716,0.0011922591405560854,0.00364040769636631,0.03390664,0.06033579,0.9850803017616272,0.9466320276260376,0.02484934590756893,0.040323253720998764
717,0.0010315466008085589,0.003591411281377077,0.031396315,0.059928384,0.9872077107429504,0.9473503232002258,0.02365194633603096,0.03915537893772125
718,0.0009950804378604516,0.0038185520097613335,0.031598773,0.061794437,0.9870421886444092,0.9440204501152039,0.02341766655445099,0.039948079735040665
719,0.0009660780858460137,0.0036263533402234316,0.02964345,0.06021921,0.9885962009429932,0.9468380808830261,0.02173524722456932,0.03829904645681381
720,0.0009393741096242924,0.003705674549564719,0.030506847,0.060874254,0.9879222512245178,0.945675253868103,0.02296418696641922,0.038976043462753296
721,0.0008750783520306206,0.003335542045533657,0.029517664,0.057754155,0.9886928200721741,0.9511013031005859,0.02209905907511711,0.03845088183879852
722,0.0009538889399581504,0.0033783342223614454,0.029228583,0.05812344,0.9889131784439087,0.9504740238189697,0.02150839753448963,0.038999710232019424
723,0.0010481209617203356,0.003416697960346937,0.031841516,0.058452528,0.9868423342704773,0.9499115943908691,0.023352909833192825,0.0379851870238781
724,0.001011016171436164,0.0037938288878649473,0.03164357,0.061594065,0.9870054125785828,0.944382905960083,0.023706138134002686,0.04075169563293457
725,0.0010072540323810906,0.0033788110595196486,0.031641755,0.058127537,0.9870069026947021,0.9504669904708862,0.02376682125031948,0.03853370249271393
726,0.0009858899224623615,0.003354370128363371,0.03060498,0.057916924,0.9878444075584412,0.9508253335952759,0.022545918822288513,0.03850224241614342
727,0.0010920764900881543,0.003571788314729929,0.031972922,0.05976444,0.9867334961891174,0.9476379752159119,0.023207731544971466,0.04005924612283707
728,0.000995840094136921,0.0033742201048880816,0.03140845,0.058088038,0.9871978163719177,0.9505343437194824,0.02325323596596718,0.0378333143889904
729,0.0010051757946546952,0.003259427612647414,0.030806623,0.057091396,0.9876837134361267,0.952217161655426,0.022788546979427338,0.03790253773331642
730,0.001031385884165171,0.0032099487725645304,0.03195503,0.05665641,0.9867483377456665,0.9529424905776978,0.023397009819746017,0.037756625562906265
731,0.0009235574014548382,0.003205787856131792,0.029556297,0.056619678,0.9886631965637207,0.9530035257339478,0.022111399099230766,0.037981852889060974
732,0.0010586555264043536,0.0033938901033252478,0.03234383,0.058257107,0.986423909664154,0.9502459764480591,0.024187296628952026,0.03926213085651398
733,0.0008916908045648597,0.0032098451629281044,0.029335544,0.056655493,0.9888318777084351,0.9529440402984619,0.02191084995865822,0.037663307040929794
734,0.0009542609385045415,0.0034313921350985765,0.02970222,0.05857808,0.9885509610176086,0.9496961832046509,0.02186194434762001,0.03895455226302147
735,0.0011570504734250294,0.0033729523420333862,0.0318239,0.058077123,0.9868568778038025,0.9505528807640076,0.022973142564296722,0.038094669580459595
736,0.0014561485626142132,0.0037853894755244255,0.038190037,0.06152552,0.9810726046562195,0.9445066452026367,0.02677515149116516,0.040901850908994675
737,0.0012245346284048123,0.003536935430020094,0.03418213,0.05947214,0.9848368763923645,0.9481489062309265,0.024992546066641808,0.03922722116112709
738,0.0012082515538416126,0.0038984189741313457,0.03324779,0.062437326,0.9856544733047485,0.9428496360778809,0.024592068046331406,0.03988363966345787
739,0.0013924989351918075,0.0035543208941817284,0.036182147,0.059618127,0.9830105304718018,0.9478940367698669,0.02583637461066246,0.040078625082969666
740,0.001882461943420243,0.003879551775753498,0.036591817,0.06228605,0.9826236367225647,0.9431262016296387,0.02579655312001705,0.04207795485854149
741,0.001487449857946062,0.0037862216122448444,0.03654524,0.06153228,0.9826678037643433,0.9444944262504578,0.0266068484634161,0.0410277284681797
742,0.00142018719766797,0.003572396468371153,0.037167534,0.059769526,0.9820725321769714,0.9476290941238403,0.026183927431702614,0.041079744696617126
743,0.001177133621901951,0.003337707370519638,0.033913817,0.057772897,0.985073983669281,0.9510695934295654,0.024462854489684105,0.03845662251114845
744,0.0010120099442164328,0.0033170569222420454,0.031893644,0.057593897,0.9867992401123047,0.9513723254203796,0.023317387327551842,0.03891929239034653
745,0.0010745765493166718,0.0034299278631806374,0.03265532,0.058565587,0.9861611723899841,0.94971764087677,0.023581262677907944,0.03900754451751709
746,0.0009887740478999067,0.0034006282221525908,0.030507578,0.058314905,0.9879216551780701,0.9501471519470215,0.02243807353079319,0.03871316835284233
747,0.0009641666765674017,0.0033946088515222073,0.030670498,0.058263272,0.9877923130989075,0.9502354264259338,0.022641586139798164,0.03900303319096565
748,0.0010710530543953857,0.003102643182501197,0.032120608,0.05570138,0.9866106510162354,0.9545155763626099,0.023366156965494156,0.03773052245378494
749,0.001559718218314546,0.0033726771362125874,0.033639845,0.058074757,0.985314130783081,0.9505569338798523,0.023070909082889557,0.03973792493343353
750,0.0015128534432733431,0.0032397531904280186,0.037738938,0.056918833,0.9815170764923096,0.9525055885314941,0.026705384254455566,0.038728903979063034
751,0.0012418768217850645,0.0034989980049431324,0.034773257,0.059152327,0.9843078851699829,0.9487050771713257,0.025357307866215706,0.038895320147275925
752,0.0011557622320569035,0.0033619520254433155,0.0328975,0.05798234,0.9859551787376404,0.9507141709327698,0.024332625791430473,0.03894921392202377
753,0.0010256170670882884,0.003522569080814719,0.031461734,0.059351236,0.9871543645858765,0.9483595490455627,0.023137837648391724,0.03959820419549942
754,0.0010610519212522459,0.0034522146452218294,0.032578334,0.058755547,0.9862263798713684,0.9493909478187561,0.02352951094508171,0.03968370705842972
755,0.0009471764377932149,0.003233281197026372,0.03043555,0.056861952,0.9879786372184753,0.9526004791259766,0.02277234196662903,0.038103315979242325
756,0.000969522434223274,0.0034611322917044163,0.030761069,0.05883139,0.9877201318740845,0.9492601752281189,0.02228621020913124,0.03893568739295006
757,0.001004056743113324,0.003236651187762618,0.03084075,0.056891575,0.9876564145088196,0.9525510668754578,0.02229679748415947,0.03788009658455849
758,0.0011429834247048182,0.003485176945105195,0.033407763,0.05903539,0.9855160713195801,0.9489076733589172,0.024339498952031136,0.04027480259537697
759,0.0011008147246849892,0.0032473434694111347,0.030576523,0.056985468,0.987866997718811,0.9523943066596985,0.02233031392097473,0.03789299353957176
760,0.0012700693292903122,0.0035209672059863806,0.033286866,0.05933774,0.9856207370758057,0.9483830332756042,0.023983651772141457,0.03905924782156944
761,0.001983917208483697,0.003490627510473132,0.039475176,0.059081532,0.9797772765159607,0.9488278031349182,0.02699078619480133,0.041254978626966476
762,0.0016601045526013795,0.003127593081444502,0.040423077,0.055924885,0.9787944555282593,0.9541498422622681,0.028642307966947556,0.038292400538921356
763,0.001025962965451816,0.0036390391178429127,0.031977776,0.060324445,0.9867295026779175,0.9466521143913269,0.023669743910431862,0.040825724601745605
764,0.0011547284587074748,0.0033793123438954353,0.032578386,0.05813185,0.9862263202667236,0.9504596590995789,0.023961417376995087,0.03955027833580971
765,0.0012398894382799467,0.003266606479883194,0.034707073,0.057154234,0.9843675494194031,0.9521118998527527,0.025140002369880676,0.03854329138994217
766,0.00103199906880036,0.003462451510131359,0.032169357,0.0588426,0.9865700006484985,0.9492408633232117,0.023707544431090355,0.039663080126047134
767,0.0010105402278978463,0.003164928173646331,0.031180924,0.056257695,0.9873826503753662,0.9536024928092957,0.023129653185606003,0.03828265145421028
768,0.0010269719291086817,0.0033513682428747416,0.031782936,0.057891004,0.9868907332420349,0.9508693218231201,0.023464439436793327,0.039122261106967926
769,0.0010212749541758305,0.003177099861204624,0.031468395,0.05636577,0.9871488809585571,0.9534240961074829,0.022870073094964027,0.03762834891676903
770,0.0010094901663251221,0.003470970317721367,0.03105871,0.05891494,0.9874813556671143,0.9491159915924072,0.023161254823207855,0.039689596742391586
771,0.001005334488581866,0.0032860299106687307,0.030430738,0.057323907,0.987982451915741,0.9518271684646606,0.022658396512269974,0.03868335857987404
772,0.0010372820820934562,0.0037542968057096004,0.032087803,0.061272316,0.9866380095481873,0.9449624419212341,0.023890767246484756,0.039806462824344635
773,0.0011491134130417115,0.0031234491616487503,0.03267737,0.05588783,0.9861424565315247,0.9542105793952942,0.02395627461373806,0.038949646055698395
774,0.0010483156584086828,0.0032782566267997026,0.030593494,0.057256065,0.9878535270690918,0.9519411325454712,0.0225098617374897,0.03852690011262894
775,0.001128314963848838,0.003207638394087553,0.031671155,0.05663602,0.9869827628135681,0.952976405620575,0.023347187787294388,0.03794524818658829
776,0.001240728020837361,0.0034018277656286955,0.035315566,0.05832519,0.9838145971298218,0.9501295685768127,0.025308378040790558,0.03902242332696915
777,0.000983022955055772,0.003089622361585498,0.030608473,0.05558437,0.9878416657447815,0.9547064900398254,0.02236131764948368,0.03737847879528999
778,0.0009912504207353447,0.0032816044986248016,0.030255277,0.05728529,0.9881206154823303,0.951892077922821,0.02204417996108532,0.03862025961279869
779,0.0010036612749734725,0.003521261503919959,0.030975807,0.059340224,0.9875480532646179,0.9483786821365356,0.022489534690976143,0.03917407616972923
780,0.0014223707674483937,0.003273368813097477,0.032412942,0.057213362,0.9863658547401428,0.9520127773284912,0.023080112412571907,0.03889358788728714
781,0.0012657034874957224,0.003478884231299162,0.035650328,0.058982067,0.9835063219070435,0.9489999413490295,0.026274800300598145,0.03993817791342735
782,0.0014085911521264775,0.0033021713607013226,0.03527777,0.057464525,0.9838492274284363,0.9515905380249023,0.024728333577513695,0.038965336978435516
783,0.0014246337046973747,0.0033524385653436184,0.034644622,0.057900246,0.9844237565994263,0.9508536458015442,0.024985576048493385,0.0388684943318367
784,0.001331483610556461,0.0036913759540766478,0.03652007,0.060756695,0.9826917052268982,0.9458848237991333,0.027192261070013046,0.04157957434654236
785,0.0010511614005240103,0.0032302369363605976,0.03204173,0.05683518,0.9866763353347778,0.9526450634002686,0.02377437613904476,0.038763679563999176
786,0.0009783106731695377,0.0030553515534847975,0.03092996,0.055275235,0.9875848889350891,0.9552088975906372,0.022483956068754196,0.03687933832406998
787,0.001195995541903275,0.0034578493796288967,0.03394178,0.058803484,0.9850493669509888,0.9493083357810974,0.024352872744202614,0.039347950369119644
788,0.000926731137786357,0.0034139524213969707,0.030414153,0.058429036,0.9879955649375916,0.9499518275260925,0.02254604361951351,0.03912344574928284
789,0.0009800618096381766,0.0034159556962549686,0.030648487,0.058446176,0.9878098368644714,0.949922502040863,0.022559383884072304,0.0389041043817997
790,0.0012363083065296946,0.0037409693468362093,0.03266919,0.061163466,0.9861494302749634,0.9451578259468079,0.023056793957948685,0.04054984450340271
791,0.0011565226370955563,0.0031509127002209425,0.033006586,0.056132995,0.9858618378639221,0.9538079500198364,0.02428486756980419,0.03772156313061714
792,0.0011057542856592177,0.003451129887253046,0.032844905,0.05874632,0.9860000014305115,0.9494068026542664,0.023897498846054077,0.03930865228176117
793,0.0012021459168119525,0.003450504969805479,0.031525888,0.058741,0.9871019124984741,0.9494159817695618,0.022633850574493408,0.039711788296699524
794,0.001193717686956833,0.0033586604986339808,0.034362793,0.05795395,0.9846761226654053,0.9507624506950378,0.025390779599547386,0.03852101042866707
795,0.0009318751941794868,0.0034102825447916985,0.02981045,0.058397625,0.9884673953056335,0.9500056505203247,0.022358916699886322,0.03778746724128723
796,0.0009485835028251379,0.0034523499198257923,0.030277576,0.058756705,0.9881030917167664,0.9493889212608337,0.022291632369160652,0.03892815113067627
797,0.0013696746715471488,0.0033640435431152582,0.032913767,0.058000375,0.9859412312507629,0.9506834745407104,0.023321496322751045,0.03795526549220085
798,0.001099993838579394,0.0033508443739265203,0.03280594,0.057886478,0.9860332012176514,0.9508770108222961,0.024070652201771736,0.03852887824177742
799,0.0011380096746672114,0.0033045546151697636,0.031907354,0.057485256,0.9867878556251526,0.951555609703064,0.02316727116703987,0.03872339800000191
800,0.0010445463016036558,0.003110654652118683,0.031393286,0.055773243,0.9872101545333862,0.9543981552124023,0.023123955354094505,0.03751196712255478
801,0.0009523036754795943,0.003444851841777563,0.030665483,0.058692858,0.9877963066101074,0.9494988918304443,0.02270401641726494,0.03872900828719139
802,0.0009868388614532623,0.0033055974636226892,0.030757776,0.057494327,0.9877227544784546,0.9515402913093567,0.022739702835679054,0.03767970949411392
803,0.0010782463200898333,0.0035873339511454105,0.030916346,0.059894357,0.9875958561897278,0.9474101066589355,0.022549577057361603,0.03908589109778404
804,0.0014055664505576715,0.0032765869982540607,0.034307282,0.05724148,0.9847255945205688,0.9519656300544739,0.024005498737096786,0.03894611448049545
805,0.0012637190031289886,0.0038397519383579493,0.03537078,0.06196573,0.9837639331817627,0.943709671497345,0.02500717155635357,0.040806423872709274
806,0.0011298534558260474,0.003426602343097329,0.032824583,0.05853719,0.9860173463821411,0.9497663974761963,0.02393794246017933,0.03836052492260933
807,0.001246461562748829,0.003405750961974263,0.034678653,0.05835881,0.9843931198120117,0.9500720500946045,0.024224156513810158,0.03886348009109497
808,0.0017330226057145576,0.003629630198702216,0.041498467,0.060246415,0.9776511192321777,0.9467900395393372,0.027769681066274643,0.04017586633563042
809,0.0012292383087862452,0.004199812654405832,0.03467365,0.06480596,0.9843976497650146,0.9384312033653259,0.024529458954930305,0.041381385177373886
810,0.0011173125941158187,0.00340598588809371,0.03155442,0.058360826,0.9870785474777222,0.9500686526298523,0.02273559756577015,0.038180090487003326
811,0.001282366282380694,0.003471256233751774,0.034342337,0.058917373,0.9846943616867065,0.9491117596626282,0.02489614300429821,0.03894655406475067
812,0.0013388378799638965,0.003406672505661845,0.036216456,0.05836671,0.9829782843589783,0.9500585794448853,0.025702442973852158,0.03998773545026779
813,0.0009779428272105922,0.003330629551783204,0.031175388,0.057711605,0.9873871207237244,0.9511733651161194,0.02306903898715973,0.03822120651602745
814,0.0010759162350123834,0.003198303747922182,0.03202025,0.05655355,0.9866942167282104,0.9531132578849792,0.023151155561208725,0.03784530237317085
815,0.0010497302983739328,0.00335680041462183,0.031920765,0.057937905,0.9867767691612244,0.9507896900177002,0.023531915619969368,0.03802943229675293
816,0.0010952324578697285,0.0033273918088525534,0.03216682,0.05768355,0.9865721464157104,0.9512208104133606,0.02328040823340416,0.03842558339238167
817,0.0017938924826342952,0.0033037876710295677,0.03475565,0.05747858,0.9843237400054932,0.9515668749809265,0.02300497330725193,0.03851251304149628
818,0.0016016696635316212,0.0038317725993692875,0.03919708,0.061901312,0.9800612330436707,0.9438266754150391,0.027908116579055786,0.04131108522415161
819,0.001182380464425395,0.003606395563110709,0.033943336,0.060053274,0.9850479960441589,0.9471306800842285,0.02492648921906948,0.040401991456747055
820,0.0010698973994956098,0.0035156793892383575,0.03134984,0.05929317,0.9872455596923828,0.9484605193138123,0.022667985409498215,0.0397634319961071
821,0.001131135233498009,0.003168552415445447,0.03342543,0.0562899,0.9855007529258728,0.9535493850708008,0.023972759023308754,0.038820911198854446
822,0.0009700256573110396,0.003574474947527051,0.030896157,0.05978691,0.9876120090484619,0.9475986361503601,0.022606730461120605,0.03941728174686432
823,0.0009658642315612683,0.003259234596043825,0.030820273,0.057089705,0.9876728057861328,0.9522200226783752,0.022628532722592354,0.03797366842627525
824,0.000980324322220192,0.003315460169687867,0.031165455,0.05758003,0.9873951077461243,0.9513957500457764,0.022640276700258255,0.037456534802913666
825,0.0008868415990780869,0.0034051164984703064,0.029461097,0.05835338,0.988736093044281,0.9500813484191895,0.021702256053686142,0.037914056330919266
826,0.0008120716718787497,0.0034461331088095903,0.028181469,0.05870377,0.9896933436393738,0.9494801163673401,0.02106088027358055,0.03863171115517616
827,0.0012357830617640336,0.003491900861263275,0.032274712,0.059092313,0.9864819049835205,0.9488091468811035,0.022618532180786133,0.0390278622508049
828,0.0010389178298117424,0.0034262577537447214,0.032069568,0.058534246,0.986653208732605,0.9497714638710022,0.023762620985507965,0.03859798610210419
829,0.0009084167858501049,0.003238453296944499,0.029906254,0.05690741,0.9883931279182434,0.9525246620178223,0.021602876484394073,0.038195282220840454
830,0.0014249101977012206,0.003294369438663125,0.03471218,0.0573966,0.9843629598617554,0.9517049193382263,0.02440880984067917,0.03882449492812157
831,0.0017179705054414544,0.0035151008050888777,0.041424315,0.059288282,0.977730929851532,0.9484690427780151,0.02790609560906887,0.040389448404312134
832,0.0011247701172992079,0.003419041633605957,0.033513777,0.05847257,0.9854240417480469,0.9498772621154785,0.024203956127166748,0.03881831467151642
833,0.00096783083493144,0.0033926251344382763,0.030896734,0.058246247,0.9876115918159485,0.9502645134925842,0.022568214684724808,0.039770085364580154
834,0.0010580834482838823,0.0029344225767999887,0.030101826,0.05417031,0.9882408380508423,0.9569817185401917,0.022036604583263397,0.036591995507478714
835,0.0011077541308953766,0.003406604053452611,0.03320459,0.058366124,0.9856917262077332,0.9500595927238464,0.023878348991274834,0.03825635090470314
836,0.001284825917206366,0.003158543724566698,0.035650805,0.05620092,0.9835058450698853,0.9536961317062378,0.02402287721633911,0.03745449706912041
837,0.0010855408750516785,0.0032015976030379534,0.031028522,0.056582663,0.9875056743621826,0.9530649185180664,0.02290244773030281,0.03856880962848663
838,0.0010831585816710933,0.0031697626691311598,0.031049684,0.056300644,0.9874886274337769,0.9535316228866577,0.023060498759150505,0.037051573395729065
839,0.001051644945453683,0.003149780910462141,0.03237709,0.05612291,0.9863960146903992,0.9538245797157288,0.023074723780155182,0.03652230277657509
840,0.000949749715139412,0.0033680254127830267,0.030301824,0.058034692,0.9880840182304382,0.9506251215934753,0.021618034690618515,0.038933899253606796
841,0.000915576593384189,0.0033099488355219364,0.029783461,0.057532154,0.9884882569313049,0.951476514339447,0.022109976038336754,0.03824011981487274
842,0.0010275976098703475,0.0035460209473967552,0.029749746,0.059548475,0.9885143041610718,0.9480157494544983,0.021270452067255974,0.039394862949848175
843,0.0011464386334409937,0.0033462897408753633,0.033599224,0.057847127,0.9853495955467224,0.9509437680244446,0.024749601259827614,0.037920791655778885
844,0.0008955833625143648,0.003372452687472105,0.02936465,0.058072824,0.9888097047805786,0.9505602121353149,0.021832317113876343,0.038116343319416046
845,0.0009216990048034032,0.00321069429628551,0.030037863,0.05666299,0.9882907271385193,0.9529315829277039,0.02220107428729534,0.03680048882961273
846,0.0007999781400113451,0.0029197114054113626,0.027902544,0.054034352,0.9898963570594788,0.957197368144989,0.020918959751725197,0.03635038062930107
847,0.001134515403960408,0.0032470915466547012,0.031679142,0.05698326,0.9869762063026428,0.9523980021476746,0.02273150347173214,0.03790976107120514
848,0.0010704583493696357,0.003490834729745984,0.03244437,0.059083287,0.9863393902778625,0.9488247632980347,0.023365095257759094,0.039699487388134
849,0.0009478038568472998,0.003215016331523657,0.03047528,0.056701116,0.9879472255706787,0.9528682231903076,0.022516580298542976,0.03772834688425064
850,0.0008058136802653528,0.0031238666269928217,0.028058982,0.055891562,0.9897827506065369,0.9542044401168823,0.020402178168296814,0.03666011616587639
851,0.0008513577552300624,0.003280129749327898,0.028442433,0.05727242,0.9895015358924866,0.9519136548042297,0.021465564146637917,0.03830726072192192
852,0.0009114483466625891,0.003238227916881442,0.029928237,0.05690543,0.9883760809898376,0.9525279402732849,0.021878086030483246,0.03776977211236954
853,0.0011735856724871237,0.0033359958324581385,0.030875923,0.05775808,0.9876282215118408,0.9510946869850159,0.022592665627598763,0.03760731592774391
854,0.0011474829939702017,0.0033968889620155096,0.03376071,0.058282837,0.9852084517478943,0.9502019882202148,0.02390742488205433,0.03818866237998009
855,0.0009651026683224535,0.0034640608355402946,0.031028237,0.05885627,0.9875059127807617,0.9492172598838806,0.022882893681526184,0.0385272279381752
856,0.0009535164664901623,0.0031504894141107798,0.029839512,0.05612922,0.9884448647499084,0.9538142085075378,0.021754633635282516,0.03645392134785652
857,0.0009501463024538349,0.003284669015556574,0.029335726,0.057312038,0.9888317584991455,0.9518471360206604,0.021359261125326157,0.03756071627140045
858,0.0008785702117496509,0.0031598524656146765,0.02960244,0.056212567,0.9886277318000793,0.9536769390106201,0.02177616022527218,0.03753986582159996
859,0.000842509162215389,0.0033506471663713455,0.028871106,0.057884775,0.989182710647583,0.9508798718452454,0.020860454067587852,0.037807829678058624
860,0.0008479420668498443,0.0034228386357426643,0.02802849,0.05850503,0.9898049235343933,0.9498215913772583,0.020451325923204422,0.038639094680547714
861,0.0011668673025930977,0.003363656345754862,0.033552207,0.057997037,0.9853905439376831,0.9506891965866089,0.02373688295483589,0.03825346753001213
862,0.0008646238493383862,0.0034438709262758493,0.029096805,0.058684506,0.9890129566192627,0.9495132565498352,0.021792108193039894,0.03875501826405525
863,0.0007304024673596194,0.003286319551989436,0.026685474,0.057326432,0.9907585382461548,0.9518229365348816,0.019967569038271904,0.03749731183052063
864,0.0008331083815640093,0.0031146181281656027,0.028692817,0.05580876,0.989315927028656,0.9543400406837463,0.021472143009305,0.036961738020181656
865,0.0011770211666854184,0.003575938753783703,0.03194072,0.059799157,0.9867601990699768,0.9475771188735962,0.02190679870545864,0.039130497723817825
866,0.001036026155237447,0.003315188456326723,0.03109871,0.057577677,0.987449049949646,0.9513996839523315,0.02261204458773136,0.037273161113262177
867,0.0011073903740246103,0.003144374582916498,0.03179252,0.056074724,0.9868828058242798,0.95390385389328,0.022578883916139603,0.03784990310668945
868,0.0009147220698650926,0.0033761379308998585,0.030280015,0.058104545,0.9881011843681335,0.9505062103271484,0.022791117429733276,0.03833802416920662
869,0.0009245224910872904,0.0032916381023824215,0.02912158,0.0573728,0.9889942407608032,0.9517449736595154,0.021436482667922974,0.037438247352838516
870,0.00082494845000011,0.0033088934142142534,0.028535867,0.057522982,0.9894324541091919,0.9514920115470886,0.021249324083328247,0.03772588074207306
871,0.0008306721792905591,0.003086925484240055,0.027946027,0.05556011,0.9898648262023926,0.9547460079193115,0.02047916129231453,0.036375146359205246
872,0.0008819440064888278,0.003251542802900076,0.028593492,0.057022303,0.9893897771835327,0.9523327350616455,0.02057601884007454,0.037972819060087204
873,0.0010380338168364358,0.003222913248464465,0.029975284,0.05677071,0.9883394837379456,0.9527524709701538,0.02223602682352066,0.036917489022016525
874,0.0009738952066982165,0.0032639692071825266,0.030802146,0.057131156,0.9876872897148132,0.9521505832672119,0.02293490804731846,0.03812114894390106
875,0.0008625425682773559,0.0032527330331504345,0.029139975,0.057032738,0.9889802932739258,0.9523153305053711,0.02160145901143551,0.03721769526600838
876,0.0007893547510982237,0.0032973489724099636,0.027758624,0.05742255,0.990000307559967,0.951661229133606,0.020671026781201363,0.03680052235722542
877,0.0007385287324061871,0.0032964383717626333,0.027062329,0.05741462,0.9904956817626953,0.9516745805740356,0.020099923014640808,0.038230862468481064
878,0.0007667469286719676,0.0033486627507954836,0.027429238,0.057867635,0.990236222743988,0.9509089589118958,0.020489836111664772,0.038223717361688614
879,0.0008097647276537663,0.003375356551259756,0.027359584,0.05809782,0.9902857542037964,0.9505176544189453,0.020365064963698387,0.03858380392193794
880,0.0009414745754011991,0.0032627112232148647,0.028641006,0.057120148,0.9893544316291809,0.9521690011024475,0.021260078996419907,0.03787343204021454
881,0.0012182272092269902,0.0033320917282253504,0.034510512,0.057724275,0.9845440983772278,0.9511519074440002,0.024670129641890526,0.0388682521879673
882,0.0009460773481722837,0.0033829037565737963,0.030311098,0.058162734,0.9880767464637756,0.9504070281982422,0.022360531613230705,0.03829416260123253
883,0.0013997173763610508,0.00348339369520545,0.033321533,0.059020285,0.9855907559394836,0.9489338397979736,0.022104430943727493,0.03895219787955284
884,0.0031151904470541262,0.003651013597846031,0.055974297,0.06042362,0.9593399167060852,0.9464765787124634,0.03640284016728401,0.041858211159706116
885,0.001525131017181345,0.0035630741622298956,0.03867733,0.059691492,0.9805864691734314,0.9477657079696655,0.027491547167301178,0.040622979402542114
886,0.001104922002096745,0.0034264810383319855,0.033279285,0.05853615,0.985627293586731,0.9497681856155396,0.023974867537617683,0.03831227496266365
887,0.0010422487016926011,0.0032878925558179617,0.032160062,0.05734015,0.9865777492523193,0.9517998695373535,0.023330925032496452,0.038554176688194275
888,0.0010881735493471338,0.0033525589387863874,0.032527104,0.057901286,0.9862696528434753,0.9508518576622009,0.022531041875481606,0.03767840936779976
889,0.001138233224496203,0.0033166236244142056,0.03258884,0.057590134,0.9862174987792969,0.9513787031173706,0.022798605263233185,0.038051165640354156
890,0.0009795613639818673,0.0033954395912587643,0.030667586,0.058270402,0.9877946376800537,0.9502232670783997,0.022213803604245186,0.038004547357559204
891,0.0010201167566595939,0.003322895849123597,0.031359423,0.057644565,0.9872377514839172,0.9512867331504822,0.022549372166395187,0.03812791034579277
892,0.0011078295865445398,0.0033565599005669355,0.031494096,0.057935826,0.9871279001235962,0.9507932066917419,0.022502828389406204,0.038744308054447174
893,0.00125957053784408,0.0035133962519466877,0.034156017,0.05927391,0.9848600029945374,0.948494017124176,0.02483476512134075,0.03858299180865288
894,0.0014033724265490573,0.0034489473327994347,0.033668328,0.05872774,0.9852892756462097,0.9494388103485107,0.023648995906114578,0.0386989563703537
895,0.0012422094388801436,0.0034992482978850603,0.035028007,0.059154443,0.9840770959854126,0.9487014412879944,0.024906659498810768,0.03869295492768288
896,0.0010330415785905313,0.003490746719762683,0.03192427,0.059082545,0.9867738485336304,0.9488260746002197,0.02343851700425148,0.038428690284490585
897,0.0010248150673843074,0.003281878773123026,0.031212898,0.057287686,0.9873567223548889,0.9518880248069763,0.022586438804864883,0.037909843027591705
898,0.0009450089379573579,0.003397605614736676,0.030701147,0.058288984,0.9877679347991943,0.9501914978027344,0.022200867533683777,0.03878403455018997
899,0.0008679302217470566,0.0031910710968077183,0.029278148,0.056489564,0.9888755679130554,0.9532192349433899,0.021753812208771706,0.036715008318424225
900,0.0008678186528744515,0.003350873477756977,0.028776398,0.05788673,0.989253580570221,0.9508765935897827,0.021015657112002373,0.03757760673761368
901,0.0008851934769402512,0.003302224911749363,0.029308187,0.057464987,0.9888527393341064,0.9515897631645203,0.02144549787044525,0.0371091365814209
902,0.0008450228375626135,0.003311262698844075,0.02803243,0.057543576,0.9898020625114441,0.9514572620391846,0.020458759739995003,0.03740060701966286
903,0.0009269702826383185,0.00350177357904613,0.029001806,0.059175786,0.9890845417976379,0.9486644268035889,0.020858729258179665,0.03912969306111336
904,0.0009143247265125286,0.0033719686325639486,0.029571848,0.05806865,0.9886512756347656,0.9505673050880432,0.021876899525523186,0.037638939917087555
905,0.0008674475631613115,0.003422267036512494,0.028432159,0.058500145,0.9895091652870178,0.9498299360275269,0.021117618307471275,0.038208696991205215
906,0.0009629419139607555,0.0034200334921479225,0.030352617,0.058481053,0.9880440831184387,0.9498627185821533,0.02194434404373169,0.03771587833762169
907,0.0008975325406275012,0.0033691052813082933,0.02906098,0.058043998,0.989039957523346,0.9506093263626099,0.0212703850120306,0.03766189143061638
908,0.0008617838750730946,0.0033794811461120844,0.028365508,0.058133304,0.9895582795143127,0.9504572153091431,0.021151121705770493,0.03755650669336319
909,0.0008299727361935021,0.0032786999363452196,0.028204884,0.057259932,0.9896761775016785,0.9519346356391907,0.020908620208501816,0.03727072849869728
910,0.0008161947930189358,0.0034218919463455677,0.027873835,0.05849694,0.9899170994758606,0.949835479259491,0.020953841507434845,0.03781077638268471
911,0.0008359517497328026,0.003312227316200733,0.028337255,0.05755195,0.9895790815353394,0.9514431357383728,0.020939424633979797,0.03833872452378273
912,0.0008224847915698774,0.0032698882278054953,0.028262766,0.057182938,0.9896337985992432,0.952063798904419,0.021287379786372185,0.03741222992539406
913,0.0008684964797628874,0.003323492594063282,0.028277261,0.057649743,0.9896231293678284,0.9512779712677002,0.02056967094540596,0.03818146884441376
914,0.0007811586824986575,0.003271711990237236,0.027663369,0.057198882,0.990068793296814,0.9520370960235596,0.020685940980911255,0.03773760795593262
915,0.0008704836205156012,0.0033953713718801737,0.027766779,0.058269814,0.9899944067001343,0.9502242207527161,0.020149370655417442,0.037322208285331726
916,0.0008038583665355956,0.003457398619502783,0.028422626,0.058799647,0.9895161986351013,0.9493149518966675,0.020725088194012642,0.038904305547475815
917,0.0008093148406425661,0.00340269785374403,0.028206222,0.058332648,0.9896752238273621,0.9501168131828308,0.020549358800053596,0.038821782916784286
918,0.0007695783232603307,0.003235284239053726,0.02746033,0.056879558,0.9902140498161316,0.9525710940361023,0.020512014627456665,0.03715275228023529
919,0.0008102672912751917,0.0034330682829022408,0.028262,0.058592394,0.9896343350410461,0.9496716260910034,0.02094859816133976,0.03756403923034668
920,0.0008531394599809904,0.00321630435064435,0.027712934,0.05671247,0.9900332093238831,0.9528493285179138,0.020375730469822884,0.03749857470393181
921,0.0010679103116589513,0.003316059708595276,0.029834526,0.05758524,0.9884487390518188,0.9513869285583496,0.02131430245935917,0.03789790719747543
922,0.0012021788755770433,0.0034539427142590284,0.03383437,0.058770254,0.9851438403129578,0.9493656158447266,0.023520590737462044,0.03897903114557266
923,0.001003600484347606,0.003362890100106597,0.02965319,0.057990436,0.9885887503623962,0.9507004022598267,0.022103240713477135,0.038384873420000076
924,0.0008608687758996067,0.0033006092999130487,0.029289432,0.057450928,0.9888669848442078,0.9516134262084961,0.021420402452349663,0.038021329790353775
925,0.000871377247676719,0.0034824758768081665,0.0292089,0.059012506,0.9889281392097473,0.9489473104476929,0.02126479521393776,0.03839333727955818
926,0.0008802048594754359,0.0032131834886968136,0.028980935,0.05668495,0.9891002774238586,0.9528951048851013,0.021390344947576523,0.0375928170979023
927,0.0008622254502948966,0.003200677689164877,0.029158536,0.056574535,0.9889662861824036,0.9530784487724304,0.02150341309607029,0.037382375448942184
928,0.0009106417048976502,0.003151482902467251,0.030025082,0.056138076,0.9883006811141968,0.9537996053695679,0.021967651322484016,0.03689435496926308
929,0.0008249152974299664,0.0033565384801477194,0.028063133,0.05793564,0.9897797107696533,0.9507935047149658,0.020765099674463272,0.03893009573221207
930,0.0007664782890721901,0.0030582298059016466,0.027560072,0.055301264,0.990142822265625,0.9551666975021362,0.02031809836626053,0.036853473633527756
931,0.0008897020015865564,0.0033815933857113123,0.028672313,0.058151472,0.9893311858177185,0.9504262208938599,0.02069789357483387,0.03860998898744583
932,0.0009290792679001407,0.0033359790686517954,0.03010903,0.057757936,0.9882351756095886,0.951094925403595,0.02167665958404541,0.037646930664777756
933,0.0008510008344522,0.003222475526854396,0.028783532,0.056766853,0.9892482161521912,0.9527589082717896,0.020725619047880173,0.03716598451137543
934,0.0008138635695848444,0.003207818605005741,0.028054763,0.056637608,0.9897857904434204,0.9529737234115601,0.02018270082771778,0.03751753643155098
935,0.0007475360206709328,0.0034076892770826817,0.02712602,0.05837542,0.9904508590698242,0.9500436782836914,0.020271090790629387,0.037666674703359604
936,0.0008384226351732981,0.003246599342674017,0.026885543,0.056978937,0.990619421005249,0.9524052143096924,0.020083332434296608,0.03738301247358322
937,0.0008862501860924319,0.003203745000064373,0.02937062,0.056601636,0.9888051748275757,0.953033447265625,0.02186935395002365,0.037334103137254715
938,0.0007860620899009518,0.0032305193599313498,0.02778325,0.05683766,0.989982545375824,0.952640950679779,0.020709512755274773,0.037498582154512405
939,0.0009254869298522615,0.003240965772420168,0.027794136,0.056929484,0.9899746775627136,0.9524878263473511,0.020597169175744057,0.037265531718730927
940,0.001323444144376977,0.003393212566152215,0.03518098,0.058251288,0.9839377403259277,0.9502558708190918,0.024807190522551537,0.038216426968574524
941,0.0011238614388275892,0.003422151319682598,0.032801516,0.05849916,0.986037015914917,0.9498316645622253,0.02222735434770584,0.03883480653166771
942,0.0007563059612452475,0.0032292555551975965,0.027065426,0.056826536,0.9904934763908386,0.9526594877243042,0.020105723291635513,0.03667381778359413
943,0.0008240387052699754,0.0033650239929556847,0.027885066,0.058008827,0.9899089932441711,0.9506691098213196,0.020586514845490456,0.037649210542440414
944,0.0007584377195929516,0.0031839818693697453,0.027228205,0.056426782,0.9903787970542908,0.9533231854438782,0.020229684188961983,0.03690553456544876
945,0.000983387829778208,0.00303572416305542,0.029072363,0.05509741,0.9890313744544983,0.955496609210968,0.02074846625328064,0.03626161068677902
946,0.0010438314777936532,0.003078075358644128,0.032181438,0.055480406,0.9865599274635315,0.9548757672309875,0.021956952288746834,0.03616824001073837
947,0.0008471186301903799,0.0034322768915444613,0.028116766,0.05858564,0.9897406101226807,0.9496831893920898,0.02065596915781498,0.03819476068019867
948,0.0009672728801061484,0.003480809973552823,0.031000664,0.05899839,0.9875280857086182,0.9489717483520508,0.02245119772851467,0.03874068334698677
949,0.0008944957675835626,0.003274845192208886,0.029513448,0.057226263,0.9886960387229919,0.9519911408424377,0.021483702585101128,0.03862719237804413
950,0.0010319727476929654,0.003393733175471425,0.027632384,0.058255758,0.9900910258293152,0.9502482414245605,0.020141366869211197,0.03832556679844856
951,0.0009432350555223159,0.003426867537200451,0.030244054,0.058539454,0.9881294369697571,0.9497625231742859,0.022319668903946877,0.03818168863654137
952,0.0007980074852556837,0.0033886171877384186,0.028156092,0.058211833,0.9897118806838989,0.950323224067688,0.020965514704585075,0.03871823474764824
953,0.0009633149827343666,0.0032301144674420357,0.028650107,0.056834098,0.9893476963043213,0.9526469111442566,0.020627712830901146,0.03713206946849823
954,0.0007864630183162676,0.0030997234862297773,0.027500805,0.055675164,0.9901852011680603,0.9545584321022034,0.020541789010167122,0.03771965578198433
955,0.0008856053642706353,0.0030564700718969107,0.02775675,0.055285353,0.9900016188621521,0.955192506313324,0.020146425813436508,0.03613667190074921
956,0.0010287447552069682,0.003222193568944931,0.03094036,0.056764368,0.9875765442848206,0.952763020992279,0.02152295783162117,0.036787863820791245
957,0.0009076415788678622,0.003376706736162305,0.030098608,0.05810944,0.9882433414459229,0.9504978656768799,0.021434897556900978,0.038513608276844025
958,0.0007415324057960374,0.003323167562484741,0.027225196,0.057646923,0.9903809428215027,0.9512827396392822,0.020421314984560013,0.03720331937074661
959,0.0008220122320133007,0.0032519418746232986,0.028185032,0.0570258,0.9896907210350037,0.9523268938064575,0.020741460844874382,0.03719610720872879
960,0.0008211645168061791,0.0033956156112253666,0.02854911,0.05827191,0.9894226789474487,0.9502206444740295,0.020728686824440956,0.03875008597970009
961,0.0011178026364756408,0.003753844415768981,0.033391993,0.061268624,0.9855297803878784,0.9449690580368042,0.023992499336600304,0.03947906196117401
962,0.000753056667401159,0.003197007579728961,0.027427198,0.056542087,0.9902376532554626,0.9531322121620178,0.020433630794286728,0.036780521273612976
963,0.0007355275745133192,0.0032646364998072386,0.026831556,0.057136998,0.9906570911407471,0.9521408081054688,0.019875286146998405,0.03737405315041542
964,0.0007969034407076172,0.003406529314815998,0.027839407,0.058365483,0.9899420142173767,0.9500606656074524,0.020332403481006622,0.03837736323475838
965,0.0008243665711647323,0.0033585038036108017,0.027126245,0.0579526,0.9904507398605347,0.9507647156715393,0.019870394840836525,0.03822154179215431
966,0.0010681374511808497,0.0037063679192215204,0.03219614,0.06087995,0.9865476489067078,0.9456650614738464,0.02199922315776348,0.03987082466483116
967,0.0008707306749949402,0.0034994720481336117,0.028569005,0.059156336,0.9894078969955444,0.9486981630325317,0.020816439762711525,0.03818215802311897
968,0.0008349438847455366,0.0033217119053006172,0.027866773,0.057634298,0.9899222254753113,0.9513040781021118,0.0203024223446846,0.038390252739191055
969,0.00102777625778055,0.003294652560725808,0.02937268,0.057399064,0.9888036251068115,0.951700747013092,0.02075411193072796,0.03832770138978958
970,0.000996480791152201,0.0031131524592638016,0.03121585,0.055795632,0.9873543381690979,0.9543615579605103,0.021336402744054794,0.03634091094136238
971,0.000821825812057465,0.003186548827216029,0.028561393,0.056449525,0.9894135594367981,0.9532855749130249,0.020978733897209167,0.03717730566859245
972,0.0010193215771737,0.003284473204985261,0.028013341,0.057310324,0.9898159503936768,0.9518499970436096,0.019949963316321373,0.03828919678926468
973,0.0010592939586124637,0.003645318327471614,0.031269684,0.060376473,0.9873107075691223,0.9465600252151489,0.02296023815870285,0.03871101886034012
974,0.0008419991175866347,0.003360867267474532,0.028922293,0.057972986,0.9891443252563477,0.9507300853729248,0.020876940339803696,0.038189541548490524
975,0.0007685654643203386,0.00330553506501019,0.026807036,0.057493784,0.9906741380691528,0.9515412449836731,0.01979544386267662,0.03804609552025795
976,0.0007139294248190708,0.003243806539103389,0.026714396,0.05695443,0.9907385110855103,0.9524461627006531,0.020219042897224426,0.037961188703775406
977,0.0007831474735708484,0.003121808171272278,0.027338028,0.055873144,0.9903010129928589,0.9542346596717834,0.020302623510360718,0.03688691183924675
978,0.0007332054724842733,0.003527803812175989,0.026873063,0.05939532,0.9906281232833862,0.948282778263092,0.019813379272818565,0.037767499685287476
979,0.0009515234831434844,0.003082826966419816,0.029926078,0.05552321,0.9883777499198914,0.9548060894012451,0.020179996266961098,0.03787941113114357
980,0.0008433457465302622,0.003168888157233596,0.028653678,0.056292877,0.9893450140953064,0.9535444378852844,0.020625323057174683,0.0365835577249527
981,0.0007614753426010297,0.0033664917573332787,0.027614689,0.058021475,0.9901037216186523,0.9506475925445557,0.020167380571365356,0.038926862180233
982,0.000708837521167218,0.0032056565396487713,0.026375936,0.05661851,0.9909716844558716,0.9530054330825806,0.02009688690304756,0.03669929504394531
983,0.0007051700727474367,0.0031510351691395044,0.026300129,0.056134082,0.9910234808921814,0.9538061618804932,0.019419539719820023,0.03601726144552231
984,0.0006369117909343913,0.0030506744515150785,0.024909837,0.055232912,0.9919474720954895,0.9552774429321289,0.0182690117508173,0.036453280597925186
985,0.0007574867962499742,0.0032385550439357758,0.026148973,0.056908302,0.9911263585090637,0.9525231719017029,0.01890479400753975,0.03673502430319786
986,0.000736168143207165,0.0029646314214915037,0.026060238,0.05444843,0.9911864995956421,0.9565388560295105,0.01939769648015499,0.036274295300245285
987,0.0007096699872900816,0.0033605557400733232,0.026133027,0.0579703,0.9911372065544128,0.9507346153259277,0.01949383318424225,0.038654182106256485
988,0.0008577168032802133,0.0034011509269475937,0.028685132,0.058319386,0.9893216490745544,0.9501395225524902,0.021064497530460358,0.038433194160461426
989,0.0007332692310393958,0.0030044789891690016,0.026922934,0.05481313,0.9905933141708374,0.9559546709060669,0.020206326618790627,0.036709368228912354
990,0.0008191246650478041,0.0033947795163840055,0.028209418,0.05826474,0.9896728992462158,0.9502329230308533,0.020553093403577805,0.03719761595129967
991,0.0008755946400924586,0.003349781036376953,0.028379545,0.057877295,0.9895479083061218,0.9508925676345825,0.020179009065032005,0.03810738027095795
992,0.0008592144096672365,0.003217209130525589,0.028756559,0.05672045,0.9892683625221252,0.9528360962867737,0.020976528525352478,0.03687825798988342
993,0.0008107431256741455,0.0031199061777442694,0.027658295,0.05585612,0.9900724291801453,0.9542625546455383,0.019889945164322853,0.03709772229194641
994,0.0007796009184940802,0.0031761499121785164,0.02714456,0.056357343,0.9904378056526184,0.9534379839897156,0.02008623257279396,0.037110280245542526
995,0.0008197223671066405,0.003103655530139804,0.028266154,0.05571046,0.9896312952041626,0.9545007944107056,0.02008913643658161,0.03697962313890457
996,0.0007745885523036122,0.003216238459572196,0.02662911,0.05671189,0.9907975196838379,0.952850341796875,0.019528508186340332,0.03690468892455101
997,0.0012015294183087958,0.0033072330988943577,0.029176202,0.05750855,0.9889528751373291,0.951516330242157,0.020390233024954796,0.03718307241797447
998,0.001218999504503286,0.003438161453232169,0.034616586,0.05863584,0.9844489693641663,0.9495969414710999,0.02462031878530979,0.03887168690562248
999,0.0010539524929216977,0.003186129732057452,0.03206653,0.056445815,0.9866557121276855,0.9532917141914368,0.022954149171710014,0.03756048157811165
1000,0.0008863248466778631,0.003264766652137041,0.02930203,0.057138138,0.9888573884963989,0.9521389007568359,0.02189033292233944,0.037187375128269196
1001,0.0007355672093002464,0.003297839080914855,0.027089749,0.057426814,0.9904763698577881,0.9516540765762329,0.020364949479699135,0.037439484149217606
1002,0.0007335370173677802,0.003210668684914708,0.027084908,0.056662764,0.9904798269271851,0.9529319405555725,0.020121730864048004,0.03696830943226814
1003,0.000794212890799496,0.003391718491911888,0.027987096,0.05823846,0.9898350238800049,0.9502778053283691,0.020630700513720512,0.03917814418673515
1004,0.0008472022282975641,0.003140941960737109,0.028872546,0.05604411,0.989181637763977,0.9539541602134705,0.020920880138874054,0.036656759679317474
1005,0.0007821902671077459,0.0029995667282491922,0.027821027,0.0547683,0.9899553060531616,0.9560266733169556,0.020531121641397476,0.03709622472524643
1006,0.0007869935460886071,0.0030222642235457897,0.02744908,0.054975122,0.9902220964431763,0.9556939601898193,0.020033670589327812,0.03719855099916458
1007,0.0008454616776858033,0.00327317719347775,0.028830623,0.057211686,0.9892130494117737,0.9520155787467957,0.02093023993074894,0.037090662866830826
1008,0.000964214342027183,0.003418786684051156,0.028170574,0.05847039,0.9897012710571289,0.9498809576034546,0.020659642294049263,0.03801603242754936
1009,0.0010279532474338669,0.003216315759345889,0.031979706,0.056712568,0.9867278933525085,0.9528491497039795,0.02316533960402012,0.03674553707242012
1010,0.0008112033121340738,0.0032648162450641394,0.027933497,0.05713857,0.9898738861083984,0.9521381855010986,0.020900283008813858,0.03766493871808052
1011,0.0007566846583027985,0.003312791232019663,0.026220849,0.057556853,0.9910775423049927,0.951434850692749,0.019301563501358032,0.03824944421648979
1012,0.0007800314884992655,0.0033191784750670195,0.027769716,0.057612315,0.9899923205375671,0.9513412117958069,0.02058766409754753,0.037265192717313766
1013,0.0007079162850542078,0.0030815715435892344,0.026638482,0.055511903,0.9907910227775574,0.9548245072364807,0.019719401374459267,0.036690689623355865
1014,0.0006772438421400941,0.0035234754905104637,0.025610354,0.05935887,0.9914881587028503,0.9483462572097778,0.01893768645823002,0.03783397004008293
1015,0.000689008847984951,0.0030126699712127447,0.025180109,0.054887794,0.9917717576026917,0.9558346271514893,0.018592707812786102,0.03669938072562218
1016,0.0009062438872536983,0.00331374304369092,0.03006397,0.05756512,0.9882704019546509,0.9514209032058716,0.020642343908548355,0.03728806972503662
1017,0.0006709473263154822,0.0032600597478449345,0.0254314,0.057096936,0.9916067123413086,0.9522079229354858,0.0188972856849432,0.037299901247024536
1018,0.0006874325521163304,0.0033271724823862314,0.026076294,0.057681646,0.991175651550293,0.9512240290641785,0.019342387095093727,0.03718029707670212
1019,0.0007259181048456495,0.0033535317052155733,0.026704282,0.057909686,0.990745484828949,0.9508376121520996,0.0197929535061121,0.03754541277885437
1020,0.0007087407654828646,0.003146947594359517,0.026217306,0.05609766,0.9910799264907837,0.9538661241531372,0.019355343654751778,0.037769995629787445
1021,0.0010556008994833312,0.003219096688553691,0.028321207,0.056737084,0.9895908832550049,0.9528083801269531,0.020091654732823372,0.037841178476810455
1022,0.0009379648756955496,0.0031228698790073395,0.030418552,0.055882648,0.9879920482635498,0.9542191028594971,0.02191728726029396,0.03661677986383438
1023,0.0008331856694315899,0.003223084146156907,0.028678888,0.056772213,0.9893262982368469,0.9527499675750732,0.02127346768975258,0.03716142475605011
1024,0.0008468722173182124,0.003136818530037999,0.028997684,0.056007307,0.9890876412391663,0.9540145993232727,0.021160075441002846,0.036763861775398254
1025,0.001152407072368078,0.0032293584663420916,0.02841354,0.056827445,0.9895228743553162,0.9526579976081848,0.019881857559084892,0.03698071837425232
1026,0.001242453571731775,0.0036106077022850513,0.034466017,0.060088333,0.9845839142799377,0.9470689296722412,0.02386404387652874,0.03921109065413475
1027,0.0010409279639134184,0.0032364639919251204,0.030451577,0.056889933,0.987966001033783,0.9525538086891174,0.02193150483071804,0.03782106190919876
1028,0.0008769647935299541,0.003271193942055106,0.029513098,0.057194356,0.988696277141571,0.952044665813446,0.021534467115998268,0.03693917766213417
1029,0.0007229768512347205,0.0031189618166536093,0.02652023,0.055847667,0.9908726215362549,0.9542763829231262,0.01987869292497635,0.03689102455973625
1030,0.0007357011775390922,0.003193406853824854,0.02637679,0.05651024,0.9909710884094238,0.9531850218772888,0.01957562565803528,0.03683659806847572
1031,0.0008533992209281264,0.0032091247849166393,0.027837547,0.05664914,0.9899433851242065,0.9529545903205872,0.0205503199249506,0.03690597414970398
1032,0.0008094961257566782,0.0030669509433209896,0.02831732,0.055380065,0.9895937442779541,0.955038845539093,0.02069861814379692,0.03719879314303398
1033,0.0007408700290728699,0.0031004510819911957,0.026554275,0.055681694,0.9908491969108582,0.9545477628707886,0.019567720592021942,0.037315405905246735
1034,0.0007467233391997235,0.003255249932408333,0.02705172,0.0570548,0.9905031323432922,0.9522784352302551,0.01975654624402523,0.03711267560720444
1035,0.000734202707297465,0.0030935322865843773,0.026999399,0.05561953,0.9905397891998291,0.9546491503715515,0.019802426919341087,0.036750782281160355
1036,0.0006707252938543785,0.0030665311496704817,0.02543954,0.055376273,0.9916013479232788,0.9550449848175049,0.01866682432591915,0.036068134009838104
1037,0.0006691939051961526,0.0031211015302687883,0.025746293,0.055866823,0.9913975596427917,0.9542450308799744,0.019471973180770874,0.03628114238381386
1038,0.0007091436557609334,0.0029769795946776867,0.026040507,0.0545617,0.9911998510360718,0.9563578367233276,0.019520921632647514,0.03660726174712181
1039,0.0006800469610342672,0.0030272556468844414,0.025663853,0.055020504,0.9914525747299194,0.9556207656860352,0.019376181066036224,0.03668249770998955
1040,0.0009502661705482751,0.002991623943671584,0.02758644,0.05469574,0.990123987197876,0.9561431407928467,0.019893286749720573,0.036021120846271515
1041,0.0009751088033557277,0.0033546886406838894,0.030736279,0.057919674,0.9877399206161499,0.9508206248283386,0.02210458554327488,0.03825923055410385
1042,0.0009206088216160424,0.0032893491443246603,0.029861614,0.05735285,0.9884277582168579,0.9517785310745239,0.021526280790567398,0.03694213926792145
1043,0.0007518577741310847,0.0031241311226040125,0.02737431,0.055893928,0.9902752637863159,0.9542005658149719,0.02018734999001026,0.03648136183619499
1044,0.0007412994977626527,0.0030814490746706724,0.026523639,0.0555108,0.9908702969551086,0.954826295375824,0.0197075717151165,0.03571222350001335
1045,0.0007212097149352882,0.0031525357626378536,0.02636249,0.056147445,0.990980863571167,0.953784167766571,0.019935602322220802,0.03645823523402214
1046,0.0007231700332009826,0.0031817255076020956,0.026126742,0.05640679,0.9911414384841919,0.9533562660217285,0.019363489001989365,0.03619905933737755
1047,0.0007977806976255538,0.0030916049145162106,0.027432833,0.055602204,0.9902336597442627,0.954677402973175,0.020219871774315834,0.036570701748132706
1048,0.001004552738529376,0.003030597697943449,0.027977658,0.055050865,0.989841878414154,0.9555717706680298,0.019735220819711685,0.03683933988213539
1049,0.0010959447972709313,0.003495818004012108,0.032827273,0.059125446,0.9860150218009949,0.94875168800354,0.023587578907608986,0.03779085725545883
1050,0.0008931906750976024,0.003456695703789592,0.029581286,0.05879367,0.988644003868103,0.9493252038955688,0.02126074954867363,0.038515716791152954
1051,0.0008273561953418804,0.0030391912441700697,0.026766222,0.05512886,0.9907025098800659,0.9554458260536194,0.01989293470978737,0.036918606609106064
1052,0.0009228796731225553,0.003170210402458906,0.028578522,0.056304622,0.9894008636474609,0.9535250663757324,0.021349821239709854,0.03777368366718292
1053,0.0007761042057113214,0.00305021065287292,0.02750884,0.055228714,0.9901794791221619,0.9552842378616333,0.020123407244682312,0.03667241334915161
1054,0.0008692505871294998,0.0034189634025096893,0.027888095,0.058471903,0.9899067878723145,0.9498783946037292,0.020471427589654922,0.038337040692567825
1055,0.0007845855308749543,0.0033992407843470573,0.027921697,0.05830301,0.9898824691772461,0.9501675367355347,0.020737554877996445,0.037812840193510056
1056,0.00071212959962643,0.0033084817696362734,0.026036328,0.057519402,0.9912026524543762,0.9514980316162109,0.019212286919355392,0.03640015050768852
1057,0.0006570973465303806,0.0031461999751627445,0.025148876,0.056091,0.9917921423912048,0.9538770914077759,0.018805155530571938,0.03567539528012276
1058,0.0007188357776612975,0.0030203366186469793,0.026236866,0.05495759,0.9910666346549988,0.9557222127914429,0.01928333193063736,0.035688646137714386
1059,0.0006223357003446753,0.003211831673979759,0.024804179,0.056673024,0.9920156002044678,0.9529148936271667,0.018524745479226112,0.0371878556907177
1060,0.000617332497892097,0.003337040776386857,0.024414929,0.057767127,0.9922642707824707,0.9510793685913086,0.018550878390669823,0.0371580608189106
1061,0.0006962174745488235,0.0031674085184931755,0.025034484,0.056279738,0.9918666481971741,0.9535661339759827,0.018588297069072723,0.03682050108909607
1062,0.0008245935836880976,0.0031208908185362816,0.027967203,0.055864938,0.9898494482040405,0.9542480707168579,0.020361367613077164,0.03692502900958061
1063,0.001801194523233624,0.0032044576946645975,0.030790532,0.056607936,0.9876965880393982,0.9530230164527893,0.01926543191075325,0.037611015141010284
1064,0.001200561983172189,0.003137775929644704,0.034515377,0.056015857,0.9845397472381592,0.9540005922317505,0.02420422062277794,0.03661360591650009
1065,0.0007537483675564131,0.003218919038772583,0.026707271,0.056735523,0.9907433986663818,0.9528110027313232,0.01991984248161316,0.037070903927087784
1066,0.0007099174624520608,0.0031491455156356096,0.026520325,0.056117244,0.9908725619316101,0.9538338780403137,0.019712207838892937,0.03712686151266098
1067,0.0006708664097294042,0.003232449060305953,0.02567054,0.05685463,0.9914481043815613,0.9526126384735107,0.019365493208169937,0.03699590638279915
1068,0.0007022523184952496,0.003418439533561468,0.026061615,0.058467425,0.9911856055259705,0.9498860836029053,0.019147632643580437,0.037750087678432465
1069,0.0006545613637585616,0.0031801590230315924,0.024993336,0.0563929,0.9918934106826782,0.953379213809967,0.018709609284996986,0.03639650344848633
1070,0.0006204990852645344,0.0032080209348350763,0.02476034,0.056639396,0.9920438528060913,0.9529708027839661,0.018766125664114952,0.036637548357248306
1071,0.0006896426123355261,0.0030030817724764347,0.025861727,0.05480038,0.9913202524185181,0.9559751749038696,0.019070180132985115,0.03536048159003258
1072,0.0005891825309266675,0.003166853217408061,0.023911197,0.0562748,0.9925801753997803,0.9535742998123169,0.01831812411546707,0.03594868630170822
1073,0.0007754928817369298,0.003294334514066577,0.027062481,0.057396293,0.9904955625534058,0.9517054557800293,0.019610997289419174,0.03713313117623329
1074,0.0008552849268942902,0.0032148524187505245,0.027880091,0.05669967,0.9899125695228577,0.9528706073760986,0.01960962824523449,0.03834651783108711
1075,0.0010658003236378797,0.0034720597323030233,0.032011934,0.058924187,0.9867011308670044,0.9491000175476074,0.022273683920502663,0.040029607713222504
1076,0.0009366916492581367,0.002965776715427637,0.030615829,0.054458942,0.9878358244895935,0.9565220475196838,0.021587351337075233,0.03660013899207115
1077,0.0006917338826249099,0.003535212716087699,0.026170243,0.059457656,0.9911119341850281,0.9481741786003113,0.01926998235285282,0.03719479590654373
1078,0.0006030729623903012,0.0033620065078139305,0.024360862,0.057982814,0.9922984838485718,0.9507133960723877,0.01801490969955921,0.037380196154117584
1079,0.0007455738748169758,0.0030724492389708757,0.026278762,0.055429682,0.9910380840301514,0.9549582600593567,0.019303150475025177,0.0367472767829895
1080,0.0007856784709888002,0.003271712688729167,0.02790724,0.057198886,0.9898929595947266,0.9520370960235596,0.02040483057498932,0.037163782864809036
1081,0.0007702631959215399,0.0031817681156098843,0.027734147,0.056407165,0.9900179505348206,0.9533556699752808,0.019916487857699394,0.036474913358688354
1082,0.0008874514189136045,0.0031649144366383553,0.02833277,0.056257572,0.989582359790802,0.9536027312278748,0.020369213074445724,0.03735016658902168
1083,0.0007172222229366361,0.0032333857379853725,0.026457544,0.05686287,0.9909157156944275,0.9525989294052124,0.01912260614335537,0.03696597367525101
1084,0.0006130438381329772,0.0033532106317579746,0.024664767,0.05790691,0.9921051263809204,0.9508423209190369,0.01839882880449295,0.03784218430519104
1085,0.0006712261654849334,0.003183793742209673,0.025719885,0.056425117,0.9914152026176453,0.9533259272575378,0.01893804408609867,0.036397866904735565
1086,0.0006473363682744093,0.003266157815232873,0.024910806,0.05715031,0.991946816444397,0.9521185159683228,0.018732436001300812,0.03691641241312027
1087,0.0006461074716009369,0.0030422040726989508,0.025369145,0.05515618,0.9916477799415588,0.9554016590118408,0.019022194668650627,0.03560315817594528
1088,0.0007569394524166869,0.0031512004788964987,0.026458776,0.056135554,0.9909148812294006,0.9538037776947021,0.019022926688194275,0.03670252859592438
1089,0.0007611025351004421,0.0030363379046320915,0.026455045,0.055102974,0.990917444229126,0.9554876089096069,0.019514216110110283,0.036248546093702316
1090,0.000796477682094767,0.0030338638462126255,0.02804067,0.05508052,0.9897960424423218,0.9555239081382751,0.01977517455816269,0.03586490452289581
1091,0.0006851769715219482,0.002998973010107875,0.026092509,0.054762878,0.9911646842956543,0.9560353755950928,0.019036831334233284,0.0356428362429142
1092,0.0008233151800761169,0.003076357301324606,0.026255503,0.05546492,0.9910539388656616,0.9549009799957275,0.019104965031147003,0.03600610792636871
1093,0.0008944749259337021,0.003031719010323286,0.02805386,0.05506105,0.9897864460945129,0.9555553197860718,0.020204542204737663,0.035408444702625275
1094,0.0012633534735703672,0.003687758930027485,0.035461266,0.060726922,0.983680784702301,0.9459378719329834,0.02483736164867878,0.038979630917310715
1095,0.0008532153984891589,0.003344609634950757,0.02903389,0.057832602,0.9890604019165039,0.9509683847427368,0.021188702434301376,0.03807605803012848
1096,0.0008472062499177727,0.003245580242946744,0.028956514,0.056969993,0.9891186356544495,0.952420175075531,0.021065374836325645,0.036871060729026794
1097,0.0009035609307995236,0.003123281989246607,0.028158883,0.05588633,0.9897098541259766,0.95421302318573,0.020318247377872467,0.03699382767081261
1098,0.0007441081192651341,0.0031948359683156013,0.026868736,0.05652288,0.9906311631202698,0.9531640410423279,0.01991215907037258,0.03689023479819298
1099,0.0007340214956043797,0.003293323563411832,0.026488474,0.05738749,0.9908944964408875,0.9517202377319336,0.01928388513624668,0.038745470345020294
1100,0.0008716135747487318,0.003247212851420045,0.028893748,0.05698432,0.989165723323822,0.9523962140083313,0.020932147279381752,0.0380265936255455
1101,0.0007386488968305374,0.0032123327255249023,0.026341487,0.056677446,0.9909952282905579,0.9529075622558594,0.01916966401040554,0.036771416664123535
1102,0.0007149424683038061,0.0030818411614745855,0.026528522,0.055514332,0.9908668994903564,0.9548205733299255,0.019777707755565643,0.03651893511414528
1103,0.0008726323384590531,0.002905425848439336,0.026705662,0.053902004,0.9907445311546326,0.957406759262085,0.019151996821165085,0.03554913029074669
1104,0.0007273385530094278,0.0031056322623044252,0.026582172,0.0557282,0.9908299446105957,0.9544717669487,0.019513146951794624,0.03617770969867706
1105,0.0006697481611891734,0.003059601644054055,0.025363075,0.055313665,0.9916517734527588,0.9551466107368469,0.01865958236157894,0.036712709814310074
1106,0.0006784502270007083,0.0028916457667946815,0.025289893,0.05377403,0.9916998744010925,0.9576088190078735,0.018823962658643723,0.03540096804499626
1107,0.0006260214821932922,0.003192204050719738,0.024961423,0.056499597,0.9919140934944153,0.9532026648521423,0.0185565035790205,0.03678588196635246
1108,0.0006790208472838541,0.002953010145574808,0.025126487,0.054341607,0.9918068051338196,0.9567092061042786,0.0188310444355011,0.03572124242782593
1109,0.0006874597139275548,0.0030594239942729473,0.026198814,0.055312064,0.9910925030708313,0.9551491737365723,0.019103560596704483,0.03597215563058853
1110,0.0006276971524295567,0.003205979708582163,0.024668554,0.056621373,0.9921026825904846,0.9530007243156433,0.01825813576579094,0.03701038286089897
1111,0.000715779345641336,0.0032833816949278116,0.025299812,0.0573008,0.991693377494812,0.9518659710884094,0.018959159031510353,0.03755638003349304
1112,0.0006370446069261313,0.003288472071290016,0.025040736,0.0573452,0.9918625950813293,0.9517914056777954,0.018581479787826538,0.03688932955265045
1113,0.0006602508874493651,0.003017621813341975,0.025402475,0.05493289,0.9916257858276367,0.9557620286941528,0.01887572556734085,0.03557080030441284
1114,0.0007202119952787391,0.0030340906232595444,0.026464382,0.05508258,0.9909110069274902,0.9555205702781677,0.01925978809595108,0.03558434918522835
1115,0.001135825706693471,0.0031125943642109632,0.028404377,0.05579063,0.9895296096801758,0.9543697237968445,0.019926831126213074,0.03711753711104393
1116,0.0012482230456291952,0.0032986090518534184,0.03528995,0.05743352,0.9838380813598633,0.9516427516937256,0.024185003712773323,0.037050023674964905
1117,0.0006899014889230867,0.0032351254485547543,0.025918992,0.056878164,0.9912818074226379,0.9525734186172485,0.019258342683315277,0.03643706440925598
1118,0.0007324988764594309,0.0031425722409039736,0.02604929,0.05605865,0.9911938905715942,0.9539302587509155,0.018924321979284286,0.036521922796964645
1119,0.0010057229155790992,0.003387724282220006,0.02887223,0.05820416,0.9891818761825562,0.9503363370895386,0.020480100065469742,0.03714166209101677
1120,0.000795427336759696,0.0031530626583844423,0.02811738,0.05615214,0.9897401332855225,0.953776478767395,0.02114223688840866,0.036967117339372635
1121,0.0007296934266130186,0.0031496051233261824,0.025700342,0.056121342,0.9914282560348511,0.9538271427154541,0.018967818468809128,0.0363449901342392
1122,0.0008042962382949719,0.003118501277640462,0.026100792,0.055843543,0.9911590814590454,0.9542831182479858,0.019014645367860794,0.036499712616205215
1123,0.000802236949146556,0.003221320454031229,0.028156528,0.05675668,0.989711582660675,0.9527758359909058,0.02041437104344368,0.036341965198516846
1124,0.0006815203073942525,0.0032227919436991215,0.025439497,0.05676964,0.9916013479232788,0.9527542591094971,0.018756434321403503,0.036988530308008194
1125,0.0006792425007337112,0.0032779111061245203,0.025180127,0.057253048,0.9917717576026917,0.9519461989402771,0.018682600930333138,0.03789321705698967
1126,0.0006868592807388103,0.003240955527871847,0.025840648,0.05692939,0.9913344383239746,0.9524879455566406,0.018723418936133385,0.037518687546253204
1127,0.0007522169239977798,0.003234684932976961,0.026065344,0.05687429,0.9911830425262451,0.952579915523529,0.019190669059753418,0.0370151624083519
1128,0.0006697160411435602,0.0030556346755474806,0.024981642,0.055277795,0.9919009804725647,0.9552047252655029,0.018897397443652153,0.03574912250041962
1129,0.000654035903359975,0.003204093314707279,0.025601603,0.056604713,0.9914939999580383,0.9530283808708191,0.018706630915403366,0.03667241334915161
1130,0.0007064897958612578,0.003043022472411394,0.025163867,0.055163603,0.9917823672294617,0.9553896188735962,0.018435528501868248,0.03650011867284775
1131,0.000976570268076929,0.0032023037783801556,0.030989885,0.0565889,0.9875367283821106,0.9530546069145203,0.020981598645448685,0.03671988472342491
1132,0.0006944983192211525,0.00315230805426836,0.026159877,0.05614542,0.9911189675331116,0.9537875056266785,0.018999749794602394,0.03680521994829178
1133,0.0009532756005434997,0.0036137267015874386,0.029248625,0.06011428,0.988897979259491,0.9470231533050537,0.019884318113327026,0.03832842782139778
1134,0.0008556703204786489,0.003022192744538188,0.028169071,0.05497447,0.9897024035453796,0.9556950330734253,0.02013365551829338,0.035881407558918
1135,0.0008460490802959116,0.003107080003246665,0.027663441,0.05574119,0.9900687336921692,0.9544505476951599,0.02016204036772251,0.03705935552716255
1136,0.0008041578601643613,0.00326981907710433,0.028428538,0.057182334,0.9895117878913879,0.9520648121833801,0.02081882581114769,0.037369053810834885
1137,0.000624707073835783,0.0031048431992530823,0.024615534,0.05572112,0.9921365976333618,0.9544833302497864,0.018259156495332718,0.03660625219345093
1138,0.0007236958494600417,0.003301914781332016,0.026331931,0.057462294,0.9910017848014832,0.9515942931175232,0.018399575725197792,0.037139374762773514
1139,0.000978495759640778,0.0031410546507686377,0.030643769,0.05604511,0.9878135919570923,0.9539524912834167,0.020724233239889145,0.036883678287267685
1140,0.0008750695004974576,0.0032120358664542437,0.027484402,0.056674827,0.9901968836784363,0.952911913394928,0.01983129046857357,0.03688656538724899
1141,0.0008675243000404655,0.003115398809313774,0.028654322,0.055815756,0.9893445372581482,0.9543285965919495,0.021663717925548553,0.036534782499074936
1142,0.0012691387799515558,0.003297369461506605,0.02985052,0.057422724,0.9884363412857056,0.9516609311103821,0.020381063222885132,0.0375220850110054
1143,0.0010818181081876073,0.0035441655199974775,0.03295533,0.0595329,0.9859057068824768,0.9480429291725159,0.02406061813235283,0.0376230850815773
1144,0.0008533607588932765,0.0032114109490066767,0.029189901,0.056669313,0.9889425039291382,0.9529210925102234,0.02088329754769802,0.03701790049672127
1145,0.0007035091865955936,0.003092164406552911,0.026509888,0.055607233,0.9908797144889832,0.9546692371368408,0.01956898905336857,0.037094470113515854
1146,0.0006563883534082296,0.003150900360196829,0.024749303,0.05613288,0.9920508861541748,0.9538081884384155,0.018435414880514145,0.03679567947983742
1147,0.0007374035981642505,0.0029585070442408323,0.025565822,0.054392163,0.9915177822113037,0.9566286206245422,0.018951483070850372,0.035704877227544785
1148,0.0006657262095938098,0.003121108515188098,0.025749287,0.055866882,0.9913955926895142,0.9542449116706848,0.018724584951996803,0.036253392696380615
1149,0.0006459309065989642,0.0032318930607289076,0.025226314,0.05684974,0.9917415380477905,0.952620804309845,0.018829062581062317,0.03801531717181206
1150,0.0006937785358538597,0.0028901465702801943,0.025595719,0.053760085,0.9914979338645935,0.9576307535171509,0.01821792684495449,0.03475302457809448
1151,0.0010861850618808107,0.003303850768133998,0.03062606,0.057479132,0.9878276586532593,0.9515659213066101,0.021983182057738304,0.03726525604724884
1152,0.0011121409056200223,0.0033182771876454353,0.032742478,0.057604488,0.9860872030258179,0.951354444026947,0.021876100450754166,0.037676893174648285
1153,0.0008569364369825714,0.0030703372322022915,0.029028801,0.055410627,0.9890642166137695,0.9549891948699951,0.02119002677500248,0.03687198460102081
1154,0.0007321601382996464,0.0033761218655854464,0.026397418,0.058104403,0.9909569621086121,0.9505064487457275,0.01942579261958599,0.03766687959432602
1155,0.0007583814202172852,0.003383778501302004,0.026117826,0.05817025,0.991147518157959,0.9503942131996155,0.019382696598768234,0.03725675120949745
1156,0.0016043378187036565,0.003678907174617052,0.039554667,0.060653996,0.979695737361908,0.9460676312446594,0.024454979225993156,0.040183424949645996
1157,0.0008284404492852362,0.0033474566880613565,0.028250767,0.057857208,0.9896425604820251,0.950926661491394,0.020880427211523056,0.038765668869018555
1158,0.0010375180407374335,0.0032373694702982903,0.030933376,0.05689789,0.9875821471214294,0.9525405168533325,0.02209254540503025,0.0370635986328125
1159,0.0009238709449577568,0.003348587779328227,0.028642792,0.057866983,0.9893531203269958,0.9509100914001465,0.020988009870052338,0.03749432414770126
1160,0.0008809854943220588,0.003189064795151353,0.029193198,0.056471806,0.9889400005340576,0.9532486796379089,0.021005017682909966,0.03701338171958923
1161,0.0007718187586182136,0.003080538706853986,0.02665477,0.055502597,0.9907797574996948,0.9548396468162537,0.019541166722774506,0.036062244325876236
1162,0.0007562556136029095,0.003319501644000411,0.026710367,0.057615116,0.9907412528991699,0.9513365030288696,0.01954718492925167,0.037224557250738144
1163,0.0008881119230698624,0.003214141121134162,0.028528826,0.056693397,0.9894376993179321,0.9528810381889343,0.020256122574210167,0.0368940494954586
1164,0.0010770889652617784,0.0031412902753800154,0.028409995,0.056047216,0.9895254969596863,0.9539490342140198,0.020133528858423233,0.036963701248168945
1165,0.0014057486795619216,0.0033622398041188717,0.03765193,0.057984825,0.9816021919250488,0.9507099390029907,0.023677153512835503,0.038431473076343536
1166,0.0009474120008896782,0.00332855898886919,0.030499844,0.057693664,0.9879277944564819,0.9512037038803101,0.02127143181860447,0.038117002695798874
1167,0.0007808326309631494,0.0030483067966997623,0.027212692,0.055211477,0.9903897643089294,0.955312192440033,0.0199207104742527,0.03698662668466568
1168,0.0007552786767271093,0.003239952027797699,0.027357105,0.056920577,0.9902874827384949,0.9525026679039001,0.020206432789564133,0.037496622651815414
1169,0.0008799873242175884,0.003055175533518195,0.026763063,0.055273645,0.9907047152519226,0.9552114605903625,0.019110701978206635,0.036238327622413635
1170,0.001039988627202216,0.0029850611463189125,0.02960795,0.054635715,0.9886234998703003,0.9562393426895142,0.021005718037486076,0.035633333027362823
1171,0.0007552643662413836,0.00284897955134511,0.027293812,0.053375836,0.9903323650360107,0.9582343101501465,0.01990874856710434,0.03538985550403595
1172,0.0007618889827757481,0.003225479507818818,0.02707368,0.056793302,0.9904876947402954,0.9527148604393005,0.02010948583483696,0.03667106106877327
1173,0.0006446670635010709,0.0031826088670641184,0.024960779,0.056414615,0.9919145107269287,0.9533433318138123,0.018649155274033546,0.036943309009075165
1174,0.001506175949047743,0.0032106356229633093,0.028501118,0.056662474,0.9894582033157349,0.9529324769973755,0.018557164818048477,0.03687768802046776
1175,0.0014876765251921659,0.0032854739110916853,0.038126476,0.057319056,0.9811355471611023,0.9518353343009949,0.026180807501077652,0.03742944821715355
1176,0.0008148086020479572,0.003027084283530712,0.028050404,0.055018947,0.9897889494895935,0.9556232690811157,0.02077075093984604,0.036672335118055344
1177,0.0007604167311166583,0.0031240186654031277,0.026607506,0.055892922,0.9908124804496765,0.9542022347450256,0.01984316296875477,0.03627952188253403
1178,0.0007249989159225316,0.002947945147752762,0.026741363,0.05429498,0.9907197952270508,0.9567834734916687,0.019880644977092743,0.03643576055765152
1179,0.0007125133951459164,0.003063651267439127,0.025939904,0.055350263,0.991267740726471,0.9550872445106506,0.019179319962859154,0.03588196262717247
1180,0.000658541166392917,0.002998570678755641,0.024707014,0.054759208,0.9920780658721924,0.9560412764549255,0.01866522617638111,0.03573017194867134
1181,0.0007200587239243429,0.003213213523849845,0.026155585,0.056685213,0.9911218881607056,0.9528946876525879,0.019326001405715942,0.036739531904459
1182,0.0006706490338811735,0.0031265660654753447,0.025291417,0.055915706,0.9916988611221313,0.9541649222373962,0.019090766087174416,0.035524267703294754
1183,0.0008218728517848914,0.0031253460329025984,0.025419023,0.0559048,0.9916148781776428,0.9541828036308289,0.018314218148589134,0.03698400780558586
1184,0.0007898093145658178,0.0030333136674016714,0.026680859,0.05507553,0.9907616972923279,0.9555319547653198,0.01972506009042263,0.035988613963127136
1185,0.0007631762822380882,0.003264695405960083,0.02696341,0.057137515,0.9905650019645691,0.9521399140357971,0.020196223631501198,0.03696874901652336
1186,0.0007089346922426062,0.0031577094923704863,0.025612496,0.0561935,0.9914867281913757,0.9537083506584167,0.018791992217302322,0.03572025150060654
1187,0.0006597233686162243,0.003140769898891449,0.0246427,0.05604257,0.9921192526817322,0.953956663608551,0.018266141414642334,0.03618244454264641
1188,0.0006239060530788265,0.003061264753341675,0.024349805,0.055328697,0.9923054575920105,0.9551222324371338,0.018182089552283287,0.03523141145706177
1189,0.0006131999848135324,0.0031222370453178883,0.02473056,0.055876978,0.9920629262924194,0.9542283415794373,0.01838834583759308,0.03605722263455391
1190,0.0006434095782672309,0.0031042657792568207,0.02430347,0.055715937,0.9923347234725952,0.9544918537139893,0.017942288890480995,0.03614154830574989
1191,0.0011826312680072574,0.0031760355923324823,0.028305348,0.056356326,0.9896025061607361,0.9534397125244141,0.01903241127729416,0.03648054227232933
1192,0.000891251042379405,0.003198522375896573,0.029798308,0.056555483,0.9884767532348633,0.9531100392341614,0.020707907155156136,0.03686423599720001
1193,0.0006283267079693774,0.0032344157807528973,0.024865441,0.056871925,0.9919761419296265,0.9525838494300842,0.018041322007775307,0.036121781915426254
1194,0.0006285595048790459,0.0030903099104762077,0.02440868,0.055590555,0.9922682046890259,0.9546964168548584,0.01773655414581299,0.03559406101703644
1195,0.0006663827801028012,0.0029844187665730715,0.024562566,0.054629836,0.9921703934669495,0.9562487602233887,0.018052250146865845,0.035550136119127274
1196,0.0005720434412730604,0.0029416384641081095,0.02362202,0.05423687,0.992758572101593,0.9568759202957153,0.017533671110868454,0.03597305342555046
1197,0.0005508550814490511,0.0030134685803204775,0.023368206,0.05489507,0.9929133057594299,0.9558228850364685,0.017150724306702614,0.03548232093453407
1198,0.0006178696097446267,0.0030035662930458784,0.024023212,0.0548048,0.9925104975700378,0.9559680819511414,0.017565615475177765,0.035401150584220886
1199,0.000645608446079264,0.0030581289902329445,0.025090491,0.05530035,0.9918302297592163,0.9551681876182556,0.01840856857597828,0.03556571900844574
1200,0.0006265254897615788,0.002993798814713955,0.02446658,0.05471562,0.9922314882278442,0.9561112523078918,0.017650799825787544,0.03561629727482796
1201,0.0005734162577110427,0.002907037967815995,0.023613974,0.053916954,0.9927634596824646,0.9573831558227539,0.01735173724591732,0.035382505506277084
1202,0.0007851091180451807,0.0029221256263554096,0.027348561,0.054056693,0.990293562412262,0.9571619629859924,0.018772361800074577,0.03481259569525719
1203,0.0006657316361352886,0.0030696329195052385,0.025891231,0.05540427,0.9913004636764526,0.9549995064735413,0.019527794793248177,0.035739149898290634
1204,0.0005251466883981431,0.002893446944653988,0.0226683,0.05379077,0.9933314919471741,0.957582414150238,0.016968514770269394,0.03484266623854637
1205,0.0005927683622840876,0.0029948242008686066,0.024229417,0.054724984,0.9923813939094543,0.9560962319374084,0.017752835527062416,0.03593694791197777
1206,0.0005848161414509046,0.0031168144196271896,0.024086168,0.05582844,0.9924711585044861,0.9543078541755676,0.017770564183592796,0.035506535321474075
1207,0.0005088076663510451,0.002862530993297696,0.022346713,0.053502627,0.9935193657875061,0.9580356478691101,0.016912974417209625,0.03475241735577583
1208,0.0005357507794873196,0.0029983429703861475,0.023228629,0.05475713,0.9929977655410767,0.956044614315033,0.01760435290634632,0.03514346852898598
1209,0.0005807622586541005,0.003252833615988493,0.023122113,0.05703362,0.9930617809295654,0.9523138403892517,0.01732809469103813,0.0365612618625164
1210,0.0005650215237189761,0.0029145702719688416,0.023434477,0.05398676,0.9928730726242065,0.9572727084159851,0.017847158014774323,0.03570999577641487
1211,0.0006690133093136617,0.002982493257150054,0.024873467,0.05461221,0.991970956325531,0.9562770128250122,0.018605658784508705,0.03646848723292351
1212,0.0007157083501541903,0.003208576235920191,0.025104294,0.056644294,0.9918212294578552,0.9529626369476318,0.018443187698721886,0.0372440367937088
1213,0.0008602990836317821,0.0031640673987567425,0.028930223,0.056250043,0.9891383647918701,0.953615128993988,0.021200129762291908,0.03699576482176781
1214,0.0006879528307101943,0.0031666976865381002,0.025924677,0.05627342,0.9912779331207275,0.9535765647888184,0.019256042316555977,0.036180052906274796
1215,0.0005919352777048268,0.003068546997383237,0.024117146,0.05539447,0.9924517869949341,0.9550154209136963,0.017949769273400307,0.036387309432029724
1216,0.0006933871680468491,0.0029940339736640453,0.024740849,0.054717768,0.9920563697814941,0.9561077952384949,0.01816589944064617,0.03626273572444916
1217,0.0009466045832430774,0.003300224430859089,0.030207474,0.057447582,0.988158106803894,0.9516190886497498,0.02033628150820732,0.036912716925144196
1218,0.0007624292199827985,0.003111048135906458,0.027117427,0.05577677,0.9904569387435913,0.9543923735618591,0.01952490396797657,0.036484524607658386
1219,0.0008067265682091767,0.003016774309799075,0.027945738,0.05492517,0.9898650050163269,0.9557744264602661,0.019084390252828598,0.03642195835709572
1220,0.0006337885742223906,0.003171931952238083,0.024566684,0.056319904,0.9921677708625793,0.9534998536109924,0.018381984904408455,0.03686990216374397
1221,0.0006744287701704624,0.0031100986525416374,0.025286943,0.055768255,0.9917017817497253,0.9544063210487366,0.01831069588661194,0.03592708334326744
1222,0.0005476862451442602,0.002951347269117832,0.022819098,0.054326307,0.9932424426078796,0.9567335844039917,0.017074551433324814,0.035086847841739655
1223,0.0005248571231442673,0.002925430191680789,0.022782398,0.054087248,0.9932641983032227,0.95711350440979,0.01709361933171749,0.03544595465064049
1224,0.0005985241296002641,0.0030403751879930496,0.023654481,0.055139594,0.992738664150238,0.9554284811019897,0.01705964095890522,0.036521878093481064
1225,0.0006233569292817265,0.0030923516023904085,0.024325898,0.055608917,0.9923205971717834,0.9546664953231812,0.01803869940340519,0.0357266366481781
1226,0.0008798850903986022,0.003157519968226552,0.026786394,0.056191813,0.9906885027885437,0.9537110924720764,0.01875491812825203,0.03679736703634262
1227,0.0009626724349800497,0.003120146691799164,0.03096668,0.055858273,0.9875553846359253,0.9542589783668518,0.021144980564713478,0.036760300397872925
1228,0.0006260228031103245,0.0030358245130628347,0.024484795,0.055098318,0.9922199249267578,0.9554951786994934,0.018024558201432228,0.035713016986846924
1229,0.0008327951965673657,0.0030617171432822943,0.028115219,0.055332784,0.9897417426109314,0.955115556716919,0.019572598859667778,0.036471184343099594
1230,0.0006692087415351787,0.0031119545456022024,0.025411837,0.055784892,0.9916196465492249,0.9543790817260742,0.018464308232069016,0.03624282032251358
1231,0.0005803384344537997,0.0031554673332720995,0.023905277,0.056173544,0.9925838708877563,0.953741192817688,0.01763257011771202,0.03711869940161705
1232,0.0005508750618901104,0.0032367869280278683,0.023362085,0.056892764,0.9929170608520508,0.9525490999221802,0.01774822548031807,0.037229157984256744
1233,0.0005337662005331367,0.0030834083445370197,0.022289714,0.055528447,0.9935523867607117,0.9547975659370422,0.016820311546325684,0.03602849319577217
1234,0.0007397937667767771,0.003044428303837776,0.024446871,0.05517634,0.9922440052032471,0.9553690552711487,0.01802683062851429,0.03604232519865036
1235,0.0008505617515766062,0.0032367403618991375,0.028673247,0.05689236,0.9893304705619812,0.9525497555732727,0.02112719602882862,0.03691553324460983
1236,0.0007309044369983233,0.00322118797339499,0.02654113,0.05675551,0.990858256816864,0.9527777433395386,0.019125603139400482,0.03771960362792015
1237,0.0006251348624408075,0.003046145662665367,0.02480988,0.0551919,0.9920119643211365,0.9553438425064087,0.018206095322966576,0.03712211921811104
1238,0.0005933407367344691,0.003033387241885066,0.023837736,0.055076193,0.9926257133483887,0.9555308818817139,0.017554523423314095,0.036505915224552155
1239,0.0006330409682546319,0.003207957372069359,0.02381486,0.056638833,0.9926398396492004,0.9529716968536377,0.017651228234171867,0.03652084991335869
1240,0.0006867487185941586,0.002961380872875452,0.02479036,0.05441857,0.9920245409011841,0.956586480140686,0.018089260905981064,0.035239625722169876
1241,0.0007501323333682111,0.0030375123023986816,0.027040305,0.055113632,0.9905111193656921,0.9554704427719116,0.018692055717110634,0.03555094450712204
1242,0.000617340554361528,0.0029229011852294207,0.024290869,0.05406386,0.9923426508903503,0.9571505784988403,0.017918050289154053,0.034930139780044556
1243,0.0006305102069745772,0.003240747842937708,0.02392291,0.05692757,0.9925729036331177,0.9524909853935242,0.017707932740449905,0.03690634295344353
1244,0.0007358412053277293,0.0032232073135674,0.026463414,0.0567733,0.9909117221832275,0.9527481198310852,0.019217438995838165,0.03644651919603348
1245,0.0005067440519765528,0.003131354693323374,0.022557553,0.05595851,0.9933964610099792,0.9540947079658508,0.016917424276471138,0.03560490161180496
1246,0.0005802131589999507,0.002976540243253112,0.02380616,0.054557677,0.9926452040672302,0.9563642740249634,0.018027568235993385,0.03521617874503136
1247,0.0006054473487893119,0.002906467765569687,0.023645977,0.053911667,0.9927438497543335,0.9573915004730225,0.017477823421359062,0.03535224869847298
1248,0.0006840299062208611,0.003204293316230178,0.02444894,0.05660648,0.992242693901062,0.9530254006385803,0.01763547956943512,0.03708885982632637
1249,0.000691112964308228,0.0032316301949322224,0.026252411,0.056847427,0.9910560250282288,0.9526246786117554,0.019149111583828926,0.03672492131590843
1250,0.0007371570113305511,0.0033689350821077824,0.02698436,0.058042534,0.9905503392219543,0.9506117701530457,0.01973545365035534,0.0383114330470562
1251,0.0008650734446498311,0.0031142286024987698,0.025702655,0.055805273,0.9914267063140869,0.9543457627296448,0.018340719863772392,0.036497119814157486
1252,0.0010748561736280944,0.003354489104822278,0.032930072,0.057917953,0.9859273433685303,0.9508235454559326,0.022441716864705086,0.03870026767253876
1253,0.0007044907569334927,0.003269303124397993,0.026288154,0.05717782,0.9910316467285156,0.9520723819732666,0.0190046988427639,0.03669779747724533
1254,0.0006351819108451971,0.0031765680760145187,0.025018431,0.056361053,0.9918770790100098,0.9534318447113037,0.01831359975039959,0.03766389191150665
1255,0.0007444995624775237,0.0032009189017117023,0.025714312,0.056576665,0.9914189577102661,0.9530748724937439,0.01869018003344536,0.03750898316502571
1256,0.0006244512048645199,0.0032532280310988426,0.024732009,0.057037074,0.9920620322227478,0.9523080587387085,0.01832149177789688,0.03641281649470329
1257,0.0006181048328554342,0.0033193163108080626,0.024170615,0.057613507,0.9924182891845703,0.9513391852378845,0.017850741744041443,0.03710222616791725
1258,0.0007061515134410001,0.003161932108923793,0.025975507,0.05623106,0.9912437200546265,0.9536464214324951,0.019053230062127113,0.03637801110744476
1259,0.0008590798547216268,0.0031687398441135883,0.026853655,0.05629156,0.9906416535377502,0.9535466432571411,0.019320150837302208,0.037075188010931015
1260,0.0008318076381163502,0.0030760341323912144,0.028098175,0.055462006,0.9897541403770447,0.9549056887626648,0.02085469290614128,0.03605896234512329
1261,0.0006001093510845253,0.0031932208221405745,0.024373073,0.056508593,0.992290735244751,0.9531877636909485,0.018204940482974052,0.03625524416565895
1262,0.0005665959529737434,0.0030509342905133963,0.023448294,0.055235263,0.9928646683692932,0.9552736282348633,0.017531635239720345,0.03548607975244522
1263,0.0006292254706336694,0.0030759803485125303,0.024152644,0.055461526,0.9924295544624329,0.9549064636230469,0.017885755747556686,0.03530094027519226
1264,0.0005660575572454201,0.003022184129804373,0.023673847,0.054974396,0.992726743221283,0.9556951522827148,0.01780686154961586,0.03606736660003662
1265,0.0006318015710514209,0.0029430605936795473,0.024928361,0.05424998,0.9919354915618896,0.956855058670044,0.017697004601359367,0.035400815308094025
1266,0.0005725886512664147,0.002977050608024001,0.023499178,0.054562356,0.99283367395401,0.9563567638397217,0.017438331618905067,0.035507962107658386
1267,0.0007425037679654038,0.0031323274597525597,0.024086872,0.0559672,0.9924707412719727,0.9540804624557495,0.01769675500690937,0.03735482692718506
1268,0.0007650290320849639,0.0029838320333510637,0.026745321,0.054624464,0.9907170534133911,0.9562573432922363,0.019698310643434525,0.035895638167858124
1269,0.0005895838548894972,0.0029870481230318546,0.02402088,0.054653894,0.9925119280815125,0.956210196018219,0.0179648008197546,0.03567405417561531
1270,0.0006403696501034905,0.0031766470056027174,0.024576401,0.05636175,0.9921615719795227,0.953430712223053,0.018202900886535645,0.036869753152132034
1271,0.0006089556237301705,0.0028404206968843937,0.024169266,0.0532956,0.9924191236495972,0.9583597779273987,0.018198391422629356,0.034891046583652496
1272,0.0005628961754899302,0.0031866137869656086,0.023220653,0.056450102,0.9930025339126587,0.9532846212387085,0.01719876006245613,0.03701001778244972
1273,0.0005801364809899083,0.0030860844999551773,0.023980463,0.05555254,0.9925371408462524,0.95475834608078,0.017868703231215477,0.036542993038892746
1274,0.0006012541502555409,0.003017349634319544,0.023906976,0.05493041,0.9925827980041504,0.955765962600708,0.017965441569685936,0.03591713309288025
1275,0.0006249244986313649,0.003133427118882537,0.02495309,0.055977024,0.9919194579124451,0.9540643095970154,0.018113959580659866,0.035918012261390686
1276,0.0005848012363210066,0.0031517224851995707,0.024135925,0.056140203,0.9924400448799133,0.9537960886955261,0.01753896288573742,0.03633413091301918
1277,0.0006486593152989041,0.0031219942029565573,0.025011756,0.05587481,0.9918814301490784,0.9542319178581238,0.018787061795592308,0.03548466041684151
1278,0.0005468459143726664,0.0031553783919662237,0.023197744,0.056172755,0.9930163621902466,0.953742504119873,0.016829708591103554,0.036191102117300034
1279,0.0006321063986185684,0.0029772217385470867,0.024092333,0.054563925,0.9924673438072205,0.9563542604446411,0.017727041617035866,0.03510056436061859
1280,0.0005747694343550723,0.003071574494242668,0.023426669,0.05542179,0.9928778409957886,0.9549710750579834,0.0173952616751194,0.03590935096144676
1281,0.0005849160833432424,0.0030366338323801756,0.023927568,0.055105664,0.9925699830055237,0.9554833173751831,0.018102427944540977,0.035478588193655014
1282,0.000590190955501219,0.0029685727786272764,0.024290677,0.05448461,0.9923427700996399,0.9564810395240784,0.017805419862270355,0.03501148521900177
1283,0.0005247189745370468,0.003230776870623231,0.022664532,0.05683992,0.9933336973190308,0.9526371955871582,0.01706249639391899,0.03645670413970947
1284,0.00055261288798647,0.003082087030634284,0.023376063,0.05551655,0.9929085969924927,0.9548169374465942,0.017639730125665665,0.035719338804483414
1285,0.0005731132617008618,0.0032157106325030327,0.023522155,0.056707237,0.9928196668624878,0.952858030796051,0.017563313245773315,0.03580605983734131
1286,0.0005196621565449856,0.003161861328408122,0.022621892,0.05623043,0.9933587312698364,0.9536474943161011,0.016794703900814056,0.036041855812072754
1287,0.0005029588031571951,0.003149115014821291,0.021957187,0.056116976,0.9937433004379272,0.9538343548774719,0.01641545630991459,0.035500917583703995
1288,0.00047810626975578174,0.003245457075536251,0.021835715,0.056968912,0.9938123226165771,0.9524219632148743,0.01615745946764946,0.03684702515602112
1289,0.0005464485948323272,0.002953446237370372,0.022547701,0.05434562,0.9934022426605225,0.9567028284072876,0.016553813591599464,0.03551764413714409
1290,0.001006932178411675,0.0033613648265600204,0.024936149,0.057977278,0.9919304251670837,0.9507227540016174,0.016874978318810463,0.0382414236664772
1291,0.001606772698737173,0.0030603790655732155,0.039292205,0.055320695,0.9799643158912659,0.95513516664505,0.02585805021226406,0.03663300350308418
1292,0.0012811872604123148,0.0035126579459756613,0.035500985,0.05926768,0.9836441874504089,0.9485048055648804,0.023099882528185844,0.03807579725980759
1293,0.000944078405154869,0.003170797135680914,0.030547082,0.05630983,0.987890362739563,0.9535164833068848,0.021590786054730415,0.03632689267396927
1294,0.0007909777169433338,0.003331880085170269,0.025533462,0.05772244,0.9915392398834229,0.9511550068855286,0.018407320603728294,0.03689178451895714
1295,0.0006426934970394624,0.003574560396373272,0.024841039,0.05978763,0.9919918775558472,0.947597324848175,0.018555277958512306,0.0385269895195961
1296,0.0006474323322022842,0.0031095691956579685,0.025227575,0.055763513,0.9917407035827637,0.9544140696525574,0.018573300912976265,0.03558984026312828
1297,0.0006575559845342385,0.0032370993867516518,0.024765845,0.056895513,0.9920402765274048,0.9525445103645325,0.018221555277705193,0.03673702850937843
1298,0.0005791131109369665,0.003227554727345705,0.02346902,0.056811575,0.9928520321846008,0.9526844024658203,0.016989585012197495,0.03721875697374344
1299,0.0006293511561869474,0.00314527191221714,0.024926579,0.056082726,0.9919366240501404,0.9538906812667847,0.018211351707577705,0.03618676960468292
1300,0.00061818230725211,0.0029274122789502144,0.023306241,0.054105565,0.9929508566856384,0.9570844769477844,0.017257602885365486,0.03549022972583771
1301,0.0006472282052114183,0.0032108318991959095,0.02462662,0.056664202,0.9921295046806335,0.9529295563697815,0.017665846273303032,0.037676841020584106
1302,0.0005743718376668932,0.0032184659503400326,0.02371435,0.056731526,0.9927018284797668,0.9528176784515381,0.017689652740955353,0.03661439195275307
1303,0.0008021541857901452,0.003153050784021616,0.025195964,0.056152035,0.9917613863945007,0.9537766575813293,0.01827261410653591,0.036430034786462784
1304,0.0006738943748959256,0.003008228959515691,0.025490187,0.054847322,0.991567850112915,0.955899715423584,0.01912403479218483,0.036519695073366165
1305,0.0006098511505776762,0.0029980402905493975,0.02338753,0.054754365,0.992901623249054,0.9560490846633911,0.017149468883872032,0.03524310141801834
1306,0.000986778061567086,0.003323270007967949,0.02665362,0.05764781,0.9907805919647217,0.9512812495231628,0.018634699285030365,0.0376705601811409
1307,0.0013351051159340634,0.0031869292724877596,0.03552776,0.056452893,0.9836195111274719,0.953279972076416,0.02454991452395916,0.03697394207119942
1308,0.0009799239461162042,0.0031891637481749058,0.029720167,0.05647268,0.9885371327400208,0.9532472491264343,0.021198876202106476,0.03678349778056145
1309,0.0007330082788195631,0.003143631387501955,0.02693494,0.056068096,0.9905849099159241,0.9539147019386292,0.01959039457142353,0.036553218960762024
1310,0.0006290935813343491,0.003093200968578458,0.024233874,0.055616554,0.9923785328865051,0.9546540379524231,0.018081016838550568,0.03633394092321396
1311,0.0006854929630538787,0.0030171016696840525,0.025205195,0.054928146,0.9917553663253784,0.9557696580886841,0.018420301377773285,0.036855585873126984
1312,0.0006009034755565649,0.0031537136528640985,0.024148319,0.056157935,0.9924322962760925,0.953766942024231,0.01816638745367527,0.036673471331596375
1313,0.0007991450951191258,0.003130105324089527,0.027978959,0.055947345,0.9898409247398376,0.9541130065917969,0.019519835710525513,0.0366286039352417
1314,0.0008803882043470036,0.003030897583812475,0.029307842,0.055053588,0.9888529777526855,0.9555673599243164,0.019369717687368393,0.03590216487646103
1315,0.0007292288276155225,0.00294597540050745,0.026797272,0.05427684,0.9906809329986572,0.95681232213974,0.019095418974757195,0.035443127155303955
1316,0.000599340521148406,0.0031255860812962055,0.024067763,0.05590694,0.9924826622009277,0.9541792869567871,0.017471201717853546,0.03628351166844368
1317,0.000552309550667732,0.0031665433198213577,0.022550669,0.05627205,0.993400514125824,0.9535788297653198,0.016568753868341446,0.037151824682950974
1318,0.0006745026760406538,0.003057236084714532,0.02572348,0.055292282,0.9914128184318542,0.9551812410354614,0.019207485020160675,0.03569117933511734
1319,0.0006015146387984383,0.003213858464732766,0.024490757,0.0566909,0.9922161102294922,0.9528852105140686,0.018008992075920105,0.0361236147582531
1320,0.0005549259744425813,0.0031375293619930744,0.023008203,0.056013655,0.9931300282478333,0.954004168510437,0.016835104674100876,0.03555796667933464
1321,0.0005699671151391653,0.0031693116761744022,0.023388658,0.05629664,0.9929009079933167,0.9535382390022278,0.017043646425008774,0.03607209399342537
1322,0.0005484359684156847,0.0029854357708245516,0.023175586,0.054639142,0.9930296540260315,0.9562338590621948,0.017402861267328262,0.03471893072128296
1323,0.0005056282236844047,0.003129006130620837,0.02224733,0.05593752,0.9935768842697144,0.9541290998458862,0.016427500173449516,0.03578135371208191
1324,0.0006616165932924064,0.003077601781114936,0.023419812,0.05547614,0.9928820133209229,0.9548826813697815,0.017323307693004608,0.03559461608529091
1325,0.0006935857573725199,0.00312211224809289,0.026231626,0.055875868,0.9910702109336853,0.9542301893234253,0.018736576661467552,0.03549816831946373
1326,0.0005711790231130594,0.003129655495285988,0.023554137,0.055943325,0.9928001165390015,0.9541196227073669,0.017588475719094276,0.03535009175539017
1327,0.0005884751213174736,0.003011103952303529,0.02317748,0.05487353,0.9930285215377808,0.9558575749397278,0.017096346244215965,0.03529450297355652
1328,0.0007155420290390877,0.0029973015189170837,0.025577921,0.054747615,0.991509735584259,0.9560599327087402,0.01829362101852894,0.03495752811431885
1329,0.0008013088253474879,0.003242088481783867,0.026879279,0.05693934,0.9906238317489624,0.9524713754653931,0.018681438639760017,0.03649463132023811
1330,0.0006837714483315887,0.0034374792594462633,0.02611049,0.058630016,0.9911524653434753,0.9496069550514221,0.019178546965122223,0.036819130182266235
1331,0.0005080325625551103,0.0031789152417331934,0.022334183,0.056381866,0.9935266375541687,0.9533974528312683,0.01662859134376049,0.036332231014966965
1332,0.0007687980624640742,0.003318116068840027,0.023711452,0.05760309,0.9927036166191101,0.9513567686080933,0.016714399680495262,0.03674827888607979
1333,0.0007278165053734979,0.0034485962241888046,0.026782421,0.058724754,0.9906912446022034,0.9494439363479614,0.019772527739405632,0.036935269832611084
1334,0.0005035549031824551,0.0030606212094426155,0.022177799,0.055322878,0.9936169385910034,0.9551316499710083,0.01675538718700409,0.03578640893101692
1335,0.0005198726777796929,0.003000878728926182,0.02183879,0.05478028,0.9938105940818787,0.9560074806213379,0.01632688008248806,0.03568031266331673
1336,0.0005472432778994764,0.0029502357356250286,0.022612412,0.054316074,0.9933643341064453,0.9567498564720154,0.017088845372200012,0.03586002439260483
1337,0.0005900954526044767,0.003093286883085966,0.023611972,0.055617325,0.9927647113800049,0.9546527862548828,0.017383314669132233,0.03570976480841637
1338,0.0005607753337244503,0.003215441480278969,0.022534894,0.056704864,0.9934097528457642,0.952862024307251,0.016836971044540405,0.03689505159854889
1339,0.0007154690005832394,0.0033099856227636337,0.024470117,0.057532478,0.9922292232513428,0.951475977897644,0.018113097175955772,0.03672819957137108
1340,0.000536348168018528,0.0032034304458647966,0.02267594,0.056598857,0.9933269619941711,0.9530380964279175,0.016860634088516235,0.036203645169734955
1341,0.0005640968308646486,0.002996418159455061,0.02291109,0.05473955,0.9931878447532654,0.9560728669166565,0.01708061434328556,0.0357125923037529
1342,0.0006000102399742569,0.003094601212069392,0.023782415,0.05562914,0.992659866809845,0.9546334743499756,0.01744447648525238,0.0349203459918499
1343,0.0007205413712654263,0.002932577393949032,0.026624696,0.054153275,0.9908005595207214,0.9570087790489197,0.019232776015996933,0.03556011617183685
1344,0.0006185916916530749,0.0031343090813606977,0.023832535,0.0559849,0.9926289319992065,0.9540513753890991,0.017419839277863503,0.03598868474364281
1345,0.0007282693021062931,0.0032203311566263437,0.02436406,0.05674796,0.9922964572906494,0.9527903199195862,0.017840998247265816,0.036284469068050385
1346,0.000904608576092869,0.003210538998246193,0.027486894,0.056661617,0.990195095539093,0.9529338479042053,0.019514961168169975,0.03795797377824783
1347,0.000916282186649782,0.003474348457530141,0.030128589,0.0589436,0.9882199168205261,0.9490664601325989,0.022295834496617317,0.03758501634001732
1348,0.0006969208942874419,0.002948450855910778,0.025169097,0.05429964,0.9917789697647095,0.9567760229110718,0.018694303929805756,0.03483772277832031
1349,0.0007160406060971912,0.0030751267913728952,0.02574338,0.055453826,0.9913995265960693,0.9549189805984497,0.019018184393644333,0.03583040088415146
1350,0.0013577519209568643,0.0030565429478883743,0.02888212,0.05528601,0.989174485206604,0.955191433429718,0.01873522438108921,0.03603460267186165
1351,0.0015390873946175402,0.0039251986891031265,0.0384152,0.0626514,0.9808487296104431,0.9424570202827454,0.025686107575893402,0.04045167937874794
1352,0.0009580337778474627,0.003439485328271985,0.03065879,0.058647126,0.9878016710281372,0.9495775103569031,0.022065937519073486,0.03818770870566368
1353,0.0007621369288906201,0.003264880971983075,0.026590927,0.05713914,0.9908239245414734,0.9521372318267822,0.019643520936369896,0.03755628690123558
1354,0.0007372923461265269,0.003110395045951009,0.026643815,0.055770915,0.9907873868942261,0.954401969909668,0.01972646266222,0.036654211580753326
1355,0.0006978219594615935,0.003013246227055788,0.025824426,0.054893043,0.9913452863693237,0.9558261632919312,0.018810123205184937,0.03503786772489548
1356,0.0006697630821938881,0.003227999433875084,0.025901126,0.056815486,0.9912937879562378,0.9526779055595398,0.019126299768686295,0.03711962327361107
1357,0.0006726794163114391,0.0032627510372549295,0.02468015,0.057120495,0.9920952916145325,0.9521684646606445,0.017901403829455376,0.03675011917948723
1358,0.0006189155789219182,0.0031362511217594147,0.024380272,0.05600224,0.992286205291748,0.9540229439735413,0.017969150096178055,0.037321481853723526
1359,0.000664930338230492,0.003163692308589816,0.024209827,0.05624671,0.9923936724662781,0.9536206126213074,0.017825689166784286,0.037113796919584274
1360,0.0007778829551005566,0.0030910985078662634,0.027016995,0.05559765,0.9905275106430054,0.954684853553772,0.019255662336945534,0.03615394979715347
1361,0.0007051273364182139,0.0032407112885266542,0.025338152,0.05692725,0.991668164730072,0.9524915218353271,0.01829409971833229,0.03643157705664635
1362,0.000700088664333717,0.003225739346817136,0.025807783,0.056795593,0.9913564324378967,0.9527110457420349,0.019346537068486214,0.037449415773153305
1363,0.0006352388677028516,0.0030042475555092096,0.024678847,0.054811016,0.9920961260795593,0.9559580683708191,0.01832703687250614,0.03560272604227066
1364,0.0005430619057733566,0.003054231870919466,0.023188824,0.055265106,0.9930217266082764,0.9552252888679504,0.017183268442749977,0.034969523549079895
1365,0.0004947353805949784,0.003130041528493166,0.021830373,0.055946775,0.9938153624534607,0.9541139602661133,0.01628294214606285,0.03590554744005203
1366,0.0008756261568950405,0.0030438557732850313,0.02445744,0.05517115,0.9922372698783875,0.9553773999214172,0.017183491960167885,0.035290688276290894
1367,0.0009483958439721556,0.0033879198599606752,0.030661289,0.05820584,0.9877996444702148,0.9503334760665894,0.021424926817417145,0.03637581691145897
1368,0.0008648317796707323,0.0031868419609963894,0.027069688,0.05645212,0.9904904961585999,0.9532812833786011,0.018806802108883858,0.036523062735795975
1369,0.0007025146511626768,0.0031192798633128405,0.026126245,0.055850513,0.9911417961120605,0.9542717337608337,0.019147252663969994,0.0362924188375473
1370,0.0007852193368969231,0.0029364421498030424,0.026230656,0.05418895,0.9910708665847778,0.9569520950317383,0.01819823496043682,0.03591412305831909
1371,0.0006360865266866643,0.0031768728513270617,0.024587143,0.056363754,0.9921547174453735,0.9534274339675903,0.018366394564509392,0.037524908781051636
1372,0.0005957563771517016,0.002947559580206871,0.024174234,0.05429143,0.9924160242080688,0.9567891359329224,0.01788898929953575,0.03591473028063774
1373,0.0005818454909868623,0.002838609041646123,0.0236465,0.0532786,0.9927435517311096,0.9583863019943237,0.01756235957145691,0.0349922776222229
1374,0.0005812243748964233,0.0030417360831052065,0.023444502,0.055151936,0.9928669929504395,0.95540851354599,0.017533332109451294,0.03565533459186554
1375,0.0005409322521617552,0.0029375366866588593,0.022886306,0.054199047,0.9932026267051697,0.9569360613822937,0.016567636281251907,0.035287998616695404
1376,0.0005378850149678659,0.003091610036790371,0.023120103,0.05560225,0.9930630326271057,0.9546773433685303,0.016761617735028267,0.036615077406167984
1377,0.0004989380507719364,0.0029677150305360556,0.022143055,0.054476738,0.993636965751648,0.956493616104126,0.016578851267695427,0.035487063229084015
1378,0.0004987049793602306,0.003130377270281315,0.022332495,0.055949774,0.9935275912284851,0.9541090130805969,0.01641884259879589,0.035586535930633545
1379,0.0005534387204203416,0.0031154081225395203,0.022627594,0.055815842,0.993355393409729,0.9543284773826599,0.016983330249786377,0.03612644597887993
1380,0.0005694103697764645,0.0032188764307647943,0.02275911,0.056735147,0.9932779669761658,0.9528116583824158,0.016886766999959946,0.03625207394361496
1381,0.0008371405095782724,0.0033077853731811047,0.025004374,0.057513352,0.9918861985206604,0.9515082240104675,0.017766332253813744,0.038098469376564026
1382,0.0007144091346576301,0.003134022932499647,0.026258007,0.055982348,0.9910522103309631,0.9540555477142334,0.019421596080064774,0.03664184734225273
1383,0.0006452233772671951,0.003120387438684702,0.024240002,0.05586043,0.9923747181892395,0.9542554616928101,0.017879843711853027,0.0356421023607254
1384,0.0007148082745102743,0.0032804636284708977,0.02539686,0.05727533,0.9916294813156128,0.9519087672233582,0.017839057371020317,0.037210579961538315
1385,0.0011978815931467,0.0032097301445901394,0.028093623,0.056654483,0.9897574782371521,0.9529457092285156,0.01899481751024723,0.03715365752577782
1386,0.0011576728356885724,0.0029672752134501934,0.033338614,0.0544727,0.9855759739875793,0.9565000534057617,0.021635880693793297,0.03596401959657669
1387,0.0007545030550152825,0.002917651552706957,0.02604384,0.05401529,0.9911975860595703,0.9572275876998901,0.01865966245532036,0.03559119999408722
1388,0.0007012336579712362,0.0031737328972667456,0.02548088,0.056335893,0.9915740489959717,0.9534734487533569,0.01852305606007576,0.03684955835342407
1389,0.0005597136643535288,0.0030552688986063004,0.023344407,0.055274487,0.9929277896881104,0.9552100896835327,0.017354534938931465,0.03507184237241745
1390,0.0005668911967818117,0.0031278077512979507,0.023659179,0.05592681,0.992735743522644,0.954146683216095,0.017307469621300697,0.03601262718439102
1391,0.0006104371171783317,0.0030529391951858997,0.024240207,0.05525341,0.99237459897995,0.955244243144989,0.017981592565774918,0.035981979221105576
1392,0.0005477190266405655,0.0028904839418828487,0.022920467,0.05376322,0.9931823015213013,0.9576258659362793,0.016878517344594002,0.034979429095983505
1393,0.0005458967848839661,0.002984472783282399,0.023028778,0.054630328,0.9931176900863647,0.9562479853630066,0.016954487189650536,0.03551670163869858
1394,0.0005870332401669161,0.003052730578929186,0.023324082,0.05525152,0.9929400682449341,0.9552473425865173,0.0174617487937212,0.034795280545949936
1395,0.0005640730656027285,0.003064641961827874,0.022875275,0.05535921,0.993209183216095,0.9550727009773254,0.01703658699989319,0.035749442875385284
1396,0.0005281971845595928,0.003217109711840749,0.022782074,0.05671957,0.993264377117157,0.9528375267982483,0.01695306785404682,0.036949098110198975
1397,0.0008757916948525235,0.003023666562512517,0.02476269,0.054987878,0.9920423030853271,0.9556733965873718,0.01732158660888672,0.035734083503484726
1398,0.0009750693815559233,0.0032492615282535553,0.031149015,0.05700229,0.987408459186554,0.9523661732673645,0.02142639458179474,0.03781839460134506
1399,0.0006192708877444437,0.0029864374082535505,0.024495682,0.05464831,0.9922130107879639,0.9562191963195801,0.017885062843561172,0.03560344874858856
1400,0.0005942566567682661,0.0030601266771554947,0.024248108,0.055318415,0.9923695921897888,0.9551388621330261,0.017689216881990433,0.035658493638038635
1401,0.0005495735405764373,0.003000380704179406,0.023112992,0.05477573,0.9930672645568848,0.9560147523880005,0.016835303977131844,0.035350944846868515
1402,0.0005589702923316509,0.003124390495941043,0.02326839,0.05589625,0.9929737448692322,0.9541968107223511,0.01689795032143593,0.03535766154527664
1403,0.0005701101247475228,0.0028617989737540483,0.022567542,0.053495783,0.9933906197547913,0.9580463767051697,0.01642933301627636,0.034918978810310364
1404,0.0005454597981456159,0.003151517827063799,0.022591786,0.05613838,0.9933764338493347,0.9537991285324097,0.01684090867638588,0.035768646746873856
1405,0.0007775289863771336,0.0032421774230897427,0.023476126,0.05694012,0.992847740650177,0.952470064163208,0.016393177211284637,0.03667046129703522
1406,0.0010216012034850958,0.003191174939274788,0.03136618,0.056490485,0.9872322678565979,0.9532177448272705,0.02069162018597126,0.03725128620862961
1407,0.0006469998631721617,0.0034087011590600014,0.02379397,0.058384083,0.9926527738571167,0.9500288367271423,0.017722414806485176,0.03753967583179474
1408,0.000579279541852884,0.003088531317189336,0.023622267,0.055574555,0.9927583932876587,0.9547224640846252,0.0176205076277256,0.0356440432369709
1409,0.0006155368391773663,0.0030204933136701584,0.023232162,0.054959018,0.9929956197738647,0.9557198882102966,0.01694849506020546,0.03592432662844658
1410,0.0005536520210708576,0.003011315129697323,0.023160612,0.054875452,0.9930387139320374,0.9558544754981995,0.017495736479759216,0.03557604178786278
1411,0.0005374550759866411,0.003147201146930456,0.022685273,0.056099918,0.9933214783668518,0.9538623690605164,0.016914980486035347,0.03607110679149628
1412,0.0005233532296684148,0.0032792517449706793,0.02277981,0.057264753,0.993265688419342,0.9519265294075012,0.01703115738928318,0.03704733029007912
1413,0.0004685116946347989,0.003021394833922386,0.021287384,0.054967213,0.9941192269325256,0.9557067155838013,0.016132870689034462,0.035133156925439835
1414,0.0004887085762509906,0.0030041495338082314,0.021619678,0.05481012,0.993934154510498,0.9559594988822937,0.016210446134209633,0.03526095300912857
1415,0.0005637660122540018,0.0030609937384724617,0.023142934,0.05532625,0.9930493235588074,0.955126166343689,0.017005611211061478,0.034559473395347595
1416,0.000540981532222676,0.003143733600154519,0.022518223,0.05606901,0.9934194684028625,0.9539132118225098,0.016602667048573494,0.03528757765889168
1417,0.0004969866706894456,0.0031551336869597435,0.021836068,0.05617058,0.9938121438026428,0.9537460803985596,0.01628778502345085,0.0368388332426548
1418,0.000544846966063646,0.003085124772042036,0.023291694,0.0555439,0.9929596781730652,0.954772412776947,0.01724509336054325,0.0359465666115284
1419,0.0004737610347960568,0.0030619872268289328,0.021271884,0.055335227,0.9941277503967285,0.9551116228103638,0.015781022608280182,0.035701364278793335
1420,0.0004982398545094343,0.0030892477370798588,0.021827266,0.055581003,0.993817150592804,0.9547119736671448,0.016332747414708138,0.035916123539209366
1421,0.0009349368324778466,0.0035244282335042953,0.025129616,0.059366897,0.9918047189712524,0.9483323097229004,0.017461709678173065,0.03807210549712181
1422,0.0008069092073128559,0.0033071194775402546,0.028156616,0.057507563,0.9897115230560303,0.9515179991722107,0.0208427831530571,0.037206243723630905
1423,0.0005591722233062187,0.0031290773767977953,0.023525106,0.05593816,0.9928178787231445,0.954128086566925,0.01744946464896202,0.035680871456861496
1424,0.0004954465968529058,0.00314262043684721,0.02205378,0.05605908,0.99368816614151,0.9539295434951782,0.016309944912791252,0.035912126302719116
1425,0.000652937269809296,0.003181078005582094,0.023119247,0.056401044,0.9930635094642639,0.9533657431602478,0.016729770228266716,0.03727087005972862
1426,0.0006584032989022406,0.002976941177621484,0.025403436,0.05456135,0.991625189781189,0.9563583731651306,0.018524715676903725,0.03611906245350838
1427,0.0007018477878194641,0.0032307973597198725,0.023645883,0.056840107,0.9927439093589783,0.9526368975639343,0.01757555454969406,0.03574960306286812
1428,0.0006414878900448622,0.0030951283406466246,0.025214743,0.055633876,0.991749107837677,0.9546257853507996,0.018521375954151154,0.03587291017174721
1429,0.0009128055178073489,0.003562505356967449,0.030219194,0.059686728,0.9881489276885986,0.9477740526199341,0.019721005111932755,0.03987027704715729
1430,0.0006678826539427973,0.0030854702927172184,0.025542637,0.05554701,0.9915331602096558,0.9547673463821411,0.018746446818113327,0.03553244099020958
1431,0.0006343830001159487,0.0031162553932517767,0.023458907,0.05582343,0.9928582310676575,0.9543160796165466,0.016937322914600372,0.0356641560792923
1432,0.0005283367235361683,0.0030164429917931557,0.02264966,0.054922156,0.9933424592018127,0.9557793140411377,0.017099741846323013,0.0350257083773613
1433,0.0005237272833421065,0.003005106933414936,0.021464476,0.054818857,0.994020938873291,0.9559454917907715,0.015876231715083122,0.0354495570063591
1434,0.0007066073554927822,0.0032588248141109943,0.026032291,0.057086118,0.9912053942680359,0.9522259831428528,0.01849801279604435,0.03686155006289482
1435,0.0005690343413417312,0.0030266272369772196,0.022666397,0.05501479,0.9933326244354248,0.9556300044059753,0.01642412133514881,0.03570771589875221
1436,0.0005658249845675363,0.002862482564523816,0.02294292,0.053502172,0.9931689500808716,0.9580363035202026,0.016809619963169098,0.03474285453557968
1437,0.0005745989487464117,0.0030281376093626022,0.023424318,0.055028517,0.9928792715072632,0.9556078314781189,0.01705767773091793,0.03653644397854805
1438,0.0005300879866726146,0.0029586032032966614,0.022559395,0.054393042,0.9933953881263733,0.9566271901130676,0.016559921205043793,0.03562851995229721
1439,0.0007377518076364967,0.00306383753195405,0.026953727,0.055351943,0.9905717968940735,0.955084502696991,0.01879306696355343,0.03609650209546089
1440,0.0005996317631797865,0.0029666416812688112,0.022991447,0.054466885,0.9931399822235107,0.9565093517303467,0.017058121040463448,0.03520332649350166
1441,0.0007826328179693188,0.003120847512036562,0.026011014,0.055864546,0.9912197589874268,0.9542487263679504,0.01871165819466114,0.036204032599925995
1442,0.0007095220898918342,0.003046852769330144,0.026103973,0.055198304,0.9911568760871887,0.9553334712982178,0.01906042918562889,0.03569752722978592
1443,0.000597055291026746,0.0031608473509550095,0.023830542,0.056221414,0.992630124092102,0.9536623358726501,0.01697487011551857,0.03643782064318657
1444,0.0005126164859658192,0.0028674514032900333,0.022197705,0.053548586,0.9936054944992065,0.9579634666442871,0.016555847600102425,0.03485006466507912
1445,0.0006118742749094963,0.003404689487069845,0.024227776,0.058349717,0.9923824071884155,0.9500876665115356,0.017333894968032837,0.03729969263076782
1446,0.0005794266570856879,0.003025410696864128,0.02382006,0.055003736,0.9926366209983826,0.9556478261947632,0.017612341791391373,0.036656007170677185
1447,0.0005249169705414467,0.0031225925777107477,0.022536524,0.05588016,0.9934087991714478,0.9542231559753418,0.016829315572977066,0.036178991198539734
1448,0.0005538235008399087,0.003028044244274497,0.022818314,0.05502767,0.9932429194450378,0.9556092023849487,0.016646699979901314,0.035413045436143875
1449,0.0007460594788426533,0.002946009859442711,0.023538914,0.05427716,0.9928094148635864,0.9568118453025818,0.016813477501273155,0.034993939101696014
1450,0.000681629913742654,0.003102057846263051,0.02513475,0.055696122,0.991801381111145,0.9545241594314575,0.018213564530014992,0.03596968203783035
1451,0.0004837749385677109,0.0030803382396698,0.021851199,0.055500794,0.9938035607337952,0.9548425674438477,0.016442839056253433,0.03532324358820915
1452,0.0005260681897528808,0.0029868781566619873,0.022670262,0.054652337,0.9933303594589233,0.9562126994132996,0.01669163815677166,0.035394322127103806
1453,0.0004887759456654418,0.002920926082879305,0.021794377,0.05404559,0.9938357472419739,0.9571795463562012,0.01644698902964592,0.03520029038190842
1454,0.0006023007689774121,0.0030304542742669582,0.02359695,0.055049565,0.9927738904953003,0.9555738568305969,0.016842717304825783,0.03468829393386841
1455,0.00048474547392371193,0.0030685346573591232,0.021902578,0.05539436,0.9937744140625,0.9550155997276306,0.01625182293355465,0.035676561295986176
1456,0.0005146028567899273,0.00276436866261065,0.022509566,0.052577265,0.9934245347976685,0.9594746828079224,0.016910530626773834,0.0348193533718586
1457,0.000482903744506819,0.003052062587812543,0.021611597,0.055245478,0.993938684463501,0.9552571177482605,0.01605186238884926,0.0359639897942543
1458,0.0005041646330606785,0.0030271245632320642,0.022123724,0.05501931,0.9936480522155762,0.955622673034668,0.01643834449350834,0.035170186311006546
1459,0.0005288293627514081,0.003022957593202591,0.021919841,0.054981433,0.9937645792961121,0.9556837677955627,0.016182849183678627,0.03515096753835678
1460,0.0005487269078333735,0.002946568187326193,0.021609548,0.0542823,0.9939398765563965,0.9568036794662476,0.01573357731103897,0.03484322130680084
1461,0.0005150939376273362,0.002915695309638977,0.022370143,0.053997178,0.9935057759284973,0.9572562575340271,0.016733968630433083,0.03501134738326073
1462,0.0005200527785663409,0.0030416427180171013,0.021311453,0.05515109,0.994105875492096,0.9554098844528198,0.015636183321475983,0.03641270846128464
1463,0.0005935924934667789,0.0031960061751306057,0.02402792,0.056533232,0.9925075769424438,0.9531469345092773,0.018314190208911896,0.03724370151758194
1464,0.0005093359200559048,0.0029499458614736795,0.022483807,0.054313403,0.9934396147727966,0.9567541480064392,0.016595296561717987,0.035550832748413086
1465,0.000490413354286416,0.0031077235471457243,0.021322967,0.055746958,0.9940995573997498,0.9544411301612854,0.016058554872870445,0.03591923415660858
1466,0.000473778234498406,0.0031721850391477346,0.021650057,0.056322157,0.9939171075820923,0.9534960985183716,0.016129251569509506,0.03675149008631706
1467,0.000674544442683162,0.003177470760419965,0.022481242,0.05636906,0.993441104888916,0.9534186124801636,0.016330735757946968,0.036559369415044785
1468,0.0013278422365229662,0.003149702213704586,0.036137603,0.056122206,0.9830523133277893,0.9538257122039795,0.022047223523259163,0.03629915043711662
1469,0.0006079110290474174,0.003201316576451063,0.024263157,0.056580175,0.9923601150512695,0.9530690908432007,0.017701638862490654,0.03697184473276138
1470,0.0005471652290328744,0.003264911472797394,0.02290834,0.057139404,0.9931895136833191,0.952136754989624,0.016870008781552315,0.036665476858615875
1471,0.0004926092918718826,0.0032066390849649906,0.021783145,0.056627195,0.9938421249389648,0.9529910087585449,0.016277430579066277,0.03608647361397743
1472,0.0005451941198605874,0.0032031466253101826,0.022888303,0.05659635,0.9932014346122742,0.953042209148407,0.016752533614635468,0.03587540611624718
1473,0.0005087154250676659,0.003048755694180727,0.02231834,0.055215538,0.9935358166694641,0.9553055763244629,0.016765274107456207,0.035275910049676895
1474,0.0005134529234386388,0.003201295854523778,0.022537274,0.056579996,0.9934083223342896,0.9530693888664246,0.016593260690569878,0.037021659314632416
1475,0.0004984923752172934,0.003162012668326497,0.021307247,0.056231778,0.9941082000732422,0.9536452293395996,0.01582648605108261,0.036942195147275925
1476,0.0005093290879317051,0.0032625552266836166,0.022051012,0.05711878,0.9936897158622742,0.9521713256835938,0.016452237963676453,0.03676391765475273
1477,0.0004634416307619011,0.0030953348614275455,0.021140687,0.055635735,0.9941999912261963,0.954622745513916,0.015461117029190063,0.03516097366809845
1478,0.0004915471624620047,0.003278395626693964,0.022142874,0.057257272,0.9936370253562927,0.9519391059875488,0.016748927533626556,0.03725475072860718
1479,0.0004897749783016149,0.0028910308610647917,0.02159536,0.053768307,0.9939478039741516,0.9576178193092346,0.016009800136089325,0.03495386242866516
1480,0.0005331333006986163,0.003046499565243721,0.021713497,0.055195104,0.9938814043998718,0.9553386569023132,0.01601254940032959,0.03497884050011635
1481,0.0005022706718591508,0.003119606990367174,0.022268528,0.05585344,0.9935646057128906,0.9542669057846069,0.016788745298981667,0.03583984076976776
1482,0.0005059291748197707,0.002962498925626278,0.021425843,0.054428846,0.9940424561500549,0.9565700888633728,0.01585633121430874,0.035358451306819916
1483,0.0005244394117405384,0.0030651951674371958,0.022679828,0.055364206,0.9933246970176697,0.955064594745636,0.017114821821451187,0.03543764725327492
1484,0.000421307746199256,0.0031070918776094913,0.02029008,0.055741295,0.9946573376655579,0.9544503688812256,0.015298121608793736,0.03621054068207741
1485,0.000501889525780412,0.002880813553929329,0.022189708,0.05367321,0.9936100840568542,0.9577676057815552,0.016348298639059067,0.034923627972602844
1486,0.0006047163108384914,0.0031186467967927456,0.024515843,0.055844843,0.9922001957893372,0.9542809724807739,0.016976535320281982,0.03604705631732941
1487,0.0005264381113440984,0.0031633374746888876,0.022267265,0.056243554,0.9935653209686279,0.9536258578300476,0.01656675525009632,0.03587246313691139
1488,0.0004895882719376294,0.002912467112764716,0.021721601,0.05396728,0.9938768744468689,0.9573035836219788,0.0162645410746336,0.03480340540409088
1489,0.0004095456897630356,0.003059650305658579,0.020000117,0.055314105,0.9948089122772217,0.9551458954811096,0.015132258646190166,0.03607020899653435
1490,0.00047060851118823683,0.0031817909330129623,0.021629322,0.056407366,0.9939287900924683,0.9533553123474121,0.015958433970808983,0.03599156066775322
1491,0.0004908381041869606,0.003068038495257497,0.02143671,0.055389877,0.9940364360809326,0.955022931098938,0.015719367191195488,0.0357649028301239
1492,0.0006119491795702329,0.0030608868692070246,0.021523844,0.055325285,0.9939878582954407,0.9551277160644531,0.015644006431102753,0.036044199019670486
1493,0.000780751240116925,0.002921029692515731,0.027861847,0.05404655,0.9899258017539978,0.9571780562400818,0.019130486994981766,0.03492249548435211
1494,0.0005363631578141146,0.002994840731844306,0.022961587,0.05472514,0.9931578040122986,0.9560959935188293,0.017046429216861725,0.03607125207781792
1495,0.0004686217957483181,0.0030892009381204844,0.021240968,0.05558058,0.9941447973251343,0.9547126889228821,0.01590350642800331,0.035987455397844315
1496,0.0006334990374108946,0.003089543431997299,0.023105307,0.055583663,0.9930719137191772,0.9547076225280762,0.016438322141766548,0.03592547029256821
1497,0.0005094874564251354,0.003129662247374654,0.022253374,0.055943385,0.9935733675956726,0.9541195034980774,0.016196561977267265,0.03581548109650612
1498,0.00046634205467522736,0.0030350531451404095,0.021570452,0.055091318,0.993961751461029,0.955506443977356,0.016042299568653107,0.03577881306409836
1499,0.0005070818118507635,0.003032899694517255,0.021233197,0.05507177,0.9941490888595581,0.9555380344390869,0.015682363882660866,0.03550656512379646
1500,0.0005137274016636762,0.00293712317943573,0.022213748,0.054195233,0.9935962557792664,0.956942081451416,0.0162846427410841,0.034949298948049545
1501,0.0004958807873084548,0.0029528173618018627,0.02219491,0.054339834,0.9936071038246155,0.956712007522583,0.016323095187544823,0.03491109982132912
1502,0.0004510242810779759,0.003080280963331461,0.0210394,0.05550028,0.9942554235458374,0.9548434019088745,0.015586376190185547,0.03524034842848778
1503,0.00046635582376356154,0.003138572210446,0.021075433,0.05602296,0.9942357540130615,0.9539889097213745,0.015873489901423454,0.03653832897543907
1504,0.0005409257702756969,0.0030749430879950523,0.022939136,0.05545217,0.993171215057373,0.9549216628074646,0.016796335577964783,0.035524882376194
1505,0.0004831339452225207,0.0028430146630853415,0.021629922,0.05331993,0.9939284324645996,0.958321750164032,0.01601170375943184,0.0346166267991066
1506,0.0005167153818051288,0.002831059508025646,0.021542965,0.053207703,0.9939771294593811,0.9584969878196716,0.01609307900071144,0.03487684205174446
1507,0.0006949286408516028,0.003116087755188346,0.025306331,0.05582193,0.9916890859603882,0.9543185234069824,0.017925338819622993,0.03573984280228615
1508,0.0006826766779836776,0.003051871433854103,0.024272984,0.05524375,0.9923539161682129,0.9552599191665649,0.01759474165737629,0.035729143768548965
1509,0.0006000835287109526,0.0032633619848638773,0.024345446,0.057125844,0.9923081994056702,0.9521594643592834,0.017692996188998222,0.037013690918684006
1510,0.0005501282860429703,0.0030005706939846277,0.022419466,0.054777462,0.9934771060943604,0.9560120105743408,0.016467589884996414,0.035546451807022095
1511,0.000650342735752929,0.0032174119260162115,0.023460474,0.056722235,0.9928572773933411,0.9528331160545349,0.017269978299736977,0.036873217672109604
1512,0.000678082834135487,0.0029958439990878105,0.026004512,0.054734305,0.9912241697311401,0.9560812711715698,0.018547991290688515,0.036331914365291595
1513,0.000723494233997454,0.0031163045205175877,0.023960266,0.055823874,0.9925496578216553,0.9543153047561646,0.017185233533382416,0.03633458912372589
1514,0.0011049339207767678,0.003352837637066841,0.031080903,0.057903692,0.9874634146690369,0.9508478045463562,0.020769545808434486,0.03730656951665878
1515,0.0008261369029324586,0.0031175254844129086,0.027423559,0.055834804,0.990240216255188,0.9542974233627319,0.0195174403488636,0.03591613098978996
1516,0.0006355096986887722,0.0030492187943309546,0.024182986,0.055219732,0.9924105405807495,0.9552987813949585,0.017925331369042397,0.03675400838255882
1517,0.0005878996499549513,0.003215156029909849,0.024027197,0.056702346,0.9925079941749573,0.9528661966323853,0.017608091235160828,0.036470677703619
1518,0.00047204019640709953,0.0029601764399558306,0.020912427,0.054407503,0.9943245649337769,0.9566041231155396,0.015604878775775433,0.03478716313838959
1519,0.00048790896140748043,0.0030374638736248016,0.021720465,0.05511319,0.9938774704933167,0.9554711580276489,0.016415847465395927,0.03540339693427086
1520,0.0004924851990918713,0.0030932018999010324,0.021783167,0.055616565,0.9938420653343201,0.9546540379524231,0.016352148726582527,0.036057617515325546
1521,0.0004892150440851269,0.0032551689073443413,0.021947768,0.05705409,0.993748664855957,0.9522795677185059,0.016430534422397614,0.03627141937613487
1522,0.0004830995292815549,0.003165759379044175,0.021874813,0.056265082,0.9937901496887207,0.9535903334617615,0.016120871528983116,0.03595216944813728
1523,0.00046673104820497843,0.0029714093543589115,0.02104026,0.054510634,0.9942549467086792,0.9564394950866699,0.01584230177104473,0.03530864045023918
1524,0.00047278282495839943,0.002875833073630929,0.0213112,0.05362679,0.9941060543060303,0.957840621471405,0.016147738322615623,0.03458200395107269
1525,0.0004401035786775703,0.0030162439215928316,0.020714095,0.05492034,0.9944316744804382,0.9557822346687317,0.0157513115555048,0.035067468881607056
1526,0.0005227080896888351,0.003245717380195856,0.022807473,0.056971196,0.9932493567466736,0.9524181485176086,0.016809407621622086,0.03647589683532715
1527,0.0005201056106174788,0.0030576216522604227,0.021768706,0.055295765,0.9938502907752991,0.9551756381988525,0.016123175621032715,0.035800766199827194
1528,0.00045721756826176056,0.003082424169406295,0.021280216,0.055519585,0.9941231608390808,0.9548119902610779,0.016031865030527115,0.03568600118160248
1529,0.0005336732759711925,0.002783935982733965,0.022180831,0.05276302,0.9936152100563049,0.9591878056526184,0.01626983843743801,0.03424115851521492
1530,0.0007961135462127542,0.0031903611961752176,0.028211266,0.056483284,0.989671528339386,0.9532296657562256,0.01985407993197441,0.03636900708079338
1531,0.0007954519956415011,0.0030226369854062796,0.026609888,0.054978512,0.9908108115196228,0.9556884765625,0.01839226670563221,0.036193929612636566
1532,0.0007852123433787546,0.002932822098955512,0.027522694,0.054155536,0.9901695847511292,0.9570051431655884,0.019996277987957,0.03557667136192322
1533,0.0005426794146346351,0.0030876800883561373,0.023091841,0.055566896,0.9930799603462219,0.9547349810600281,0.016951043158769608,0.03597983345389366
1534,0.0004902577496647031,0.0029435146134346724,0.021895885,0.054254167,0.9937781691551208,0.9568483829498291,0.0163903646171093,0.03562489524483681
1535,0.0004728740347094241,0.0028815038967877626,0.021492908,0.053679645,0.9940050840377808,0.9577574729919434,0.01613154076039791,0.03459940105676651
1536,0.0004355554053538733,0.0029514217749238014,0.020633359,0.054326992,0.9944750070571899,0.9567325115203857,0.015422859229147434,0.03517526760697365
1537,0.00048396725667936897,0.0030736527405679226,0.021204296,0.055440534,0.9941650032997131,0.9549406170845032,0.01575116254389286,0.03565123677253723
1538,0.0006236728321792642,0.003259803168475628,0.02473872,0.05709469,0.9920576810836792,0.9522116780281067,0.01743936352431774,0.03742025047540665
1539,0.0005370475912720642,0.003124128095805645,0.022932608,0.0558939,0.9931750893592834,0.9542006254196167,0.016728270798921585,0.03647645562887192
1540,0.0005830347293919079,0.0029891415033489466,0.022302318,0.054673042,0.9935450553894043,0.9561794996261597,0.01631760783493519,0.035196542739868164
1541,0.0005953458907738836,0.0030527233611792326,0.023953717,0.055251457,0.9925537705421448,0.9552474021911621,0.017509700730443,0.03627221658825874
1542,0.000524034831455951,0.003037618473172188,0.02284544,0.055114597,0.9932268857955933,0.9554688334465027,0.016648007556796074,0.035239823162555695
1543,0.0010010152254835702,0.002935760887339711,0.023888346,0.05418266,0.9925943613052368,0.9569621086120605,0.015739651396870613,0.034829091280698776
1544,0.0006725760421514595,0.003026200458407402,0.024714487,0.05501091,0.9920732378959656,0.9556362628936768,0.01788421906530857,0.03638897091150284
1545,0.001576229558850173,0.003491699229925871,0.039310534,0.0590906,0.9799456000328064,0.9488120675086975,0.026927350088953972,0.04031489044427872
1546,0.0010414756662529808,0.0033101735170930624,0.031138275,0.057534106,0.9874171018600464,0.9514732360839844,0.022022198885679245,0.037249572575092316
1547,0.000937214084842708,0.003150582779198885,0.029680181,0.05613005,0.9885679483413696,0.953812837600708,0.019963348284363747,0.037076789885759354
1548,0.0006633778129153969,0.0032239865977317095,0.02508811,0.05678016,0.9918317794799805,0.9527367353439331,0.01817951165139675,0.03584595397114754
1549,0.0006280555621329272,0.003127225674688816,0.024321252,0.0559216,0.9923235177993774,0.9541552066802979,0.017915256321430206,0.03527623042464256
1550,0.0005361348309882239,0.0032308201771229506,0.023069527,0.056840304,0.9930933117866516,0.9526365399360657,0.01734967902302742,0.03693957254290581
1551,0.0005260773746571927,0.0030851936899125576,0.02287619,0.05554452,0.9932085871696472,0.9547713994979858,0.017087291926145554,0.03643235191702843
1552,0.0005410703280093995,0.0029825179371982813,0.023095492,0.054612435,0.9930777549743652,0.9562766551971436,0.01716005615890026,0.035650476813316345
1553,0.0005659942636901343,0.0032323829364031553,0.023519699,0.056854047,0.9928211569786072,0.9526136517524719,0.01658301055431366,0.036759309470653534
1554,0.0011146472428332675,0.0031267639715224504,0.026084986,0.055917475,0.9911697506904602,0.9541620016098022,0.017192086204886436,0.036360614001750946
1555,0.0010996674344906669,0.003152556251734495,0.030253442,0.05614763,0.9881220459938049,0.9537838697433472,0.021043622866272926,0.0362359955906868
1556,0.0008289204508235508,0.0029853153973817825,0.028698407,0.054638043,0.9893117547035217,0.9562355875968933,0.02020902931690216,0.03606937825679779
1557,0.0005460929109672593,0.0030569848604500294,0.023164442,0.055290006,0.9930363893508911,0.9551849365234375,0.017439469695091248,0.03543197736144066
1558,0.0006519021725663068,0.0031155410688370466,0.024145959,0.05581703,0.9924337863922119,0.9543265104293823,0.017142919823527336,0.036802079528570175
1559,0.0006456264438218733,0.003136708401143551,0.023290927,0.056006327,0.9929601550102234,0.9540162086486816,0.01699821464717388,0.03685138374567032
1560,0.0008688241935239851,0.0033275235909968615,0.02615057,0.05768469,0.9911252856254578,0.9512189030647278,0.018640626221895218,0.036647338420152664
1561,0.0007913075400706889,0.0031851769890636206,0.0273209,0.056437373,0.9903131723403931,0.9533056616783142,0.019661424681544304,0.03608578443527222
1562,0.0005816224729642272,0.0031139955390244722,0.023642024,0.055803187,0.9927462935447693,0.954349160194397,0.017563510686159134,0.03581422194838524
1563,0.0005733237783054144,0.003231164999306202,0.023047268,0.056843337,0.9931066632270813,0.9526314735412598,0.016627425327897072,0.036699194461107254
1564,0.0007354353583650663,0.0031407105270773172,0.02534827,0.05604204,0.9916614890098572,0.9539575576782227,0.018491249531507492,0.035478100180625916
1565,0.00064286236473973,0.0032302045729011297,0.025179606,0.056834888,0.9917721152305603,0.9526455402374268,0.01819196529686451,0.0367823988199234
1566,0.0004908265268154951,0.0030801519751548767,0.021816246,0.055499118,0.9938233494758606,0.9548453092575073,0.016378484666347504,0.035337552428245544
1567,0.0006944451590904712,0.0030996426939964294,0.023238346,0.055674434,0.9929918646812439,0.9545595645904541,0.016677647829055786,0.035380374640226364
1568,0.0006908131604590876,0.003159067826345563,0.02578069,0.056205582,0.9913745522499084,0.9536884427070618,0.018267877399921417,0.03632625937461853
1569,0.0006543946470959451,0.003254745854064822,0.025063511,0.057050385,0.991847813129425,0.9522857666015625,0.018433576449751854,0.0365215502679348
1570,0.0009314323582326655,0.0032681403681635857,0.02542888,0.05716765,0.9916083812713623,0.9520894289016724,0.01770954020321369,0.037012744694948196
1571,0.0008611426039186136,0.0033019923139363527,0.029445766,0.057462968,0.9887478351593018,0.9515931606292725,0.02097862958908081,0.03700992092490196
1572,0.0005358558595286344,0.0031517574097961187,0.023048516,0.056140512,0.9931058883666992,0.9537956118583679,0.01725902408361435,0.036575719714164734
1573,0.0004974530139324171,0.0031515187583863735,0.022210747,0.05613839,0.9935979843139648,0.9537990689277649,0.016754500567913055,0.035642512142658234
1574,0.0005101313588304699,0.00331149622797966,0.022168603,0.057545602,0.9936222434043884,0.9514538645744324,0.01656457968056202,0.03622068092226982
1575,0.0006334025125728327,0.0032966467551887035,0.0233818,0.05741643,0.9929050803184509,0.9516715407371521,0.016748039051890373,0.03682929649949074
1576,0.0006008186789007265,0.0033020502887666225,0.023832142,0.05746347,0.9926291704177856,0.9515923261642456,0.017331352457404137,0.03655901551246643
1577,0.002587400751177814,0.003669933183118701,0.04837935,0.060579974,0.9696253538131714,0.9461991786956787,0.03018508292734623,0.03982124477624893
1578,0.0013954528013445352,0.0034389453940093517,0.034069374,0.058642525,0.9849367141723633,0.9495854377746582,0.0229118000715971,0.038667719811201096
1579,0.0008860085098686712,0.0033507891930639744,0.029386383,0.057886004,0.988793134689331,0.9508777856826782,0.021143192425370216,0.0377177968621254
1580,0.000669841353638648,0.0031789157073944807,0.025543854,0.056381878,0.9915323257446289,0.9533974528312683,0.018898652866482735,0.03705872222781181
1581,0.0008468412018952553,0.0033704263623803854,0.027063148,0.058055375,0.9904950857162476,0.9505899548530579,0.01927877776324749,0.03901055455207825
1582,0.0007274438003977676,0.0034971325658261776,0.026630709,0.059136555,0.9907964468002319,0.9487324357032776,0.019083520397543907,0.039051104336977005
1583,0.0006586078320238316,0.0034518204629421234,0.025557714,0.058752194,0.9915231466293335,0.9493967294692993,0.018371256068348885,0.03817182779312134
1584,0.0005949228606451387,0.002999799093231559,0.024084453,0.054770425,0.992472231388092,0.9560232758522034,0.017660705372691154,0.03588634729385376
1585,0.0007209879272109406,0.0032599137630313635,0.026046509,0.057095658,0.991195797920227,0.952210009098053,0.01879587583243847,0.037025950849056244
1586,0.000654369229530196,0.003114341525360942,0.024694836,0.055806287,0.992085874080658,0.9543440937995911,0.017948709428310394,0.036409296095371246
1587,0.000621982123200062,0.003053426742553711,0.024175301,0.05525782,0.9924153685569763,0.955237090587616,0.017619768157601357,0.03559738025069237
1588,0.0006236347405568019,0.0033014139626175165,0.024438236,0.057457935,0.9922494888305664,0.9516016244888306,0.017418203875422478,0.037291139364242554
1589,0.0005965876182678833,0.0033783498220145702,0.022860719,0.058123574,0.9932177662849426,0.9504737854003906,0.016575060784816742,0.03695553541183472
1590,0.0006376919164639813,0.0030818688683211803,0.024309855,0.05551458,0.9923306703567505,0.9548201560974121,0.017843540757894516,0.035942886024713516
1591,0.0005993631242414598,0.0032436074689030647,0.0238895,0.056952678,0.9925936460494995,0.9524490833282471,0.01773655042052269,0.03641607612371445
1592,0.0006388913091293282,0.003080234630033374,0.024752991,0.055499863,0.9920485615730286,0.9548441171646118,0.01784604787826538,0.035650644451379776
1593,0.0005099163192260841,0.003105318173766136,0.02223906,0.05572538,0.9935816526412964,0.9544764161109924,0.01654028706252575,0.03587224334478378
1594,0.0004992787686536427,0.00317502673715353,0.021890996,0.056347378,0.9937809705734253,0.9534544944763184,0.016366522759199142,0.036309726536273956
1595,0.000517801963724196,0.0030417139641940594,0.022479426,0.05515174,0.9934421181678772,0.9554088115692139,0.016732575371861458,0.03533470630645752
1596,0.0005768513206434859,0.003287089290097356,0.023631863,0.05733314,0.9927524924278259,0.951811671257019,0.017402151599526405,0.03652915358543396
1597,0.0005768800487699496,0.0032057196367532015,0.023178365,0.056619078,0.9930279850959778,0.9530045390129089,0.016852863132953644,0.03570016846060753
1598,0.0004943271428187886,0.003091493621468544,0.02195707,0.0556012,0.993743360042572,0.9546790719032288,0.015958009287714958,0.035980474203825
1599,0.0005104566662339494,0.0032507225405424833,0.02208782,0.05701511,0.9936686158180237,0.9523447751998901,0.016328340396285057,0.03650005906820297
1600,0.0008132816887651147,0.003190679708495736,0.025646739,0.056486104,0.9914639592170715,0.9532250165939331,0.01736750267446041,0.03663966432213783
1601,0.0006931839406289245,0.0030652873683720827,0.02582793,0.055365037,0.9913429617881775,0.9550632238388062,0.019175000488758087,0.03692879155278206
1602,0.0006206996576193804,0.002967687090858817,0.024009341,0.05447648,0.9925191402435303,0.9564940333366394,0.01760326698422432,0.03600039333105087
1603,0.0005744309402705932,0.00301705626770854,0.023005191,0.054927737,0.9931318163871765,0.9557703137397766,0.017185749486088753,0.03575100749731064
1604,0.0005312991845791905,0.003056040732190013,0.022596389,0.05528147,0.9933737516403198,0.9551987648010254,0.016772251576185226,0.035026710480451584
1605,0.0007002529250299135,0.003182342043146491,0.022410855,0.05641225,0.9934821128845215,0.9533472061157227,0.01581701450049877,0.03626256063580513
1606,0.0005804395067653703,0.0031267248559743166,0.023489026,0.05591713,0.9928398728370667,0.9541625380516052,0.016863994300365448,0.03520466387271881
1607,0.0005757280688902193,0.0030541562009602785,0.022911046,0.05526442,0.9931879043579102,0.9552264213562012,0.016873538494110107,0.03611757233738899
1608,0.0004953750467393547,0.0029567284509539604,0.02222888,0.054375812,0.9935874938964844,0.9566546678543091,0.01645747572183609,0.03465604782104492
1609,0.0005047243857089514,0.0031617172062397003,0.022060452,0.056229148,0.9936842918395996,0.9536495804786682,0.01634330116212368,0.03598795831203461
1610,0.0006776176616602407,0.0030487298499792814,0.022659028,0.055215303,0.9933369159698486,0.9553059935569763,0.01624329574406147,0.036098141223192215
1611,0.0006794254646096801,0.002987156854942441,0.025725257,0.054654893,0.9914116263389587,0.9562086462974548,0.018618062138557434,0.03554884344339371
1612,0.0005446195560084147,0.002983726793900132,0.023264015,0.054623503,0.9929763674736023,0.9562588930130005,0.01713997684419155,0.03513195365667343
1613,0.000561578223741063,0.0029961043037474155,0.022867518,0.054736685,0.9932137727737427,0.9560774564743042,0.0166232381016016,0.035123568028211594
1614,0.0005474676356904886,0.0030677621252834797,0.023178935,0.05538738,0.9930276870727539,0.9550269842147827,0.01681179367005825,0.035373277962207794
1615,0.0005642285488482395,0.002881257561966777,0.02305901,0.053677343,0.9930996298789978,0.9577611088752747,0.016698215156793594,0.034663036465644836
1616,0.0005119106559008783,0.002974058035761118,0.022342168,0.054534923,0.9935219883918762,0.9564006328582764,0.01646052673459053,0.03545509651303291
1617,0.0004774004978985018,0.003089350648224354,0.021475794,0.05558193,0.9940146207809448,0.9547104835510254,0.016020730137825012,0.035427726805210114
1618,0.0004887160122796723,0.0029536504298448563,0.021480238,0.054347496,0.994012176990509,0.9566998481750488,0.015860646963119507,0.03551098331809044
1619,0.00047989429433734835,0.0030699081253260374,0.021790564,0.05540675,0.9938378930091858,0.9549955129623413,0.016006695106625557,0.035769667476415634
1620,0.0004972943629995411,0.0029211819637566805,0.021538131,0.054047957,0.9939798712730408,0.9571757912635803,0.015658307820558548,0.03480689972639084
1621,0.0005050881773058791,0.0029801256023347378,0.021878595,0.054590527,0.9937880039215088,0.9563117027282715,0.016117606312036514,0.035542555153369904
1622,0.0004572168052783871,0.0029622819274663925,0.021173261,0.05442685,0.9941821098327637,0.9565733075141907,0.015918882563710213,0.03537299484014511
1623,0.0004798635696219704,0.002974915085360408,0.021684581,0.05454278,0.9938976764678955,0.9563881158828735,0.01592172123491764,0.034999534487724304
1624,0.0005777479355773804,0.003039452712982893,0.02402278,0.055131234,0.9925107359886169,0.955441951751709,0.01684831827878952,0.03514830023050308
1625,0.00043914987294225614,0.003045415272936225,0.02077264,0.05518528,0.994400143623352,0.9553545713424683,0.015512276440858841,0.035094570368528366
1626,0.00040786937130509284,0.0028344024904072285,0.019993454,0.053239107,0.9948123693466187,0.9584479928016663,0.014982919208705425,0.03434775769710541
1627,0.00046209989820702253,0.0028857500292360783,0.021072505,0.053719178,0.9942373037338257,0.9576952457427979,0.015377204865217209,0.03461964428424835
1628,0.0003881194530880417,0.0029508417937904596,0.019612553,0.05432165,0.9950081706047058,0.9567409753799438,0.014893054962158203,0.035330381244421005
1629,0.00043190276152348485,0.0030020778067409992,0.020126062,0.05479122,0.9947433471679688,0.9559898972511292,0.015536469407379627,0.03542318567633629
1630,0.0004652066037868446,0.002953235525637865,0.02125687,0.054343678,0.9941360354423523,0.9567059278488159,0.015687284991145134,0.035032033920288086
1631,0.0006607140881400978,0.0030364387203007936,0.021546261,0.05510389,0.9939752817153931,0.9554861783981323,0.015279728919267654,0.035164766013622284
1632,0.0005531967677101916,0.003031055210158229,0.022850918,0.055055022,0.9932236075401306,0.9555650949478149,0.016825394704937935,0.03613489866256714
1633,0.0004898758706985973,0.0030802651308476925,0.022080688,0.055500135,0.9936727285385132,0.9548436403274536,0.016395894810557365,0.035948678851127625
1634,0.0004534774409628219,0.00299878534860909,0.0209376,0.054761168,0.9943108558654785,0.9560381174087524,0.01569165661931038,0.035283707082271576
1635,0.00044190927391437896,0.0029354507569223642,0.020727506,0.0541798,0.9944244623184204,0.9569666385650635,0.015472845174372196,0.034237973392009735
1636,0.0004395294001204258,0.003150294069200754,0.02097363,0.05612748,0.9942913055419922,0.9538170695304871,0.015855232253670692,0.0360860712826252
1637,0.0004367592697566248,0.003012940753251314,0.020406455,0.05489026,0.9945958852767944,0.9558306336402893,0.015131451189517975,0.03582380712032318
1638,0.0005330655612025029,0.0031401256565004587,0.022515811,0.056036822,0.9934208989143372,0.9539661407470703,0.016547443345189095,0.03660484403371811
1639,0.00043937639963008803,0.002865721471607685,0.020333495,0.053532436,0.9946344494819641,0.9579888582229614,0.01528733316808939,0.035112909972667694
1640,0.0004428830923808908,0.0029816434253007174,0.020538954,0.054604426,0.9945254325866699,0.9562894701957703,0.015377532690763474,0.035292889922857285
1641,0.0004313380152532111,0.0029637464322149754,0.020648327,0.0544403,0.99446702003479,0.9565517902374268,0.015080589801073074,0.035253144800662994
1642,0.00043154762401668864,0.0030952112283557653,0.020126104,0.05563462,0.9947433471679688,0.9546245336532593,0.014924118295311928,0.03517259657382965
1643,0.0004180677960076454,0.002953941933810711,0.020294499,0.05435018,0.9946550130844116,0.956695556640625,0.015120216645300388,0.03463320434093475
1644,0.0004341944589792878,0.0028492354322224855,0.020433795,0.053378228,0.994581401348114,0.9582305550575256,0.015239758417010307,0.03525407612323761
1645,0.000529263181471668,0.0028087319806218147,0.020930711,0.052997477,0.9943146109580994,0.9588242769241333,0.01503185834735632,0.03435714915394783
1646,0.0006342254002282226,0.0028179294895380735,0.02313674,0.053084172,0.9930530190467834,0.9586894512176514,0.01679576002061367,0.0341932512819767
1647,0.0005749384773397734,0.0030069903004914522,0.023245694,0.05483603,0.9929874539375305,0.9559178352355957,0.01728566735982895,0.03575906902551651
1648,0.0005131930983307856,0.003076981520280242,0.022091476,0.055470545,0.9936665296554565,0.9548918008804321,0.016310572624206543,0.035563062876462936
1649,0.00044637720070154916,0.0029296083375811577,0.02066311,0.054125857,0.9944590926170349,0.9570522904396057,0.015473303385078907,0.03525479510426521
1650,0.0004419307866059667,0.0028256329242140055,0.020563211,0.05315668,0.9945124983787537,0.9585765600204468,0.015526950359344482,0.03443964198231697
1651,0.0004255290801996704,0.0028109760023653507,0.020187194,0.05301864,0.9947113990783691,0.9587914347648621,0.014973830431699753,0.03454969823360443
1652,0.0006596901098832445,0.0025690041948109865,0.021509679,0.050685346,0.993995726108551,0.9623386859893799,0.015209688805043697,0.03292463347315788
1653,0.0006968851104664446,0.0030722501687705517,0.026191413,0.055427883,0.9910975694656372,0.9549611806869507,0.01755659654736519,0.03532111272215843
1654,0.0005671635183468673,0.0028390646912157536,0.022498095,0.053282876,0.9934312701225281,0.9583796262741089,0.016322670504450798,0.035245589911937714
1655,0.0005618434317346492,0.002824356546625495,0.023502337,0.05314468,0.9928317666053772,0.9585952758789062,0.01704079657793045,0.03416101634502411
1656,0.0006265376019159289,0.002989011351019144,0.023037616,0.05467185,0.9931124448776245,0.9561814069747925,0.01615108922123909,0.03557386249303818
1657,0.0006294576907583343,0.0030789929442107677,0.024973923,0.055488676,0.9919059872627258,0.9548622965812683,0.017294812947511673,0.035820771008729935
1658,0.0005424970424263103,0.0029493113979697227,0.022055335,0.054307565,0.9936872720718384,0.9567634463310242,0.016103699803352356,0.03461769223213196
1659,0.0007601423977493224,0.002919851802289486,0.023045206,0.054035652,0.9931079149246216,0.9571952819824219,0.01620883122086525,0.03447984158992767
1660,0.0010424439017449251,0.003060058457776904,0.032141138,0.055317797,0.9865935444831848,0.9551398754119873,0.01968436688184738,0.036185067147016525
1661,0.0006397730076886629,0.0031096802558749914,0.024369273,0.055764504,0.9922931790351868,0.9544124603271484,0.01769377663731575,0.03637572377920151
1662,0.0005660307929660617,0.0030911301728338003,0.02322328,0.055597935,0.9930009841918945,0.9546843767166138,0.016698211431503296,0.036111023277044296
1663,0.0006038802742047912,0.00300226709805429,0.023150072,0.054792948,0.9930450320243835,0.9559870958328247,0.01650221459567547,0.03564826026558876
1664,0.0005952263166942761,0.002920444356277585,0.02415852,0.054041132,0.9924258589744568,0.9571866393089294,0.017227105796337128,0.03561772406101227
1665,0.0005660659047531557,0.002904504304751754,0.022134,0.053893454,0.9936421513557434,0.957420289516449,0.01617269031703472,0.035396020859479904
1666,0.0005427138451275162,0.002784291747957468,0.02302594,0.05276639,0.9931194186210632,0.959182620048523,0.017095785588026047,0.034137800335884094
1667,0.00047780733240704814,0.0029770105611532927,0.021093631,0.05456199,0.994225800037384,0.9563573598861694,0.015784429386258125,0.03533320501446724
1668,0.0006661809251950631,0.00278469268232584,0.022045407,0.05277019,0.993692934513092,0.9591767191886902,0.015745582059025764,0.034226834774017334
1669,0.0005770534586521204,0.0032217272091656923,0.023891993,0.056760263,0.9925920963287354,0.9527698755264282,0.017637934535741806,0.03679213672876358
1670,0.0004428182090288663,0.0028479136526584625,0.020817265,0.05336585,0.9943760633468628,0.9582499265670776,0.015767596662044525,0.034241944551467896
1671,0.00056987664522074,0.0028639675583690405,0.02152611,0.05351605,0.9939865469932556,0.9580145478248596,0.01573726162314415,0.034303534775972366
1672,0.0007979602543690072,0.0031185804400593042,0.026758753,0.05584425,0.9907076954841614,0.9542819857597351,0.018281517550349236,0.036741048097610474
1673,0.0006546427731254054,0.0030180939938873053,0.025100326,0.054937184,0.9918238520622253,0.9557551145553589,0.018045036122202873,0.035786159336566925
1674,0.0004888677801566453,0.0030652848072350025,0.02213582,0.055365015,0.9936410784721375,0.9550632834434509,0.016169501468539238,0.035115424543619156
1675,0.00048603382972280747,0.0030778157524764538,0.021398026,0.055478066,0.9940578937530518,0.9548795819282532,0.01563049666583538,0.03625628724694252
1676,0.00048805272639252837,0.0030633793212473392,0.022018826,0.055347804,0.9937081336975098,0.9550912380218506,0.016295315697789192,0.03558859974145889
1677,0.00042310088941700417,0.00307010137476027,0.020534692,0.055408496,0.9945277571678162,0.9549926519393921,0.015232772566378117,0.037067145109176636
1678,0.0004080018952663522,0.0029058430809527636,0.019937562,0.05390587,0.9948413372039795,0.9574006795883179,0.014840260148048401,0.03519932180643082
1679,0.00042714603213508696,0.002994855400174856,0.020499878,0.054725274,0.9945462942123413,0.9560957551002502,0.015247132629156113,0.03450142219662666
1680,0.0004140799716300204,0.002957829972729087,0.019949485,0.054385934,0.9948351979255676,0.9566385746002197,0.014844728633761406,0.035333868116140366
1681,0.0004180608540826308,0.0029829589184373617,0.020230204,0.054616474,0.9946888089179993,0.956270158290863,0.014959219843149185,0.03502867743372917
1682,0.0005256901624141557,0.0030730937141925097,0.021652803,0.05543549,0.9939155578613281,0.9549487829208374,0.015690308064222336,0.035712096840143204
1683,0.00042864768858469853,0.002921551465988159,0.020594694,0.054051377,0.994495689868927,0.9571703672409058,0.01565164141356945,0.03478451073169708
1684,0.0005555812223809136,0.0028123233933001757,0.021316895,0.053031344,0.9941028952598572,0.9587716460227966,0.015351938083767891,0.03424330800771713
1685,0.0006223876877232793,0.0029056707862764597,0.024738034,0.053904273,0.9920581579208374,0.9574031829833984,0.017123060300946236,0.03445127233862877
1686,0.0004579305049529384,0.003049074672162533,0.021395393,0.05521843,0.9940593838691711,0.9553009271621704,0.015577037818729877,0.03583046421408653
1687,0.0004941795314979655,0.003107934957370162,0.021061115,0.055748854,0.9942435622215271,0.9544380307197571,0.015629008412361145,0.03605036064982414
1688,0.00045812901424307546,0.002790912054479122,0.02121168,0.052829087,0.9941609501838684,0.9590855240821838,0.015690533444285393,0.0340375080704689
1689,0.00047269101328724486,0.0028559970669448376,0.02133936,0.05344153,0.9940904378890991,0.9581314325332642,0.01577603816986084,0.03526691719889641
1690,0.0003927105079293886,0.0030635336879640818,0.019505102,0.055349197,0.9950627088546753,0.9550889730453491,0.014694932848215103,0.035541024059057236
1691,0.0005287123382334936,0.0031256547663360834,0.022872739,0.05590756,0.9932106733322144,0.9541782736778259,0.016814980655908585,0.03585800155997276
1692,0.0004549052140315656,0.002934474963694811,0.021318177,0.05417079,0.9941021800041199,0.9569809436798096,0.01575932279229164,0.03506144508719444
1693,0.0003807920213809914,0.0029412605799734592,0.019419331,0.05423339,0.995106041431427,0.9568814635276794,0.014506089501082897,0.035246867686510086
1694,0.0004894943214656615,0.0029867878183722496,0.02198833,0.054651514,0.9937255382537842,0.9562140107154846,0.015989260748028755,0.03553305193781853
1695,0.00045200354725238867,0.002863757312297821,0.020379946,0.053514086,0.9946098923683167,0.9580176472663879,0.01510117668658495,0.034530967473983765
1696,0.0005003202955280854,0.0029761900659650564,0.02149121,0.05455447,0.9940060377120972,0.9563694000244141,0.015779662877321243,0.03576773777604103
1697,0.000496820901885671,0.0028949605766683817,0.022254622,0.053804837,0.9935726523399353,0.9575601816177368,0.01626361347734928,0.035269513726234436
1698,0.0004649820306936321,0.002989816013723612,0.021344328,0.05467921,0.9940876960754395,0.9561696648597717,0.015232193283736706,0.03605395182967186
1699,0.0004603973132113672,0.0028283942956477404,0.020559277,0.05318265,0.9945146441459656,0.9585360884666443,0.015163264237344265,0.03402450308203697
1700,0.00045571509161329067,0.002762280637398362,0.021341527,0.052557405,0.9940892457962036,0.9595052599906921,0.0157626885920763,0.03446061909198761
1701,0.00037563999880645,0.002883331850171089,0.018954257,0.053696666,0.9953376650810242,0.9577307105064392,0.014379087835550308,0.03434641286730766
1702,0.00046510377697731286,0.003104201750829816,0.020573942,0.055715363,0.9945067763328552,0.9544927477836609,0.015328597277402878,0.035415977239608765
1703,0.0004715390959146052,0.0031392471864819527,0.021439562,0.056028984,0.9940348267555237,0.9539790153503418,0.015757614746689796,0.03608228638768196
1704,0.0004941912629874423,0.002846569987013936,0.021329906,0.053353257,0.9940956830978394,0.9582695960998535,0.015584759414196014,0.03500884771347046
1705,0.0004405627312900668,0.002840752247720957,0.020694545,0.053298708,0.9944422245025635,0.9583548903465271,0.01566193997859955,0.03398800641298294
1706,0.0006207930964592379,0.003128952346742153,0.02166956,0.05593704,0.9939061403274536,0.9541299343109131,0.015430685132741928,0.03610271215438843
1707,0.0004586482199639167,0.002980574034154415,0.021210369,0.054594632,0.9941616654396057,0.9563051462173462,0.015586864203214645,0.03486235439777374
1708,0.000961703478506851,0.0030532514210790396,0.023876702,0.055256236,0.9926015734672546,0.9552396535873413,0.015873093158006668,0.0361730232834816
1709,0.0008264150290580636,0.0031734793446958065,0.028552951,0.056333642,0.9894198179244995,0.953477144241333,0.02032167837023735,0.037414584308862686
1710,0.0005630946999934332,0.003225347027182579,0.022952328,0.056792136,0.9931633472442627,0.9527167677879333,0.01687714457511902,0.03593145310878754
1711,0.0006222369966880334,0.0031049593817442656,0.024155583,0.055722162,0.9924277067184448,0.9544816613197327,0.01735224761068821,0.03526967391371727
1712,0.0004723445017589256,0.00288335676304996,0.021042805,0.053696897,0.9942535758018494,0.9577302932739258,0.015698006376624107,0.03490506112575531
1713,0.0005669476340699475,0.003159216372296214,0.022550361,0.056206908,0.9934006929397583,0.9536862373352051,0.01641087234020233,0.036569058895111084
1714,0.0006192900704759681,0.0031706844456493855,0.024572974,0.056308832,0.9921637773513794,0.9535181522369385,0.017411189153790474,0.0356733463704586
1715,0.0005473659991614775,0.003142172936350107,0.022509664,0.05605509,0.9934244751930237,0.9539361000061035,0.016346963122487068,0.03548796474933624
1716,0.000461472445088227,0.0029119709506630898,0.020860339,0.05396268,0.9943528175354004,0.9573108553886414,0.015788355842232704,0.03451721370220184
1717,0.0005964188653293108,0.0032150300685316324,0.022848604,0.056701235,0.9932249784469604,0.9528680443763733,0.01641654409468174,0.036443404853343964
1718,0.000772638075762767,0.0030175603460520506,0.027393404,0.054932326,0.9902616739273071,0.9557629227638245,0.01937771588563919,0.03559396043419838
1719,0.0005074735150132751,0.003049104940146208,0.02228692,0.055218704,0.9935539960861206,0.9553004503250122,0.01643260568380356,0.03567129373550415
1720,0.0004545417210796255,0.0029053278267383575,0.021121778,0.05390109,0.9942103624343872,0.9574082493782043,0.015864364802837372,0.03495396673679352
1721,0.0004438017184094695,0.0028602059464901686,0.020688964,0.053480893,0.9944452047348022,0.9580696821212769,0.015401119366288185,0.03509785979986191
1722,0.0004551417468147437,0.0032812245190143585,0.020676428,0.05728197,0.9944519400596619,0.9518976211547852,0.015178803354501724,0.03582467883825302
1723,0.0004678776451989754,0.0029716668650507927,0.020827912,0.054512996,0.9943703413009644,0.9564356803894043,0.015385448932647705,0.035232946276664734
1724,0.00045534627199892634,0.0030461312271654606,0.020787513,0.05519177,0.9943921566009521,0.9553440809249878,0.015350967645645142,0.03568778932094574
1725,0.0005291830668945543,0.0029636637773364782,0.0218604,0.05443954,0.9937983751296997,0.956553041934967,0.01586976833641529,0.035287369042634964
1726,0.0005376215677560223,0.0033177693840116262,0.022269638,0.05760008,0.9935639500617981,0.951361894607544,0.01648985594511032,0.037014394998550415
1727,0.00045896590679397127,0.003078409703448415,0.021044878,0.05548342,0.9942524433135986,0.954870879650116,0.015453903935849667,0.03532103821635246
1728,0.0004508538047296249,0.003091653576120734,0.021039939,0.05560264,0.9942551255226135,0.9546766877174377,0.015579634346067905,0.03543112799525261
1729,0.0004053928575806574,0.0030330687295645475,0.01973077,0.055073302,0.9949477910995483,0.9555355310440063,0.014949283562600613,0.03489239513874054
1730,0.0004862051328845237,0.0031439431477338076,0.020958547,0.056070875,0.9942994713783264,0.9539101719856262,0.01562079694122076,0.035496920347213745
1731,0.0005528704072772102,0.002894223900511861,0.021259237,0.05379799,0.9941347241401672,0.9575710296630859,0.0154266357421875,0.03481492027640343
1732,0.000587811809964478,0.003027500817552209,0.022884263,0.055022735,0.9932038187980652,0.9556171894073486,0.016790907829999924,0.036204226315021515
1733,0.0004999629216564989,0.0029843132942914963,0.021645643,0.054628868,0.9939196109771729,0.9562503099441528,0.01599488966166973,0.034614671021699905
1734,0.0005512983771041036,0.0030316056217998266,0.02309932,0.055060018,0.9930754899978638,0.9555569887161255,0.016169408336281776,0.0355248898267746
1735,0.0004599430755082391,0.0030761256348341703,0.020995468,0.055462833,0.9942793846130371,0.954904317855835,0.015514173544943333,0.035931628197431564
1736,0.0004489401723152365,0.0031166088301688433,0.02030504,0.055826593,0.9946494698524475,0.9543108940124512,0.015213731676340103,0.03547890856862068
1737,0.0004292855578982695,0.003021089592948556,0.020331688,0.054964438,0.9946354031562805,0.9557111859321594,0.015376978553831577,0.035051777958869934
1738,0.0003754631467348769,0.0028356334660202265,0.019404978,0.053250667,0.9951132535934448,0.9584299325942993,0.01479865238070488,0.03385825827717781
1739,0.0004793443959814877,0.002929904730990529,0.021161674,0.054128595,0.9941884875297546,0.9570479393005371,0.015096609480679035,0.035382065922021866
1740,0.0004017388058524706,0.002961723832413554,0.019984478,0.054421723,0.9948170781135559,0.9565814733505249,0.014795168302953243,0.03517068549990654
1741,0.0005468478339025751,0.0030908745247870684,0.021174699,0.055595633,0.9941812753677368,0.9546881318092346,0.015001065097749233,0.03575734421610832
1742,0.000497958094043001,0.0029081813991069794,0.022173569,0.05392756,0.9936193823814392,0.957366406917572,0.016083434224128723,0.03505394980311394
1743,0.0008802337979432195,0.002973610069602728,0.024487538,0.054530814,0.9922181963920593,0.9564071893692017,0.01702205091714859,0.03526822105050087
1744,0.0008645160778542049,0.0031382276210933924,0.029092189,0.056019887,0.9890164136886597,0.9539939165115356,0.01974647119641304,0.037117499858140945
1745,0.0005196461312483403,0.0031299020629376173,0.022567743,0.055945527,0.9933905005455017,0.9541159868240356,0.016638990491628647,0.0368068553507328
1746,0.0004743749695163305,0.0029012851882725954,0.020990394,0.05386358,0.9942821264266968,0.9574674963951111,0.015644200146198273,0.03480147942900658
1747,0.0004884937661699951,0.0030200304463505745,0.021973928,0.054954804,0.9937337636947632,0.955726683139801,0.016109367832541466,0.03617972508072853
1748,0.00046941066697896036,0.002854754216969013,0.020992065,0.053429905,0.9942812323570251,0.9581496119499207,0.015519596636295319,0.03456775099039078
1749,0.000439370154874103,0.0028601326048374176,0.02083325,0.053480208,0.9943674206733704,0.9580707550048828,0.015686899423599243,0.034822117537260056
1750,0.0006005323124223981,0.0028850713279098272,0.020793043,0.05371286,0.9943891763687134,0.9577051997184753,0.01509162038564682,0.03505347669124603
1751,0.0005863158591885374,0.0030413351487368345,0.023835586,0.0551483,0.9926270246505737,0.955414354801178,0.016918113455176353,0.03632614389061928
1752,0.0005879839571372776,0.0030697043985128403,0.022526057,0.055404916,0.9934149384498596,0.9549984931945801,0.016406357288360596,0.03611275926232338
1753,0.0008585947037896734,0.0031311747152358294,0.028440315,0.0559569,0.9895031452178955,0.954097330570221,0.019259363412857056,0.03640269488096237
1754,0.0017572304191575809,0.00357837718911469,0.0413749,0.05981954,0.9777840375900269,0.9475414156913757,0.02680041454732418,0.04076964780688286
1755,0.0010080688490151342,0.0032220580615103245,0.031715933,0.056763176,0.9869459271430969,0.9527649879455566,0.02232193574309349,0.03741859644651413
1756,0.000775291002355516,0.003031406318768859,0.027178572,0.05505821,0.9904138445854187,0.9555599093437195,0.019342675805091858,0.03583507984876633
1757,0.0006893967583891936,0.0032512987963855267,0.02619761,0.057020165,0.9910933375358582,0.952336311340332,0.018645167350769043,0.03741954267024994
1758,0.0005450093717213763,0.0031714183278381824,0.02311148,0.056315348,0.9930682182312012,0.9535073637962341,0.017284417524933815,0.03633078560233116
1759,0.0006735777926885269,0.003020587144419551,0.024258241,0.054959867,0.9923632144927979,0.9557185173034668,0.017407730221748352,0.035875849425792694
1760,0.0006461683171272108,0.0032459995709359646,0.025090879,0.056973677,0.9918299913406372,0.9524140357971191,0.01828562654554844,0.03695093095302582
1761,0.0007093653932150284,0.0030867131426930428,0.024482029,0.055558197,0.9922216534614563,0.9547491073608398,0.01764579676091671,0.036708928644657135
1762,0.0006935679385523227,0.0029286218341439962,0.024439221,0.05411674,0.9922488331794739,0.9570667147636414,0.017654327675700188,0.03591427952051163
1763,0.0005614324267794886,0.003089648438617587,0.02305514,0.055584606,0.993101954460144,0.9547061324119568,0.016897352412343025,0.03592085465788841
1764,0.0006410143786607395,0.0030477012041956186,0.02416724,0.05520599,0.9924204349517822,0.9553210735321045,0.017438353970646858,0.03635457158088684
1765,0.0006687498138159175,0.002989264205098152,0.023856988,0.054674163,0.9926137924194336,0.9561777114868164,0.01717781275510788,0.03591945767402649
1766,0.0008229021107333458,0.002938300371170044,0.02706468,0.054206096,0.9904940128326416,0.9569248557090759,0.018173256888985634,0.036250051110982895
1767,0.0005882676321727394,0.002853002864867449,0.023509933,0.05341351,0.9928271174430847,0.9581753015518188,0.01718343421816826,0.03522360324859619
1768,0.0006201642695073547,0.0030393446795642376,0.024583366,0.05513025,0.9921571612358093,0.9554435610771179,0.01800820790231228,0.03650647774338722
1769,0.0005037244726819071,0.003079524729400873,0.021778628,0.055493467,0.9938446283340454,0.9548544883728027,0.016120243817567825,0.03565214201807976
1770,0.0005548680895696056,0.003162530018016696,0.023514364,0.05623638,0.9928244352340698,0.9536376595497131,0.016496581956744194,0.03614389896392822
1771,0.0005131898122437468,0.0029435441829264164,0.022474699,0.054254442,0.9934449195861816,0.9568479657173157,0.016472669318318367,0.03512544184923172
1772,0.0006181243373827205,0.0028491849079728127,0.023212668,0.053377755,0.9930073618888855,0.9582312703132629,0.016712158918380737,0.0350709892809391
1773,0.0005782975389262323,0.003049900522455573,0.023439713,0.055225905,0.9928699135780334,0.955288827419281,0.01731681264936924,0.035752687603235245
1774,0.0005875117157384838,0.002902053063735366,0.02218551,0.053870708,0.99361252784729,0.9574562311172485,0.016380751505494118,0.034155428409576416
1775,0.0005182269573693206,0.003017256734892726,0.022134965,0.05492956,0.9936415553092957,0.9557673931121826,0.016358468681573868,0.03526477515697479
1776,0.0005785191890688359,0.0030415738001465797,0.023955673,0.055150464,0.9925525188446045,0.955410897731781,0.017189480364322662,0.03621252626180649
1777,0.0006871999020487154,0.0030295131728053093,0.024251714,0.055041015,0.9923673272132874,0.9555876851081848,0.017115693539381027,0.03566449135541916
1778,0.0006161608802027662,0.003117350162938237,0.024381427,0.05583324,0.9922854900360107,0.9542999863624573,0.017414307221770287,0.036449071019887924
1779,0.00045991930660834026,0.0030322447419166565,0.020965269,0.05506582,0.9942958354949951,0.9555476307868958,0.015563646331429482,0.035282429307699203
1780,0.000461412798772058,0.003048510290682316,0.021082703,0.055213317,0.9942317605018616,0.9553092122077942,0.015976330265402794,0.03543936833739281
1781,0.000476909403832079,0.002881735796108842,0.02124568,0.0536818,0.9941422343254089,0.9577540755271912,0.01557561568915844,0.03513435646891594
1782,0.0004594170723893595,0.0029587778262794018,0.021211466,0.054394647,0.994161069393158,0.9566246271133423,0.01592854969203472,0.035063013434410095
1783,0.000501752591265937,0.002874871948733926,0.022185063,0.05361783,0.9936127662658691,0.957854688167572,0.016272908076643944,0.03505813330411911
1784,0.00041145863360725343,0.003086826065555215,0.020099983,0.055559218,0.9947569370269775,0.9547474980354309,0.01521128136664629,0.03608913719654083
1785,0.00041199369860061614,0.0029319769237190485,0.020149149,0.054147735,0.9947313070297241,0.9570175409317017,0.014673970639705658,0.03513238951563835
1786,0.0005642928564074365,0.0029646705370396376,0.022392275,0.054448787,0.9934929013252258,0.9565382599830627,0.016318799927830696,0.03591569513082504
1787,0.0005297314042267813,0.0029389923438429832,0.02190643,0.054212477,0.9937722086906433,0.9569147229194641,0.015832999721169472,0.03528248891234398
1788,0.0004759353852767328,0.003049104008823633,0.021057984,0.055218693,0.9942452907562256,0.955300509929657,0.01598985679447651,0.03651793301105499
1789,0.0005490921605748802,0.0028969203121960163,0.022078605,0.053823046,0.9936739206314087,0.9575314521789551,0.016263345256447792,0.035086389631032944
1790,0.0005857115108731457,0.0029564970172941685,0.022537097,0.054373678,0.9934084415435791,0.9566580653190613,0.016067882999777794,0.035507939755916595
1791,0.0005117207216575149,0.0029999155085533857,0.022234071,0.054771483,0.9935845136642456,0.9560216069221497,0.01615120843052864,0.03509419038891792
1792,0.0004241881986011074,0.002856719773262739,0.020503514,0.05344829,0.9945443272590637,0.9581208229064941,0.015752868726849556,0.034338850528001785
1793,0.00039242596639352,0.0028022811748087406,0.019641196,0.052936576,0.9949935674667358,0.9589188694953918,0.014737297780811787,0.034892477095127106
1794,0.0004855768718037077,0.002959226258099079,0.020818783,0.05439877,0.9943752884864807,0.956618070602417,0.01542782410979271,0.03508223965764046
1795,0.0005385685111501847,0.002833754988387227,0.022954667,0.053233024,0.9931619167327881,0.9584574699401855,0.016701199114322662,0.03465797007083893
1796,0.0004633247458100827,0.002858137246221304,0.020994905,0.05346155,0.994279682636261,0.9581000208854675,0.01544926781207323,0.03455626592040062
1797,0.0007413059634431688,0.0028241325635463,0.0234419,0.05314257,0.9928685426712036,0.9585985541343689,0.016323978081345558,0.03456662967801094
1798,0.0007419235397802285,0.0030346293933689594,0.02678277,0.05508747,0.9906910061836243,0.9555127024650574,0.019024228677153587,0.03708605095744133
1799,0.0005397359438409859,0.003017975017428398,0.02307671,0.0549361,0.9930890202522278,0.9557568430900574,0.017066434025764465,0.03607448935508728
1800,0.0005638194197672419,0.0029779409524053335,0.023318566,0.054570515,0.9929434061050415,0.9563437104225159,0.01644427701830864,0.03558088093996048
1801,0.0005625344896212813,0.002994938986375928,0.023106985,0.054726034,0.9930709004402161,0.9560945630073547,0.016580209136009216,0.0357876680791378
1802,0.0005334205568281257,0.0032153227366507053,0.02262841,0.056703817,0.9933549165725708,0.9528637528419495,0.01670508086681366,0.03663605824112892
1803,0.0005004588340604889,0.0029650928918272257,0.021964198,0.054452665,0.9937393069267273,0.9565320611000061,0.016091391444206238,0.03480575978755951
1804,0.0005852947347606955,0.003121793270111084,0.022675497,0.05587301,0.993327260017395,0.9542348384857178,0.01592271775007248,0.03551343083381653
1805,0.0010244338336633518,0.0029622477013617754,0.030701617,0.054426536,0.9877675175666809,0.9565737843513489,0.021025726571679115,0.036641329526901245
1806,0.0006343605504794555,0.0029971697367727757,0.024529507,0.05474641,0.9921914935112,0.956061840057373,0.017875703051686287,0.03630871698260307
1807,0.000504633103529076,0.0028589896392077208,0.022358842,0.05346952,0.9935123324394226,0.9580875635147095,0.016676731407642365,0.03482016548514366
1808,0.0005019340043707581,0.0029243372846394777,0.021844322,0.05407714,0.9938074946403503,0.9571295380592346,0.015600058250129223,0.03528584539890289
1809,0.0005254685536122204,0.0028521420899778605,0.022769041,0.053405453,0.993272066116333,0.9581879377365112,0.016369663178920746,0.03515549749135971
1810,0.0004824832434347958,0.0029463276732712984,0.021433802,0.054280087,0.9940380454063416,0.9568071961402893,0.015781374648213387,0.035634595900774
1811,0.0004667526425857266,0.002932045143097639,0.020732585,0.05414836,0.9944217205047607,0.9570165276527405,0.01520764920860529,0.03526715189218521
1812,0.0005271644014018503,0.0029022088274359703,0.022352755,0.053872153,0.9935158491134644,0.9574539661407471,0.016216032207012177,0.03573672100901604
1813,0.00046316821879537946,0.0028218948282301426,0.021324068,0.053121507,0.9940989017486572,0.9586313366889954,0.015927990898489952,0.03443207964301109
1814,0.00040931091213926925,0.002893394324928522,0.020090224,0.053790282,0.9947620630264282,0.9575831890106201,0.014948638156056404,0.03522511199116707
1815,0.00043494303364158526,0.0029164953157305717,0.020604698,0.054004584,0.9944903254508972,0.9572445154190063,0.015228737145662308,0.03490158170461655
1816,0.0004577379665781998,0.0029867107514292,0.020287067,0.054650806,0.994658887386322,0.9562151432037354,0.014968703500926495,0.035280194133520126
1817,0.0004868788733305833,0.002943318570032716,0.021391384,0.05425236,0.9940615892410278,0.9568513035774231,0.01576431654393673,0.034838542342185974
1818,0.0004451068505824713,0.0029226713813841343,0.020874733,0.05406174,0.9943450093269348,0.9571539759635925,0.015497764572501183,0.03557391092181206
1819,0.0004979831130847081,0.0027932096272706985,0.02138083,0.052850824,0.9940674901008606,0.9590518474578857,0.015649564564228058,0.034323256462812424
1820,0.0004711954620275223,0.0029596711974591017,0.021482306,0.054402858,0.9940110445022583,0.9566115736961365,0.015565929934382439,0.03571988269686699
1821,0.0006674707381700335,0.003107396187260747,0.022622872,0.055744026,0.9933581948280334,0.9544458985328674,0.015789462253451347,0.03535155579447746
1822,0.0006228155206455002,0.002840916160494089,0.024994757,0.053300247,0.9918924570083618,0.9583525061607361,0.017914557829499245,0.03501763194799423
1823,0.00043077064996892165,0.002909977687522769,0.020525187,0.053944208,0.9945328235626221,0.9573400616645813,0.015421927906572819,0.03508631885051727
1824,0.00045835586338811976,0.0031327262986451387,0.020953301,0.055970762,0.9943023324012756,0.9540746212005615,0.01576431840658188,0.03570679575204849
1825,0.000414810847194696,0.0028405520133674145,0.020071397,0.05329683,0.9947718977928162,0.9583578109741211,0.015148372389376163,0.03486128896474838
1826,0.0004534915831093465,0.002855677157640457,0.020833228,0.053438537,0.9943674802780151,0.9581360816955566,0.015383830294013023,0.03419606387615204
1827,0.0004756740378401115,0.002952730981633067,0.020517817,0.054339036,0.9945366978645325,0.9567133188247681,0.015271839685738087,0.03432275727391243
1828,0.0004998204375707163,0.0028721902053803205,0.022316815,0.053592816,0.993536651134491,0.9578940272331238,0.016431324183940887,0.03529311344027519
1829,0.0004812038618679666,0.0030680224299430847,0.021864142,0.055389732,0.9937962293624878,0.9550231695175171,0.015842407941818237,0.035638634115457535
1830,0.00047575470340565187,0.0029894865583628416,0.02121932,0.0546762,0.9941567778587341,0.9561744928359985,0.015334822237491608,0.035454049706459045
1831,0.0004931022535443349,0.00292948423884809,0.021135565,0.05412471,0.9942027926445007,0.957054078578949,0.015702463686466217,0.03531024605035782
1832,0.00038451049939877436,0.0029166426975280046,0.019233579,0.054005947,0.9951992034912109,0.9572423696517944,0.014559878036379814,0.03509793058037758
1833,0.00046154522020846014,0.002954430878162384,0.020598248,0.054354675,0.9944937825202942,0.956688404083252,0.015207692980766296,0.03492410108447075
1834,0.0003906774400093127,0.0029898809734731913,0.01946301,0.054679804,0.9950839877128601,0.9561687111854553,0.01456931047141552,0.03587573021650314
1835,0.0003990822624473367,0.0029442873783409595,0.019689394,0.05426129,0.9949690103530884,0.9568370580673218,0.014868565835058689,0.035334620624780655
1836,0.00041778463789589955,0.0029293347615748644,0.02009405,0.05412333,0.9947600364685059,0.9570562839508057,0.015162734314799309,0.03479839488863945
1837,0.0003884692784843289,0.003020485630258918,0.019555274,0.054958943,0.995037317276001,0.9557200074195862,0.014492437243461609,0.03464767709374428
1838,0.0003946539856604597,0.003087105927988887,0.019367393,0.055561733,0.9951322078704834,0.9547433853149414,0.014541001990437508,0.03540380671620369
1839,0.0005100588119107256,0.003112664446234703,0.020633332,0.05579126,0.9944750070571899,0.9543687105178833,0.015068246982991695,0.035638611763715744
1840,0.00048699950606202367,0.0030013101641088724,0.022103168,0.054784216,0.9936598539352417,0.9560011625289917,0.015941405668854713,0.035215120762586594
1841,0.0004760879845972258,0.002947240136563778,0.019770013,0.054288484,0.994927704334259,0.9567937850952148,0.014448096975684166,0.035171348601579666
1842,0.0005876907274465669,0.0031784167513251305,0.021776255,0.056377452,0.9938459992408752,0.9534047842025757,0.015746887773275375,0.03699744865298271
1843,0.0005499876040795988,0.0028922196943312883,0.023282513,0.05377936,0.9929652214050293,0.9576004147529602,0.01698138192296028,0.03449215367436409
1844,0.0004595238490516997,0.002873840741813183,0.020827536,0.053608216,0.9943705201148987,0.957869827747345,0.01541068498045206,0.03437831252813339
1845,0.0004018851359433029,0.0027069856878370047,0.019786498,0.0520287,0.9949192404747009,0.9603158831596375,0.014767611399292946,0.034563153982162476
1846,0.000461395622220483,0.002962867496535182,0.020067617,0.054432232,0.9947738647460938,0.956564724445343,0.014728697948157787,0.03537992388010025
1847,0.00045465654296673495,0.0028666628058999777,0.02105582,0.05354123,0.9942464828491211,0.9579750299453735,0.015638425946235657,0.03414328768849373
1848,0.00046961490641644394,0.0028834864497184753,0.020857122,0.053698104,0.9943545460700989,0.957728385925293,0.01543158758431673,0.03420727327466011
1849,0.0006058376711735036,0.0029671229422092438,0.021948993,0.054471307,0.9937479496002197,0.9565023183822632,0.01534509938210249,0.03509113937616348
1850,0.0006530075102504766,0.0030365576967597008,0.02326426,0.055104967,0.9929762482643127,0.9554843902587891,0.016740139573812485,0.03553357720375061
1851,0.0005150086204098029,0.003105822252109647,0.022628298,0.055729903,0.9933549761772156,0.9544690251350403,0.016591504216194153,0.035973746329545975
1852,0.00042433343002233994,0.003128029638901353,0.020453611,0.05592879,0.9945708513259888,0.9541434645652771,0.015200025402009487,0.035859614610672
1853,0.00042581610812869093,0.0030699619092047215,0.020485051,0.055407237,0.9945541620254517,0.9549946784973145,0.015426481142640114,0.03519740328192711
1854,0.0005299177239728372,0.0030248130206018686,0.020955948,0.0549983,0.994300901889801,0.9556565880775452,0.015162583440542221,0.03492997586727142
1855,0.0006185124663964168,0.002920388011261821,0.024822695,0.05404062,0.9920036792755127,0.9571874141693115,0.016682114452123642,0.03495253995060921
1856,0.00044425199964528224,0.003028301754966378,0.020906698,0.05503001,0.9943276643753052,0.9556054472923279,0.01512687373906374,0.03576533496379852
1857,0.0004916479374514893,0.0030064478050917387,0.021107811,0.054831084,0.9942179918289185,0.9559258222579956,0.015271669253706932,0.035422224551439285
1858,0.0005707600377552973,0.003116735490038991,0.022532266,0.055827733,0.9934113025665283,0.9543089866638184,0.015927288681268692,0.03556830435991287
1859,0.0008899884378479328,0.003270200453698635,0.029263508,0.057185665,0.9888866543769836,0.952059268951416,0.018380263820290565,0.036490440368652344
1860,0.0005497169311803935,0.0029311170801520348,0.022793723,0.054139793,0.993257462978363,0.957030177116394,0.016585098579525948,0.035066813230514526
1861,0.00045091065740879543,0.0030126282945275307,0.020808352,0.054887414,0.9943808913230896,0.955835223197937,0.015223704278469086,0.035677190870046616
1862,0.0004677212365839461,0.0030285201501101255,0.02150383,0.05503199,0.9939990043640137,0.95560222864151,0.015459285117685795,0.03458080068230629
1863,0.00040526860472957856,0.002945643151178956,0.020072697,0.05427378,0.9947711825370789,0.9568172097206116,0.014905808493494987,0.03565650060772896
1864,0.0003961773443072823,0.0029195640236139297,0.019440202,0.05403299,0.9950955510139465,0.9571995139122009,0.014597812667489052,0.03506515547633171
1865,0.0003840222419636451,0.002866578521206975,0.019278308,0.053540442,0.9951768517494202,0.9579762816429138,0.014488239772617817,0.03497474268078804
1866,0.0004305358015699312,0.002874944359064102,0.020258388,0.053618506,0.994674026966095,0.9578536748886108,0.014921929687261581,0.03494733199477196
1867,0.0004241095574054105,0.002766050398349762,0.020262368,0.052593257,0.9946718811988831,0.9594500064849854,0.015096589922904968,0.03408553823828697
1868,0.0003924886487683662,0.0029194834642112255,0.019671554,0.054032244,0.9949780702590942,0.9572007060050964,0.014712292701005936,0.034887075424194336
1869,0.0007771434681093193,0.0028273307252675295,0.021863565,0.053172648,0.9937965273857117,0.9585516452789307,0.015027431771159172,0.03587682172656059
1870,0.0006556938116608018,0.002989510539919138,0.02485684,0.054676417,0.9919816851615906,0.9561741352081299,0.01817868836224079,0.03558673709630966
1871,0.0006646491499189076,0.0026219880674034357,0.022694865,0.051205352,0.9933158755302429,0.9615619778633118,0.016245070844888687,0.03427194803953171
1872,0.000738603245488114,0.003118723863735795,0.027167859,0.05584554,0.9904214143753052,0.9542798399925232,0.019335521385073662,0.03699759766459465
1873,0.0005146435194712302,0.003070488106459379,0.02258524,0.055411987,0.9933802485466003,0.9549869894981384,0.016566114500164986,0.03539697453379631
1874,0.0006396153277654031,0.00302988663315773,0.02190953,0.05504441,0.9937704205513,0.9555822014808655,0.015549709089100361,0.036019835621118546
1875,0.0005916651319818233,0.0030320901423692703,0.023930043,0.055064417,0.9925684928894043,0.9555498957633972,0.01698233000934124,0.03609834983944893
1876,0.0004709477074026257,0.002844488015398383,0.020999674,0.05333374,0.9942771196365356,0.9583001136779785,0.015303787775337696,0.035009872168302536
1877,0.00044458523188950494,0.002837073290720582,0.020141494,0.053264186,0.9947353005409241,0.9584088325500488,0.014684795401990414,0.0343501940369606
1878,0.00041246044995866464,0.002821077825501561,0.020111678,0.05311382,0.9947508573532104,0.9586433172225952,0.015181171707808971,0.034567855298519135
1879,0.0004086546290306036,0.0027168637607246637,0.01950543,0.052123543,0.995062530040741,0.960171103477478,0.014668774791061878,0.03404691070318222
1880,0.00045626813351356594,0.0028615121264010668,0.021283962,0.053493105,0.9941210746765137,0.958050549030304,0.015458925627171993,0.034832172095775604
1881,0.0004884430494381708,0.0029228683561086655,0.020343645,0.05406356,0.9946290850639343,0.9571510553359985,0.014856681227684021,0.03535857051610947
1882,0.0006669209413468542,0.0030342794489115477,0.022270007,0.055084296,0.9935637712478638,0.9555178284645081,0.015608635731041431,0.03620033338665962
1883,0.0006352092277666088,0.0031066169030964375,0.024291027,0.055737033,0.9923425912857056,0.9544573426246643,0.017312094569206238,0.035942770540714264
1884,0.00044817460399248046,0.0026994238141924143,0.021092324,0.051955976,0.9942265152931213,0.9604267477989197,0.01580115221440792,0.0339939258992672
1885,0.0004130921555439603,0.0028029505629092455,0.020096699,0.0529429,0.994758665561676,0.9589090347290039,0.01507191825658083,0.03427819162607193
1886,0.00040574860759079456,0.0027507049962878227,0.020060005,0.052447163,0.9947777986526489,0.9596749544143677,0.014934888109564781,0.034066732972860336
1887,0.0004544165881684008,0.002830568701028824,0.020856787,0.05320309,0.9943547248840332,0.9585041999816895,0.015141904354095459,0.03499964624643326
1888,0.0004161534035864117,0.002783337375149131,0.0202276,0.052757345,0.9946901798248291,0.9591965675354004,0.015076357871294022,0.03339933976531029
1889,0.0004117461265361106,0.002917804289609194,0.019611757,0.054016706,0.9950085878372192,0.9572253227233887,0.014707036316394806,0.03506636992096901
1890,0.0003761777955911715,0.0027390131726861,0.019182622,0.052335583,0.99522465467453,0.9598463773727417,0.014277699403464794,0.033904436975717545
1891,0.0006167579419773326,0.0030041555874049664,0.02429699,0.054810178,0.9923388361930847,0.9559594392776489,0.016465263441205025,0.03574133664369583
1892,0.0005036540189228782,0.002803438575938344,0.022040544,0.052947506,0.9936957359313965,0.9589018821716309,0.015736693516373634,0.033961545675992966
1893,0.0008923851429161997,0.0030467044562101364,0.025497561,0.05519696,0.9915629625320435,0.9553356766700745,0.016127754002809525,0.035548120737075806
1894,0.0006310802296370225,0.0028402141761034727,0.024670275,0.05329366,0.9921016097068787,0.9583627581596375,0.017855573445558548,0.03498268872499466
1895,0.000514828733602454,0.002818601904436946,0.021886826,0.053090505,0.9937833547592163,0.9586796164512634,0.01619073562324047,0.035528380423784256
1896,0.0005043077584229071,0.0028345873579382896,0.021185728,0.053240843,0.9941752552986145,0.9584452509880066,0.015901925042271614,0.03476132079958916
1897,0.0005474603465038606,0.0028712775092571974,0.023210855,0.053584304,0.9930084347724915,0.9579073786735535,0.01735765114426613,0.03535875305533409
1898,0.0005002154162370557,0.002966271247714758,0.020951375,0.054463487,0.9943034052848816,0.9565147757530212,0.015583055093884468,0.03502773866057396
1899,0.000549847006120465,0.0031594831962138414,0.021635897,0.05620928,0.9939250946044922,0.9536823630332947,0.015497103333473206,0.0366654247045517
1900,0.0005381004491275896,0.0028968825936317444,0.023181103,0.053822696,0.9930263757705688,0.9575320482254028,0.016913406550884247,0.03467972204089165
1901,0.0004558617749187926,0.0028078658506274223,0.020575361,0.0529893,0.9945060014724731,0.9588370323181152,0.015335689298808575,0.034433215856552124
1902,0.0004707804572800259,0.002887926995754242,0.019994315,0.05373944,0.9948119521141052,0.9576632976531982,0.014468173496425152,0.03492355719208717
1903,0.0005238561107861725,0.0029792115092277527,0.022505956,0.054582153,0.9934266805648804,0.956325113773346,0.016590744256973267,0.035869795829057693
1904,0.0004905890564259607,0.0028112248983234167,0.021159703,0.053020984,0.9941895604133606,0.958787739276886,0.015763413161039352,0.03500620648264885
1905,0.0007083900345605798,0.002719625597819686,0.023496378,0.05215003,0.9928354024887085,0.9601305723190308,0.01629418134689331,0.034263256937265396
1906,0.0006786799481646581,0.002843510126695037,0.02519085,0.053324573,0.9917647242546082,0.9583144783973694,0.018134180456399918,0.03512372076511383
1907,0.0006673675389637621,0.0028492046985775232,0.022778543,0.053377945,0.9932664632797241,0.9582309722900391,0.01619887538254261,0.03480801731348038
1908,0.0008787176200051115,0.0028307088650763035,0.025734033,0.053204406,0.9914057850837708,0.9585021138191223,0.017411617562174797,0.035164639353752136
1909,0.0005536253593163565,0.002915789373219013,0.022827769,0.053998053,0.993237316608429,0.9572548866271973,0.01658976636826992,0.03510920703411102
1910,0.00043689837250646883,0.002846312476322055,0.020753117,0.05335084,0.9944106936454773,0.9582734107971191,0.015445996075868607,0.03430619090795517
1911,0.00045926213450994425,0.0027780861128121614,0.02047119,0.052707553,0.994561493396759,0.9592735767364502,0.014933044090867043,0.0345749631524086
1912,0.0006537561877683567,0.002904144348576665,0.022236483,0.053890117,0.9935831427574158,0.957425594329834,0.01525014266371727,0.03511768579483032
1913,0.0006277682391968979,0.002928277710452676,0.024430906,0.054113567,0.9922541379928589,0.9570717811584473,0.01728431135416031,0.03463224321603775
1914,0.0005880190507344774,0.002973544178530574,0.023205891,0.054530215,0.9930114150047302,0.9564082026481628,0.01707424409687519,0.03556126356124878
1915,0.0005713278144619173,0.0027381291147321463,0.022384642,0.052327134,0.9934973120689392,0.9598593711853027,0.016377730295062065,0.03376244753599167
1916,0.0005926763789664784,0.0027776015922427177,0.023902299,0.052702952,0.9925857186317444,0.9592806696891785,0.01678425818681717,0.035251956433057785
1917,0.0005045904148243029,0.002599656581878662,0.021296158,0.05098683,0.994114339351654,0.9618893265724182,0.015868982300162315,0.03430923447012901
1918,0.0005876020718873901,0.002912934171035886,0.024014901,0.05397161,0.9925156831741333,0.9572967290878296,0.01677616499364376,0.035740602761507034
1919,0.0007536622714806898,0.0028381545562297106,0.024184654,0.053274333,0.9924094676971436,0.9583929777145386,0.016369562596082687,0.034186601638793945
1920,0.0005210631074574353,0.0028566012624651194,0.02252723,0.053447183,0.9934142231941223,0.9581225514411926,0.016676565632224083,0.0350678451359272
1921,0.0005083156386469702,0.002763620810583234,0.021795318,0.05257015,0.9938352108001709,0.959485650062561,0.016150137409567833,0.0355231799185276
1922,0.0004762718411009039,0.002735780319198966,0.021464886,0.05230469,0.9940207004547119,0.9598937630653381,0.015920542180538177,0.034642934799194336
1923,0.00044129058336362834,0.002943767001852393,0.020412,0.05425649,0.9945929050445557,0.956844687461853,0.014859868213534355,0.035045478492975235
1924,0.0006096928945308636,0.003319117473438382,0.024376795,0.057611786,0.9922884106636047,0.9513421058654785,0.017351174727082253,0.036725081503391266
1925,0.0005231866287596694,0.0030731174629181623,0.022778027,0.055435706,0.993266761302948,0.9549484252929688,0.0163063146173954,0.035767942667007446
1926,0.00046043136105502276,0.0029878253117203712,0.021325333,0.054661006,0.9940982460975647,0.9561988115310669,0.01565220020711422,0.03526081144809723
1927,0.00045554610848987727,0.0029416116885840893,0.021079428,0.05423663,0.9942335486412048,0.956876277923584,0.015250787138938904,0.034921057522296906
1928,0.000558733668929728,0.0029972498305141926,0.022391168,0.054747146,0.9934935569763184,0.9560606479644775,0.016375524923205376,0.034941352903842926
1929,0.0004477720593223983,0.002975588431581855,0.020801865,0.054548953,0.9943844079971313,0.9563782215118408,0.015455593355000019,0.03517245128750801
1930,0.0005464311017765959,0.0031138991471379995,0.022504976,0.055802323,0.9934272170066833,0.9543505907058716,0.016394803300499916,0.036159828305244446
1931,0.00047781953484941783,0.0027472262736409903,0.020383481,0.05241399,0.9946080446243286,0.9597259759902954,0.015106181614100933,0.03404063731431961
1932,0.0004914386567675551,0.002753520617261529,0.021904603,0.052473996,0.9937732219696045,0.9596337080001831,0.015925975516438484,0.03411732241511345
1933,0.00046037258322361265,0.0032395822927355766,0.02097003,0.05691733,0.9942932724952698,0.9525080919265747,0.015697183087468147,0.036842867732048035
1934,0.0004091786878151734,0.0030599224846810102,0.02015468,0.055316567,0.9947283864021301,0.9551419019699097,0.014838681556284428,0.035534925758838654
1935,0.00044153330897891215,0.002874670084565878,0.02059528,0.053615946,0.9944953918457031,0.9578576683998108,0.015118946321308613,0.034770719707012177
1936,0.0005477090178994166,0.002979561220854521,0.020973384,0.054585356,0.9942914247512817,0.9563199877738953,0.015048266388475895,0.03495944291353226
1937,0.0005071606210549362,0.0028097571339458227,0.022115214,0.053007144,0.9936529397964478,0.9588092565536499,0.016063207760453224,0.0341731421649456
1938,0.00042754381865961477,0.0033208229579031467,0.020160789,0.057626583,0.9947251677513123,0.9513171315193176,0.015214910730719566,0.03687238693237305
1939,0.00044607337192494674,0.002972210757434368,0.020649746,0.054517984,0.994466245174408,0.9564277529716492,0.0151278767734766,0.034706782549619675
1940,0.000408706540342378,0.0030460646376013756,0.019501545,0.055191163,0.9950644969940186,0.9553450345993042,0.014489573426544666,0.035376276820898056
1941,0.0004078872205520218,0.003124762326478958,0.019842537,0.05589957,0.9948903918266296,0.9541913270950317,0.014604758471250534,0.03515547141432762
1942,0.00040187542551641605,0.003095191204920411,0.019588718,0.055634443,0.9950202703475952,0.9546248316764832,0.014585563912987709,0.03525403141975403
1943,0.00039652568838474423,0.003167323535308242,0.018801747,0.05627898,0.9954123497009277,0.953567385673523,0.013796966522932053,0.03535919636487961
1944,0.00038812984050971204,0.0028421697206795216,0.019154945,0.053312004,0.9952384233474731,0.9583340883255005,0.014437493868172169,0.034832362085580826
1945,0.0003732426382405472,0.0029529009480029345,0.019164458,0.054340605,0.9952336549758911,0.9567108154296875,0.014220964163541794,0.03509795293211937
1946,0.0004201144382188266,0.0029226222541183233,0.01995064,0.054061282,0.9948346018791199,0.9571546912193298,0.01448866631835699,0.03484589233994484
1947,0.0004358181418369482,0.002944219158962369,0.019264325,0.05426066,0.9951838850975037,0.956838071346283,0.014266694895923138,0.034732602536678314
1948,0.00046684697206894106,0.0029857929330319166,0.021426968,0.05464241,0.9940418601036072,0.9562286138534546,0.015137217938899994,0.034930575639009476
1949,0.0005042988070106895,0.003027460305020213,0.021673163,0.055022363,0.9939041137695312,0.9556177854537964,0.015189757570624352,0.03576307371258736
1950,0.0004373026329796465,0.002886032685637474,0.019657655,0.05372181,0.9949851632118225,0.9576910734176636,0.014287247322499752,0.03405354171991348
1951,0.00042395338625117967,0.003053792519494891,0.019619677,0.05526113,0.9950045347213745,0.9552317261695862,0.014738350175321102,0.035735100507736206
1952,0.0005308826164929832,0.003054580884054303,0.022182483,0.055268265,0.9936142563819885,0.9552201628684998,0.015413948334753513,0.035736750811338425
1953,0.00043034770880529487,0.003051617881283164,0.020478107,0.055241454,0.9945578575134277,0.955263614654541,0.015013804659247398,0.035620760172605515
1954,0.0003927093851168386,0.002960182959213853,0.0195646,0.054407563,0.995032548904419,0.9566040635108948,0.014527929946780205,0.03478289395570755
1955,0.0005589761481546288,0.0029716186691075563,0.020314809,0.054512557,0.994644284248352,0.9564363956451416,0.01454939879477024,0.034269917756319046
1956,0.0004299358208134601,0.0032053913455456495,0.020737465,0.056616172,0.9944190979003906,0.953009307384491,0.01561751775443554,0.035526175051927567
1957,0.0005198950106701391,0.002966793952509761,0.021061989,0.054468285,0.9942430853843689,0.95650714635849,0.015201031230390072,0.03447125479578972
1958,0.0005129607634444255,0.003146047703921795,0.021982837,0.056089643,0.9937286972999573,0.9538792967796326,0.01591610163450241,0.03626153618097305
1959,0.000386616790241202,0.0029908607248216867,0.019318396,0.054688763,0.9951567649841309,0.9561543464660645,0.014165018685162067,0.034582264721393585
1960,0.00039098142918770793,0.0032072216272354126,0.019763993,0.056632333,0.9949308037757874,0.952982485294342,0.014609288424253464,0.036200761795043945
1961,0.000394375295978865,0.0031062623020261526,0.019774195,0.055733852,0.9949255585670471,0.9544625282287598,0.014620717614889145,0.035571806132793427
1962,0.0003779205121232239,0.0030471114441752434,0.018918125,0.055200648,0.9953554272651672,0.9553297162055969,0.014200862497091293,0.035492222756147385
1963,0.00038117561317366466,0.0029497339855879545,0.019421391,0.054311454,0.9951050281524658,0.9567572474479675,0.014609050005674362,0.03402525931596756
1964,0.0004010607540707993,0.0029865126125514507,0.018807918,0.05464899,0.995409369468689,0.9562180638313293,0.013750087469816208,0.03480706363916397
1965,0.0005688495220965706,0.002936034929007292,0.022751182,0.05418519,0.9932826161384583,0.9569580554962158,0.01594667136669159,0.03533191233873367
1966,0.0004176479755683844,0.0028103601653128862,0.020405497,0.053012833,0.9945963621139526,0.9588004350662231,0.015280169434845448,0.034060392528772354
1967,0.0004242554267958357,0.0029654388781636953,0.020400181,0.054455847,0.9945991635322571,0.9565269947052002,0.014725946821272373,0.03477298468351364
1968,0.0004883509629342535,0.002975755138322711,0.01968759,0.054550484,0.99496990442276,0.956375777721405,0.014315671287477016,0.03419359773397446
1969,0.0004897227898420004,0.002816525287926197,0.022045903,0.053070948,0.9936926364898682,0.9587100744247437,0.015544688329100609,0.03434077277779579
1970,0.00039744877457534045,0.003044799668714404,0.01972955,0.055179704,0.9949484467506409,0.9553635716438293,0.014651709236204624,0.035283539444208145
1971,0.00036471309001419945,0.0028452130500227213,0.018655214,0.05334054,0.9954836368560791,0.9582895040512085,0.01399676501750946,0.03422309085726738
1972,0.00048067258070328865,0.0030083656311035156,0.019813484,0.05484857,0.9949053525924683,0.9558976888656616,0.0142792584374547,0.03502466157078743
1973,0.0007350985632166902,0.003050298197194934,0.025584674,0.055229507,0.9915052652359009,0.955282986164093,0.017316726967692375,0.03583622723817825
1974,0.0004700170538853854,0.003047951962798834,0.021031484,0.05520826,0.994259774684906,0.9553173780441284,0.015593542717397213,0.034828025847673416
1975,0.00042656493711877954,0.002743047196418047,0.019748097,0.05237411,0.9949389100074768,0.9597872495651245,0.014853007160127163,0.03376460820436478
1976,0.00041908270941348746,0.003105217358097434,0.020162495,0.055724476,0.9947243332862854,0.954477846622467,0.014832587912678719,0.03574090451002121
1977,0.00043495546957604927,0.0029848681297153234,0.020768842,0.054633945,0.9944022297859192,0.9562422037124634,0.015309606678783894,0.034360043704509735
1978,0.0003792984548040708,0.002975783310830593,0.019130833,0.054550745,0.995250403881073,0.9563753604888916,0.014375132508575916,0.034336067736148834
1979,0.0004526881513646169,0.002911869203671813,0.020813622,0.05396174,0.9943780303001404,0.9573123455047607,0.014984081499278545,0.03527164086699486
1980,0.00041474655881756917,0.0028324411250650883,0.02012228,0.053220686,0.9947453141212463,0.958476722240448,0.014911516569554806,0.03441771864891052
1981,0.00036777805507881567,0.002867742208763957,0.019019427,0.053551305,0.9953055381774902,0.9579592347145081,0.014210870489478111,0.03473652899265289
1982,0.0004588576640261718,0.002755390480160713,0.019617712,0.052491814,0.9950055480003357,0.9596062898635864,0.014147520996630192,0.03368479385972023
1983,0.0004458414180341854,0.002867975737899542,0.021006158,0.053553484,0.9942735433578491,0.9579557776451111,0.015066225081682205,0.034323208034038544
1984,0.0003893270202917682,0.0027188300155103207,0.019703213,0.0521424,0.9949619174003601,0.9601422548294067,0.014809852465987206,0.03390208259224892
1985,0.00040220446085599673,0.0027431801427155733,0.019380702,0.05237538,0.9951254725456238,0.9597852826118469,0.014401916414499283,0.034176040440797806
1986,0.00039883871034941296,0.0026456043124198914,0.019390287,0.05143544,0.9951207041740417,0.9612157344818115,0.0144532211124897,0.033158767968416214
1987,0.00043423562436311676,0.002827694872394204,0.01961673,0.053176075,0.9950060248374939,0.9585463404655457,0.014601172879338264,0.034530460834503174
1988,0.0005279185018232304,0.0028098556213080883,0.022404978,0.053008072,0.9934855103492737,0.9588078260421753,0.016211114823818207,0.034596364945173264
1989,0.000414629203905034,0.0028949182014912367,0.020134063,0.053804442,0.9947391748428345,0.9575608372688293,0.014940008521080017,0.03404920548200607
1990,0.00046672594478216274,0.0027959411963820457,0.019722983,0.05287666,0.9949517846107483,0.9590117931365967,0.014296901412308216,0.034698422998189926
1991,0.0007615829632744532,0.0027212381828576326,0.022194926,0.05216549,0.9936071038246155,0.9601069688796997,0.01526557095348835,0.03390735387802124
1992,0.0010357111909384416,0.003553606104105711,0.0321602,0.059612133,0.9865776300430298,0.9479045271873474,0.020782606676220894,0.03842727094888687
1993,0.0006025263792253099,0.003198903752490878,0.023598965,0.05655885,0.9927726984024048,0.9531044363975525,0.01715496927499771,0.03619470074772835
1994,0.0006813266498449428,0.003150477772578597,0.022337187,0.056129117,0.9935248494148254,0.9538143873214722,0.01577737368643284,0.035771314054727554
1995,0.0006446115863086147,0.00305179669521749,0.024590427,0.055243067,0.9921526312828064,0.9552609920501709,0.01790722832083702,0.03708101809024811
1996,0.000613250262342097,0.0031761378049850464,0.024326744,0.056357235,0.9923200607299805,0.9534381628036499,0.017461514100432396,0.03683985769748688
1997,0.0004894599389279557,0.0031168097630143166,0.021972625,0.055828396,0.9937345385551453,0.9543079137802124,0.01621360518038273,0.037272464483976364
1998,0.0005262080243979158,0.0030389369931071997,0.021678293,0.055126555,0.993901252746582,0.9554495215415955,0.016125217080116272,0.03571410849690437
1999,0.0005205633864203595,0.003000499913468957,0.022487996,0.05477682,0.9934371709823608,0.956013023853302,0.016466623172163963,0.03638775274157524
2000,0.0005031697632644368,0.0027840551920235157,0.022285162,0.052764148,0.9935550093650818,0.9591860771179199,0.015798136591911316,0.034142933785915375
