Epoch,Train_Loss,Test_Loss,Train_RMSE,Test_RMSE,Train_R2,Test_R2,Train_MAE,Test_MAE
1,0.07178108910606666,0.06156541407108307,0.26804617,0.2481238,0.02096271514892578,0.1993863582611084,0.214540496468544,0.1975768804550171
2,0.053613472560589966,0.053251657634973526,0.23179176,0.23076321,0.26789045333862305,0.3075007200241089,0.1842319667339325,0.1834138184785843
3,0.0495785910805518,0.05055158957839012,0.2218674,0.22483681,0.32924020290374756,0.342613160610199,0.17674311995506287,0.1810937523841858
4,0.048390612937510014,0.046061694622039795,0.21953961,0.21461989,0.34324127435684204,0.4010010361671448,0.17571783065795898,0.16972941160202026
5,0.04380057925697078,0.04576520249247551,0.2092446,0.21392804,0.4033927321434021,0.4048566222190857,0.16510914266109467,0.16560238599777222
6,0.04267792975191365,0.04195702075958252,0.20605047,0.20483413,0.4214681386947632,0.4543793201446533,0.16323566436767578,0.15973912179470062
7,0.04302553739398718,0.04096916317939758,0.20726396,0.2024084,0.41463375091552734,0.46722567081451416,0.16405586898326874,0.16248267889022827
8,0.03975103998726064,0.04055297374725342,0.19974707,0.2013777,0.4563230276107788,0.4726378917694092,0.15781226754188538,0.15783174335956573
9,0.0394979618828405,0.03760068118572235,0.19821244,0.19390896,0.4646449685096741,0.5110303163528442,0.1561880111694336,0.15041065216064453
10,0.038454283367503776,0.03599134460091591,0.19607437,0.18971385,0.4761321544647217,0.5319586396217346,0.1542523056268692,0.14900712668895721
11,0.03792647754942829,0.03709136322140694,0.1926721,0.19259118,0.494154691696167,0.5176537036895752,0.15121373534202576,0.1493145078420639
12,0.03686166931451722,0.03661199286580086,0.19143876,0.1913426,0.5006100535392761,0.523887574672699,0.15030260384082794,0.1520977020263672
13,0.03779313514347781,0.03527447581291199,0.19351242,0.18781501,0.48973262310028076,0.54128098487854,0.15159368515014648,0.1505252718925476
14,0.035191427831622685,0.03609151393175125,0.18747093,0.18997768,0.5210965871810913,0.5306559801101685,0.14709827303886414,0.14350099861621857
15,0.03506116937337951,0.0336993969976902,0.18673405,0.18357396,0.5248539447784424,0.5617637634277344,0.14524118602275848,0.14173834025859833
16,0.033446511084383186,0.03267143666744232,0.18358147,0.18075243,0.5407620668411255,0.5751315951347351,0.14370763301849365,0.1423012614250183
17,0.03326642636040395,0.0319102481007576,0.18125099,0.1786344,0.5523476600646973,0.5850303173065186,0.14051353931427002,0.1378776729106903
18,0.031227790581231766,0.031535301357507706,0.17706953,0.17758182,0.5727640986442566,0.5899062156677246,0.1374877542257309,0.13907743990421295
19,0.03360553902827881,0.03044234961271286,0.18211731,0.17447737,0.5480581521987915,0.6041193008422852,0.1414118856191635,0.134461909532547
20,0.03135394385423173,0.030466575175523758,0.1763558,0.17454678,0.5762014389038086,0.6038042306900024,0.1374647170305252,0.13628605008125305
21,0.032642406919463116,0.031903594732284546,0.18074138,0.17861578,0.554861307144165,0.5851168036460876,0.14044277369976044,0.14215350151062012
22,0.03143434510142966,0.03121142089366913,0.17721908,0.17666754,0.5720421075820923,0.594118058681488,0.1371239870786667,0.13946112990379333
23,0.030860924669964748,0.02986164204776287,0.17445472,0.17280522,0.5852890610694885,0.611670970916748,0.13441455364227295,0.13467177748680115
24,0.029862882823429325,0.028904927894473076,0.17326768,0.1700145,0.5909134149551392,0.6241123676300049,0.1334560215473175,0.1316797286272049
25,0.03006624650548805,0.02849395014345646,0.17386389,0.16880152,0.5880932807922363,0.6294568181037903,0.13467177748680115,0.1299988180398941
26,0.02947479249401526,0.02965892106294632,0.17121516,0.17221765,0.6005480885505676,0.6143072247505188,0.13201682269573212,0.13182362914085388
27,0.029433186335319824,0.02858397550880909,0.17182134,0.16906798,0.5977145433425903,0.6282860636711121,0.13270819187164307,0.1297253668308258
28,0.02989579855718396,0.028307678177952766,0.171881,0.16824886,0.5974352359771729,0.6318791508674622,0.1314518004655838,0.13027969002723694
29,0.028415267863734203,0.02895284816622734,0.16844147,0.17015535,0.6133855581283569,0.623489260673523,0.12921081483364105,0.12997840344905853
30,0.028045698767527938,0.027798723429441452,0.16767062,0.1667295,0.6169159412384033,0.6384977102279663,0.12893810868263245,0.1280296891927719
31,0.029467763463881882,0.028830021619796753,0.17176665,0.16979407,0.5979706048965454,0.6250864267349243,0.1299268752336502,0.12820035219192505
32,0.02803410149433396,0.02758411318063736,0.16664867,0.16608466,0.6215715408325195,0.6412885785102844,0.12693361937999725,0.12658922374248505
33,0.027912362944334745,0.028366049751639366,0.16706082,0.16842224,0.6196974515914917,0.6311200857162476,0.12715134024620056,0.1305672526359558
34,0.027098011902787468,0.02693563885986805,0.16481334,0.16412081,0.6298611164093018,0.6497215032577515,0.12607797980308533,0.12722456455230713
35,0.02777265448292548,0.02819039300084114,0.16658562,0.16789994,0.6218578815460205,0.6334043741226196,0.1272517889738083,0.1288822591304779
36,0.027022475757720796,0.02883383072912693,0.16300632,0.16980527,0.6379330158233643,0.6250369548797607,0.12366662174463272,0.1285853087902069
37,0.029054846868596294,0.02906474657356739,0.16914445,0.17048386,0.6101517677307129,0.6220340132713318,0.12864908576011658,0.13111642003059387
38,0.027482250705361366,0.02697661891579628,0.16592345,0.1642456,0.624858021736145,0.6491886377334595,0.12833325564861298,0.12163129448890686
39,0.026845634618604727,0.026271125301718712,0.16353206,0.1620837,0.6355936527252197,0.6583630442619324,0.12388307601213455,0.12152116000652313
40,0.026772645259784025,0.026538066565990448,0.16378723,0.1629051,0.6344555616378784,0.6548916101455688,0.12483297288417816,0.12246209383010864
41,0.027286458019675178,0.02733669802546501,0.16504803,0.16533814,0.6288061738014221,0.64450603723526,0.12498487532138824,0.12453298270702362
42,0.02675682860849933,0.026570158079266548,0.16440417,0.16300356,0.6316965818405151,0.6544743180274963,0.12565110623836517,0.12296859174966812
43,0.026418254583735357,0.026293765753507614,0.16225106,0.16215351,0.6412804126739502,0.6580686569213867,0.12283211946487427,0.12225765734910965
44,0.027071937897496602,0.026290467008948326,0.16520208,0.16214335,0.6281129121780396,0.6581115126609802,0.12555810809135437,0.11848898231983185
45,0.02751967797733166,0.026584673672914505,0.16593602,0.16304807,0.6248011589050293,0.6542855501174927,0.12443789094686508,0.12605224549770355
46,0.025746709540147673,0.025972086936235428,0.16040036,0.16115858,0.6494171023368835,0.6622518301010132,0.12083671987056732,0.12200688570737839
47,0.025046259672804314,0.025377307087183,0.15909746,0.15930256,0.6550893783569336,0.6699864864349365,0.12022287398576736,0.11960268020629883
48,0.02638873968019404,0.02652468904852867,0.161719,0.16286401,0.6436291933059692,0.655065655708313,0.12098772078752518,0.12489283829927444
49,0.026422330855645916,0.025834666565060616,0.16229215,0.16073166,0.6410986185073853,0.664038896560669,0.12365749478340149,0.12231437861919403
50,0.02584662140262398,0.025706300511956215,0.16007654,0.16033185,0.6508311629295349,0.6657081842422485,0.12112782895565033,0.11780340224504471
51,0.02655576952648434,0.028075894340872765,0.16152206,0.16755864,0.6444965600967407,0.6348932981491089,0.12219288945198059,0.1326022893190384
52,0.02629966714250093,0.02728419564664364,0.16179992,0.16517928,0.6432723999023438,0.6451888084411621,0.12178774178028107,0.1259433478116989
53,0.026522597425024618,0.025720937177538872,0.16264805,0.16037749,0.6395227909088135,0.6655178070068359,0.12276443094015121,0.12112966924905777
54,0.024784698997708885,0.026887034997344017,0.15769266,0.16397268,0.6611534953117371,0.6503535509109497,0.11815096437931061,0.12563566863536835
55,0.024738162840631874,0.023984570056200027,0.15695289,0.15486953,0.6643252372741699,0.6880980730056763,0.11746619641780853,0.11357545107603073
56,0.024769558147950607,0.02529221959412098,0.15744768,0.15903528,0.6622054576873779,0.6710929870605469,0.1182018592953682,0.1182553842663765
57,0.024494385177438908,0.024620046839118004,0.15663365,0.15690777,0.6656893491744995,0.6798341274261475,0.11578095704317093,0.11601002514362335
58,0.02466009796427732,0.023870453238487244,0.15649599,0.15450066,0.666276752948761,0.6895820498466492,0.116867795586586,0.11426621675491333
59,0.02459491433745081,0.02469193935394287,0.15587775,0.15713668,0.6689082384109497,0.6788992285728455,0.11638911813497543,0.11995808035135269
60,0.02462322370741855,0.024062342941761017,0.1563122,0.15512042,0.667060136795044,0.6870867013931274,0.11689059436321259,0.1140885129570961
61,0.024563731498677622,0.02469613216817379,0.15685837,0.15715003,0.6647294163703918,0.678844690322876,0.11763648688793182,0.11979082971811295
62,0.024855923965911974,0.02444789558649063,0.15608388,0.15635823,0.6680320501327515,0.6820728182792664,0.11609220504760742,0.11795766651630402
63,0.023826675764708358,0.02400154061615467,0.1536884,0.15492432,0.6781435012817383,0.6878772974014282,0.1155892163515091,0.11461810767650604
64,0.02433201806111769,0.024128518998622894,0.15475523,0.15533358,0.6736596822738647,0.6862260699272156,0.1153421700000763,0.11687738448381424
65,0.024199187903749673,0.024664470925927162,0.15492353,0.15704927,0.6729495525360107,0.6792564392089844,0.11586375534534454,0.11827769875526428
66,0.02471666861410168,0.02471955679357052,0.15590908,0.15722455,0.668775200843811,0.678540050983429,0.11564664542675018,0.11873134970664978
67,0.023364608239551835,0.02393176220357418,0.15219563,0.15469894,0.6843655109405518,0.6887847781181335,0.11263667792081833,0.11657961457967758
68,0.023026907075704497,0.02352103218436241,0.15133597,0.15336569,0.6879211068153381,0.6941260099411011,0.11180564761161804,0.11414185166358948
69,0.023393770277669482,0.023105638101696968,0.15233196,0.15200539,0.6837998032569885,0.69952791929245,0.11295491456985474,0.11301953345537186
70,0.024479335893622854,0.024617288261651993,0.15607041,0.15689898,0.6680892705917358,0.6798700094223022,0.11610162258148193,0.12263626605272293
71,0.022847690259699117,0.02338279038667679,0.15154304,0.15291433,0.6870665550231934,0.6959237456321716,0.11336744576692581,0.11194678395986557
72,0.023571941620585592,0.024140624329447746,0.15406583,0.15537255,0.6765607595443726,0.6860686540603638,0.11474908888339996,0.11582266539335251
73,0.022721155631271275,0.022703230381011963,0.15090474,0.15067592,0.6896970868110657,0.7047609090805054,0.11120354384183884,0.11241554468870163
74,0.023318200816654346,0.023173216730356216,0.15315217,0.1522275,0.6803855895996094,0.6986491084098816,0.11332400888204575,0.10965695977210999
75,0.02234616820615801,0.023642735555768013,0.14992175,0.15376194,0.6937265396118164,0.6925433874130249,0.11096304655075073,0.10914129763841629
76,0.023718750188973816,0.02422505058348179,0.15424247,0.15564398,0.675818681716919,0.6849707365036011,0.11413280665874481,0.11353521049022675
77,0.022885917812924494,0.02370610274374485,0.15188132,0.15396786,0.685667872428894,0.6917192935943604,0.11172225326299667,0.11319416016340256
78,0.02263650255785747,0.0237357746809721,0.15099567,0.15406421,0.6893230080604553,0.6913334131240845,0.11247718334197998,0.11378570646047592
79,0.022622656309977174,0.02231983095407486,0.15121634,0.14939824,0.6884142756462097,0.7097467184066772,0.11142025887966156,0.1070074662566185
80,0.021492235743525354,0.02197456546127796,0.14685299,0.14823821,0.7061364650726318,0.7142367362976074,0.10695545375347137,0.1101163700222969
81,0.021867476594211024,0.022865988314151764,0.14759229,0.15121505,0.7031702995300293,0.7026443481445312,0.10868534445762634,0.11046436429023743
82,0.022271037906069647,0.021968789398670197,0.1496106,0.14821872,0.6949965357780457,0.7143118381500244,0.11006540805101395,0.10724098235368729
83,0.023375882745974443,0.022767964750528336,0.15211567,0.15089057,0.6846970915794373,0.7039191126823425,0.11198152601718903,0.10973493754863739
84,0.022444837578487666,0.023516209796071053,0.14966077,0.15334997,0.6947919130325317,0.6941887140274048,0.11123459041118622,0.11142214387655258
85,0.02235318534076214,0.024296959862113,0.1482935,0.15587482,0.700343132019043,0.6840356588363647,0.10890910029411316,0.11916255205869675
86,0.02242368635382842,0.02231490984559059,0.14810911,0.14938176,0.7010878324508667,0.709810733795166,0.10947296023368835,0.1098504364490509
87,0.022020524558187884,0.023636886849999428,0.14747918,0.15374292,0.7036250829696655,0.6926193833351135,0.10928360372781754,0.11563092470169067
88,0.02306871365925128,0.02175058238208294,0.15069813,0.14748079,0.6905462741851807,0.7171494364738464,0.11004484444856644,0.1067560538649559
89,0.021554491863670675,0.02284673973917961,0.1448335,0.15115137,0.7141631841659546,0.7028946876525879,0.10597306489944458,0.11095502227544785
90,0.02210666956803338,0.02215992659330368,0.14825775,0.14886211,0.7004875540733337,0.7118262052536011,0.10824739187955856,0.11186012625694275
91,0.021773185030641882,0.022748684510588646,0.14786622,0.15082668,0.7020674347877502,0.7041698098182678,0.10947627574205399,0.1109473779797554
92,0.02180820832621645,0.02207440324127674,0.14749533,0.14857458,0.7035601139068604,0.7129383683204651,0.10857076197862625,0.1056777685880661
93,0.020811451302671976,0.022530891001224518,0.14419408,0.15010293,0.7166815400123596,0.7070021033287048,0.10495301336050034,0.109211765229702
94,0.021369016348299654,0.021764734759926796,0.14609769,0.14752875,0.7091515064239502,0.7169654369354248,0.10747939348220825,0.10619582235813141
95,0.021679174154996872,0.021348314359784126,0.14663103,0.14611062,0.707024097442627,0.7223806381225586,0.1072297915816307,0.10725150257349014
96,0.021405564684590154,0.027483925223350525,0.14538333,0.16578276,0.7119888663291931,0.6425914764404297,0.10679896920919418,0.12548710405826569
97,0.029616810974072327,0.027123751118779182,0.17242591,0.1646929,0.5948786735534668,0.6472752690315247,0.13258665800094604,0.12646985054016113
98,0.02638050638647242,0.025678031146526337,0.1610053,0.16024366,0.6467676758766174,0.6660758256912231,0.12013837695121765,0.12440867722034454
99,0.025203430114991286,0.02370430715382099,0.15926358,0.15396203,0.6543687582015991,0.6917426586151123,0.12008083611726761,0.11531303077936172
100,0.02496894053183496,0.025195162743330002,0.15853882,0.15872984,0.6575073003768921,0.6723551750183105,0.11808126419782639,0.1178193986415863
101,0.02390322567556392,0.024170156568288803,0.15339859,0.15546754,0.6793562173843384,0.6856846213340759,0.11282019317150116,0.11427674442529678
102,0.02333201643672179,0.02386515960097313,0.15153672,0.15448353,0.6870926022529602,0.6896508932113647,0.11168765276670456,0.11659391224384308
103,0.023448579013347626,0.022838614881038666,0.15392339,0.1511245,0.6771584749221802,0.7030003666877747,0.11434072256088257,0.11331801861524582
104,0.022585557435046543,0.023612050339579582,0.14920336,0.15366213,0.6966546773910522,0.6929423809051514,0.1102503091096878,0.1131918802857399
105,0.023111371873793276,0.022231971845030785,0.15148444,0.1491039,0.6873084306716919,0.7108893394470215,0.11181296408176422,0.10882355272769928
106,0.022859287130731074,0.02242441475391388,0.15094255,0.14974783,0.6895415782928467,0.7083867192268372,0.11132313311100006,0.11109288036823273
107,0.022547554584558715,0.021997787058353424,0.14960743,0.14831652,0.6950094699859619,0.7139346599578857,0.10900488495826721,0.11125490069389343
108,0.021540355233644896,0.02472040057182312,0.14657387,0.15722723,0.7072525024414062,0.6785291433334351,0.10823452472686768,0.11869172751903534
109,0.022460473934188485,0.022964399307966232,0.14726491,0.1515401,0.7044855952262878,0.7013646364212036,0.10724259167909622,0.10891356319189072
110,0.021673229777000168,0.021311787888407707,0.14656468,0.14598557,0.7072892189025879,0.7228556275367737,0.10694856941699982,0.10727020353078842
111,0.02143892159008167,0.02264680340886116,0.14583333,0.15048856,0.7102031707763672,0.70549476146698,0.10745647549629211,0.11086376756429672
112,0.0206709340299395,0.02128901146352291,0.14372109,0.14590755,0.7185372114181519,0.7231518030166626,0.10564874857664108,0.10810887068510056
113,0.021788248898122798,0.0226728655397892,0.14710055,0.15057512,0.7051448822021484,0.7051557898521423,0.10785091668367386,0.11574151366949081
114,0.02142874680628831,0.021230535581707954,0.14639986,0.14570703,0.7079471945762634,0.723912239074707,0.10863887518644333,0.1085210070014
115,0.020384049805050545,0.02283935248851776,0.14308138,0.15112694,0.7210371494293213,0.7029907703399658,0.10505250841379166,0.10722195357084274
116,0.021525936264714055,0.02082429639995098,0.14677414,0.14430627,0.7064520120620728,0.7291951179504395,0.1080138236284256,0.1056872308254242
117,0.020456713031638752,0.022353723645210266,0.14279473,0.14951162,0.7221538424491882,0.709306001663208,0.10557229816913605,0.10809467732906342
118,0.019998959710144183,0.020443513989448547,0.14169134,0.14298083,0.726431131362915,0.7341468930244446,0.10383028537034988,0.10593368858098984
119,0.019950369457629593,0.021294264122843742,0.14175579,0.14592555,0.726182222366333,0.72308349609375,0.10347562283277512,0.10325312614440918
120,0.019937509586187927,0.021773960441350937,0.14181922,0.14756003,0.7259371280670166,0.7168453931808472,0.1037733405828476,0.10917257517576218
121,0.02000346561809155,0.019611654803156853,0.1418958,0.14004162,0.7256410121917725,0.744964599609375,0.10396962612867355,0.10119765251874924
122,0.019196767783300442,0.020981453359127045,0.13769104,0.14484976,0.7416601181030273,0.7271513938903809,0.09976637363433838,0.10491734743118286
123,0.020554479042237454,0.02058008313179016,0.14361598,0.1434576,0.7189487218856812,0.7323709726333618,0.10484254360198975,0.1036396473646164
124,0.01865953037684614,0.020746808499097824,0.13663264,0.14403753,0.7456164360046387,0.7302027940750122,0.09884070605039597,0.10472645610570908
125,0.01911049905571748,0.02176850102841854,0.1385282,0.14754152,0.7385091781616211,0.7169163823127747,0.10108285397291183,0.1088428944349289
126,0.019235666523772208,0.01986956223845482,0.1382862,0.14095944,0.7394219636917114,0.7416107654571533,0.10079293698072433,0.1011681854724884
127,0.0196572404820472,0.02086751163005829,0.14102525,0.14445591,0.7289972305297852,0.7286331057548523,0.1039649248123169,0.1043979823589325
128,0.01871080438352444,0.021603863686323166,0.13663116,0.14698254,0.745621919631958,0.7190573811531067,0.0996362566947937,0.10817306488752365
129,0.01936999249102717,0.019846966490149498,0.13852917,0.14087926,0.7385055422782898,0.741904616355896,0.10152962058782578,0.10177899897098541
130,0.01855945684523745,0.02011978067457676,0.13457182,0.14184421,0.7532323598861694,0.7383568286895752,0.097694993019104,0.10102314502000809
131,0.01898515842516314,0.018814699724316597,0.13645718,0.1371667,0.7462694644927979,0.7553284168243408,0.09980670362710953,0.09834297001361847
132,0.018923514691943474,0.01825406402349472,0.13737386,0.1351076,0.7428489923477173,0.762619137763977,0.0998353660106659,0.09539755433797836
133,0.01853251501663842,0.01991085521876812,0.13584201,0.14110583,0.7485519647598267,0.741073727607727,0.09800352156162262,0.10112397372722626
134,0.01932995148341764,0.01896178536117077,0.13932718,0.1377018,0.7354841232299805,0.7534157037734985,0.10219776630401611,0.09836442768573761
135,0.018020723512480883,0.018222378566861153,0.13398798,0.13499029,0.7553688287734985,0.7630311846733093,0.09602992981672287,0.0969170480966568
136,0.01701727172952484,0.018266767263412476,0.13063833,0.1351546,0.7674473524093628,0.7624539136886597,0.09446700662374496,0.0980820432305336
137,0.017841190671209584,0.018157215788960457,0.13291039,0.13474871,0.7592878937721252,0.763878583908081,0.09564224630594254,0.10004227608442307
138,0.016958727734163404,0.01823648251593113,0.13099658,0.13504252,0.7661701440811157,0.7628477811813354,0.0944952741265297,0.09507521241903305
139,0.01677763004871932,0.01890440285205841,0.1297254,0.13749328,0.7706862688064575,0.7541619539260864,0.09409505128860474,0.09868954867124557
140,0.017245824364098637,0.017833108082413673,0.13074975,0.13354066,0.7670505046844482,0.7680933475494385,0.09453394263982773,0.09920335561037064
141,0.017101973930204458,0.0180694330483675,0.12981427,0.13442259,0.7703719139099121,0.7650201320648193,0.09412290155887604,0.09764551371335983
142,0.016869275788353247,0.017593760043382645,0.12992696,0.13264146,0.7699730396270752,0.7712059020996094,0.09425263851881027,0.09628859162330627
143,0.017087775727056644,0.018617399036884308,0.13146187,0.1364456,0.7645061016082764,0.7578942179679871,0.0947083905339241,0.09657599031925201
144,0.017325310481034896,0.01785009726881981,0.13182083,0.13360426,0.7632182836532593,0.7678723931312561,0.09460561722517014,0.09712660312652588
145,0.016981014092876154,0.015678511932492256,0.1281398,0.12521386,0.7762576937675476,0.7961122989654541,0.09227457642555237,0.08778449147939682
146,0.016309700038453393,0.017668813467025757,0.12746254,0.1329241,0.7786165475845337,0.7702298760414124,0.09288398921489716,0.09370448440313339
147,0.016179593618620525,0.017343461513519287,0.12743686,0.13169457,0.7787057161331177,0.7744608521461487,0.09185126423835754,0.09763537347316742
148,0.016236300220374356,0.015965072438120842,0.12606671,0.12635298,0.7834386825561523,0.7923858165740967,0.09076999127864838,0.09056241810321808
149,0.016597508304667743,0.015436941757798195,0.12813099,0.12424549,0.7762884497642517,0.7992537617683411,0.09254317730665207,0.0902727022767067
150,0.01741475199179893,0.01666928268969059,0.129968,0.12910958,0.7698277831077576,0.7832280397415161,0.09459267556667328,0.09275056421756744
151,0.016537122153253717,0.015354699455201626,0.12847829,0.12391408,0.7750740647315979,0.8003232479095459,0.0924474447965622,0.0890996903181076
152,0.01592172534120354,0.015677865594625473,0.12582532,0.12521128,0.784267246723175,0.7961207032203674,0.08930934220552444,0.09310030937194824
153,0.015364549810659479,0.017240870743989944,0.123716235,0.1313045,0.7914388179779053,0.7757949233055115,0.08872433751821518,0.09621215611696243
154,0.015386680712584744,0.01510679256170988,0.12439962,0.122909695,0.7891283631324768,0.8035471439361572,0.09014797955751419,0.08703829348087311
155,0.01476948096586222,0.015666138380765915,0.12171944,0.12516445,0.79811692237854,0.7962732315063477,0.08640657365322113,0.09142905473709106
156,0.015096316061151976,0.016979293897747993,0.12250143,0.13030462,0.7955145835876465,0.779196560382843,0.08833197504281998,0.09049595892429352
157,0.0157463804776357,0.01597999408841133,0.12558474,0.126412,0.7850914001464844,0.792191743850708,0.08965427428483963,0.09185737371444702
158,0.015056165908886627,0.019617658108472824,0.12211038,0.14006305,0.7968180179595947,0.744886577129364,0.086024709045887,0.10466760396957397
159,0.015859908889979124,0.017373982816934586,0.12548196,0.13181041,0.7854430079460144,0.7740639448165894,0.09111940115690231,0.09336651116609573
160,0.014575563508763233,0.014350887387990952,0.12016157,0.11979519,0.8032515645027161,0.8133771419525146,0.08580904453992844,0.08462812006473541
161,0.014799789123406465,0.015965696424245834,0.12183174,0.12635544,0.7977442145347595,0.7923777103424072,0.08723613619804382,0.09261936694383621
162,0.013783588349311189,0.014520862139761448,0.11748921,0.12050254,0.8119055032730103,0.8111667037010193,0.0829351469874382,0.0861724466085434
163,0.013816765202632681,0.015772687271237373,0.118006684,0.12558936,0.8102449774742126,0.7948876619338989,0.08338545262813568,0.08927646279335022
164,0.014355190775611183,0.01327777374535799,0.119016625,0.11522922,0.8069831132888794,0.8273321390151978,0.08459454774856567,0.08351162075996399
165,0.01386955623853613,0.014553590677678585,0.11814648,0.120638266,0.8097951412200928,0.8107410669326782,0.08467958122491837,0.08668557554483414
166,0.0135631490689279,0.013807307928800583,0.117073216,0.1175045,0.8132351636886597,0.8204459547996521,0.08266901224851608,0.08560827374458313
167,0.01337946885773404,0.014047924429178238,0.11498804,0.11852394,0.8198287487030029,0.8173168897628784,0.08101531863212585,0.0856836810708046
168,0.015114092701961372,0.014453190378844738,0.1210341,0.12022143,0.8003839254379272,0.8120467066764832,0.08586526662111282,0.0868634507060051
169,0.014820447530258785,0.01537204347550869,0.11872345,0.12398405,0.8079328536987305,0.8000977039337158,0.08487268537282944,0.09209896624088287
170,0.015140195610001683,0.014288848266005516,0.1231147,0.11953597,0.7934620380401611,0.8141838908195496,0.08678886294364929,0.08572348207235336
171,0.013151896482502872,0.01375704538077116,0.11458468,0.11729043,0.821090579032898,0.821099579334259,0.08182463049888611,0.08462326228618622
172,0.014676324324682355,0.013676959089934826,0.11934722,0.11694853,0.805909276008606,0.8221410512924194,0.08553913235664368,0.08306913822889328
173,0.013787870782173493,0.01503818854689598,0.11712153,0.12263029,0.8130809664726257,0.8044392466545105,0.08371751010417938,0.08800048381090164
174,0.013400012182749131,0.014693792909383774,0.115502186,0.12121796,0.8182139992713928,0.8089178800582886,0.08117294311523438,0.08737044781446457
175,0.013440777388909324,0.016350094228982925,0.11568458,0.12786749,0.8176394104957581,0.7873788475990295,0.0821882039308548,0.0925186276435852
176,0.013528542667204007,0.013552525080740452,0.11651509,0.116415314,0.8150116205215454,0.8237591981887817,0.08110814541578293,0.08555135130882263
177,0.014107267298227684,0.013713817112147808,0.117187425,0.117106006,0.8128705620765686,0.8216617107391357,0.08291113376617432,0.08236560225486755
178,0.013469695589843799,0.015468508936464787,0.11566433,0.12437247,0.8177032470703125,0.7988432049751282,0.08290193974971771,0.08725188672542572
179,0.013721454930915073,0.013907059095799923,0.11681882,0.11792819,0.8140459060668945,0.8191487789154053,0.08237301558256149,0.08267350494861603
180,0.013492293158461425,0.013242688961327076,0.11554455,0.115076885,0.8180806040763855,0.8277884125709534,0.08074746280908585,0.08379071205854416
181,0.012632912225936625,0.014911654405295849,0.11268396,0.12211329,0.8269768357276917,0.8060847520828247,0.08079962432384491,0.08745843172073364
182,0.012305906476368282,0.011791698634624481,0.11016143,0.10858959,0.8346366882324219,0.8466575145721436,0.07792802155017853,0.07654654234647751
183,0.012382213618944992,0.013308237306773663,0.110248916,0.11536133,0.8343738913536072,0.8269360065460205,0.07722639292478561,0.07849755138158798
184,0.01328748694240031,0.012666652910411358,0.11348607,0.11254623,0.8245048522949219,0.8352793455123901,0.07955440878868103,0.08064942061901093
185,0.014410617941228504,0.016515981405973434,0.120117016,0.12851451,0.8033974766731262,0.7852216362953186,0.08563650399446487,0.09163285791873932
186,0.013028464724563739,0.015163146890699863,0.11394663,0.12313874,0.8230774998664856,0.802814245223999,0.07951877266168594,0.08777813613414764
187,0.013920387147333135,0.015105527825653553,0.117749386,0.122904554,0.811071515083313,0.8035635352134705,0.08249136060476303,0.0898277536034584
188,0.013784283539280295,0.013276713900268078,0.11575783,0.11522462,0.8174083828926086,0.8273459672927856,0.08085561543703079,0.08279038220643997
189,0.012174381017261609,0.01208416372537613,0.11039686,0.109928,0.8339291214942932,0.8428542017936707,0.07726851105690002,0.07813719660043716
190,0.012317077023908496,0.012366852723062038,0.110694796,0.11120635,0.8330315351486206,0.8391780257225037,0.07867594063282013,0.07783660292625427
191,0.012501803745346313,0.011894937604665756,0.111677185,0.109063916,0.830054759979248,0.8453149795532227,0.07734443247318268,0.07656094431877136
192,0.012233973777090961,0.012359105050563812,0.1101383,0.11117151,0.8347061276435852,0.8392788171768188,0.07674320787191391,0.07853855192661285
193,0.012736599289134821,0.011853346601128578,0.11277597,0.10887307,0.8266941905021667,0.8458558320999146,0.07954903692007065,0.07710262387990952
194,0.011841164044612511,0.01232957374304533,0.10857047,0.11103861,0.8393785953521729,0.8396627902984619,0.07532250881195068,0.07899359613656998
195,0.01117348575710573,0.011804018169641495,0.105890036,0.108646296,0.8472116589546204,0.8464972972869873,0.07475605607032776,0.07633543014526367
196,0.012111846992576664,0.012152350507676601,0.10796061,0.1102377,0.8411779403686523,0.8419674634933472,0.07514555752277374,0.0788087546825409
197,0.013796784830364313,0.013205213472247124,0.117089815,0.11491394,0.8131821751594543,0.8282757997512817,0.0829424113035202,0.0821293517947197
198,0.01208082067949528,0.012223992496728897,0.11005668,0.11056217,0.8349509835243225,0.8410358428955078,0.0780412033200264,0.08063268661499023
199,0.011986069370653819,0.011934611015021801,0.10961264,0.10924564,0.836280107498169,0.8447990417480469,0.07633748650550842,0.07720863819122314
200,0.012072703896344385,0.012226150371134281,0.11008779,0.11057192,0.834857702255249,0.8410077691078186,0.07519432157278061,0.07830693572759628
201,0.014270103176717053,0.012963059358298779,0.11834675,0.11385543,0.8091497421264648,0.8314248323440552,0.0832410678267479,0.08229589462280273
202,0.011676009966653179,0.012265666387975216,0.10839065,0.11075047,0.8399101495742798,0.84049391746521,0.07571039348840714,0.07737117260694504
203,0.0111342858501964,0.011567843146622181,0.10569732,0.10755391,0.8477672934532166,0.8495686054229736,0.07432771474123001,0.075039342045784
204,0.011027613114988939,0.011902150698006153,0.10528713,0.10909698,0.8489465713500977,0.8452211618423462,0.07427264004945755,0.07665728032588959
205,0.01082535784437575,0.011283980682492256,0.104013585,0.10622608,0.8525786995887756,0.8532600402832031,0.07098560035228729,0.07674731314182281
206,0.012023763794621284,0.012164128944277763,0.10857561,0.110291116,0.8393633365631104,0.8418142795562744,0.07523130625486374,0.07858923077583313
207,0.011575227677398785,0.011471934616565704,0.10674784,0.10710711,0.8447262048721313,0.8508157730102539,0.07424008101224899,0.07588791102170944
208,0.01190803850873966,0.011155282147228718,0.108541645,0.105618566,0.8394638299942017,0.8549336194992065,0.07541191577911377,0.07389367371797562
209,0.0117811591851271,0.011511134915053844,0.108942725,0.107289955,0.8382751941680908,0.8503060340881348,0.07491712272167206,0.07602359354496002
210,0.010365275613201613,0.01279574166983366,0.101036355,0.11311826,0.8608973622322083,0.833600640296936,0.06956540048122406,0.0818897932767868
211,0.010704156847416678,0.011957745999097824,0.10161149,0.109351486,0.859309196472168,0.8444981575012207,0.0703698918223381,0.07512690871953964
212,0.010485249613835053,0.011270887218415737,0.10231644,0.10616444,0.8573502898216248,0.8534302711486816,0.07052161544561386,0.07691971212625504
213,0.010736653761176223,0.011612131260335445,0.10387101,0.1077596,0.8529825806617737,0.848992645740509,0.07262488454580307,0.0773889422416687
214,0.010303715386808935,0.011223805136978626,0.10140721,0.10594246,0.8598743081092834,0.8540425300598145,0.07035933434963226,0.07521875202655792
215,0.009930063176646152,0.0102468216791749,0.098561876,0.10122658,0.8676274418830872,0.8667474985122681,0.06764177978038788,0.0713140144944191
216,0.010288207241418686,0.010523341596126556,0.101057395,0.10258334,0.8608393669128418,0.8631515502929688,0.06985066086053848,0.07302876561880112
217,0.011335027086633172,0.010550460778176785,0.10576224,0.10271543,0.8475801944732666,0.8627989292144775,0.07376758754253387,0.0731600895524025
218,0.010547781363129616,0.011198768392205238,0.10245256,0.10582424,0.856970489025116,0.8543680906295776,0.0710349753499031,0.07484962791204453
219,0.012015831180509518,0.01219114102423191,0.10961649,0.1104135,0.8362686634063721,0.8414630889892578,0.07534706592559814,0.07799102365970612
220,0.010575873724354262,0.010557802394032478,0.102429025,0.10275117,0.8570361733436584,0.8627034425735474,0.07130572944879532,0.07456257194280624
221,0.009655283975668928,0.010777304880321026,0.09632114,0.1038138,0.8735778331756592,0.8598489761352539,0.06708986312150955,0.0728805810213089
222,0.010181986366991292,0.00994960404932499,0.10110389,0.09974771,0.8607113361358643,0.870612621307373,0.06987503170967102,0.06906798481941223
223,0.01029900147113949,0.01009101141244173,0.100388184,0.100454025,0.8626763820648193,0.8687736988067627,0.06902233511209488,0.07129806280136108
224,0.009631561665711079,0.010109891183674335,0.09763554,0.10054796,0.8701039552688599,0.8685281872749329,0.06734175235033035,0.06990846991539001
225,0.009955421354706314,0.009958409704267979,0.09966944,0.09979184,0.864635705947876,0.8704980611801147,0.0686127245426178,0.06927525252103806
226,0.010257285638627682,0.010136115364730358,0.099805385,0.10067828,0.8642661571502686,0.8681871891021729,0.06723197549581528,0.07161878794431686
227,0.01048656339778311,0.010647985152900219,0.10298236,0.10318907,0.8554874062538147,0.8615306615829468,0.07059533149003983,0.07247703522443771
228,0.009392649083482947,0.01146545447409153,0.09622502,0.10707687,0.8738300204277039,0.8509000539779663,0.06659697741270065,0.07420016825199127
229,0.010765500842932273,0.011163458228111267,0.10334487,0.10565727,0.8544682264328003,0.8548272848129272,0.0707002505660057,0.0726560652256012
230,0.010330681318671188,0.010549265891313553,0.10208698,0.10270962,0.8579894304275513,0.8628144264221191,0.0702565535902977,0.07416241616010666
231,0.009462998354468833,0.009448828175663948,0.09696835,0.09720508,0.871873140335083,0.8771248459815979,0.06653750687837601,0.06917845457792282
232,0.009182933405761352,0.009853153489530087,0.09614914,0.09926306,0.8740289211273193,0.8718668818473816,0.06556428968906403,0.06979435682296753
233,0.009532907670787112,0.009499471634626389,0.09653354,0.09746524,0.8730196952819824,0.8764662146568298,0.06494118273258209,0.06866249442100525
234,0.010445806441235949,0.010219193063676357,0.10001253,0.10109003,0.8637021780014038,0.8671067953109741,0.06746234744787216,0.07100722193717957
235,0.00966363745233552,0.01062524039298296,0.09855986,0.10307881,0.8676328659057617,0.8618264198303223,0.06682874262332916,0.07351787388324738
236,0.00931730153652924,0.00986190140247345,0.09529533,0.09930711,0.8762562274932861,0.8717530965805054,0.06564655900001526,0.0679587870836258
237,0.009635927526026287,0.010515037924051285,0.09592125,0.10254286,0.8746253252029419,0.8632595539093018,0.06586668640375137,0.07127556204795837
238,0.009835262698206034,0.009857195429503918,0.09943547,0.09928341,0.8652704954147339,0.8718143105506897,0.06800828874111176,0.06956811994314194
239,0.010234699468128383,0.011900880374014378,0.101507716,0.10909116,0.8595964312553406,0.845237672328949,0.06972517818212509,0.07764030992984772
240,0.009937771088020369,0.010240891948342323,0.09931458,0.101197295,0.8655979037284851,0.8668246269226074,0.06869305670261383,0.0694766566157341
241,0.009288296696137299,0.009538477286696434,0.096643776,0.09766513,0.872729480266571,0.875959038734436,0.06582874059677124,0.06717579811811447
242,0.010357839097692207,0.011442339979112148,0.102102876,0.10696887,0.8579452037811279,0.8512006402015686,0.07003447413444519,0.07714203745126724
243,0.00978744401469488,0.010140075348317623,0.099059895,0.10069794,0.8662863373756409,0.8681356906890869,0.06669733673334122,0.07127605378627777
244,0.009150201243094423,0.010093863122165203,0.095904015,0.10046822,0.8746703863143921,0.8687366247177124,0.06367827951908112,0.07046609371900558
245,0.008813091056336734,0.009398994967341423,0.09327076,0.096948415,0.8814583420753479,0.877772867679596,0.06334246695041656,0.06690311431884766
246,0.008633632339875807,0.010047663003206253,0.0923998,0.10023804,0.8836618661880493,0.8693374395370483,0.06317408382892609,0.0703289583325386
247,0.009502427239732986,0.010119562037289143,0.0971553,0.100596026,0.8713786602020264,0.8684024214744568,0.06508085131645203,0.07051219791173935
248,0.008757717616390437,0.009920110926032066,0.09260578,0.09959976,0.8831425905227661,0.8709961175918579,0.0631512850522995,0.0695808157324791
249,0.008688140470026568,0.010035675950348377,0.09346861,0.10017822,0.8809548616409302,0.869493305683136,0.06381385773420334,0.0702424943447113
250,0.009532692810435865,0.009234560653567314,0.09795379,0.09609662,0.869255781173706,0.8799112439155579,0.06626605987548828,0.0676119402050972
251,0.00949176055887206,0.009486772119998932,0.09722053,0.09740006,0.8712058663368225,0.8766313791275024,0.06484197080135345,0.06968025863170624
252,0.009222444612532854,0.009299177676439285,0.092828795,0.096432246,0.8825790882110596,0.8790709376335144,0.06321115046739578,0.0686543732881546
253,0.009471883933821862,0.0089126480743289,0.09779521,0.09440682,0.8696787357330322,0.8840974569320679,0.06891048699617386,0.06652574241161346
254,0.008383123653898523,0.008474878035485744,0.09182319,0.092059106,0.8851093053817749,0.8897903561592102,0.06234437972307205,0.06378762423992157
255,0.009593898441049863,0.009283728897571564,0.09696517,0.096352115,0.8718816041946411,0.8792718052864075,0.06699813157320023,0.06816527992486954
256,0.009139488599347797,0.009790299460291862,0.09567733,0.098945946,0.8752622008323669,0.8726842403411865,0.06508252024650574,0.06935594230890274
257,0.010348088986409659,0.009841914288699627,0.10034895,0.09920643,0.862783670425415,0.8720130324363708,0.06819844245910645,0.06988443434238434
258,0.009567417236129668,0.008993118070065975,0.09736249,0.094832055,0.8708294630050659,0.8830510377883911,0.06669698655605316,0.06633227318525314
259,0.00926619244273752,0.009046033956110477,0.09583103,0.09511064,0.8748610615730286,0.8823629021644592,0.06587258726358414,0.06648415327072144
260,0.008691167358351364,0.009995689615607262,0.09368279,0.09997844,0.8804086446762085,0.8700132966041565,0.06432144343852997,0.06795026361942291
261,0.009506037839773026,0.010099774226546288,0.09668024,0.10049763,0.8726333975791931,0.8686597347259521,0.06486634910106659,0.06906294077634811
262,0.008273187940093603,0.00941013265401125,0.09120138,0.097005844,0.886660099029541,0.8776280283927917,0.06198566034436226,0.06768173724412918
263,0.008291803469712084,0.007780879735946655,0.09002601,0.0882093,0.8895626068115234,0.8988152742385864,0.06197362020611763,0.06281203031539917
264,0.008458633568476547,0.009627718478441238,0.09201477,0.09812094,0.8846294283866882,0.8747984766960144,0.062422990798950195,0.07006992399692535
265,0.007992994617035782,0.009046293795108795,0.08868853,0.095112,0.8928197026252747,0.882359504699707,0.06028692424297333,0.06678619235754013
266,0.00906946295237338,0.008713156916201115,0.095210426,0.0933443,0.8764766454696655,0.886691689491272,0.06374198943376541,0.06497527658939362
267,0.007919510699469934,0.009032508358359337,0.08935813,0.09503951,0.8911951780319214,0.8825387954711914,0.06019262596964836,0.06607067584991455
268,0.008607133429243484,0.010767986997961998,0.091206014,0.10376891,0.8866485953330994,0.8599701523780823,0.062073901295661926,0.07567879557609558
269,0.009848160081839358,0.009626050479710102,0.09697729,0.09811244,0.871849536895752,0.8748201727867126,0.06589813530445099,0.06826423853635788
270,0.00916086361658844,0.009040199220180511,0.09535495,0.095079966,0.8761013746261597,0.8824387192726135,0.06514592468738556,0.06798116862773895
271,0.008436415884220465,0.008848726749420166,0.09173333,0.09406768,0.8853340744972229,0.8849287033081055,0.062288787215948105,0.0658998042345047
272,0.008402417064644396,0.009601457975804806,0.09189205,0.097987026,0.8849369287490845,0.8751400113105774,0.06253597140312195,0.06681502610445023
273,0.0073215537387031045,0.008486936800181866,0.08572824,0.092124574,0.8998553156852722,0.8896335363388062,0.05852176249027252,0.0651712417602539
274,0.007680595661936836,0.008345694281160831,0.08699505,0.09135477,0.8968737721443176,0.8914703130722046,0.0585918202996254,0.06443605571985245
275,0.007609891070222313,0.009439247660338879,0.08638118,0.09715579,0.8983240127563477,0.8772494196891785,0.059206847101449966,0.06684552878141403
276,0.007880406263707713,0.009271959774196148,0.08894725,0.09629102,0.8921934366226196,0.8794248700141907,0.06058749184012413,0.06844247877597809
277,0.008147141345861282,0.008644052781164646,0.09063362,0.092973396,0.888066828250885,0.8875903487205505,0.061580173671245575,0.06552446633577347
278,0.008078327021476898,0.009695107117295265,0.08884909,0.09846374,0.8924312591552734,0.8739221692085266,0.059617236256599426,0.0695088729262352
279,0.008485735806805844,0.008733604103326797,0.09266016,0.09345376,0.8830053210258484,0.886425793170929,0.06334983557462692,0.06525734812021255
280,0.007150225071448155,0.008595388382673264,0.083890766,0.092711315,0.9041022658348083,0.8882231712341309,0.057912033051252365,0.06437545269727707
281,0.007969075549309227,0.00949549488723278,0.089740485,0.09744483,0.8902620673179626,0.8765179514884949,0.05946196988224983,0.06906923651695251
282,0.00754232042659582,0.008245674893260002,0.0867058,0.0908057,0.8975583910942078,0.8927709460258484,0.0599469318985939,0.06509300321340561
283,0.0074673952344297,0.008333316072821617,0.08506224,0.091287,0.9014052748680115,0.8916312456130981,0.05822650343179703,0.0632346048951149
284,0.0075070805561898105,0.008173118345439434,0.084744655,0.09040531,0.9021401405334473,0.8937144875526428,0.05766389146447182,0.06301108002662659
285,0.007655531538396396,0.00819279532879591,0.08779257,0.090514064,0.8949742913246155,0.8934586048126221,0.0586414597928524,0.06460500508546829
286,0.008765864228321747,0.008197448216378689,0.092014395,0.09053976,0.8846303224563599,0.893398106098175,0.06216052919626236,0.06405394524335861
287,0.007592084817588329,0.007926549762487411,0.08703582,0.08903117,0.8967770934104919,0.8969209790229797,0.05922515317797661,0.06206725165247917
288,0.00672548166370358,0.008600281551480293,0.08098557,0.092737705,0.9106292724609375,0.8881595730781555,0.05494290217757225,0.06528694927692413
289,0.007803948638452725,0.009502029046416283,0.08874908,0.09747836,0.8926732540130615,0.8764330148696899,0.05953284725546837,0.06708569824695587
290,0.006643299611327661,0.007356440182775259,0.081208676,0.08576969,0.9101361632347107,0.9043348431587219,0.05590185895562172,0.06036932393908501
291,0.008284574120559475,0.008718517608940601,0.089272015,0.093373,0.8914047479629517,0.8866220116615295,0.05997598171234131,0.0666709765791893
292,0.007921609233810821,0.010167636908590794,0.08941027,0.1008347,0.891068160533905,0.8677772283554077,0.06097811087965965,0.07144887745380402
293,0.007481122733390128,0.007573334034532309,0.08573484,0.087024905,0.8998398780822754,0.9015142917633057,0.05817128345370293,0.062483545392751694
294,0.007646150913470509,0.008261686190962791,0.0865984,0.09089382,0.897812008857727,0.892562747001648,0.05757392570376396,0.06432164460420609
295,0.007246286878150634,0.007675583474338055,0.085127525,0.08761041,0.901253879070282,0.9001845717430115,0.05757720023393631,0.06197461858391762
296,0.00728534278459847,0.0138434749096632,0.083375745,0.117658295,0.9052761197090149,0.8199756145477295,0.05629672482609749,0.08324583619832993
297,0.021165218691087583,0.01759454421699047,0.14568444,0.13264443,0.7107946276664734,0.7711957097053528,0.1047915443778038,0.0952240601181984
298,0.014966340481557629,0.014043941162526608,0.12288473,0.11850713,0.7942329049110413,0.817368745803833,0.08581332862377167,0.08304433524608612
299,0.01369608571456576,0.011895181611180305,0.11319658,0.10906504,0.8253990411758423,0.8453117609024048,0.07746525853872299,0.07739803194999695
300,0.010898246556859125,0.011732863262295723,0.104217805,0.108318344,0.8519992828369141,0.8474225997924805,0.07214955240488052,0.07370755076408386
301,0.010031852193854073,0.008787313476204872,0.100477695,0.093740664,0.8624314069747925,0.8857273459434509,0.06937660276889801,0.06428501754999161
302,0.009864976460283453,0.00913015753030777,0.0945482,0.09555186,0.878188967704773,0.8812689185142517,0.06270043551921844,0.06690101325511932
303,0.00843706125901504,0.009343801997601986,0.091894984,0.09666334,0.8849295973777771,0.8784906268119812,0.062009625136852264,0.06633896380662918
304,0.008788415273143486,0.009104383178055286,0.09399623,0.09541689,0.879607081413269,0.8816040754318237,0.0631408542394638,0.0678328275680542
305,0.008491956078532066,0.009081675671041012,0.09261549,0.09529783,0.8831180930137634,0.881899356842041,0.06189770624041557,0.06507323682308197
306,0.007649003803222017,0.008343569934368134,0.08725927,0.09134314,0.8962463736534119,0.8914979100227356,0.05873178318142891,0.06334216147661209
307,0.007833004839168016,0.00784892588853836,0.08735982,0.08859416,0.8960071206092834,0.897930383682251,0.059349991381168365,0.06261815875768661
308,0.007782580357425931,0.008373360149562359,0.087112054,0.091506064,0.8965961933135986,0.8911105394363403,0.059907130897045135,0.06292492896318436
309,0.007544263107278807,0.00702036265283823,0.08701643,0.083787605,0.8968230485916138,0.9087052345275879,0.058455951511859894,0.058419886976480484
310,0.006786039458926429,0.008412105031311512,0.08254683,0.091717534,0.9071502089500427,0.8906066417694092,0.056000374257564545,0.06480710953474045
311,0.008297062066214328,0.008952639997005463,0.090626225,0.094618395,0.888085126876831,0.8835774064064026,0.05981091409921646,0.06572497636079788
312,0.007893746052022007,0.007909676991403103,0.08873217,0.088936366,0.8927142024040222,0.897140383720398,0.059200309216976166,0.06508903205394745
313,0.007148804984436455,0.007115665357559919,0.08419734,0.0843544,0.9034000635147095,0.907465934753418,0.05680195614695549,0.058207396417856216
314,0.007113639894999902,0.008275337517261505,0.08393222,0.09096889,0.9040074348449707,0.8923852443695068,0.05656057223677635,0.06342680752277374
315,0.00710355773546987,0.008890124037861824,0.08404764,0.09428746,0.9037432670593262,0.8843903541564941,0.057270415127277374,0.06412537395954132
316,0.007525534242052923,0.008244439959526062,0.08620459,0.09079891,0.8987393379211426,0.8927870392799377,0.0584120899438858,0.06588201224803925
317,0.006281394982414151,0.008021567948162556,0.07868765,0.08956321,0.915628969669342,0.8956853151321411,0.0539822094142437,0.06218510493636131
318,0.007408977253362536,0.007448125630617142,0.08450459,0.08630253,0.9026937484741211,0.903142511844635,0.05577240511775017,0.06038334593176842
319,0.007058791990857571,0.007511910982429981,0.08403229,0.08667128,0.9037784337997437,0.9023130536079407,0.055803440511226654,0.059835284948349
320,0.006726988067384809,0.008506467565894127,0.08134974,0.09223051,0.9098237156867981,0.8893795609474182,0.05544564872980118,0.0673174113035202
321,0.008125350080345843,0.007398280780762434,0.09022963,0.08601326,0.8890624642372131,0.9037907123565674,0.06103008612990379,0.060316212475299835
322,0.006901580041316761,0.007799133192747831,0.080601536,0.08831271,0.9114748239517212,0.8985779285430908,0.054159149527549744,0.06255832314491272
323,0.006271125272509049,0.006951858289539814,0.07908416,0.0833778,0.9147765636444092,0.9095960855484009,0.055263228714466095,0.059632595628499985
324,0.006395645630122585,0.00766450259834528,0.07852721,0.08754715,0.9159727096557617,0.9003286957740784,0.053249750286340714,0.061779603362083435
325,0.006834543172524057,0.007103875745087862,0.08231301,0.08428449,0.9076755046844482,0.9076192378997803,0.05418817698955536,0.05941076949238777
326,0.006921412518501959,0.006859836168587208,0.08325328,0.08282413,0.9055541753768921,0.9107928276062012,0.056541088968515396,0.06004566326737404
327,0.0065366105885583566,0.007220140192657709,0.08048146,0.08497141,0.911738395690918,0.9061073064804077,0.053889937698841095,0.06003227457404137
328,0.005784850858617574,0.007035823538899422,0.076373406,0.08387981,0.9205188155174255,0.9085041880607605,0.05228717252612114,0.05801419913768768
329,0.005614200352945111,0.00817856751382351,0.074199274,0.09043543,0.924979567527771,0.8936436176300049,0.049659766256809235,0.0631825253367424
330,0.006137453924483535,0.008890250697731972,0.07815625,0.094288126,0.9167647361755371,0.8843887448310852,0.05280071869492531,0.06495197117328644
331,0.006677864029453221,0.00722600519657135,0.08120848,0.08500592,0.9101365804672241,0.9060310125350952,0.055087823420763016,0.05956120416522026
332,0.006932792819994079,0.0073774587363004684,0.08221711,0.08589213,0.9078904986381531,0.904061496257782,0.05464697256684303,0.05988271161913872
333,0.0061467266482809054,0.006690341513603926,0.078410104,0.08179451,0.9162231087684631,0.9129969477653503,0.053269270807504654,0.057797785848379135
334,0.006477071326860989,0.007570027373731136,0.07951418,0.087005906,0.9138472080230713,0.9015572667121887,0.05250808224081993,0.06247895583510399
335,0.006322692153679038,0.007087810430675745,0.079832956,0.08418913,0.9131550788879395,0.907828152179718,0.05505964159965515,0.06086399406194687
336,0.005729103513823991,0.006872209254652262,0.075206585,0.08289879,0.9229288697242737,0.9106318950653076,0.05111857131123543,0.05905551835894585
337,0.006957483054562049,0.008005230687558651,0.08026677,0.08947195,0.9122086763381958,0.8958977460861206,0.053240858018398285,0.06237728148698807
338,0.006314234734004872,0.007859858684241772,0.07952928,0.088655844,0.9138145446777344,0.8977882266044617,0.055687110871076584,0.061508648097515106
339,0.005942587132184682,0.007136915810406208,0.077446476,0.08448027,0.9182696342468262,0.9071896076202393,0.0527118518948555,0.060100097209215164
340,0.005780674495988272,0.006391062401235104,0.07614513,0.07994412,0.9209932088851929,0.9168888330459595,0.051259301602840424,0.05658024549484253
341,0.005085556725548072,0.007184941787272692,0.07124221,0.08476404,0.930840015411377,0.9065650105476379,0.04928623512387276,0.058882929384708405
342,0.005723338616503911,0.0069060553796589375,0.075221844,0.08310267,0.9228975772857666,0.9101917743682861,0.05042818561196327,0.05920876935124397
343,0.005927638034336269,0.007529169321060181,0.07506215,0.08677079,0.9232246279716492,0.9020885825157166,0.05184652656316757,0.06204043701291084
344,0.0067413816207342525,0.006653725169599056,0.08224941,0.08157037,0.907818078994751,0.9134731292724609,0.056895822286605835,0.05568121001124382
345,0.0055656357594257725,0.006946108769625425,0.07471163,0.08334332,0.9239399433135986,0.909670889377594,0.05082239210605621,0.05709919333457947
346,0.005994013881056823,0.00685602892190218,0.07540759,0.08280113,0.9225163459777832,0.9108422994613647,0.05064408481121063,0.05858367308974266
347,0.0058660519902001725,0.006341250147670507,0.0755926,0.07963197,0.9221356511116028,0.9175366163253784,0.05158869922161102,0.055318932980298996
348,0.005624946439638734,0.0075612543150782585,0.074588165,0.08695547,0.9241911768913269,0.9016713500022888,0.05098845809698105,0.06034424155950546
349,0.0062826531621712174,0.006965931039303541,0.07710551,0.08346216,0.9189877510070801,0.9094130992889404,0.05264731124043465,0.05840048938989639
350,0.0064052411418577485,0.006672258954495192,0.07913885,0.0816839,0.9146586656570435,0.9132320880889893,0.05369960516691208,0.05703483521938324
351,0.005729861112988808,0.00717691145837307,0.07549484,0.084716655,0.9223369359970093,0.9066694378852844,0.051912788301706314,0.059884604066610336
352,0.005839813019106673,0.006563392002135515,0.07576535,0.08101477,0.9217793941497803,0.9146478176116943,0.051537949591875076,0.05757945030927658
353,0.005514780202330175,0.006992006674408913,0.0745392,0.083618216,0.924290657043457,0.9090740084648132,0.050608452409505844,0.05951746553182602
354,0.005136105697602034,0.007013825234025717,0.07121223,0.08374859,0.9308981895446777,0.9087902903556824,0.04907110333442688,0.05827627331018448
355,0.00555442969462919,0.006539607886224985,0.074690625,0.08086785,0.9239827394485474,0.9149571061134338,0.05037052929401398,0.058407314121723175
356,0.005914775093763389,0.00612470181658864,0.07433529,0.078260474,0.9247043132781982,0.9203526973724365,0.05106274411082268,0.0552973635494709
357,0.005904936358671297,0.006313681602478027,0.07410341,0.079458684,0.9251733422279358,0.9178951382637024,0.050447773188352585,0.056088030338287354
358,0.0060046143110164185,0.006823490373790264,0.076435335,0.08260442,0.9203898310661316,0.9112654328346252,0.05246920883655548,0.057863667607307434
359,0.006027062158946964,0.006234943401068449,0.07565106,0.07896166,0.9220151901245117,0.9189190864562988,0.05107962340116501,0.055207379162311554
360,0.006222645678049462,0.006509258411824703,0.07720404,0.080679975,0.918780505657196,0.9153518080711365,0.051814284175634384,0.05628795549273491
361,0.005428289095024494,0.0069158547557890415,0.07255859,0.083161615,0.9282606244087219,0.9100643396377563,0.04898948222398758,0.058245908468961716
362,0.005917992485179143,0.006642661523073912,0.07707822,0.08150253,0.9190450310707092,0.9136170148849487,0.05242376774549484,0.057056017220020294
363,0.004984769398685206,0.00654007401317358,0.06805447,0.080870725,0.936890721321106,0.9149510860443115,0.04727889597415924,0.05744381994009018
364,0.005487253677777268,0.0070612309500575066,0.071908765,0.084031135,0.9295397996902466,0.9081737995147705,0.04980876296758652,0.05950545147061348
365,0.005533717498606579,0.0068413629196584225,0.07387064,0.08271254,0.9256426692008972,0.911033034324646,0.05070554092526436,0.05770227313041687
366,0.006076172772075303,0.006572633050382137,0.0771517,0.08107178,0.9188905954360962,0.9145276546478271,0.051302045583724976,0.05638648942112923
367,0.005625603662338108,0.007100321352481842,0.074907154,0.08426341,0.9235413074493408,0.907665491104126,0.050783708691596985,0.05950450897216797
368,0.004977913345845247,0.006512850057333708,0.07041362,0.08070223,0.932439386844635,0.9153050780296326,0.04805842041969299,0.057788312435150146
369,0.005322181799618358,0.006177854258567095,0.07251282,0.07859933,0.9283510446548462,0.9196614623069763,0.0490894541144371,0.05599503964185715
370,0.005416059570217674,0.00822240486741066,0.070688844,0.09067747,0.9319102168083191,0.893073558807373,0.04815790057182312,0.06117956340312958
371,0.0068279441620688885,0.006336115766316652,0.08064629,0.07959972,0.9113764762878418,0.9176033735275269,0.05411236733198166,0.056989558041095734
372,0.006660995989064263,0.007011809386312962,0.08048791,0.083736554,0.9117242693901062,0.9088164567947388,0.05434820055961609,0.059617310762405396
373,0.004993640023960986,0.006763657554984093,0.07050332,0.08224146,0.9322671890258789,0.9120435118675232,0.04947870597243309,0.057077936828136444
374,0.004391284667442299,0.006273883394896984,0.06628191,0.07920785,0.9401354193687439,0.9184126853942871,0.04552889242768288,0.05675268918275833
375,0.004708363785704767,0.006890145130455494,0.06800794,0.083006896,0.936976969242096,0.9103986620903015,0.046058766543865204,0.058104466646909714
376,0.004723103193100542,0.005897671449929476,0.06816308,0.0767963,0.9366890788078308,0.9233050346374512,0.046084485948085785,0.05442900210618973
377,0.004941633362746375,0.005740683060139418,0.0705823,0.07576729,0.9321153163909912,0.9253466129302979,0.04806053265929222,0.053900741040706635
378,0.00544184339444407,0.005837603937834501,0.072930016,0.076404214,0.9275242686271667,0.9240862131118774,0.05007762089371681,0.05344564840197563
379,0.004771796547257426,0.006029691081494093,0.0690005,0.07765109,0.9351239204406738,0.9215882420539856,0.04877787083387375,0.05654254928231239
380,0.004612901322120292,0.006150077097117901,0.06709803,0.07842243,0.9386520981788635,0.92002272605896,0.046112071722745895,0.05517612025141716
381,0.005110904796641658,0.006260870024561882,0.07121228,0.079125665,0.930898129940033,0.9185819029808044,0.05026449263095856,0.054792921990156174
382,0.0049293855369218036,0.006313080433756113,0.069220416,0.0794549,0.9347097277641296,0.917902946472168,0.04719976708292961,0.05471029132604599
383,0.005455324092922224,0.005936117842793465,0.07335018,0.07704621,0.9266867637634277,0.9228050708770752,0.050743479281663895,0.05480077117681503
384,0.004809389732227745,0.005618366878479719,0.069255084,0.07495577,0.934644341468811,0.9269372224807739,0.048031821846961975,0.051690150052309036
385,0.005750921369657259,0.005871532019227743,0.075361304,0.07662592,0.9226114153862,0.9236449599266052,0.04974966123700142,0.05436590686440468
386,0.004754679383371364,0.0054362923838198185,0.069109336,0.073731214,0.9349191188812256,0.9293049573898315,0.04825911670923233,0.05196603015065193
387,0.00450219574320892,0.006690347567200661,0.06672771,0.081794545,0.9393274188041687,0.9129968881607056,0.044818662106990814,0.05658068135380745
388,0.004556157493921505,0.006692137103527784,0.06679733,0.08180548,0.939200758934021,0.9129735827445984,0.045788250863552094,0.05843481793999672
389,0.005779711870921098,0.008094042539596558,0.074874915,0.08996689,0.9236071705818176,0.8947428464889526,0.050032682716846466,0.06176453083753586
390,0.006112149302763018,0.007209826726466417,0.0780358,0.084910706,0.9170210361480713,0.9062414169311523,0.052216898649930954,0.06014183536171913
391,0.004829576228406619,0.00601670378819108,0.068701446,0.07756741,0.9356850385665894,0.9217571020126343,0.047858741134405136,0.055051691830158234
392,0.004692020222798667,0.006064168643206358,0.067624666,0.077872775,0.9376853108406067,0.9211398959159851,0.04608266055583954,0.05381003022193909
393,0.006069490241564133,0.006133153103291988,0.07387848,0.07831445,0.9256268739700317,0.9202427864074707,0.04829765483736992,0.055958092212677
394,0.006137287932109426,0.006930056028068066,0.07817508,0.083246954,0.9167245626449585,0.9098796248435974,0.053731489926576614,0.06133412942290306
395,0.005377435897984965,0.005902055650949478,0.07307632,0.07682484,0.9272331595420837,0.9232480525970459,0.049352072179317474,0.05326022580265999
396,0.005132807937281375,0.0065145427361130714,0.07130647,0.08071272,0.9307152032852173,0.9152830839157104,0.04867527261376381,0.05620434135198593
397,0.00444722731216726,0.006062572356313467,0.06677865,0.07786252,0.939234733581543,0.9211606383323669,0.046794209629297256,0.057248201221227646
398,0.004442251350899989,0.005278498400002718,0.06590971,0.07265328,0.9408058524131775,0.9313569664955139,0.04707607626914978,0.05163450911641121
399,0.004753114729696376,0.006052620243281126,0.06885807,0.07779859,0.9353914856910706,0.9212900400161743,0.04749370738863945,0.05609884858131409
400,0.0050132652024992485,0.006005508825182915,0.0697923,0.07749522,0.9336264133453369,0.9219027161598206,0.04725470393896103,0.05517946928739548
401,0.004661113806915554,0.006050353869795799,0.068150684,0.077784024,0.9367121458053589,0.9213195443153381,0.04666934162378311,0.05472518503665924
402,0.004575378441421146,0.005405864212661982,0.0678073,0.07352458,0.9373482465744019,0.9297006726264954,0.046474482864141464,0.05261411517858505
403,0.004115204109852625,0.005596478935331106,0.06262424,0.07480962,0.9465601444244385,0.9272218346595764,0.04365847259759903,0.05402323603630066
404,0.004956106602383608,0.005670676939189434,0.07055858,0.0753039,0.9321609735488892,0.9262569546699524,0.04809048771858215,0.05200935900211334
405,0.00444591403092173,0.005614161491394043,0.06677483,0.07492772,0.9392417073249817,0.926991879940033,0.045914240181446075,0.05363496020436287
406,0.0035667386652097443,0.00556680653244257,0.059219003,0.07461103,0.9522138237953186,0.9276077151298523,0.042404577136039734,0.05278418958187103
407,0.003705799251540818,0.005545149557292461,0.060479622,0.07446576,0.9501577019691467,0.927889347076416,0.04170532152056694,0.05208216980099678
408,0.004447320788379081,0.005688551813364029,0.06613681,0.07542249,0.9403972029685974,0.9260244965553284,0.045374780893325806,0.052713487297296524
409,0.004578360414598137,0.0055923499166965485,0.065375,0.07478202,0.941762387752533,0.927275538444519,0.044885165989398956,0.05291643738746643
410,0.005624920389064672,0.006394001189619303,0.07185173,0.0799625,0.9296515583992004,0.9168506264686584,0.048070941120386124,0.054803695529699326
411,0.004915471601469273,0.0057176752015948296,0.06950536,0.0756153,0.9341710805892944,0.9256457686424255,0.047151222825050354,0.05305452644824982
412,0.004375305561221798,0.005756685975939035,0.06642226,0.07587283,0.9398816227912903,0.9251384735107422,0.04520637169480324,0.05458725616335869
413,0.004614236399489032,0.0053264726884663105,0.06629279,0.07298269,0.940115749835968,0.9307330846786499,0.04498744755983353,0.05156009644269943
414,0.00493751224977049,0.00571085000410676,0.070349626,0.075570166,0.9325621724128723,0.9257345199584961,0.04777216538786888,0.05444240942597389
415,0.004355819006873803,0.005831060465425253,0.06607919,0.07636138,0.9405010342597961,0.9241712689399719,0.046206168830394745,0.05300251767039299
416,0.004248108056014065,0.005557061638683081,0.065195814,0.074545704,0.9420812129974365,0.9277344346046448,0.04433747008442879,0.051916129887104034
417,0.004159000085730275,0.006208227481693029,0.06422049,0.07879231,0.9438011646270752,0.9192664623260498,0.04361015558242798,0.054957326501607895
418,0.004310551416975531,0.005034514237195253,0.06442757,0.07095431,0.9434381723403931,0.9345297813415527,0.04462062567472458,0.05002482235431671
419,0.00426746033322574,0.005937474314123392,0.06558853,0.077055015,0.9413813352584839,0.9227874279022217,0.04556106775999069,0.05417601391673088
420,0.004910604710775343,0.005413076840341091,0.0673857,0.07357362,0.93812495470047,0.9296068549156189,0.046511318534612656,0.051480308175086975
421,0.004623786694454876,0.005194714292883873,0.06723919,0.07207437,0.9383937120437622,0.9324464797973633,0.04573085159063339,0.051017407327890396
422,0.004113781826824627,0.005830769427120686,0.0629231,0.07635947,0.9460489153862,0.9241750836372375,0.04377887770533562,0.052736178040504456
423,0.004559418054255234,0.005311214830726385,0.06744648,0.072878085,0.9380133152008057,0.9309315085411072,0.04566356912255287,0.050738006830215454
424,0.004198343889914791,0.007006904575973749,0.0643068,0.08370726,0.9436500072479248,0.9088802933692932,0.0443347729742527,0.05851040035486221
425,0.0047476640267466955,0.005809333175420761,0.068512216,0.076218985,0.9360388517379761,0.924453854560852,0.04763256013393402,0.053211331367492676
426,0.0037967467691156676,0.005778486840426922,0.06164445,0.07601636,0.9482192993164062,0.9248549938201904,0.042896341532468796,0.051498040556907654
427,0.004016643977427686,0.00588586600497365,0.062409885,0.076719396,0.9469254016876221,0.9234585762023926,0.042544085532426834,0.054331328719854355
428,0.004651458648202772,0.005679609719663858,0.06727043,0.07536318,0.9383364915847778,0.9261407852172852,0.04673043265938759,0.052873626351356506
429,0.004700110206613317,0.0059988051652908325,0.06721648,0.07745195,0.9384353160858154,0.921989917755127,0.04619795083999634,0.05483038350939751
430,0.00443706717024642,0.006258734036237001,0.066605575,0.079112165,0.9395493268966675,0.9186096787452698,0.04561785236001015,0.0571051761507988
431,0.005490888883783059,0.006556312087923288,0.07256359,0.080971055,0.9282507300376892,0.9147399067878723,0.04907168075442314,0.056736305356025696
432,0.004125211266165768,0.005929011385887861,0.063552454,0.077000074,0.9449642896652222,0.9228975176811218,0.04474245011806488,0.05318974331021309
433,0.0038956215695097026,0.00553695484995842,0.06259986,0.07441072,0.9466018080711365,0.9279959201812744,0.043064843863248825,0.05155106633901596
434,0.00434101169759577,0.005775780417025089,0.06592869,0.07599856,0.940771758556366,0.9248901605606079,0.04479043930768967,0.05301215127110481
435,0.003655496389414607,0.00535215437412262,0.060250767,0.07315842,0.9505341649055481,0.9303991198539734,0.04252853989601135,0.05158490687608719
436,0.004627899020719765,0.00698804622516036,0.067119636,0.08359454,0.9386125802993774,0.9091255068778992,0.04514438286423683,0.05785505473613739
437,0.004533664154058153,0.005921707488596439,0.06693485,0.07695263,0.9389501214027405,0.922992467880249,0.04597688093781471,0.05397156625986099
438,0.004142822031016377,0.00568733224645257,0.06351951,0.075414404,0.9450213313102722,0.9260403513908386,0.043689481914043427,0.05417034029960632
439,0.004609680295371535,0.005860693287104368,0.0662985,0.07655516,0.9401054382324219,0.923785924911499,0.04561707004904747,0.05308951064944267
440,0.004079681053884666,0.006719568278640509,0.064158365,0.08197297,0.9439098238945007,0.9126168489456177,0.04374023899435997,0.05687043070793152
441,0.0040097234675406735,0.005696818232536316,0.062194016,0.07547727,0.947291910648346,0.9259170293807983,0.042446319013834,0.05328156426548958
442,0.003737965593410825,0.005988184362649918,0.060905475,0.07738336,0.9494532942771912,0.9221279621124268,0.04256480187177658,0.054967671632766724
443,0.004083266725171019,0.005555883515626192,0.06375211,0.0745378,0.9446179270744324,0.927749752998352,0.04366240277886391,0.051360853016376495
444,0.0037318519078491427,0.006016331259161234,0.06084232,0.077565014,0.9495580792427063,0.9217619895935059,0.04212361201643944,0.055050913244485855
445,0.0039811720859936695,0.0054586040787398815,0.06290801,0.07388237,0.9460747838020325,0.9290148019790649,0.04383271187543869,0.051668066531419754
446,0.0034504512600092726,0.0055741965770721436,0.058486413,0.07466054,0.9533888101577759,0.9275116324424744,0.041261088103055954,0.05188806354999542
447,0.0034081650294617498,0.004899394698441029,0.0583739,0.06999568,0.9535679817199707,0.9362869262695312,0.04064019024372101,0.049320559948682785
448,0.0034498708793597125,0.006088801193982363,0.058998898,0.07803077,0.9525684118270874,0.9208195209503174,0.04120538383722305,0.054041095077991486
449,0.0042345422208944165,0.005866536870598793,0.0638428,0.076593325,0.9444602131843567,0.9237099289894104,0.04360606521368027,0.05409447103738785
450,0.004568202675066211,0.006085684057325125,0.06730939,0.0780108,0.9382650256156921,0.9208600521087646,0.04569576308131218,0.05554654449224472
451,0.004036451382985847,0.005178865976631641,0.06279238,0.07196434,0.9462728500366211,0.9326525926589966,0.04330773279070854,0.050795864313840866
452,0.004478583519812673,0.00648402888327837,0.066941924,0.08052347,0.938937246799469,0.915679931640625,0.04594029486179352,0.056596025824546814
453,0.003595685575750064,0.005577479489147663,0.06001392,0.07468253,0.9509223103523254,0.9274688959121704,0.04260605573654175,0.05240815505385399
454,0.003998472601365806,0.005352141801267862,0.062022783,0.07315833,0.9475817680358887,0.9303992986679077,0.04230479523539543,0.05088392645120621
455,0.003687196138674732,0.005261766724288464,0.060550403,0.07253803,0.9500409364700317,0.9315745234489441,0.04280848801136017,0.05036802217364311
456,0.003297975318591026,0.005080119241029024,0.05731939,0.07127496,0.9552304148674011,0.9339367151260376,0.03988762944936752,0.0509776696562767
457,0.004100221166895194,0.005302810110151768,0.06334726,0.072820395,0.9453191161155701,0.9310407638549805,0.04332707077264786,0.05122308060526848
458,0.0031350274353330447,0.0048199486918747425,0.05620965,0.06942585,0.9569471478462219,0.9373200535774231,0.039779748767614365,0.04904558137059212
459,0.003446316931248558,0.00558193726465106,0.057610765,0.07471236,0.9547740817070007,0.9274109601974487,0.04021955654025078,0.051365070044994354
460,0.0038633278242989695,0.006230379920452833,0.06135283,0.078932755,0.9487080574035645,0.9189784526824951,0.04250326380133629,0.056497056037187576
461,0.003992589095353403,0.00499481987208128,0.061457485,0.07067404,0.9485329389572144,0.9350459575653076,0.04273786023259163,0.05004660412669182
462,0.0039917962488041,0.005500802304595709,0.06303388,0.07416739,0.9458587765693665,0.9284660816192627,0.04265977442264557,0.05203010141849518
463,0.003587727890011262,0.00511488551273942,0.05908363,0.07151843,0.9524320363998413,0.9334846138954163,0.04070429876446724,0.050518058240413666
464,0.003649614015805789,0.005476097576320171,0.06006098,0.07400066,0.9508453011512756,0.928787350654602,0.04159030318260193,0.0507420115172863
465,0.003543141784823754,0.005413205828517675,0.05910034,0.0735745,0.9524051547050476,0.9296051859855652,0.04101727157831192,0.051145438104867935
466,0.003424699166895483,0.005161224398761988,0.05860896,0.071841665,0.9531933069229126,0.9328820109367371,0.04136815667152405,0.05164489522576332
467,0.003226324302059683,0.004908111412078142,0.056474894,0.07005791,0.9565398693084717,0.9361735582351685,0.039535604417324066,0.05072580277919769
468,0.0035075112325351006,0.004953160881996155,0.058501348,0.070378706,0.9533650279045105,0.9355877041816711,0.04104538634419441,0.049659378826618195
469,0.0034911716118751265,0.005417326930910349,0.05742794,0.0736025,0.9550606608390808,0.9295516014099121,0.040156953036785126,0.05096035823225975
470,0.0036826253979763187,0.005293203517794609,0.060764432,0.072754405,0.949687123298645,0.9311656951904297,0.04125482961535454,0.05084133893251419
471,0.0035555875008206135,0.005110963713377714,0.059495572,0.07149101,0.9517664313316345,0.933535635471344,0.04115110635757446,0.04949287697672844
472,0.002978506005919454,0.0051326141692698,0.054534525,0.071642265,0.9594749808311462,0.933254063129425,0.038422513753175735,0.05071137845516205
473,0.003238013366089118,0.005121193826198578,0.05681038,0.07156252,0.9560220241546631,0.9334025979042053,0.04011258855462074,0.04973312467336655
474,0.003000063631175594,0.004812698811292648,0.05410128,0.069373615,0.9601163268089294,0.9374143481254578,0.0390322171151638,0.047994136810302734
475,0.0033557049517350442,0.005137380678206682,0.055371355,0.071675524,0.9582217335700989,0.9331920742988586,0.03904985263943672,0.049235567450523376
476,0.004256169832925397,0.005073907785117626,0.064406194,0.07123137,0.9434756636619568,0.9340174794197083,0.04330865666270256,0.05109328031539917
477,0.004822488270953975,0.004921424202620983,0.06883528,0.07015286,0.9354342222213745,0.9360004663467407,0.04628434404730797,0.05021347478032112
478,0.004111021452858536,0.006665635854005814,0.06245534,0.08164334,0.9468480348587036,0.9133182168006897,0.042648229748010635,0.056579962372779846
479,0.0052859086850234735,0.005037662573158741,0.0730017,0.070976496,0.927381694316864,0.934488832950592,0.04951801151037216,0.05070661008358002
480,0.0034955733677964995,0.005122161936014891,0.05853448,0.07156929,0.9533121585845947,0.9333900213241577,0.041693951934576035,0.05083565041422844
481,0.0035978513399393046,0.005175810307264328,0.059549954,0.071943104,0.9516782164573669,0.9326923489570618,0.041068583726882935,0.04974351450800896
482,0.003584431182720106,0.005431875586509705,0.058658365,0.07370126,0.9531143307685852,0.929362416267395,0.04113844037055969,0.050773151218891144
483,0.0034805362282151527,0.0051787011325359344,0.058580402,0.0719632,0.9532389044761658,0.9326547384262085,0.04065306857228279,0.05082835629582405
484,0.0032998459990432657,0.005159607157111168,0.057336487,0.07183041,0.9552037119865417,0.9329030513763428,0.03956702724099159,0.05019199848175049
485,0.0035699213066519324,0.0052809277549386024,0.059598796,0.07266999,0.9515989422798157,0.931325376033783,0.03966471925377846,0.04997355118393898
486,0.004038774350192398,0.005643369629979134,0.062376127,0.075122364,0.9469828009605408,0.9266120791435242,0.04258871451020241,0.05259458348155022
487,0.003985311216886409,0.005009875632822514,0.061747357,0.07078048,0.9480462670326233,0.9348502159118652,0.04407679662108421,0.05004269629716873
488,0.003686265644236383,0.004911037627607584,0.060710646,0.0700788,0.9497761726379395,0.9361355304718018,0.04213198646903038,0.0493294931948185
489,0.0037597979376600547,0.004823724739253521,0.058974534,0.06945304,0.9526075720787048,0.9372709393501282,0.04086972773075104,0.04812457785010338
490,0.0032994733271400696,0.004534824751317501,0.056996286,0.06734111,0.9557337164878845,0.9410278797149658,0.03921001777052879,0.04761375114321709
491,0.003328975890657272,0.004694851581007242,0.05679957,0.06851899,0.9560387134552002,0.9389468431472778,0.03989198058843613,0.04855313152074814
492,0.0035065942025870422,0.005485681351274252,0.059323564,0.07406539,0.9520449042320251,0.9286626577377319,0.040320321917533875,0.05158093944191933
493,0.00364488240765323,0.004985540173947811,0.057072464,0.070608355,0.9556152820587158,0.9351666569709778,0.04029952734708786,0.04866574704647064
494,0.004676151957193559,0.005454112309962511,0.06731925,0.073851965,0.9382469058036804,0.9290732145309448,0.04558180272579193,0.05119394510984421
495,0.00381515837083994,0.005494443234056234,0.06179778,0.074124515,0.9479613900184631,0.9285487532615662,0.04306339845061302,0.052983272820711136
496,0.003966913304545663,0.004702138714492321,0.05934423,0.06857215,0.9520115256309509,0.938852071762085,0.03977923467755318,0.04849766567349434
497,0.0034730280987622045,0.005435626953840256,0.05877694,0.073726706,0.9529246091842651,0.929313600063324,0.04166193678975105,0.050829727202653885
498,0.003377056000648405,0.005113108083605766,0.05831459,0.071506,0.9536622762680054,0.9335077404975891,0.04060155525803566,0.05083151534199715
499,0.0032311022514477372,0.004548816476017237,0.05636357,0.06744492,0.9567110538482666,0.9408459067344666,0.03970275819301605,0.04754933342337608
500,0.003787134448595514,0.005531413946300745,0.05895887,0.074373476,0.9526327252388,0.9280679821968079,0.04052841290831566,0.05150093138217926
501,0.004377130450765518,0.004854647442698479,0.06385962,0.069675304,0.9444310069084167,0.9368688464164734,0.04298965632915497,0.048904359340667725
502,0.004274050234181976,0.0051549565978348255,0.065389626,0.07179803,0.9417363405227661,0.932963490486145,0.046537846326828,0.05017044022679329
503,0.0036190406191797756,0.005650724284350872,0.059501,0.0751713,0.9517576098442078,0.9265164136886597,0.04226422682404518,0.05253373458981514
504,0.003060271304672245,0.004835409577935934,0.054353375,0.06953711,0.9597437381744385,0.9371190071105957,0.03922713175415993,0.04873429983854294
505,0.003286606227365238,0.005117014050483704,0.05638718,0.07153331,0.9566747546195984,0.9334569573402405,0.039859574288129807,0.05008541792631149
506,0.003298277789409357,0.004539112094789743,0.056823246,0.06737293,0.9560020565986633,0.9409721493721008,0.039602454751729965,0.04774501919746399
507,0.003123113501880487,0.005437260493636131,0.05567378,0.073737785,0.9577641487121582,0.9292923808097839,0.038738470524549484,0.0519808791577816
508,0.00350658165354451,0.004988586995750666,0.0582503,0.07062993,0.9537644386291504,0.9351270198822021,0.04158478230237961,0.04939732700586319
509,0.003266095297559249,0.005128276534378529,0.056662437,0.071611986,0.9562507271766663,0.9333105087280273,0.03967129811644554,0.049129124730825424
510,0.003230380397078327,0.004874116741120815,0.057014704,0.069814876,0.9557051062583923,0.9366156458854675,0.03924041986465454,0.04737987741827965
511,0.0032046112755779177,0.004891459830105305,0.055980463,0.06993897,0.9572975039482117,0.9363901019096375,0.03882291167974472,0.049830250442028046
512,0.004090576072816144,0.0056915259920060635,0.06355946,0.0754422,0.944952130317688,0.9259858131408691,0.04256654158234596,0.05251239612698555
513,0.003196691027948294,0.005043884739279747,0.056643933,0.071020305,0.9562793374061584,0.9344079494476318,0.040786273777484894,0.051103465259075165
514,0.002887307962572033,0.004777513910084963,0.05340711,0.069119565,0.9611332416534424,0.9378718733787537,0.03877817094326019,0.04839585721492767
515,0.0031126589244443244,0.004966013133525848,0.053727187,0.070469946,0.9606660008430481,0.935420572757721,0.03772981837391853,0.049994103610515594
516,0.0032349849643651396,0.0047883400693535805,0.05629703,0.06919783,0.9568132162094116,0.9377310872077942,0.0389598123729229,0.04929178208112717
517,0.002878403979014944,0.0045396690256893635,0.053124033,0.06737707,0.9615441560745239,0.9409648776054382,0.037582892924547195,0.04727206379175186
518,0.0026076699908695778,0.004395330790430307,0.049410198,0.06629729,0.9667330384254456,0.9428418874740601,0.03568673133850098,0.04635965824127197
519,0.002992422939066521,0.004620599560439587,0.05406638,0.06797499,0.9601677656173706,0.9399124383926392,0.03774072974920273,0.047493014484643936
520,0.002797748234694485,0.004612657707184553,0.052759368,0.06791655,0.9620703458786011,0.9400157332420349,0.036657508462667465,0.04711277037858963
521,0.002990441468269141,0.00492088682949543,0.054121643,0.070149034,0.9600862860679626,0.9360074400901794,0.03727959096431732,0.04946254566311836
522,0.0027033793554768304,0.004043211229145527,0.051347617,0.06358626,0.9640730023384094,0.9474209547042847,0.03637288883328438,0.044838108122348785
523,0.0028147899244107643,0.004074568394571543,0.053088855,0.06383234,0.9615951180458069,0.9470131993293762,0.03709179535508156,0.04507620260119438
524,0.0033946064200294627,0.00440776813775301,0.05460916,0.06639103,0.9593639969825745,0.9426801800727844,0.03791476786136627,0.046296071261167526
525,0.003556201131273569,0.0046868473291397095,0.05881392,0.068460554,0.9528653621673584,0.9390509724617004,0.0406581349670887,0.04715682566165924
526,0.0033502596673894336,0.004493311047554016,0.05777395,0.067032166,0.9545174837112427,0.9415677189826965,0.039424486458301544,0.046803463250398636
527,0.0030255232731261376,0.004200332798063755,0.055159483,0.06480998,0.9585408568382263,0.9453777074813843,0.03824978694319725,0.04540650174021721
528,0.002893067496849901,0.004656411707401276,0.05238701,0.06823791,0.9626038074493408,0.939446747303009,0.0366487056016922,0.04720190539956093
529,0.0026213210155467755,0.004301802720874548,0.051289614,0.06558813,0.9641541242599487,0.9440581798553467,0.036300890147686005,0.04527398571372032
530,0.002697126389565793,0.0050060926005244255,0.050940838,0.070753746,0.9646400213241577,0.9348993897438049,0.03657815232872963,0.04795902594923973
531,0.0026633107362696055,0.004467866849154234,0.051499877,0.0668421,0.9638596177101135,0.9418986439704895,0.03611237555742264,0.047609634697437286
532,0.0025878542139914566,0.004314146935939789,0.05064772,0.06568217,0.9650457501411438,0.9438976645469666,0.03579965606331825,0.04530207812786102
533,0.0027607895555609666,0.004692444112151861,0.052800573,0.06850142,0.9620110392570496,0.9389781951904297,0.03746596723794937,0.04745294153690338
534,0.002931708282134919,0.00454229349270463,0.053237174,0.06739654,0.9613801836967468,0.9409307837486267,0.036966677755117416,0.04717370495200157
535,0.0030194257031491197,0.004916994366794825,0.055007253,0.07012128,0.9587693810462952,0.9360580444335938,0.03646351397037506,0.04787232726812363
536,0.0032595008458222515,0.005191695876419544,0.056666207,0.072053425,0.956244945526123,0.9324857592582703,0.03789199888706207,0.05040571466088295
537,0.003120154732393778,0.004358151461929083,0.05412806,0.066016294,0.9600768089294434,0.943325400352478,0.03843655809760094,0.04606275632977486
538,0.0035768591412554747,0.004500129725784063,0.058586366,0.06708301,0.9532293677330017,0.9414790868759155,0.039724741131067276,0.047214798629283905
539,0.0035879718938800083,0.005028268788009882,0.057564232,0.07091028,0.9548470973968506,0.9346110224723816,0.038735099136829376,0.0499260388314724
540,0.003458310767944733,0.0049455235712230206,0.057454366,0.07032441,0.9550192952156067,0.9356870651245117,0.03931392729282379,0.04864102229475975
541,0.0033119647387965497,0.005016792565584183,0.057434354,0.070829324,0.9550506472587585,0.9347602128982544,0.03930926322937012,0.04895583540201187
542,0.002957912408005954,0.005061397794634104,0.053237695,0.0711435,0.9613794088363647,0.9341802000999451,0.036606766283512115,0.04914245009422302
543,0.002753434493735602,0.004081378690898418,0.052368272,0.06388567,0.962630569934845,0.94692462682724,0.03723553195595741,0.04499432072043419
544,0.0032075794191438367,0.00484462222084403,0.055020835,0.069603324,0.958748996257782,0.9369992017745972,0.038819991052150726,0.048939332365989685
545,0.0037069080201697284,0.004529439378529787,0.060277835,0.06730111,0.9504896998405457,0.9410979151725769,0.04105399549007416,0.04722708463668823
546,0.0027762656735086984,0.00447474280372262,0.052580222,0.06689352,0.9623274803161621,0.9418092370033264,0.03761749714612961,0.04737307131290436
547,0.002483553372175348,0.004243718460202217,0.049500924,0.06514383,0.9666107296943665,0.9448134899139404,0.03498084098100662,0.04511989280581474
548,0.0028303193896797234,0.004284188617020845,0.048452616,0.065453716,0.9680100083351135,0.9442872405052185,0.03413114324212074,0.04636288434267044
549,0.0033668272504159672,0.004283529706299305,0.05824089,0.06544868,0.9537793397903442,0.9442958235740662,0.039484184235334396,0.04535091295838356
550,0.002833558812695132,0.003948953002691269,0.05285965,0.0628407,0.9619259834289551,0.9486467242240906,0.03669695183634758,0.045129548758268356
551,0.0026816976817578757,0.005127986893057823,0.051491987,0.07160997,0.9638707041740417,0.9333142042160034,0.03608284890651703,0.051181066781282425
552,0.002990984291748398,0.00454830564558506,0.054449268,0.06744113,0.9596015810966492,0.9408525824546814,0.037746235728263855,0.0488249696791172
553,0.0030376864147414876,0.004736922215670347,0.055221602,0.068825305,0.9584473967552185,0.9383997321128845,0.03868134319782257,0.047280535101890564
554,0.0025377794438761407,0.004291934426873922,0.04913341,0.06551285,0.9671046733856201,0.9441865086555481,0.03439212962985039,0.04470716416835785
555,0.0031957910872403195,0.004669930320233107,0.05564099,0.06833689,0.9578138589859009,0.9392709136009216,0.03763887658715248,0.04739289730787277
556,0.0029809376230167054,0.004197955131530762,0.052852772,0.06479163,0.9619358777999878,0.9454086422920227,0.03715130314230919,0.04495177045464516
557,0.0038831040226134724,0.004554901737719774,0.062402684,0.06749002,0.946937620639801,0.9407668113708496,0.04128805175423622,0.04802548140287399
558,0.0030032056436704643,0.0043741920962929726,0.054566402,0.06613768,0.9594275951385498,0.9431167840957642,0.037429388612508774,0.04663372039794922
559,0.0028095165590374645,0.004766472615301609,0.052801095,0.06903965,0.9620102643966675,0.9380154609680176,0.03656856343150139,0.04671584814786911
560,0.0031223762780427933,0.00487804040312767,0.054419145,0.06984297,0.9596462845802307,0.9365646243095398,0.037482183426618576,0.04857669770717621
561,0.003020172430710359,0.004594750236719847,0.053921826,0.067784585,0.960380494594574,0.9402486085891724,0.03697165474295616,0.046958908438682556
562,0.0030550362743352625,0.004274817183613777,0.054531988,0.065382086,0.9594787359237671,0.9444090723991394,0.03828505799174309,0.04548680782318115
563,0.0026096292766107417,0.003959095571190119,0.049769733,0.062921345,0.9662471413612366,0.9485148191452026,0.03496013581752777,0.04409221559762955
564,0.002854525487319651,0.0042446814477443695,0.05310057,0.065151215,0.9615781307220459,0.9448009729385376,0.03689693287014961,0.0455414354801178
565,0.0026080032932275735,0.004813376348465681,0.050650347,0.06937851,0.9650421142578125,0.937405526638031,0.035561900585889816,0.04731526970863342
566,0.003343447709498419,0.004633930046111345,0.056769874,0.068072975,0.956084668636322,0.9397391080856323,0.04054081812500954,0.04778581112623215
567,0.003096499919510362,0.0043873777613043785,0.05457569,0.066237286,0.9594137668609619,0.9429453015327454,0.038666680455207825,0.04657484218478203
568,0.002759701471818103,0.004639931954443455,0.05250777,0.06811705,0.9624311923980713,0.9396610260009766,0.03754103183746338,0.046328235417604446
569,0.0031303367207080805,0.005303790792822838,0.051533926,0.07282713,0.9638118147850037,0.9310280680656433,0.03521610423922539,0.051387298852205276
570,0.00411355466878211,0.004779276438057423,0.06406485,0.06913231,0.9440732002258301,0.9378489851951599,0.04425295069813728,0.04811782017350197
571,0.0026662555200428787,0.005000588484108448,0.05154134,0.07071484,0.9638014435768127,0.9349709749221802,0.036784689873456955,0.049884214997291565
572,0.003669099125545472,0.004349670838564634,0.05743809,0.06595203,0.9550448060035706,0.9434356689453125,0.039358627051115036,0.04632360115647316
573,0.0037484089394142343,0.0049242726527154446,0.060253702,0.07017316,0.9505293369293213,0.9359633922576904,0.040759000927209854,0.04769470915198326
574,0.002813047740015794,0.004890047945082188,0.053145763,0.069928885,0.9615126848220825,0.9364084601402283,0.03726750612258911,0.04903426021337509
575,0.0024303213523870163,0.004275066312402487,0.04804053,0.06538399,0.9685518145561218,0.9444058537483215,0.0344533808529377,0.04598493129014969
576,0.002687701000302861,0.004540367983281612,0.05141937,0.06738225,0.9639725685119629,0.9409558176994324,0.03551469370722771,0.04718207195401192
577,0.002207834014288065,0.004211134742945433,0.047060415,0.06489325,0.9698219299316406,0.9452372193336487,0.033841900527477264,0.045465290546417236
578,0.002507783385226503,0.0040156105533242226,0.050229017,0.06336885,0.965621292591095,0.9477798938751221,0.034847185015678406,0.04471399635076523
579,0.002451669715810567,0.004098302219063044,0.048510183,0.06401798,0.9679338932037354,0.9467045664787292,0.03341484069824219,0.04472706466913223
580,0.0025888299992816014,0.0038544887211173773,0.050028924,0.06208453,0.9658946394920349,0.9498751759529114,0.03577224165201187,0.0440560057759285
581,0.0027219914773013443,0.00428727688267827,0.052304927,0.065477304,0.9627209305763245,0.9442470669746399,0.03644970804452896,0.04686790332198143
582,0.0022527245376047426,0.0044293575920164585,0.047152042,0.06655342,0.969704270362854,0.9423993825912476,0.03430894389748573,0.04718942195177078
583,0.0023861315434756266,0.004871961195021868,0.04858085,0.06979944,0.9678404331207275,0.936643660068512,0.034470394253730774,0.048134442418813705
584,0.0022382567218631843,0.004512753803282976,0.04672678,0.067177035,0.970248281955719,0.9413149356842041,0.033026691526174545,0.04752752184867859
585,0.003473749677968127,0.004804873839020729,0.05925951,0.0693172,0.9521484375,0.9375160932540894,0.0409860759973526,0.048172395676374435
586,0.0027543323045723478,0.005275921896100044,0.05125221,0.07263554,0.9642063975334167,0.9313904643058777,0.03586903214454651,0.05167583003640175
587,0.002669661821776324,0.004371155984699726,0.05040604,0.066114716,0.9653785228729248,0.9431563019752502,0.035816483199596405,0.04667624831199646
588,0.003825712845851244,0.005084937438368797,0.06162131,0.07130875,0.9482581615447998,0.9338740706443787,0.041881121695041656,0.048461366444826126
589,0.003315774215893312,0.0047174179926514626,0.05659917,0.06868346,0.9563484191894531,0.9386534094810486,0.0386621430516243,0.046592507511377335
590,0.0026023672465023333,0.004450634121894836,0.05031001,0.06671307,0.965510368347168,0.9421226978302002,0.03552241250872612,0.047665417194366455
591,0.002584632811538706,0.004859684966504574,0.04973028,0.06971144,0.9663006067276001,0.9368033409118652,0.03530670702457428,0.04662709683179855
592,0.0025308533195956525,0.004610138013958931,0.050543,0.06789799,0.9651901721954346,0.9400485157966614,0.035330578684806824,0.04560548812150955
593,0.0024271042559782722,0.004060596693307161,0.04910251,0.06372281,0.9671460390090942,0.9471948742866516,0.033735379576683044,0.04463700205087662
594,0.0027774065859954467,0.004600415471941233,0.051589426,0.06782636,0.9637338519096375,0.94017493724823,0.035625558346509933,0.04776952415704727
595,0.002835138378114524,0.0041229939088225365,0.050092973,0.06421054,0.9658072590827942,0.9463834762573242,0.03504462167620659,0.04492548108100891
596,0.003023546392796561,0.004508866462856531,0.054344576,0.0671481,0.9597567915916443,0.9413654804229736,0.03654816001653671,0.04688550904393196
597,0.002583223445319825,0.004113906063139439,0.050022043,0.06413974,0.9659040570259094,0.946501612663269,0.034648340195417404,0.04412735626101494
598,0.0029490261142861777,0.004353288095444441,0.052346822,0.06597945,0.9626611471176147,0.9433886408805847,0.035668134689331055,0.04515904560685158
599,0.0027822418143676423,0.004570275079458952,0.052344624,0.06760381,0.9626643061637878,0.940566897392273,0.035806670784950256,0.04652533680200577
600,0.0025143745297100395,0.003958339802920818,0.049358364,0.06291533,0.9668027758598328,0.9485246539115906,0.03543136268854141,0.044715799391269684
601,0.0023246905290183017,0.004175548441708088,0.047884878,0.06461848,0.9687552452087402,0.9457000494003296,0.03356131911277771,0.04403739795088768
602,0.002718725919046185,0.004401641432195902,0.050085343,0.066344865,0.9658176898956299,0.9427598118782043,0.034279339015483856,0.04650220647454262
603,0.0029143853541675276,0.00486396811902523,0.052356616,0.06974216,0.9626471996307373,0.9367476105690002,0.03599650785326958,0.04792042076587677
604,0.0025851254309104247,0.004502613563090563,0.050787378,0.06710152,0.9648527503013611,0.9414467811584473,0.03588302806019783,0.0460527241230011
605,0.002141727952138436,0.003992052748799324,0.04612652,0.0631827,0.971007764339447,0.9480862617492676,0.03359479084610939,0.04546935856342316
606,0.002010311299024827,0.004440561402589083,0.044568237,0.06663754,0.9729335904121399,0.9422537088394165,0.03201720491051674,0.04574919864535332
607,0.0028058511882343077,0.0043851109221577644,0.05166818,0.06622017,0.963623046875,0.9429748058319092,0.03545035049319267,0.04746369644999504
608,0.0025228353386575527,0.0043863095343112946,0.049888052,0.06622922,0.9660864472389221,0.942959189414978,0.035465214401483536,0.04674173519015312
609,0.0028588129313323984,0.004355782642960548,0.05000501,0.06599835,0.965927243232727,0.9433562159538269,0.03507823869585991,0.04619501158595085
610,0.0033084700831254436,0.004880632273852825,0.056591444,0.069861524,0.9563603401184082,0.9365308880805969,0.0385611355304718,0.047523383051157
611,0.002532662297281521,0.004714273847639561,0.04962161,0.06866057,0.9664477109909058,0.9386942982673645,0.03415602073073387,0.04620637744665146
612,0.003142406954959204,0.004606002476066351,0.055329468,0.06786754,0.9582849144935608,0.9401022791862488,0.03832652419805527,0.04705389589071274
613,0.0024113110002045605,0.00427364744246006,0.04806013,0.06537314,0.9685261249542236,0.9444243311882019,0.034137845039367676,0.04516841843724251
614,0.0023912180331535637,0.004155000671744347,0.04878674,0.064459294,0.9675672650337219,0.9459671974182129,0.03388608619570732,0.045248255133628845
615,0.0027598232687027617,0.004488764796406031,0.050313722,0.06699825,0.9655052423477173,0.9416268467903137,0.03508877009153366,0.04706467315554619
616,0.002312543934253468,0.004332674201577902,0.04820497,0.065823056,0.9683361649513245,0.9436566829681396,0.03358326852321625,0.04570978507399559
617,0.002119711084312505,0.00472679641097784,0.045823894,0.0687517,0.9713869690895081,0.9385314583778381,0.03232790157198906,0.04635588079690933
618,0.0021866700156930497,0.004442416597157717,0.046880957,0.066651456,0.970051646232605,0.9422295689582825,0.03293691575527191,0.045784175395965576
619,0.0019478160022779114,0.0038437710609287024,0.04394892,0.061998155,0.9736805558204651,0.9500145316123962,0.03066343441605568,0.043408073484897614
620,0.002330451417947188,0.004096342250704765,0.045314044,0.06400268,0.972020149230957,0.9467300176620483,0.03259304165840149,0.045833926647901535
621,0.0023925528353588147,0.004075131379067898,0.04894715,0.06383675,0.9673536419868469,0.9470058679580688,0.034645773470401764,0.0436679869890213
622,0.002042248096338219,0.003956893924623728,0.044324517,0.062903844,0.9732288122177124,0.9485434293746948,0.031992778182029724,0.043973829597234726
623,0.00233437957781875,0.004211511462926865,0.04680712,0.06489617,0.9701458811759949,0.9452323317527771,0.032926250249147415,0.045250389724969864
624,0.002331395789621059,0.004656060598790646,0.047581498,0.06823533,0.9691499471664429,0.9394513368606567,0.03423033654689789,0.04663585498929024
625,0.0023455023871396074,0.004170155618339777,0.047766227,0.064576745,0.9689099192619324,0.9457701444625854,0.034099072217941284,0.045186545699834824
626,0.002269277263125828,0.004113997332751751,0.046666652,0.06414045,0.9703248143196106,0.9465004205703735,0.03269103541970253,0.04477020353078842
627,0.0021980350535489956,0.0038560519460588694,0.046571337,0.06209712,0.9704459309577942,0.949854850769043,0.033092450350522995,0.04396640881896019
628,0.00204704772411126,0.0043320185504853725,0.044970855,0.06581807,0.9724423289299011,0.9436652660369873,0.03240219131112099,0.043971505016088486
629,0.002216068052803166,0.0046606590040028095,0.046846833,0.06826902,0.9700952172279358,0.9393914937973022,0.032488398253917694,0.04787608981132507
630,0.0030486901602919465,0.004067141562700272,0.05481094,0.063774146,0.9590631127357483,0.9471097588539124,0.03619809076189995,0.04424102231860161
631,0.0020803020769645545,0.0039048234466463327,0.045658827,0.062488586,0.9715927243232727,0.949220597743988,0.03242519125342369,0.04328233748674393
632,0.002328765335154127,0.0044738370925188065,0.047808267,0.06688675,0.9688551425933838,0.9418209791183472,0.03364284709095955,0.04676416143774986
633,0.0028549766205039555,0.004149942193180323,0.05354261,0.064420044,0.9609357714653015,0.9460330009460449,0.035630762577056885,0.045011814683675766
634,0.002555352384330366,0.003927319310605526,0.048629865,0.06266833,0.9677755236625671,0.9489280581474304,0.033731356263160706,0.04364335536956787
635,0.002177204539872367,0.003671375336125493,0.045894526,0.060591877,0.9712986946105957,0.952256441116333,0.032285936176776886,0.04211665689945221
636,0.0023803379100916736,0.004552151076495647,0.046301417,0.06746963,0.970787525177002,0.9408025741577148,0.03244243934750557,0.04605850204825401
637,0.002442398190561851,0.004544542636722326,0.04797335,0.067413226,0.9686397314071655,0.940901517868042,0.03331505507230759,0.04644515737891197
638,0.0030151259270496666,0.004587611183524132,0.052562505,0.06773191,0.9623528718948364,0.9403414130210876,0.03551611676812172,0.048082198947668076
639,0.0029860514967533,0.009867980144917965,0.052906334,0.09933771,0.9618586897850037,0.8716740608215332,0.03649551048874855,0.06274288147687912
640,0.00561878778336739,0.005126146133989096,0.07394011,0.071597114,0.9255027174949646,0.9333381652832031,0.04944915324449539,0.05040961131453514
641,0.0032668560769789938,0.004245925694704056,0.05616648,0.06516077,0.9570132493972778,0.9447848200798035,0.03938209265470505,0.046009209007024765
642,0.002492174940099093,0.004491317551583052,0.049731467,0.067017294,0.9662989974021912,0.9415936470031738,0.03545539453625679,0.046994809061288834
643,0.002446368191158399,0.004050725139677525,0.0484787,0.06364531,0.9679754972457886,0.9473232626914978,0.0341654010117054,0.04551992565393448
644,0.0025720933732703666,0.004232343751937151,0.04991833,0.065056466,0.9660452604293823,0.944961428642273,0.03582344949245453,0.04499577730894089
645,0.0023304387829160655,0.003969539422541857,0.047275238,0.06300428,0.9695457816123962,0.9483790397644043,0.0329548679292202,0.04435614123940468
646,0.0024981723267542707,0.004086572676897049,0.049125563,0.0639263,0.9671152234077454,0.9468570947647095,0.034918174147605896,0.04425957798957825
647,0.0028790693640158597,0.004309960175305605,0.05216905,0.065650284,0.9629143476486206,0.9439520835876465,0.0353068970143795,0.04595762863755226
648,0.0032802293664479457,0.004782363772392273,0.057396136,0.069154635,0.9551104307174683,0.9378088116645813,0.039026178419589996,0.048845190554857254
649,0.002622800654287196,0.004302969668060541,0.051285062,0.06559703,0.9641605019569397,0.944042980670929,0.03526100516319275,0.04495569318532944
650,0.002439820046261461,0.0044311718083918095,0.048309322,0.06656705,0.9681988954544067,0.9423758387565613,0.03383253142237663,0.045669086277484894
651,0.002836581602671438,0.004570483695715666,0.05253418,0.067605354,0.9623934030532837,0.9405641555786133,0.035461392253637314,0.04729539901018143
652,0.002225125854072923,0.003908651415258646,0.046446607,0.06251921,0.9706040024757385,0.9491708278656006,0.033143483102321625,0.04341358318924904
653,0.0018825474861924622,0.0039027011953294277,0.04348132,0.062471602,0.9742376208305359,0.949248194694519,0.03085753507912159,0.04345908761024475
654,0.0021723035421349446,0.0038261590525507927,0.04637417,0.061855953,0.9706956148147583,0.9502435922622681,0.0330003947019577,0.042871180921792984
655,0.0019720398969101634,0.0038627134636044502,0.042195443,0.062150735,0.9757388830184937,0.9497681856155396,0.029867248609662056,0.04373038560152054
656,0.0028754563113166528,0.004425584338605404,0.0487792,0.066525064,0.9675772786140442,0.9424484968185425,0.033516835421323776,0.046490490436553955
657,0.0024652564368972726,0.004063084721565247,0.04906125,0.06374233,0.9672012329101562,0.9471625089645386,0.03393109142780304,0.043997522443532944
658,0.0020566139613616874,0.0040151262655854225,0.045072235,0.06336503,0.9723179340362549,0.9477862119674683,0.0317121297121048,0.044306643307209015
659,0.002384001616684889,0.004995089024305344,0.04884171,0.07067595,0.9674941301345825,0.9350425004959106,0.03377225250005722,0.04996001347899437
660,0.002141250977398489,0.004237292800098658,0.046430703,0.06509449,0.9706241488456726,0.9448970556259155,0.032695118337869644,0.04648453742265701
661,0.0021372610618445005,0.004397533368319273,0.046024512,0.0663139,0.9711358547210693,0.9428132772445679,0.03235137090086937,0.046203918755054474
662,0.002254317808282477,0.0042625367641448975,0.045238044,0.065288104,0.9721139073371887,0.9445688128471375,0.031005796045064926,0.045438919216394424
663,0.002788900590861555,0.004432912915945053,0.052118167,0.066580124,0.9629866480827332,0.9423531889915466,0.03491711616516113,0.046882737427949905
664,0.0023590602914654564,0.004022995010018349,0.048204094,0.06342708,0.9683372974395752,0.9476838707923889,0.033597350120544434,0.044562917202711105
665,0.0020856753081633624,0.004267182666808367,0.0453072,0.06532368,0.9720285534858704,0.9445083737373352,0.032056596130132675,0.044659294188022614
666,0.00206449581310153,0.0039870887994766235,0.044871796,0.063143395,0.972563624382019,0.9481508135795593,0.03206070512533188,0.04365293309092522
667,0.0020104769051117314,0.003947285935282707,0.04495244,0.06282743,0.972464919090271,0.9486684203147888,0.031515106558799744,0.04389158636331558
668,0.001951382352589545,0.003810619469732046,0.043310538,0.061730213,0.9744396209716797,0.9504456520080566,0.030510805547237396,0.04330193251371384
669,0.0018903412247626957,0.004269189201295376,0.042882208,0.06533904,0.974942684173584,0.9444822669029236,0.03083929792046547,0.04491175711154938
670,0.0017894009480104696,0.004074302036315203,0.041951012,0.06383026,0.9760191440582275,0.9470166563987732,0.030126987025141716,0.04406898468732834
671,0.00220643755429509,0.004065979737788439,0.04495215,0.063765034,0.9724652767181396,0.9471248984336853,0.0314088873565197,0.044041965156793594
672,0.002206158070211214,0.004033243749290705,0.046528716,0.063507825,0.9704999923706055,0.9475505948066711,0.0321958027780056,0.04583490267395973
673,0.0025180565161545846,0.0038423750083893538,0.049831137,0.061986893,0.9661638140678406,0.9500327110290527,0.034803640097379684,0.044252779334783554
674,0.002054498606329699,0.004347454756498337,0.044675834,0.06593523,0.9728026986122131,0.9434645175933838,0.031213143840432167,0.0453268364071846
675,0.001993354137415405,0.003859813092276454,0.044112865,0.062127396,0.9734838604927063,0.9498059153556824,0.03170204535126686,0.04488735273480415
676,0.0021894845928975633,0.004058435093611479,0.0461064,0.063705854,0.9710330367088318,0.9472230076789856,0.03263964131474495,0.0438833087682724
677,0.0021480722379320387,0.004367047920823097,0.046134245,0.06608364,0.9709980487823486,0.943209707736969,0.03248847275972366,0.04483574628829956
678,0.0019695224896581335,0.003860458265990019,0.044351913,0.062132586,0.9731956720352173,0.949797511100769,0.031299933791160583,0.042249441146850586
679,0.0018258465676229787,0.003874697955325246,0.04248378,0.062247075,0.9754061698913574,0.9496123790740967,0.030362950637936592,0.04356614872813225
680,0.0018667220349677584,0.003990447148680687,0.043057278,0.063169986,0.9747377038002014,0.948107123374939,0.03061297908425331,0.043679479509592056
681,0.0017129461021712896,0.003932381048798561,0.04140412,0.0627087,0.9766402840614319,0.9488622546195984,0.03013685718178749,0.04305870085954666
682,0.002027102978900075,0.003852844936773181,0.045032192,0.06207129,0.9723671078681946,0.949896514415741,0.03127172589302063,0.04345566779375076
683,0.0017350007758729837,0.003821025835350156,0.041579716,0.061814446,0.9764417409896851,0.9503103494644165,0.02960454858839512,0.04263390228152275
684,0.002029520136685195,0.004249632824212313,0.042798024,0.065189205,0.9750409722328186,0.9447365999221802,0.03013698011636734,0.044631995260715485
685,0.0021485997051720255,0.004132245667278767,0.04625694,0.06428255,0.9708436131477356,0.9462631344795227,0.03220319002866745,0.04340716078877449
686,0.0022396729843669823,0.004439419601112604,0.045052607,0.06662897,0.9723420739173889,0.9422685503959656,0.03137683495879173,0.04652073606848717
687,0.0028846152603033593,0.004494810942560434,0.052320126,0.06704335,0.9626992344856262,0.941548228263855,0.03622833266854286,0.045413240790367126
688,0.002280050576452843,0.0038157401140779257,0.046893954,0.061771676,0.9700350165367126,0.9503790736198425,0.03345708176493645,0.04201299697160721
689,0.0023229845259761946,0.003905436024069786,0.0443264,0.06249349,0.9732264876365662,0.9492126107215881,0.031027374789118767,0.043281909078359604
690,0.002841323436851698,0.004194814711809158,0.051717874,0.06476739,0.9635530114173889,0.9454494714736938,0.0354108102619648,0.04565780237317085
691,0.002880229442697865,0.003892916487529874,0.051499125,0.062393244,0.9638606905937195,0.9493754506111145,0.035141441971063614,0.04312470555305481
692,0.0025531129345340146,0.00399426044896245,0.049968794,0.06320016,0.9659765958786011,0.9480575323104858,0.035659246146678925,0.04380293935537338
693,0.0018054436368402094,0.004034578800201416,0.041944247,0.06351834,0.9760268926620483,0.9475331902503967,0.030543940141797066,0.043338656425476074
694,0.00333248195767572,0.004204787779599428,0.057514355,0.06484433,0.9549252986907959,0.9453197717666626,0.039169855415821075,0.045819297432899475
695,0.0028432929724327882,0.0035431350115686655,0.048451997,0.059524238,0.9680107831954956,0.9539241194725037,0.03340821713209152,0.041648685932159424
696,0.002471612507096407,0.004056266043335199,0.049451318,0.063688815,0.9666776657104492,0.9472512006759644,0.03511471673846245,0.04358339682221413
697,0.0023090782077898357,0.004741095006465912,0.04739563,0.06885561,0.9693904519081116,0.9383454918861389,0.033028993755578995,0.048116642981767654
698,0.00275317012115424,0.004376508761197329,0.05211,0.06615519,0.9629982709884644,0.9430866837501526,0.035105857998132706,0.04417453333735466
699,0.002196229942703874,0.003534362418577075,0.04660501,0.059450507,0.9704031944274902,0.954038143157959,0.033521149307489395,0.04170296713709831
700,0.0019474264911629937,0.003540673991665244,0.043803386,0.059503566,0.9738546013832092,0.953956127166748,0.03079868108034134,0.04156583920121193
701,0.0020790243658914483,0.004008105490356684,0.04425789,0.0633096,0.9733092188835144,0.9478774666786194,0.03148333728313446,0.0429069846868515
702,0.002344557232308117,0.0040397741831839085,0.04806692,0.06355922,0.9685172438621521,0.9474656581878662,0.033085089176893234,0.044236645102500916
703,0.0020961706058270383,0.003582518780604005,0.04566066,0.059854146,0.9715904593467712,0.9534119367599487,0.03184647113084793,0.04226517304778099
704,0.0017911404799881645,0.003588337218388915,0.04227245,0.059902735,0.9756502509117126,0.9533362984657288,0.029736727476119995,0.04121880978345871
705,0.0019984935285968027,0.003798260586336255,0.043805778,0.06163003,0.97385174036026,0.9506063461303711,0.030889825895428658,0.04184404015541077
706,0.002103242478121749,0.003354833461344242,0.04438415,0.057920925,0.9731566905975342,0.9563727974891663,0.031440019607543945,0.03968511521816254
707,0.0022987790686205367,0.004057539626955986,0.04579354,0.06369881,0.9714248776435852,0.9472346305847168,0.03186913579702377,0.04492434486746788
708,0.0021953868325164713,0.003879606956616044,0.04675988,0.06228649,0.9702061414718628,0.9495485424995422,0.033616092056035995,0.04403802379965782
709,0.0020314416879872706,0.00403088703751564,0.044456672,0.06348927,0.97306889295578,0.9475812315940857,0.031142516061663628,0.04366646334528923
710,0.0018939261591929774,0.0039877197705209255,0.04265507,0.063148394,0.9752074480056763,0.9481425881385803,0.030326638370752335,0.044179823249578476
711,0.001906297090251676,0.0042867884039878845,0.042575486,0.06547358,0.9752998948097229,0.9442533850669861,0.030690941959619522,0.04463467746973038
712,0.0018102368525102395,0.004577822983264923,0.04233188,0.06765961,0.975581705570221,0.9404687285423279,0.030185114592313766,0.04593103751540184
713,0.0020337037011896346,0.003723298665136099,0.04491658,0.06101884,0.9725087881088257,0.9515811800956726,0.031384870409965515,0.04177367314696312
714,0.0017967665308705446,0.0036464303266257048,0.042011183,0.060385678,0.975950300693512,0.9525808095932007,0.029719185084104538,0.04304175823926926
715,0.002014133743200959,0.0038409046828746796,0.044461463,0.061975036,0.9730631113052368,0.9500517845153809,0.03171452879905701,0.04255952686071396
716,0.002095276743850925,0.0038203541189432144,0.045308363,0.06180902,0.9720271229743958,0.9503190517425537,0.031740494072437286,0.043200019747018814
717,0.001952815695073117,0.004090575966984034,0.04338683,0.06395761,0.9743494987487793,0.9468050003051758,0.031130453571677208,0.04494789242744446
718,0.0023735536431724377,0.0039159152656793594,0.046898738,0.06257728,0.9700289368629456,0.9490763545036316,0.032552238553762436,0.04400588944554329
719,0.002515118042620915,0.003683255286887288,0.049796958,0.060689826,0.9662101864814758,0.9521019458770752,0.0333993174135685,0.042544230818748474
720,0.0019361241270830346,0.0039232708513736725,0.043752164,0.062636025,0.973915696144104,0.9489806890487671,0.03148419409990311,0.04477216675877571
721,0.0020907536262794483,0.003882632590830326,0.0449465,0.062310774,0.9724721908569336,0.9495091438293457,0.03101358748972416,0.04399743303656578
722,0.0019765432384288447,0.0038107747677713633,0.044385802,0.061731476,0.9731547236442566,0.9504436254501343,0.030968595296144485,0.042317718267440796
723,0.0018544665349922566,0.0040492163971066475,0.042370733,0.06363346,0.9755368828773499,0.9473428726196289,0.029774649068713188,0.04347269609570503
724,0.002050664566922933,0.0038984003476798534,0.044675846,0.062437173,0.9728026986122131,0.9493041038513184,0.03164231404662132,0.042944539338350296
725,0.0018529272916070609,0.0037837980780750513,0.042792547,0.061512586,0.9750473499298096,0.9507944583892822,0.030017251148819923,0.04380786418914795
726,0.0019158828429433263,0.0035615372471511364,0.04392294,0.059678618,0.9737116694450378,0.9536848068237305,0.030590087175369263,0.04215315356850624
727,0.0018788834700403227,0.003809196874499321,0.041627318,0.06171869,0.9763877987861633,0.950464129447937,0.029122132807970047,0.04187675565481186
728,0.002488430380419066,0.00422706687822938,0.049101394,0.0650159,0.9671475291252136,0.9450300335884094,0.033301353454589844,0.04537790268659592
729,0.002518011434321207,0.003490450792014599,0.04596828,0.059080034,0.9712063670158386,0.954609215259552,0.031686343252658844,0.04131240025162697
730,0.001968476885601624,0.00357511593028903,0.044329576,0.05979228,0.9732226729393005,0.953508198261261,0.03140806779265404,0.04202711954712868
731,0.002287886208664118,0.005050164181739092,0.04454936,0.0710645,0.9729564785957336,0.9343262910842896,0.030870608985424042,0.04772663861513138
732,0.007882745211562988,0.0066858627833426,0.087506205,0.08176713,0.8956583142280579,0.9130551815032959,0.056831832975149155,0.056896310299634933
733,0.004350927888563919,0.004707869607955217,0.066303186,0.068613924,0.9400969743728638,0.9387775659561157,0.04433635622262955,0.04764694720506668
734,0.003354740884705362,0.004752449691295624,0.05746104,0.06893802,0.955008864402771,0.9381978511810303,0.03796437382698059,0.0461127944290638
735,0.0024446682179008017,0.004161100834608078,0.0487629,0.0645066,0.9675989747047424,0.9458879232406616,0.03487873449921608,0.044480253010988235
736,0.0026553142657080157,0.004041614010930061,0.05169288,0.06357369,0.9635882377624512,0.9474417567253113,0.0356130488216877,0.044005390256643295
737,0.0023929025734436104,0.004229011945426464,0.047292076,0.06503085,0.969524085521698,0.9450047612190247,0.032805003225803375,0.04458587244153023
738,0.00262277760934508,0.003839657874777913,0.05026166,0.061964974,0.9655765891075134,0.9500680565834045,0.033870719373226166,0.042472708970308304
739,0.0026065507739655336,0.003998195752501488,0.050341114,0.06323128,0.9654676914215088,0.9480063915252686,0.03381446376442909,0.04396812245249748
740,0.002047389723222957,0.004010774195194244,0.04516095,0.06333067,0.9722088575363159,0.9478427767753601,0.031717877835035324,0.04489925876259804
741,0.0023754998374815013,0.003596712602302432,0.047163006,0.0599726,0.969690203666687,0.9532273411750793,0.034124668687582016,0.04276927933096886
742,0.0018621568835276942,0.004011355806142092,0.0433564,0.06333526,0.9743854403495789,0.9478352069854736,0.030763868242502213,0.04378107935190201
743,0.002309705063287931,0.003829952795058489,0.04511546,0.061886612,0.97226482629776,0.950194239616394,0.030492201447486877,0.04260269179940224
744,0.0018708318609490314,0.00393315264955163,0.043126956,0.06271485,0.9746558666229248,0.9488521814346313,0.030704015865921974,0.04345935210585594
745,0.001955507091638124,0.004019849933683872,0.04413355,0.06340229,0.9734589457511902,0.9477247595787048,0.030230166390538216,0.0443769171833992
746,0.0018271105152300813,0.0037964738439768553,0.041396763,0.061615534,0.9766486287117004,0.9506295919418335,0.029610801488161087,0.04285538196563721
747,0.001927033807574348,0.0040398817509412766,0.04313979,0.06356007,0.9746407866477966,0.9474642872810364,0.030193014070391655,0.04361404851078987
748,0.002373213128356094,0.004155114758759737,0.04730216,0.06446018,0.969511091709137,0.9459657669067383,0.03301112353801727,0.04445146769285202
749,0.0026955103570468386,0.004420035053044558,0.05203391,0.06648334,0.9631062150001526,0.9425206780433655,0.033860042691230774,0.0471646785736084
750,0.002002460908525708,0.0046300427056849,0.04454168,0.068044424,0.9729658365249634,0.9397896528244019,0.031208468601107597,0.0463806688785553
751,0.001999843876216222,0.003659606911242008,0.04326365,0.060494684,0.9744949340820312,0.9524094462394714,0.030576756224036217,0.042464010417461395
752,0.0022924856629370797,0.004191760439425707,0.047145933,0.06474381,0.9697121381759644,0.9454891681671143,0.032013557851314545,0.04579944163560867
753,0.0019254749614364382,0.00412573479115963,0.043649472,0.06423189,0.9740380048751831,0.9463478326797485,0.030801722779870033,0.04423628747463226
754,0.0019210271487033672,0.004086577333509922,0.043701757,0.06392634,0.9739757776260376,0.9468570351600647,0.030339423567056656,0.04391276463866234
755,0.0018192979742624711,0.003656029002740979,0.042332347,0.060465105,0.975581169128418,0.952455997467041,0.030789650976657867,0.04166502505540848
756,0.0015850936880187046,0.0034834404941648245,0.038570624,0.05902068,0.9797281622886658,0.9547003507614136,0.028088625520467758,0.041393596678972244
757,0.0017605360070857305,0.004111579153686762,0.04106114,0.0641216,0.9770256876945496,0.9465318918228149,0.02888854593038559,0.044697005301713943
758,0.001945114645588381,0.0038806863594800234,0.043725327,0.062295154,0.9739477038383484,0.9495344758033752,0.03076830692589283,0.043447934091091156
759,0.0015587377605367112,0.0038334745913743973,0.038825136,0.06191506,0.9794597625732422,0.9501484632492065,0.027994386851787567,0.041645344346761703
760,0.0019436543952906504,0.004424176644533873,0.043615162,0.066514485,0.9740787744522095,0.9424667954444885,0.03033033013343811,0.04528723657131195
761,0.002021659231765873,0.00375825772061944,0.043840725,0.06130463,0.9738100171089172,0.9511265754699707,0.030635720118880272,0.04277649149298668
762,0.0016894682934931056,0.0038265457842499018,0.03992926,0.06185908,0.9782748818397522,0.9502385258674622,0.028309237211942673,0.042200252413749695
763,0.0016559380865973335,0.0038923730608075857,0.04063745,0.062388886,0.977497398853302,0.949382483959198,0.028909308835864067,0.042127545922994614
764,0.0015006855154007842,0.0036873233038932085,0.03754455,0.060723335,0.9807923436164856,0.9520490169525146,0.027196045964956284,0.04208306968212128
765,0.0019168763590807264,0.004004466347396374,0.043884538,0.06328085,0.9737576246261597,0.947924792766571,0.030823713168501854,0.04402204975485802
766,0.001753949439840984,0.0037310421466827393,0.04165484,0.06108226,0.976356565952301,0.951480507850647,0.0298243947327137,0.042886074632406235
767,0.0018107857613358647,0.004092975985258818,0.041083552,0.06397638,0.9770006537437439,0.9467738270759583,0.02871844172477722,0.0436173640191555
768,0.005809030231003734,0.005012029316276312,0.074739695,0.07079569,0.9238828420639038,0.9348222017288208,0.04963488504290581,0.05034765973687172
769,0.0034900955691806635,0.00444914260879159,0.058970973,0.0667019,0.9526132941246033,0.942142128944397,0.04023508355021477,0.04687005281448364
770,0.0027444600815546105,0.00482177734375,0.050499268,0.06943902,0.9652503728866577,0.9372962713241577,0.035085611045360565,0.04801039770245552
771,0.0036076346851504322,0.004504362586885691,0.059191264,0.067114554,0.9522585868835449,0.9414240121841431,0.04015698283910751,0.0478534922003746
772,0.0026977273810189217,0.004122255835682154,0.051843785,0.0642048,0.9633753299713135,0.9463930726051331,0.034537095576524734,0.04510113224387169
773,0.0020736837971278214,0.0038193450309336185,0.04504059,0.06180085,0.9723567962646484,0.9503321647644043,0.031431958079338074,0.042739130556583405
774,0.002116691165032204,0.003835648763924837,0.0447981,0.061932612,0.9726536273956299,0.9501201510429382,0.030855488032102585,0.04336223751306534
775,0.002296319255203178,0.0037114163860678673,0.04549713,0.0609214,0.9717935919761658,0.9517357349395752,0.031222090125083923,0.04284898564219475
776,0.0017689575324766338,0.0036381843965500593,0.041948166,0.060317367,0.9760223627090454,0.9526880383491516,0.02967192232608795,0.04164663702249527
777,0.001747882155045359,0.004016065504401922,0.04088067,0.06337244,0.9772272109985352,0.9477739930152893,0.02969546616077423,0.04356628656387329
778,0.0018575011331863193,0.003682550275698304,0.042932,0.06068402,0.9748844504356384,0.9521111249923706,0.03117806650698185,0.04146841540932655
779,0.0019491113171997395,0.003937675151973963,0.04404453,0.0627509,0.973565936088562,0.9487934112548828,0.030775798484683037,0.04228559881448746
780,0.001855321703425778,0.0036782429087907076,0.04315036,0.060648516,0.9746283292770386,0.9521670937538147,0.030065255239605904,0.0425189770758152
781,0.0017148887696252627,0.003700359957292676,0.04125869,0.060830586,0.9768041372299194,0.9518795013427734,0.028883343562483788,0.04229416698217392
782,0.001818197633838281,0.004060791805386543,0.0414039,0.06372434,0.976640522480011,0.947192370891571,0.029245998710393906,0.04477861151099205
783,0.0018824538644614884,0.003685472998768091,0.043298032,0.060708098,0.974454402923584,0.9520730972290039,0.03062877245247364,0.042483579367399216
784,0.0017514426885596054,0.0034028207883238792,0.04149595,0.058333702,0.9765365719795227,0.9557487964630127,0.028704632073640823,0.04057668522000313
785,0.0016472734172235835,0.0037751144263893366,0.039963868,0.06144196,0.9782372117042542,0.9509073495864868,0.028484543785452843,0.043310634791851044
786,0.0016291038363388825,0.0037810849025845528,0.03951815,0.06149053,0.9787198901176453,0.9508297443389893,0.028574105352163315,0.04240826144814491
787,0.0020813036257591607,0.003932733088731766,0.044579096,0.06271151,0.9729203581809998,0.9488576650619507,0.030204646289348602,0.04372591897845268
788,0.002095083793392405,0.003829345339909196,0.04556026,0.06188171,0.9717152118682861,0.9502021074295044,0.03168906643986702,0.042387038469314575
789,0.001808737145355818,0.003891417058184743,0.042339392,0.062381223,0.9755730628967285,0.949394941329956,0.029359884560108185,0.042979780584573746
790,0.002144070297204466,0.0035371233243495226,0.04600265,0.05947372,0.971163272857666,0.9540022611618042,0.03238533064723015,0.04068009927868843
791,0.0016304769709346476,0.003969597164541483,0.04048705,0.06300474,0.9776636362075806,0.9483782649040222,0.028524983674287796,0.0421198308467865
792,0.001747392750324004,0.004152573645114899,0.04166705,0.06444047,0.9763426780700684,0.9459987878799438,0.0292050801217556,0.04293438419699669
793,0.0016252081060718576,0.004229736048728228,0.039899293,0.06503642,0.9783074855804443,0.9449953436851501,0.02831244096159935,0.04465750604867935
794,0.0021569665484342045,0.0038624266162514687,0.045079265,0.062148426,0.9723092913627625,0.9497719407081604,0.031932707875967026,0.04234810173511505
795,0.0018591629539679905,0.0037367285694926977,0.041935876,0.061128788,0.9760364294052124,0.9514065384864807,0.029867831617593765,0.04310053214430809
796,0.0022592507673173464,0.004127710126340389,0.04718677,0.06424726,0.9696596264839172,0.9463220834732056,0.03265528753399849,0.04454231262207031
797,0.00197327137787149,0.003618725575506687,0.04198793,0.060155842,0.9759768843650818,0.9529411196708679,0.029507102444767952,0.0417170524597168
798,0.0017018596263369545,0.003721073968335986,0.041055147,0.061000604,0.9770324230194092,0.9516101479530334,0.029611049219965935,0.04224380478262901
799,0.0015610440816751427,0.004250234924256802,0.038215324,0.065193824,0.9800999164581299,0.9447287917137146,0.02713836543262005,0.04529815912246704
800,0.0017395277497019958,0.003775381250306964,0.041214492,0.061444126,0.9768537878990173,0.9509038925170898,0.02893279679119587,0.042087335139513016
801,0.002211374595803632,0.0038877520710229874,0.046897225,0.06235184,0.9700308442115784,0.9494426250457764,0.03174746781587601,0.04401082172989845
802,0.0017529911816712809,0.0036108391359448433,0.04168179,0.06009026,0.9763259291648865,0.9530436396598816,0.028910566121339798,0.04216306656599045
803,0.0017281274194829166,0.0035357740707695484,0.041513983,0.059462376,0.9765161871910095,0.9540198445320129,0.02894926257431507,0.0403740219771862
804,0.0015010016610507262,0.0035481275990605354,0.038443044,0.059566163,0.9798620343208313,0.9538591504096985,0.027614863589406013,0.041490983217954636
805,0.0014411575195316057,0.0038816488813608885,0.036930762,0.062302884,0.9814152717590332,0.9495219588279724,0.026578593999147415,0.04345850273966789
806,0.0018723365633790804,0.0038595632649958134,0.042517327,0.06212539,0.9753673076629639,0.949809193611145,0.029503943398594856,0.04253937676548958
807,0.0015589940316699954,0.0038131207693368196,0.03935248,0.061750475,0.9788979887962341,0.9504131078720093,0.027825934812426567,0.04229900985956192
808,0.001609058779484423,0.003707272233441472,0.039062873,0.06088737,0.9792073965072632,0.9517896175384521,0.028613625094294548,0.041877176612615585
809,0.0018168203373947604,0.004611492156982422,0.042517863,0.06790797,0.9753667116165161,0.9400308728218079,0.02976662665605545,0.04611558839678764
810,0.0019030280752551996,0.003874993184581399,0.043260984,0.062249444,0.9744980931282043,0.9496085047721863,0.03001864068210125,0.042259108275175095
811,0.0018050554301060567,0.003549000481143594,0.04207891,0.059573486,0.9758726954460144,0.9538478255271912,0.029687225818634033,0.042050138115882874
812,0.0016148916620295495,0.003442327957600355,0.039655183,0.058671355,0.9785720705986023,0.9552350044250488,0.028819646686315536,0.040474697947502136
813,0.0016224334262501957,0.003755956655368209,0.038620166,0.06128586,0.9796760082244873,0.951156497001648,0.02802104316651821,0.043007899075746536
814,0.001975730877761221,0.004124748986214399,0.044297393,0.064224206,0.9732615351676941,0.9463606476783752,0.029913565143942833,0.043991006910800934
815,0.0017371095124293458,0.003768166294321418,0.041511744,0.061385393,0.9765186905860901,0.9509977102279663,0.028765259310603142,0.042536791414022446
816,0.001594607712997293,0.003846324747428298,0.03997945,0.062018745,0.9782202243804932,0.9499813318252563,0.028143709525465965,0.042019639164209366
817,0.0018263906412440438,0.00404325220733881,0.042363703,0.06358657,0.9755449891090393,0.9474204182624817,0.02939736284315586,0.04318184778094292
818,0.0016435112682467495,0.0038289460353553295,0.04033406,0.061878476,0.9778321385383606,0.9502073526382446,0.028746575117111206,0.04301806539297104
819,0.0017507672587684779,0.003441459499299526,0.037731476,0.058663953,0.9806005954742432,0.9552463293075562,0.026943691074848175,0.041371531784534454
820,0.0018010941527212378,0.003731626318767667,0.041233808,0.06108704,0.9768320918083191,0.9514728784561157,0.028866956010460854,0.04321763291954994
821,0.0018415326313433152,0.003407405922189355,0.042656276,0.05837299,0.9752060174942017,0.9556891322135925,0.03015325590968132,0.03983741253614426
822,0.002742655591150238,0.00409738952293992,0.052074492,0.06401085,0.9630486369132996,0.9467164278030396,0.03557947278022766,0.04586897790431976
823,0.0020126163991252806,0.003851284272968769,0.044677097,0.06205872,0.9728012084960938,0.9499168395996094,0.03178355470299721,0.043555114418268204
824,0.0019511529826559126,0.003576008602976799,0.04343072,0.059799742,0.9742975831031799,0.9534965753555298,0.029948189854621887,0.04183852672576904
825,0.0016991165016820146,0.0035337423905730247,0.040984254,0.05944529,0.9771116971969604,0.9540462493896484,0.030135005712509155,0.041321560740470886
826,0.0015160163113085384,0.0035813909489661455,0.038839027,0.059844725,0.9794450402259827,0.9534265995025635,0.027154453098773956,0.041448283940553665
827,0.001760132748379626,0.0035622096620500088,0.03897216,0.059684254,0.9793038964271545,0.9536760449409485,0.0276739913970232,0.04155492037534714
828,0.0025322900116655296,0.003877728944644332,0.046748016,0.062271412,0.9702212810516357,0.9495729207992554,0.03085458278656006,0.04369260370731354
829,0.002678340658100999,0.004007954616099596,0.050939005,0.06330841,0.9646425247192383,0.947879433631897,0.03342251479625702,0.04407728090882301
830,0.00224408441466618,0.0036667243111878633,0.044268023,0.060553484,0.9732969999313354,0.9523168802261353,0.030851926654577255,0.04231155663728714
831,0.0025724975077371873,0.004510023631155491,0.049859952,0.06715671,0.9661246538162231,0.9413504004478455,0.03375885263085365,0.046050988137722015
832,0.0017185795017708601,0.003846487496048212,0.040441666,0.062020056,0.9777137041091919,0.9499791860580444,0.029115039855241776,0.042768146842718124
833,0.0017360355625648729,0.004074439872056246,0.041542027,0.063831344,0.9764844179153442,0.9470148682594299,0.029631510376930237,0.04438702017068863
834,0.0015214562418722462,0.0037248614244163036,0.03843167,0.061031643,0.9798739552497864,0.9515608549118042,0.02802393212914467,0.04202375188469887
835,0.001882467547230507,0.0037473358679562807,0.043243703,0.061215483,0.9745184779167175,0.9512686133384705,0.029677564278244972,0.04235479608178139
836,0.0014358083161906425,0.003448197850957513,0.037698165,0.05872136,0.980634868144989,0.9551587104797363,0.027002908289432526,0.040395401418209076
837,0.0017651977303268557,0.003456409787759185,0.040703084,0.05879124,0.9774246215820312,0.9550518989562988,0.029705379158258438,0.04071076959371567
838,0.0016208462223982099,0.003822088008746505,0.040191185,0.06182304,0.9779888987541199,0.9502965211868286,0.029276372864842415,0.041639577597379684
839,0.00224692177884704,0.0037909243255853653,0.045285262,0.061570484,0.9720556735992432,0.9507017731666565,0.031057925894856453,0.04221329092979431
840,0.002176279602942734,0.0036071855574846268,0.044628665,0.060059853,0.9728600978851318,0.9530911445617676,0.030286725610494614,0.04255000874400139
841,0.002407548374983228,0.004165506921708584,0.04899985,0.06454074,0.967283308506012,0.9458305835723877,0.03338557854294777,0.04493316635489464
842,0.0017918774630578066,0.004164763726294041,0.041134916,0.06453498,0.9769430756568909,0.9458402395248413,0.028914589434862137,0.04485953971743584
843,0.0019359528576553037,0.003834384959191084,0.04294563,0.06192241,0.9748685359954834,0.9501366019248962,0.030059516429901123,0.043617550283670425
844,0.0015482119435380976,0.004001562483608723,0.03901218,0.06325791,0.9792613387107849,0.9479625821113586,0.028654012829065323,0.04351429268717766
845,0.0016866767691681162,0.003581588389351964,0.040192667,0.059846375,0.9779872894287109,0.9534240365028381,0.028730908408761024,0.04138743877410889
846,0.001740585099799897,0.0038944128900766373,0.04035573,0.062405232,0.9778082966804504,0.949355959892273,0.028654873371124268,0.042798615992069244
847,0.0017388788176255978,0.003584819147363305,0.041514818,0.059873354,0.9765152335166931,0.9533820152282715,0.02955365553498268,0.04241945967078209
848,0.0014201835080960088,0.0034398683346807957,0.037801556,0.05865039,0.9805284738540649,0.9552670121192932,0.027455175295472145,0.04113620147109032
849,0.001469728075211275,0.003755916841328144,0.037152663,0.061285537,0.9811912775039673,0.9511570334434509,0.026562001556158066,0.042033273726701736
850,0.0020065422775753013,0.0034409677609801292,0.04124365,0.05865976,0.9768210053443909,0.9552527070045471,0.02906670607626438,0.04120676591992378
851,0.0018995214235143396,0.0035367344971746206,0.041411586,0.059470456,0.9766318798065186,0.9540073275566101,0.028900284320116043,0.04205235093832016
852,0.0018983085941396314,0.003573569469153881,0.04018071,0.05977934,0.9780004024505615,0.9535283446311951,0.02810829132795334,0.0424891822040081
853,0.001929075724381784,0.0036398658994585276,0.041515913,0.0603313,0.9765139818191528,0.952666163444519,0.029498575255274773,0.04178423061966896
854,0.0020228600372898986,0.00402996176853776,0.04460415,0.06348198,0.9728899598121643,0.9475932717323303,0.03079363889992237,0.04441133514046669
855,0.0020574528647226875,0.003462329739704728,0.04530887,0.058841567,0.972026526927948,0.954974889755249,0.031495895236730576,0.04148823767900467
856,0.0017835407012502071,0.003931001294404268,0.040576447,0.0626977,0.9775648713111877,0.9488801956176758,0.028755666688084602,0.04308415949344635
857,0.0043065277145201844,0.004745782818645239,0.063579746,0.06888965,0.9449169635772705,0.9382845163345337,0.04132213070988655,0.04736504331231117
858,0.002461460858202455,0.004326432012021542,0.048174683,0.065775625,0.9683759212493896,0.9437378644943237,0.03286625072360039,0.04532989114522934
859,0.002673957713837312,0.003879247000440955,0.05071798,0.062283605,0.9649487137794495,0.9495531916618347,0.03413985297083855,0.04394565522670746
860,0.0018598191752310165,0.004038691520690918,0.043159243,0.0635507,0.9746178984642029,0.9474797248840332,0.031178629025816917,0.0435306690633297
861,0.0015368738955161957,0.0039359936490654945,0.038947012,0.062737495,0.9793305993080139,0.9488152265548706,0.027940938249230385,0.0422680638730526
862,0.0018102744771485131,0.0037491379771381617,0.04243651,0.061230205,0.9754608273506165,0.9512451887130737,0.029323307797312737,0.042333491146564484
863,0.0018805310921214352,0.0035195136442780495,0.04253091,0.05932549,0.9753515720367432,0.9542312622070312,0.02985525317490101,0.041368015110492706
864,0.0019248531872025606,0.003657997353002429,0.041238952,0.06048138,0.9768263101577759,0.9524303674697876,0.02852095663547516,0.04169348254799843
865,0.0023553245012987068,0.0043902029283344746,0.048165,0.06625861,0.9683886170387268,0.9429085850715637,0.03240117430686951,0.046408042311668396
866,0.002037953061517328,0.003897198475897312,0.0433971,0.062427547,0.9743373394012451,0.9493197798728943,0.029559720307588577,0.043308429419994354
867,0.0018979818626328117,0.003927523735910654,0.043068897,0.062669955,0.9747240543365479,0.9489253759384155,0.03000357188284397,0.043314073234796524
868,0.0015775333542313258,0.0037047015503048897,0.039447565,0.06086626,0.9787958860397339,0.9518230557441711,0.0282920990139246,0.04308881610631943
869,0.0015500961665318093,0.0034242700785398483,0.038857393,0.058517262,0.9794256091117859,0.9554698467254639,0.027548732236027718,0.040794119238853455
870,0.0016254236781440507,0.003750653238967061,0.038670503,0.061242577,0.979623019695282,0.9512254595756531,0.027783405035734177,0.04306808486580849
871,0.00171431780803356,0.0036066467873752117,0.040574953,0.060055364,0.9775665402412415,0.9530981779098511,0.02968652732670307,0.04165664687752724
872,0.0018018821058583192,0.0038411349523812532,0.04215778,0.06197689,0.9757821559906006,0.9500488042831421,0.029388973489403725,0.042832113802433014
873,0.0017009350611426105,0.0034001192543655634,0.039343294,0.058310546,0.9789078235626221,0.9557839035987854,0.028010908514261246,0.040586985647678375
874,0.0025494347196813164,0.004020337015390396,0.04635914,0.063406125,0.9707146286964417,0.9477184414863586,0.03126430884003639,0.0440567210316658
875,0.0016185896886533803,0.0037092764396220446,0.040122338,0.06090383,0.978064239025116,0.9517635703086853,0.028796063736081123,0.0423528216779232
876,0.0014344516715606335,0.0038387663662433624,0.03780456,0.06195778,0.9805254340171814,0.950079619884491,0.026878638193011284,0.04322785884141922
877,0.0015423399176639082,0.0030723402742296457,0.03901542,0.0554287,0.9792578816413879,0.9600464105606079,0.02746552601456642,0.03905854374170303
878,0.0015275220225289972,0.0038050832226872444,0.039004214,0.06168536,0.979269802570343,0.9505176544189453,0.02715650200843811,0.04190966486930847
879,0.0017335580751850184,0.0034802656155079603,0.04111687,0.05899378,0.9769632816314697,0.9547416567802429,0.02802923321723938,0.04110253229737282
880,0.0018091816137629476,0.004108929540961981,0.040680286,0.064100936,0.977449893951416,0.9465663433074951,0.02759684808552265,0.04283814877271652
881,0.0019798086339671336,0.003295897739008069,0.04319905,0.05740991,0.9745710492134094,0.957139253616333,0.029811009764671326,0.0402698889374733
882,0.002194151819408448,0.0036867870949208736,0.04282128,0.060718916,0.9750138521194458,0.9520559906959534,0.028939522802829742,0.04259084165096283
883,0.0019618887004484845,0.004260633140802383,0.04377316,0.06527352,0.9738906621932983,0.9445935487747192,0.030169913545250893,0.04426692798733711
884,0.0014901804997035388,0.003467909526079893,0.03867192,0.058888957,0.9796215295791626,0.9549023509025574,0.028085529804229736,0.041423819959163666
885,0.0014312622145305133,0.0037882959004491568,0.037017625,0.061549135,0.9813277125358582,0.9507359266281128,0.02668299898505211,0.04251459985971451
886,0.0016678606559501284,0.0038528095465153456,0.040808976,0.062071007,0.9773070216178894,0.9498969912528992,0.027999738231301308,0.04159790277481079
887,0.0018739353902426294,0.00400121882557869,0.040982544,0.06325519,0.9771136045455933,0.9479670524597168,0.028563367202878,0.04342348128557205
888,0.00246930708817672,0.0036785434931516647,0.045143306,0.060650997,0.9722305536270142,0.9521632194519043,0.030558541417121887,0.04176007956266403
889,0.0020071002932540564,0.0035622965078800917,0.044561554,0.059684977,0.9729416966438293,0.9536749124526978,0.03125867247581482,0.04230039566755295
890,0.0013713242872406474,0.0036170382518321276,0.036747128,0.060141817,0.9815996289253235,0.9529630541801453,0.026786889880895615,0.04068569466471672
891,0.0015077858274294572,0.003788383910432458,0.038651526,0.06154985,0.9796429872512817,0.9507347941398621,0.027913140133023262,0.041535042226314545
892,0.0015937972202664241,0.003573732217773795,0.03950225,0.0597807,0.9787370562553406,0.9535261988639832,0.027514750137925148,0.040996722877025604
893,0.001425192023320547,0.0034210113808512688,0.03591022,0.058489412,0.9824281930923462,0.9555122256278992,0.026157503947615623,0.04075925052165985
894,0.0016727928754831241,0.0034511368721723557,0.04045395,0.058746383,0.9777001738548279,0.9551204442977905,0.028294941410422325,0.04091113060712814
895,0.0015374424269380556,0.0033786993008106947,0.037232883,0.05812658,0.9811099171638489,0.9560624361038208,0.026441210880875587,0.040407177060842514
896,0.0014981239086906003,0.003492597956210375,0.037603296,0.05909821,0.9807322025299072,0.9545812606811523,0.02700228989124298,0.04238621145486832
897,0.0017635297739285636,0.0033904218580573797,0.04183836,0.05822733,0.9761477708816528,0.9559100270271301,0.029759125784039497,0.041252780705690384
898,0.0015607455451655287,0.0033791917376220226,0.0380756,0.058130812,0.9802451729774475,0.9560560584068298,0.02682224102318287,0.040718723088502884
899,0.0015526120233434167,0.0035455047618597746,0.03944919,0.059544142,0.9787940979003906,0.9538933038711548,0.02835637517273426,0.04023273289203644
900,0.001583498107555153,0.0037627958226948977,0.03922102,0.061341632,0.9790387153625488,0.9510675668716431,0.02663290500640869,0.041536327451467514
901,0.0015871907023458996,0.0033203267958015203,0.038811035,0.057622276,0.979474663734436,0.9568215608596802,0.027530338615179062,0.04075293615460396
902,0.001502409953073683,0.0033307718113064766,0.03854093,0.05771284,0.9797593355178833,0.9566857218742371,0.027443505823612213,0.040032681077718735
903,0.001221676187759096,0.003380072070285678,0.034875743,0.058138385,0.983426034450531,0.956044614315033,0.025526029989123344,0.041255369782447815
904,0.00135876734434119,0.00345888314768672,0.035206854,0.05881227,0.9831098318099976,0.9550197124481201,0.025496337562799454,0.04147803410887718
905,0.004503326617519964,0.0038740357849746943,0.067094274,0.062241755,0.9386590123176575,0.9496209621429443,0.0418413020670414,0.043980106711387634
906,0.0020831346152011643,0.004004990216344595,0.043476447,0.06328499,0.9742434024810791,0.9479179978370667,0.03029908984899521,0.04396418482065201
907,0.001883871643010273,0.00358755886554718,0.04343651,0.05989624,0.9742907285690308,0.9533463716506958,0.0309593603014946,0.0418156161904335
908,0.0014706381189171225,0.00326227443292737,0.03789794,0.057116326,0.9804290533065796,0.9575765132904053,0.027009623125195503,0.03981291130185127
909,0.0015281076233474198,0.0032802317291498184,0.037732724,0.05727331,0.9805993437767029,0.9573429822921753,0.026847030967473984,0.039597366005182266
910,0.0014650098839245568,0.003735553938895464,0.03823372,0.061119176,0.9800807237625122,0.951421856880188,0.027323348447680473,0.0418749637901783
911,0.0013639635329706255,0.003662307746708393,0.037003145,0.060517006,0.9813423156738281,0.9523743391036987,0.027059076353907585,0.04184781387448311
912,0.0015697481298544021,0.003274239134043455,0.035848536,0.05722097,0.9824885129928589,0.9574208855628967,0.02551889605820179,0.039928097277879715
913,0.0019406327641759576,0.004178620874881744,0.042472247,0.06464225,0.9754195213317871,0.9456600546836853,0.02966703660786152,0.04561704024672508
914,0.0017444742023309861,0.003691627411171794,0.0415181,0.060758766,0.976511538028717,0.9519930481910706,0.029554549604654312,0.042191438376903534
915,0.001644550884851593,0.003446428570896387,0.04052685,0.058706295,0.9776197075843811,0.9551816582679749,0.02897564135491848,0.041456326842308044
916,0.0014105992304394022,0.0036151756066828966,0.037472773,0.060126334,0.9808657169342041,0.9529872536659241,0.026743996888399124,0.0424116775393486
917,0.0013688294619152491,0.003075238550081849,0.0364001,0.05545483,0.9819455146789551,0.9600087404251099,0.02632463537156582,0.03929022327065468
918,0.0016218658115989952,0.0034879364538937807,0.04028807,0.059058756,0.9778826832771301,0.9546419382095337,0.02762370929121971,0.04091965779662132
919,0.0017965807889016685,0.0034038652665913105,0.040043138,0.058342654,0.9781507849693298,0.9557352066040039,0.02761205844581127,0.04115390032529831
920,0.0018549584743926641,0.0035858748015016317,0.04285902,0.059882175,0.9749698042869568,0.9533683061599731,0.030743109062314034,0.04242957755923271
921,0.0018738621253181589,0.003513217903673649,0.04144162,0.059272405,0.9765979647636414,0.9543131589889526,0.0287652425467968,0.04269776865839958
922,0.002021731148653833,0.0036818336229771376,0.044703443,0.060678113,0.9727690815925598,0.9521204233169556,0.03028717450797558,0.0426781140267849
923,0.0013637218150754713,0.0034131344873458147,0.036773108,0.058422036,0.9815735816955566,0.9556146860122681,0.026974622160196304,0.04067769646644592
924,0.0015680280921515077,0.003184146247804165,0.03832972,0.05642824,0.9799805879592896,0.9585924744606018,0.02687029168009758,0.03978941962122917
925,0.001557818181357685,0.0033826332073658705,0.038985573,0.058160413,0.9792896509170532,0.9560112953186035,0.02789539471268654,0.0410320907831192
926,0.0014703557310647077,0.003558787051588297,0.03795621,0.05965557,0.9803688526153564,0.9537205696105957,0.026682453230023384,0.04163862764835358
927,0.0019526987849861723,0.0035288482904434204,0.041044533,0.05940411,0.9770442843437195,0.9541099071502686,0.028020773082971573,0.0421036034822464
928,0.00226128373734272,0.0036934944801032543,0.046384104,0.06077413,0.9706830978393555,0.951968789100647,0.031962405890226364,0.043567854911088943
929,0.0017668229384898123,0.0039070951752364635,0.041796032,0.06250676,0.9761959910392761,0.9491910338401794,0.029821747913956642,0.0444461852312088
930,0.001474622476962395,0.0039026159793138504,0.038074918,0.06247092,0.9802458882331848,0.9492493271827698,0.02766704559326172,0.04390420392155647
931,0.0012931720134061338,0.003491501323878765,0.03553711,0.059088927,0.9827914237976074,0.9545955657958984,0.025277474895119667,0.04074840992689133
932,0.0013601579716619613,0.003454749006778002,0.03646645,0.058777113,0.9818796515464783,0.9550734758377075,0.02659628354012966,0.04143378138542175
933,0.0013430021340768276,0.0031571933068335056,0.036614403,0.05618891,0.9817323088645935,0.9589430093765259,0.02663223259150982,0.03993110731244087
934,0.0012960588329323482,0.0035373393911868334,0.035303805,0.05947554,0.9830166697502136,0.9539994597434998,0.025637147948145866,0.041460055857896805
935,0.0012651423034681516,0.0032581407576799393,0.03527438,0.057080127,0.9830449819564819,0.9576302170753479,0.02588697150349617,0.04047789052128792
936,0.0012610942609502342,0.003241598838940263,0.0349116,0.056935042,0.9833919405937195,0.9578453302383423,0.025027591735124588,0.03925888612866402
937,0.0014228136953368614,0.003711892757564783,0.03654989,0.06092531,0.9817966222763062,0.9517295360565186,0.025841794908046722,0.04371161758899689
938,0.0017269733057632534,0.004239838104695082,0.040666226,0.065114036,0.9774655103683472,0.9448639750480652,0.02877953089773655,0.04469136521220207
939,0.001573976171626286,0.0034611402079463005,0.039550193,0.058831457,0.9786853790283203,0.9549903869628906,0.027953557670116425,0.04062208533287048
940,0.0012642291509440508,0.003563624108210206,0.03549926,0.059696097,0.9828280806541443,0.9536576271057129,0.02548879198729992,0.041051898151636124
941,0.0012586519931739365,0.003681774018332362,0.035192482,0.060677625,0.9831236004829407,0.9521211981773376,0.025326397269964218,0.04167887941002846
942,0.0013512947175926952,0.00333497766405344,0.036470827,0.057749268,0.9818753004074097,0.9566310048103333,0.02608017809689045,0.03987257555127144
943,0.0011952013949419118,0.0032643089070916176,0.034422036,0.05713413,0.9838544130325317,0.957550048828125,0.02480245567858219,0.040110163390636444
944,0.0013894508222372017,0.0033885606098920107,0.036535446,0.058211345,0.981810986995697,0.9559342265129089,0.02614116109907627,0.04035866633057594
945,0.001376967371801253,0.003187686437740922,0.03713305,0.056459602,0.9812111258506775,0.9585464596748352,0.026296008378267288,0.039150629192590714
946,0.0021885529025563633,0.0034351178910583258,0.0416415,0.058609877,0.976371705532074,0.9553287625312805,0.027697348967194557,0.04090898111462593
947,0.0018928314675576985,0.00329479668289423,0.04293419,0.05740032,0.9748818874359131,0.9571535587310791,0.029562266543507576,0.04045932739973068
948,0.001318418456569568,0.0034079249016940594,0.035635453,0.058377437,0.9826960563659668,0.9556823968887329,0.02559623494744301,0.04146110638976097
949,0.0013757008961296049,0.0033486413303762674,0.036460772,0.057867445,0.9818852543830872,0.9564533233642578,0.026572393253445625,0.040313657373189926
950,0.0013594127403021876,0.003175435122102499,0.036313552,0.056351002,0.9820312857627869,0.9587057828903198,0.025965219363570213,0.0391739197075367
951,0.001646670216525143,0.003465791465714574,0.039114326,0.058870967,0.9791526198387146,0.9549298882484436,0.026886455714702606,0.04133688285946846
952,0.0017357761005934497,0.003464191686362028,0.04155081,0.05885738,0.9764744639396667,0.9549506902694702,0.029429474845528603,0.04078714922070503
953,0.0014097875404827805,0.003411694196984172,0.035874456,0.058409713,0.9824631810188293,0.9556334018707275,0.026399461552500725,0.041172273457050323
954,0.0012816773880992762,0.003289389656856656,0.03578176,0.057353206,0.9825537204742432,0.9572238922119141,0.025381606072187424,0.04005705937743187
955,0.0014124303204219111,0.003954845480620861,0.035594977,0.062887564,0.9827353358268738,0.9485700726509094,0.02533489279448986,0.04339868575334549
956,0.0020398964777334845,0.003858540439978242,0.045207877,0.062117152,0.9721511006355286,0.9498224854469299,0.03155166283249855,0.04387234151363373
957,0.0017333412953038614,0.0035053265746682882,0.040635712,0.0592058,0.9774993062019348,0.9544157385826111,0.028719332069158554,0.04083075746893883
958,0.0016892075800569728,0.0035036883782595396,0.04006644,0.059191965,0.9781253337860107,0.9544370770454407,0.026845546439290047,0.04149049147963524
959,0.0015332825992531566,0.003159323474392295,0.039073296,0.05620786,0.979196310043335,0.9589152932167053,0.027589527890086174,0.04019153490662575
960,0.0016303534688301045,0.003705324837937951,0.03983643,0.060871374,0.9783757328987122,0.9518149495124817,0.02670939639210701,0.04152225703001022
961,0.0016484337102156132,0.004171842243522406,0.038335394,0.0645898,0.979974627494812,0.9457482099533081,0.027196547016501427,0.04521980881690979
962,0.001594504774071869,0.0036774524487555027,0.038366824,0.060642004,0.9799417853355408,0.9521774053573608,0.02727825567126274,0.04225574806332588
963,0.0017390884829431095,0.0036289619747549295,0.041618977,0.06024087,0.9763972163200378,0.9528079628944397,0.029293330386281013,0.04237169399857521
964,0.001969490853794427,0.0037707064766436815,0.04391037,0.06140608,0.973726749420166,0.9509646892547607,0.02939673513174057,0.04118144512176514
965,0.0020205858679467133,0.0036545072216540575,0.04064657,0.06045252,0.9774872660636902,0.9524757862091064,0.027814583852887154,0.0430099219083786
966,0.0023170907066245986,0.0037341529969125986,0.04668935,0.061107717,0.9702959656715393,0.9514400362968445,0.03223147243261337,0.042834822088479996
967,0.0020925649177198384,0.0035125769209116697,0.04462306,0.059266996,0.972866952419281,0.9543215036392212,0.0303452517837286,0.04126555100083351
968,0.0019550806967097083,0.003392613958567381,0.04199111,0.05824615,0.9759732484817505,0.9558815360069275,0.029884928837418556,0.04089793190360069
969,0.0016618622149425473,0.004086923785507679,0.040170513,0.06392905,0.9780115485191345,0.9468525052070618,0.02839772216975689,0.043909285217523575
970,0.001523422574709085,0.003194105578586459,0.038175926,0.05651642,0.9801409244537354,0.9584629535675049,0.027378804981708527,0.040058959275484085
971,0.0014420628735520454,0.0035314576234668493,0.037880763,0.059426066,0.9804468154907227,0.9540759325027466,0.02668176032602787,0.040928956121206284
972,0.0012316309452713044,0.003635447472333908,0.034882892,0.060294673,0.9834192395210266,0.9527236223220825,0.025166260078549385,0.04166153073310852
973,0.0013423225516982545,0.0030746471602469683,0.035405155,0.0554495,0.9829190373420715,0.9600164294242859,0.02550971880555153,0.0395442396402359
974,0.0015727125282865018,0.0034797750413417816,0.038617004,0.05898962,0.9796793460845947,0.9547480344772339,0.026544691994786263,0.04048944264650345
975,0.0016460474183655936,0.003689022734761238,0.038563102,0.060737323,0.9797360301017761,0.9520269632339478,0.026930073276162148,0.04235187545418739
976,0.0017491712761429053,0.003544001840054989,0.041925937,0.05953152,0.9760478138923645,0.9539127945899963,0.02874448336660862,0.040171217173337936
977,0.0014532669698713687,0.0034324589651077986,0.03730699,0.058587193,0.9810346364974976,0.9553633332252502,0.02665063738822937,0.04094577953219414
978,0.00142526790891266,0.0032828894909471273,0.03634889,0.057296503,0.9819962978363037,0.9573084115982056,0.025496328249573708,0.0398886613547802
979,0.0015379698597826064,0.003604186698794365,0.039089303,0.06003488,0.9791792631149292,0.9531301856040955,0.027572212740778923,0.04135742783546448
980,0.0014221192382551221,0.0031294459477066994,0.03779192,0.055941448,0.9805384278297424,0.9593038558959961,0.026614293456077576,0.03928495571017265
981,0.001494590828025883,0.003360319882631302,0.038526587,0.057968266,0.9797744154930115,0.9563014507293701,0.026161963120102882,0.041105274111032486
982,0.001519455260925249,0.0035171560011804104,0.03660934,0.059305612,0.9817373752593994,0.9542619585990906,0.025959420949220657,0.04131351038813591
983,0.0013632111447143623,0.0032341410405933857,0.03584673,0.056869514,0.9824903011322021,0.9579423069953918,0.026311011984944344,0.040081072598695755
984,0.0015627264061053706,0.0036497791297733784,0.03942018,0.0604134,0.9788253307342529,0.9525372982025146,0.027076443657279015,0.04212557151913643
985,0.0014461166442329572,0.003487212583422661,0.03624342,0.05905263,0.9821006059646606,0.9546512961387634,0.02553633227944374,0.040938783437013626
986,0.00175300446360118,0.003513888455927372,0.041641172,0.059278063,0.9763720631599426,0.9543043971061707,0.028947360813617706,0.04196915775537491
987,0.001684002714517357,0.0035456072073429823,0.03991618,0.059545003,0.9782890677452087,0.953891932964325,0.027694828808307648,0.042038124054670334
988,0.0017368094387083229,0.00349974213168025,0.040844906,0.05915862,0.9772670269012451,0.9544883966445923,0.028582416474819183,0.04117068275809288
989,0.0015856130961434576,0.0035512845497578382,0.03885283,0.059592653,0.9794304370880127,0.953818142414093,0.02751801908016205,0.041794370859861374
990,0.0014978249977998944,0.003648411948233843,0.038351275,0.060402084,0.9799580574035645,0.9525550603866577,0.0270719975233078,0.0416811965405941
991,0.0013241459012285552,0.0033335350453853607,0.03608944,0.057736777,0.9822523593902588,0.9566497802734375,0.025233721360564232,0.04099699854850769
992,0.0014549404242478142,0.003407086944207549,0.037767716,0.05837026,0.9805633425712585,0.9556933045387268,0.025944653898477554,0.039737679064273834
993,0.0012752095446392725,0.003417718457058072,0.035638314,0.058461253,0.9826933145523071,0.9555550813674927,0.025732332840561867,0.040267784148454666
994,0.001375509552996267,0.003461824031546712,0.035286367,0.05883727,0.9830334186553955,0.9549815058708191,0.024450059980154037,0.040782589465379715
995,0.0018025368772214279,0.0033992696553468704,0.037552122,0.058303256,0.9807845950126648,0.9557949304580688,0.025942258536815643,0.04106777161359787
996,0.0024180364165328106,0.00335300643928349,0.04890406,0.057905152,0.9674111008644104,0.9563965797424316,0.032005175948143005,0.04097549989819527
997,0.0015609642379620875,0.003366163233295083,0.039428186,0.058018647,0.9788166880607605,0.9562255144119263,0.02770797722041607,0.04110446572303772
998,0.0013521007375939835,0.0034089027903974056,0.03633031,0.058385804,0.9820146560668945,0.9556697010993958,0.025711117312312126,0.04122656211256981
999,0.0011890102151400324,0.003516504541039467,0.033943027,0.05930012,0.9843006730079651,0.9542704224586487,0.024195091798901558,0.04065585508942604
1000,0.0016910038340773265,0.003470820840448141,0.03940617,0.058913674,0.9788403511047363,0.954864501953125,0.0268467478454113,0.041336726397275925
1001,0.0014678734137718989,0.0035644862800836563,0.03807749,0.05970332,0.9802432060241699,0.9536464214324951,0.026518620550632477,0.041350316256284714
1002,0.0013024409550284458,0.0033239866606891155,0.035688076,0.057654027,0.9826449155807495,0.9567739367485046,0.025119099766016006,0.04018380865454674
1003,0.0011503366695251316,0.0032636376563459635,0.03383067,0.057128258,0.984404444694519,0.9575587511062622,0.024805156514048576,0.039754532277584076
1004,0.001185316509112123,0.0035248242784291506,0.03310781,0.05937023,0.9850637912750244,0.9541622400283813,0.02389395236968994,0.04014043137431145
1005,0.0016319437550423158,0.0030827675946056843,0.036948822,0.055522677,0.9813970923423767,0.9599108695983887,0.026108356192708015,0.03865962103009224
1006,0.0014150233037071303,0.0034789496567100286,0.036851067,0.058982622,0.9814953804016113,0.9547587633132935,0.02645624242722988,0.04012217000126839
1007,0.0013318941597720948,0.0034621639642864466,0.036009576,0.058840152,0.982330858707428,0.9549770951271057,0.025664962828159332,0.04038845747709274
1008,0.0016645042024637487,0.0030684343073517084,0.03672794,0.055393454,0.9816188216209412,0.9600972533226013,0.025523198768496513,0.03859936073422432
1009,0.0014922090657902036,0.0034682932309806347,0.03839982,0.05889222,0.9799072742462158,0.9548973441123962,0.026341255754232407,0.04122362285852432
1010,0.0012810984666099432,0.003426122013479471,0.03518697,0.058533084,0.9831289052963257,0.9554457664489746,0.025135371834039688,0.04105297103524208
1011,0.0013413234661460262,0.003206138964742422,0.03640018,0.056622777,0.9819454550743103,0.9583064913749695,0.02551436610519886,0.03983111307024956
1012,0.0012724008067214693,0.0031520139891654253,0.03494915,0.056142803,0.9833561778068542,0.9590103626251221,0.025205418467521667,0.039371758699417114
1013,0.001141112438000908,0.003358258865773678,0.033595048,0.057950485,0.9846209287643433,0.956328272819519,0.024604028090834618,0.0410514771938324
1014,0.0013519825191575694,0.0035633365623652935,0.03578336,0.059693694,0.9825521111488342,0.9536613821983337,0.02543945610523224,0.04081344231963158
1015,0.0012974771882661364,0.0033287759870290756,0.035669725,0.057695545,0.9826627969741821,0.9567116498947144,0.02518637850880623,0.03967050835490227
1016,0.0012507494102464989,0.0037876255810260773,0.03453273,0.06154369,0.9837504029273987,0.9507446885108948,0.02480553463101387,0.04137425497174263
1017,0.0016209845449669626,0.003752370597794652,0.037738744,0.06125659,0.9805931448936462,0.9512031674385071,0.026641076430678368,0.041266702115535736
1018,0.0018762626185145398,0.003490360686555505,0.042313773,0.05907927,0.9756026268005371,0.9546104073524475,0.029246794059872627,0.04150218516588211
1019,0.0014766323504524983,0.003747545415535569,0.03785553,0.061217196,0.9804728627204895,0.9512658715248108,0.026326972991228104,0.04308854416012764
1020,0.0013718326173892076,0.003345862729474902,0.03662747,0.05784343,0.9817192554473877,0.9564895033836365,0.02611066773533821,0.039894454181194305
1021,0.0017066537653921512,0.003754019970074296,0.040690806,0.061270062,0.9774382710456848,0.9511817097663879,0.027331925928592682,0.042465824633836746
1022,0.0015400847372471947,0.0032368560787290335,0.03898717,0.05689338,0.9792879223823547,0.9579070210456848,0.027187010273337364,0.04021627455949783
1023,0.001441023948824626,0.0034890570677816868,0.03766442,0.059068244,0.9806694984436035,0.9546273350715637,0.026624616235494614,0.0408005453646183
1024,0.001454556817241775,0.0032878017518669367,0.03767944,0.057339355,0.9806541204452515,0.9572445154190063,0.026432393118739128,0.04064805805683136
1025,0.0012582091982370582,0.0031257367227226496,0.034283243,0.05590829,0.9839843511581421,0.9593520760536194,0.024826424196362495,0.03895097225904465
1026,0.0015466783119005743,0.003120086155831814,0.038126104,0.05585773,0.9801927208900452,0.9594255685806274,0.026788385584950447,0.0389680340886116
1027,0.0011858810030389577,0.00362372281961143,0.03444381,0.06019737,0.9838340282440186,0.952876091003418,0.024669228121638298,0.04276818037033081
1028,0.0010666551792052235,0.0032343368511646986,0.03183896,0.05687123,0.986186683177948,0.9579398036003113,0.0228635985404253,0.03935277834534645
1029,0.0012778332576007497,0.0032070584129542112,0.03507394,0.056630895,0.983237087726593,0.9582945108413696,0.02531505934894085,0.03859740123152733
1030,0.001244677661981603,0.0033989939838647842,0.03514109,0.05830089,0.9831728339195251,0.9557985663414001,0.024645959958434105,0.04011984169483185
1031,0.0012902367068983783,0.0034012123942375183,0.03506014,0.058319915,0.9832502603530884,0.9557697176933289,0.024555960670113564,0.04062865674495697
1032,0.0011700274824926798,0.0033601047471165657,0.03397663,0.05796641,0.9842695593833923,0.9563042521476746,0.024533381685614586,0.0403192937374115
1033,0.0011716965210243043,0.003061980241909623,0.03210761,0.055335164,0.985952615737915,0.9601811766624451,0.023339800536632538,0.039047036319971085
1034,0.0019390288666314023,0.003491027280688286,0.042528916,0.059084915,0.9753538966178894,0.9546017050743103,0.028977002948522568,0.04169090837240219
1035,0.0012416053743270988,0.0033074079547077417,0.03472253,0.057510067,0.9835712909698486,0.9569895267486572,0.024812566116452217,0.039510179311037064
1036,0.0012613542322386902,0.003119140397757292,0.03459701,0.055849265,0.9836899042129517,0.9594378471374512,0.024925904348492622,0.038944926112890244
1037,0.0015732690093996512,0.0033177353907376528,0.03545481,0.057599787,0.9828710556030273,0.9568552374839783,0.02476525492966175,0.04125756025314331
1038,0.004172757335419936,0.0045195152051746845,0.06468398,0.06722734,0.9429870247840881,0.9412269592285156,0.042096029967069626,0.04611831530928612
1039,0.002520389034709131,0.0038456108886748552,0.048317544,0.06201299,0.9681881070137024,0.9499906301498413,0.0313546247780323,0.042538825422525406
1040,0.0020976702878463334,0.0037930249236524105,0.04544226,0.061587542,0.9718615412712097,0.9506744742393494,0.030648451298475266,0.043080903589725494
1041,0.0019078988367585805,0.0035827551037073135,0.043814234,0.05985612,0.973841667175293,0.9534088373184204,0.029555557295680046,0.041867416352033615
1042,0.0018811783123634416,0.0032826517708599567,0.041036386,0.057294432,0.9770534038543701,0.9573115110397339,0.028598131611943245,0.0406753309071064
1043,0.0016649048788663508,0.0034092667046934366,0.039937783,0.05838893,0.9782655835151672,0.9556649327278137,0.028544407337903976,0.04006127640604973
1044,0.0017815060193904421,0.003439841791987419,0.041372366,0.058650166,0.9766761064529419,0.9552673697471619,0.029127733781933784,0.04187527298927307
1045,0.0019334519218484109,0.003804323263466358,0.04024505,0.061679196,0.9779298901557922,0.950527548789978,0.02724568359553814,0.04284324869513512
1046,0.002097893167625774,0.003719223663210869,0.045597736,0.06098544,0.9716686606407166,0.9516341686248779,0.031928565353155136,0.041682809591293335
1047,0.0019032111634838986,0.0033235400915145874,0.043219462,0.057650156,0.9745470285415649,0.9567797780036926,0.02911638841032982,0.0397542342543602
1048,0.0025331262096931987,0.003947914112359285,0.048187904,0.06283243,0.96835857629776,0.9486602544784546,0.03238933905959129,0.042218975722789764
1049,0.0015710094091694125,0.003819186007604003,0.039408047,0.061799563,0.978838324546814,0.9503342509269714,0.02820318378508091,0.04227864369750023
1050,0.0014859956506618553,0.0033289531711488962,0.03748379,0.05769708,0.9808545112609863,0.9567093849182129,0.02673928067088127,0.03963172808289528
1051,0.0018003006738250736,0.0034873008262366056,0.04121602,0.059053376,0.9768520593643188,0.9546501636505127,0.028456758707761765,0.04054839536547661
1052,0.001602673155668361,0.003462291555479169,0.03872415,0.058841243,0.9795664548873901,0.954975426197052,0.027275752276182175,0.040095482021570206
1053,0.0016136681369971484,0.003743296256288886,0.039473437,0.061182484,0.9787680506706238,0.9513211250305176,0.028315262869000435,0.041886236518621445
1054,0.0016648387192452158,0.0035551656037569046,0.041031282,0.05962521,0.9770591259002686,0.9537676572799683,0.027740633115172386,0.04163983836770058
1055,0.0013582827100022273,0.003405738854780793,0.036881343,0.05835871,0.9814649820327759,0.9557108283042908,0.02607509307563305,0.040205396711826324
1056,0.0013113484720551323,0.0031573299784213305,0.035148878,0.056190126,0.9831653833389282,0.9589412212371826,0.025761527940630913,0.03859419375658035
1057,0.001291077515237372,0.0034564349334686995,0.035906255,0.058791455,0.9824320673942566,0.9550515413284302,0.02517017535865307,0.04052824527025223
1058,0.0012774115602951497,0.0030446185264736414,0.035678227,0.05517806,0.9826545119285583,0.9604069590568542,0.024971498176455498,0.038774099200963974
1059,0.0014396217328877274,0.0033295233733952045,0.037389696,0.057702024,0.9809504747390747,0.956701934337616,0.026009250432252884,0.0408264696598053
1060,0.001427241900025613,0.0030780420638620853,0.03761076,0.055480104,0.980724573135376,0.9599722623825073,0.025920452550053596,0.03915244713425636
1061,0.001222517820265652,0.003679482266306877,0.03392647,0.060658734,0.9843159914016724,0.9521510004997253,0.02480187639594078,0.04158969596028328
1062,0.0013117324441819537,0.003366905264556408,0.03435701,0.058025043,0.983915388584137,0.9562158584594727,0.024689646437764168,0.04062949866056442
1063,0.0013984686123545873,0.0034961497876793146,0.036039,0.05912825,0.9823019504547119,0.9545351266860962,0.025277331471443176,0.03973217308521271
1064,0.001435555024231276,0.0033695942256599665,0.034808777,0.058048207,0.9834895730018616,0.9561808705329895,0.024851638823747635,0.03944290056824684
1065,0.001370796755178493,0.003392681945115328,0.03670582,0.058246728,0.9816409349441528,0.9558806419372559,0.02645236812531948,0.0402812734246254
1066,0.0011868874399541792,0.00319464853964746,0.03444704,0.056521226,0.983830988407135,0.9584559202194214,0.02444923296570778,0.03922836855053902
1067,0.0013391970159401271,0.0034535350278019905,0.035084315,0.058766786,0.9832271933555603,0.955089271068573,0.024883320555090904,0.0404740534722805
1068,0.00136018016862429,0.003297767834737897,0.035278928,0.057426196,0.9830405712127686,0.9571149349212646,0.025537921115756035,0.03982200101017952
1069,0.0013522139726608823,0.003691549878567457,0.036577884,0.060758125,0.9817687273025513,0.9519940614700317,0.025360343977808952,0.04130423814058304
1070,0.0013250720552274618,0.0036351163871586323,0.03484586,0.060291927,0.9834544062614441,0.9527279138565063,0.02498980611562729,0.04327995330095291
1071,0.0013854443042708392,0.0034155480097979307,0.03463113,0.05844269,0.983657717704773,0.9555832743644714,0.024731319397687912,0.04000825807452202
1072,0.0013413930864771828,0.003301182994619012,0.03657089,0.057455923,0.98177570104599,0.957070529460907,0.02497362159192562,0.03906048834323883
1073,0.0012748588897838172,0.003299148753285408,0.035597667,0.057438217,0.9827327728271484,0.9570969343185425,0.02518537826836109,0.03909450024366379
1074,0.0011871900073443117,0.0032717082649469376,0.033562068,0.05719885,0.9846510887145996,0.9574537873268127,0.023604856804013252,0.0399160236120224
1075,0.0011462926658251408,0.0033391162287443876,0.033462413,0.057785086,0.9847421050071716,0.9565772414207458,0.02411254681646824,0.04026619717478752
1076,0.001258080482578159,0.003482095431536436,0.03415698,0.05900928,0.9841021299362183,0.9547178745269775,0.02448330633342266,0.04030480980873108
1077,0.0013023371099155736,0.0031141741201281548,0.035922144,0.05580479,0.9824165105819702,0.9595023989677429,0.025222696363925934,0.03916332870721817
1078,0.0014001504354051906,0.003463218454271555,0.037149474,0.058849115,0.9811944961547852,0.9549633264541626,0.025455407798290253,0.040507927536964417
1079,0.0017647582968823951,0.0031338834669440985,0.038931295,0.0559811,0.9793472290039062,0.9592460989952087,0.025218332186341286,0.038491297513246536
1080,0.0014376056258863007,0.0035345563665032387,0.037669495,0.059452135,0.9806643128395081,0.9540356397628784,0.026145821437239647,0.04091139882802963
1081,0.001496514408658682,0.0036369189620018005,0.036302365,0.060306873,0.9820423126220703,0.9527044892311096,0.02459093928337097,0.04073360562324524
1082,0.0012854828224094076,0.00369448633864522,0.035460293,0.060782284,0.9828657507896423,0.9519559144973755,0.025230104103684425,0.0410720594227314
1083,0.0012647060687992382,0.003216781886294484,0.033428866,0.056716684,0.9847726821899414,0.958168089389801,0.024100517854094505,0.039668794721364975
1084,0.0015256425857924942,0.003590235486626625,0.038100645,0.059918575,0.9802191853523254,0.953311562538147,0.02679053694009781,0.0414685420691967
1085,0.0012362964877287266,0.0034704513382166624,0.03430956,0.058910538,0.9839597940444946,0.954869270324707,0.024395177140831947,0.041503455489873886
1086,0.001174206025263464,0.0031790370121598244,0.03433469,0.056382954,0.9839362502098083,0.9586589336395264,0.024595702067017555,0.039952605962753296
1087,0.0011285566420569508,0.0030582761391997337,0.033521436,0.05530168,0.9846882224082947,0.9602293372154236,0.023910585790872574,0.03897185996174812
1088,0.0012383632856654003,0.003256893716752529,0.03498577,0.0570692,0.9833212494850159,0.9576464295387268,0.024103853851556778,0.03924053907394409
1089,0.001104770503430204,0.003152610035613179,0.0330864,0.05614811,0.9850831031799316,0.9590026140213013,0.024149160832166672,0.03824927285313606
1090,0.0011700484193914401,0.003135331440716982,0.03361728,0.055994034,0.9846005439758301,0.9592272639274597,0.023606272414326668,0.03875207155942917
1091,0.00111651818389708,0.0030358508229255676,0.032890145,0.055098556,0.9852595329284668,0.9605209827423096,0.023578155785799026,0.03789987042546272
1092,0.0011942221033016474,0.0032334395218640566,0.033017308,0.05686334,0.9851453304290771,0.9579514861106873,0.02315685525536537,0.03914116322994232
1093,0.001002507632206702,0.0035594902001321316,0.031241668,0.059661463,0.9867001175880432,0.9537113904953003,0.023007195442914963,0.04027685895562172
1094,0.00116848258767277,0.003122011199593544,0.033538233,0.055874955,0.9846729040145874,0.9594005346298218,0.023912819102406502,0.03836427256464958
1095,0.001037203843721231,0.00319176958873868,0.03066073,0.05649575,0.9871901273727417,0.9584933519363403,0.02249981462955475,0.03839169442653656
1096,0.001140680721701673,0.003399663371965289,0.03269502,0.05830664,0.9854338765144348,0.9557898044586182,0.023645302280783653,0.04037637636065483
1097,0.002874525057532909,0.0040175821632146835,0.053562965,0.0633844,0.9609060883522034,0.9477542638778687,0.035370782017707825,0.045096226036548615
1098,0.0019617988159139218,0.003490022150799632,0.044165134,0.05907641,0.9734209775924683,0.9546147584915161,0.029808683320879936,0.041252609342336655
1099,0.0015113348900657993,0.003326173173263669,0.03862529,0.05767298,0.9796706438064575,0.9567455053329468,0.026784703135490417,0.04043411836028099
1100,0.0015714946011113088,0.0035938399378210306,0.03660735,0.059948646,0.981739342212677,0.9532647132873535,0.02673180215060711,0.04092256352305412
1101,0.0022369327277622438,0.0035187520552426577,0.045034252,0.059319068,0.972364604473114,0.954241156578064,0.030338792130351067,0.04024262726306915
1102,0.0015346623668764632,0.003635708475485444,0.03923901,0.060296837,0.9790194630622864,0.9527202248573303,0.027889378368854523,0.040553927421569824
1103,0.0013487798357594081,0.003743672976270318,0.036182016,0.06118556,0.9821612238883972,0.951316237449646,0.025807876139879227,0.04177745431661606
1104,0.0013345497586256401,0.003561305347830057,0.03661563,0.059676677,0.9817310571670532,0.9536877870559692,0.025178197771310806,0.04071325808763504
1105,0.0013461130385456438,0.0033558649010956287,0.03484443,0.05792983,0.9834557771682739,0.9563593864440918,0.024347100406885147,0.03968304023146629
1106,0.0011701311847322029,0.003378308843821287,0.033868216,0.05812322,0.9843698143959045,0.9560675621032715,0.024339832365512848,0.040575023740530014
1107,0.0009935805772494693,0.0031711291521787643,0.031188304,0.05631278,0.9867454767227173,0.9587617516517639,0.02321966551244259,0.03917037695646286
1108,0.0011821023574818603,0.003162449924275279,0.0335975,0.056235664,0.9846186637878418,0.9588746428489685,0.023707963526248932,0.03896191716194153
1109,0.0011593346200904555,0.0034956124145537615,0.032428723,0.059123706,0.9856702089309692,0.9545421004295349,0.02379322052001953,0.03980681672692299
1110,0.0012027857592329383,0.0033414300996810198,0.03353789,0.05780511,0.9846732020378113,0.9565471410751343,0.02411959134042263,0.03966384381055832
1111,0.0012519964300074869,0.0033442233689129353,0.03403708,0.05782926,0.9842135310173035,0.9565107822418213,0.02440587617456913,0.03876052051782608
1112,0.0017176382151030173,0.0034051169641315937,0.04131144,0.058353383,0.9767447710037231,0.9557189345359802,0.02676558867096901,0.041033413261175156
1113,0.0016325829955431718,0.0035501623060554266,0.039918277,0.05958324,0.9782868027687073,0.9538326859474182,0.02755127102136612,0.0409555584192276
1114,0.0014675127061888236,0.0035209967754781246,0.035712216,0.05933799,0.982621431350708,0.9542120099067688,0.02526981756091118,0.04136193171143532
1115,0.0020921800076559357,0.00416477071121335,0.045668382,0.06453504,0.9715808629989624,0.9458401799201965,0.03100278042256832,0.043877843767404556
1116,0.00119886386197653,0.0035168335307389498,0.03437707,0.059302896,0.9838966131210327,0.9542661309242249,0.024901632219552994,0.039827629923820496
1117,0.001070505079538138,0.0032063103280961514,0.03279937,0.056624293,0.9853407740592957,0.9583042860031128,0.02341574802994728,0.03895779326558113
1118,0.0012087146553147415,0.003753910306841135,0.034614317,0.06126916,0.9836735725402832,0.9511831402778625,0.024414723739027977,0.04127741605043411
1119,0.0013510435674106702,0.00352563988417387,0.033965547,0.0593771,0.9842798113822937,0.9541516304016113,0.023897264152765274,0.03983273357152939
1120,0.0012832103040471504,0.003342157695442438,0.035832383,0.057811398,0.9825043082237244,0.956537663936615,0.025549573823809624,0.03892549127340317
1121,0.0018577384564030747,0.003892078995704651,0.03769395,0.06238653,0.9806392192840576,0.9493862986564636,0.025233859196305275,0.04208417609333992
1122,0.002073773082388057,0.003992727492004633,0.045108933,0.06318804,0.9722728729248047,0.9480774402618408,0.029789142310619354,0.042114175856113434
1123,0.0016420540407786823,0.0034665113780647516,0.038296245,0.058877084,0.9800155162811279,0.9549205303192139,0.02641111984848976,0.04047149419784546
1124,0.0017038891740164465,0.003627646481618285,0.039978936,0.060229946,0.9782207608222961,0.9528250694274902,0.027265680953860283,0.040871862322092056
1125,0.0013374388072406873,0.003423391142860055,0.03622599,0.058509756,0.9821178317070007,0.9554812908172607,0.025446491315960884,0.04047331586480141
1126,0.001306233977877789,0.003617563284933567,0.03604848,0.060146183,0.982292652130127,0.9529561996459961,0.02462773025035858,0.04134786128997803
1127,0.0013974842096848245,0.0038273537065833807,0.035207905,0.06186561,0.9831088185310364,0.9502280354499817,0.024387607350945473,0.04158427193760872
1128,0.001359572933076627,0.0033446887973695993,0.03492504,0.057833284,0.9833791255950928,0.956504762172699,0.025234416127204895,0.039269883185625076
1129,0.0014009665901539847,0.0031464414205402136,0.037034065,0.05609315,0.9813111424446106,0.9590827822685242,0.026499254629015923,0.038554199039936066
1130,0.0012593135199329647,0.0035085645504295826,0.034267876,0.059233136,0.983998715877533,0.9543736577033997,0.023944253101944923,0.04056711494922638
1131,0.0015981472203169358,0.003643184434622526,0.039578266,0.060358796,0.9786550998687744,0.9526230096817017,0.025917494669556618,0.04095974564552307
1132,0.0015497718241848897,0.0033529610373079777,0.03549046,0.057904758,0.9828366041183472,0.9563971757888794,0.0243684072047472,0.04068031907081604
1133,0.0013297750741582024,0.0032693601679056883,0.036495913,0.05717832,0.9818503260612488,0.9574843645095825,0.02574130706489086,0.03920796513557434
1134,0.0011121228612451391,0.0030947790946811438,0.03231605,0.05563074,0.9857696294784546,0.9597546458244324,0.023406434804201126,0.03826422989368439
1135,0.0011730183191089468,0.0031960539054125547,0.034171194,0.056533657,0.9840888977050781,0.9584376215934753,0.024135110899806023,0.03873699903488159
1136,0.0011996674253499475,0.0032054753974080086,0.034447998,0.05661692,0.9838300943374634,0.9583151340484619,0.023983459919691086,0.03913435339927673
1137,0.0011438676447141916,0.0031557437032461166,0.032759205,0.056176007,0.9853766560554504,0.9589618444442749,0.02310016378760338,0.03903836011886597
1138,0.001736490993855775,0.003607855411246419,0.036406823,0.06006543,0.9819388389587402,0.9530824422836304,0.024901919066905975,0.041025880724191666
1139,0.0031255096056900748,0.0034023579210042953,0.05594528,0.058329735,0.9573512077331543,0.955754816532135,0.035272907465696335,0.041188813745975494
1140,0.0018095159374008124,0.0035324268974363804,0.042247776,0.059434224,0.9756786227226257,0.954063355922699,0.02945685014128685,0.04215275123715401
1141,0.0012374170526692813,0.00354425935074687,0.03476087,0.059533685,0.9835349917411804,0.9539094567298889,0.024739321321249008,0.040858685970306396
1142,0.0018689179798291827,0.0040816375985741615,0.041367833,0.06388769,0.9766812324523926,0.9469212293624878,0.028211483731865883,0.04284585639834404
1143,0.0014232881420122628,0.003432707628235221,0.036685735,0.058589313,0.9816610217094421,0.9553601145744324,0.02591438591480255,0.04072302579879761
1144,0.0013115952262358571,0.0034415011759847403,0.035676736,0.05866431,0.982655942440033,0.9552457928657532,0.025495335459709167,0.04077167809009552
1145,0.0012478220887714997,0.0037743665743619204,0.034120474,0.061435875,0.9841361045837402,0.95091712474823,0.023866526782512665,0.040095046162605286
1146,0.0013629212229385632,0.0034990771673619747,0.036490604,0.059152998,0.9818556308746338,0.9544970393180847,0.025070777162909508,0.04076436161994934
1147,0.0014510770891898903,0.003135286271572113,0.03674174,0.055993628,0.9816049933433533,0.9592278599739075,0.02521958015859127,0.03947148844599724
1148,0.0013742974935501645,0.003404231509193778,0.033859037,0.0583458,0.9843782782554626,0.9557304382324219,0.023640677332878113,0.039846450090408325
1149,0.0020471466387706723,0.0036573337856680155,0.045315355,0.060475897,0.9720184803009033,0.95243901014328,0.02860499545931816,0.04136942699551582
1150,0.0014090240623442116,0.0033127323258668184,0.037323218,0.05755634,0.9810181856155396,0.956920325756073,0.025864671915769577,0.04031476378440857
1151,0.0012295065720205787,0.0033432897180318832,0.03505229,0.057821188,0.9832577705383301,0.9565229415893555,0.024735577404499054,0.040098484605550766
1152,0.001090697911753192,0.0032609908375889063,0.031819183,0.057105087,0.9862038493156433,0.9575932025909424,0.022974392399191856,0.0398712232708931
1153,0.0011096809453606097,0.003392093349248171,0.032397203,0.05824168,0.9856980443000793,0.9558882713317871,0.023891499266028404,0.03985903784632683
1154,0.001041797123351981,0.0031287409365177155,0.031940974,0.05593515,0.986098051071167,0.9593129754066467,0.022602321580052376,0.038885895162820816
1155,0.0012116237240578894,0.0032627463806420565,0.03312208,0.057120454,0.9850509166717529,0.9575703740119934,0.023427367210388184,0.0386156402528286
1156,0.00115865746259012,0.0033848134335130453,0.032666434,0.05817915,0.9854593873023987,0.9559829235076904,0.023934615775942802,0.0393684096634388
1157,0.001290635912234641,0.0035646315664052963,0.034353938,0.05970454,0.9839182496070862,0.9536445736885071,0.02365860342979431,0.040552519261837006
1158,0.0012452439219817859,0.003106688382104039,0.034285445,0.055737674,0.9839823246002197,0.9595997929573059,0.024801617488265038,0.03924690932035446
1159,0.00114875713320957,0.0034551587887108326,0.03348079,0.0587806,0.9847253561019897,0.9550681710243225,0.023741424083709717,0.04135318472981453
1160,0.0010479824744503605,0.003221076214686036,0.031990245,0.05675453,0.9860551357269287,0.9581122398376465,0.023155072703957558,0.03931235522031784
1161,0.0009462269319390708,0.0032915836200118065,0.029583575,0.057372324,0.9880743622779846,0.9571953415870667,0.021638981997966766,0.039948102086782455
1162,0.001271587067590603,0.0033922712318599224,0.034741793,0.05824321,0.9835531115531921,0.9558859467506409,0.024692606180906296,0.04067400097846985
1163,0.0011985530760615472,0.0031734351068735123,0.0335243,0.05633325,0.9846855998039246,0.9587317705154419,0.023770568892359734,0.03929638862609863
1164,0.0011094861626836725,0.0031786158215254545,0.033020426,0.056379214,0.9851425290107727,0.9586644172668457,0.023467885330319405,0.0393763929605484
1165,0.0010226829042287798,0.0033485055901110172,0.031169273,0.05786627,0.9867616891860962,0.9564551115036011,0.023098168894648552,0.04043348878622055
1166,0.0013067649812331763,0.003534200368449092,0.035606544,0.05944914,0.982724130153656,0.9540402889251709,0.02360484004020691,0.041361600160598755
1167,0.0012674281500618565,0.003385151969268918,0.03457858,0.058182057,0.9837072491645813,0.9559785723686218,0.02393917739391327,0.040186651051044464
1168,0.001041722670462067,0.0032459197100251913,0.031849556,0.056972973,0.9861775040626526,0.9577891826629639,0.022899305447936058,0.0391058474779129
1169,0.0011188163089999844,0.0032510615419596434,0.03247963,0.057018083,0.9856252074241638,0.9577223062515259,0.023072276264429092,0.03848132863640785
1170,0.001458465546337803,0.003209593938663602,0.037424672,0.05665328,0.980914831161499,0.9582615494728088,0.02539968490600586,0.03934292495250702
1171,0.0012534409880489957,0.0034778504632413387,0.033666715,0.0589733,0.9845552444458008,0.9547730684280396,0.02416864223778248,0.041006900370121
1172,0.001196186813599938,0.0033780268859118223,0.033832233,0.05812079,0.9844030141830444,0.9560711979866028,0.024241402745246887,0.03929068148136139
1173,0.0011342784881972793,0.003385715652257204,0.031394243,0.058186904,0.986569881439209,0.9559712409973145,0.022898532450199127,0.04004291072487831
1174,0.0011943009859268468,0.0032903242390602827,0.034445908,0.05736135,0.983832061290741,0.9572117328643799,0.024560872465372086,0.039212845265865326
1175,0.0010850916137728332,0.0033233605790883303,0.031800605,0.0576486,0.9862199425697327,0.9567821025848389,0.022766590118408203,0.0389569029211998
1176,0.001262462421436794,0.0031880352180451155,0.03480981,0.05646269,0.9834886193275452,0.9585419297218323,0.02385583706200123,0.037689995020627975
1177,0.001317396225534718,0.003353888401761651,0.0341784,0.057912763,0.9840821623802185,0.9563851356506348,0.02389860898256302,0.03959129750728607
1178,0.001412549853822301,0.0034891737159341574,0.03654615,0.059069227,0.9818003177642822,0.9546258449554443,0.025261620059609413,0.03993120789527893
1179,0.001111861899103546,0.0033055974636226892,0.03297521,0.057494324,0.9851831793785095,0.9570131301879883,0.024548478424549103,0.03915093466639519
1180,0.0011861424625914713,0.0033041671849787235,0.03333551,0.05748189,0.9848576188087463,0.9570317268371582,0.02360432967543602,0.03821535035967827
1181,0.0011221719654382798,0.003409371944144368,0.03272444,0.058389828,0.9854076504707336,0.9556635618209839,0.024129420518875122,0.040166255086660385
1182,0.0010663053491787816,0.0029315173160284758,0.032311678,0.054143492,0.9857734441757202,0.9618777632713318,0.023499885573983192,0.037537649273872375
1183,0.00112395035632124,0.0033750999718904495,0.03318171,0.05809561,0.984997034072876,0.9561092853546143,0.023800615221261978,0.03975776582956314
1184,0.0010418852444589984,0.003014730755239725,0.031191533,0.054906566,0.9867427349090576,0.9607955813407898,0.022567301988601685,0.03789912164211273
1185,0.0012390034938686188,0.0030530409421771765,0.035106976,0.05525433,0.9832054972648621,0.9602974057197571,0.02411017194390297,0.038455162197351456
1186,0.0011880198475079271,0.0031302710995078087,0.032504477,0.055948827,0.9856032133102417,0.9592930674552917,0.023134244605898857,0.03883153572678566
1187,0.0018811201298376545,0.0034717246890068054,0.036952715,0.058921345,0.9813931584358215,0.9548527598381042,0.02506779506802559,0.04063543677330017
1188,0.0018473385915223678,0.0034369449131190777,0.042789962,0.058625467,0.9750503897666931,0.9553050398826599,0.02961062267422676,0.040108222514390945
1189,0.0018821847532473673,0.0034342389553785324,0.036488663,0.05860238,0.9818575382232666,0.9553402066230774,0.02441074699163437,0.04037678241729736
1190,0.0016092656336364928,0.003943529911339283,0.039563198,0.06279753,0.9786713719367981,0.9487172365188599,0.027374472469091415,0.044051431119441986
1191,0.0012383825815049931,0.003407273441553116,0.034818713,0.05837186,0.9834801554679871,0.955690860748291,0.02484992705285549,0.04043440893292427
1192,0.0012031797417545351,0.0034020072780549526,0.034006886,0.05832673,0.9842415452003479,0.9557593464851379,0.023904787376523018,0.04000077396631241
1193,0.0012438581298655745,0.003365476615726948,0.03425017,0.058012728,0.9840152859687805,0.9562343955039978,0.02394278720021248,0.04022500291466713
1194,0.001316454434841448,0.0034886393696069717,0.035565864,0.05906471,0.9827635884284973,0.9546327590942383,0.02515723928809166,0.040420595556497574
1195,0.00124951105681248,0.0032925354316830635,0.033848748,0.057380617,0.9843877553939819,0.9571829438209534,0.024207741022109985,0.040176551789045334
1196,0.0013476343222216449,0.003662518225610256,0.03616066,0.06051874,0.9821822643280029,0.9523715972900391,0.02456054277718067,0.04324435815215111
1197,0.0011841687069549648,0.003104336326941848,0.033738136,0.05571657,0.9844896197319031,0.9596303701400757,0.024178538471460342,0.03864816203713417
1198,0.0012091046942673115,0.00317333173006773,0.034351327,0.05633233,0.983920693397522,0.9587331414222717,0.02377474308013916,0.039759501814842224
1199,0.0012710521563845264,0.0032064199913293123,0.032482494,0.056625262,0.9856226444244385,0.9583028554916382,0.022892605513334274,0.03933752700686455
1200,0.0013171642243502322,0.0032688232604414225,0.03639365,0.057173625,0.981951892375946,0.9574913382530212,0.025670144706964493,0.03975711390376091
1201,0.001035847145513716,0.003215968841686845,0.031777475,0.056709513,0.9862399697303772,0.9581786394119263,0.02292032539844513,0.038871776312589645
1202,0.0009355615369382907,0.003234399249777198,0.03047821,0.05687178,0.9873421788215637,0.9579389691352844,0.02257346548140049,0.03920590132474899
1203,0.0009683094050904566,0.003079672111198306,0.029357666,0.055494793,0.9882557988166809,0.9599511027336121,0.02142241969704628,0.038303833454847336
1204,0.0010715370861527679,0.003470658091828227,0.032529276,0.058912292,0.9855812191963196,0.9548665881156921,0.022815091535449028,0.04063436761498451
1205,0.001119652892653407,0.0031778449192643166,0.032016635,0.056372374,0.9860320687294006,0.958674430847168,0.02322157844901085,0.038951799273490906
1206,0.002538082494125278,0.0036459153052419424,0.05018035,0.060381416,0.9656878709793091,0.9525874853134155,0.03270236775279045,0.043040525168180466
1207,0.001276043848272159,0.002989531261846423,0.035350073,0.054676607,0.9829721450805664,0.9611232876777649,0.02554986998438835,0.03895440697669983
1208,0.0014235101354477758,0.003360576229169965,0.036128715,0.05797048,0.9822137355804443,0.9562981128692627,0.02493550255894661,0.04076532647013664
1209,0.0015120589192850855,0.0035648513585329056,0.037546687,0.059706375,0.9807901978492737,0.9536417126655579,0.026117203757166862,0.041020434349775314
1210,0.0014574745714939622,0.0033540104050189257,0.037971232,0.057913817,0.9803532958030701,0.9563835263252258,0.02594507858157158,0.04109572246670723
1211,0.0016025492738911205,0.003419003915041685,0.037423234,0.058472253,0.9809163212776184,0.9555383324623108,0.025318685919046402,0.04037800803780556
1212,0.0015689339594576847,0.003096882486715913,0.03858809,0.055649642,0.979709804058075,0.9597272872924805,0.026503166183829308,0.039534829556941986
1213,0.0013803822194776412,0.0032414302695542574,0.036723617,0.056933563,0.9816231727600098,0.957847535610199,0.02536936104297638,0.03916607052087784
1214,0.0011010932093168694,0.0033191998954862356,0.032006208,0.057612497,0.9860411882400513,0.9568362236022949,0.023005960509181023,0.03985169902443886
1215,0.0011257921790026805,0.0033666598610579967,0.033614915,0.058022924,0.984602689743042,0.9562190175056458,0.0239087026566267,0.03982654958963394
1216,0.001247285064891912,0.003373845713213086,0.035054103,0.058084816,0.9832560420036316,0.9561255574226379,0.024638716131448746,0.04011184349656105
1217,0.001273215122637339,0.003165622940286994,0.034737743,0.05626387,0.9835569262504578,0.9588333368301392,0.02410140633583069,0.03946445882320404
1218,0.0011041979159926996,0.0033304234966635704,0.03296,0.05770982,0.9851968288421631,0.95669025182724,0.02347414568066597,0.04019918292760849
1219,0.0012753448060142216,0.0029689897783100605,0.035657924,0.054488435,0.982674241065979,0.9613904356956482,0.02479219250380993,0.0384787991642952
1220,0.0009185887439261106,0.0031866065692156553,0.02987752,0.05645004,0.9878361821174622,0.9585604667663574,0.021882314234972,0.03881550580263138
1221,0.001068642292838459,0.003261831123381853,0.030279871,0.057112444,0.9875063896179199,0.9575822353363037,0.022002868354320526,0.03909282386302948
1222,0.0011322243180157702,0.003167439252138138,0.033193078,0.056280006,0.9849867224693298,0.9588097333908081,0.023692844435572624,0.039276473224163055
1223,0.0010902442366138778,0.003149979515001178,0.03221987,0.05612468,0.9858542084693909,0.9590368270874023,0.023173870518803596,0.03842509537935257
1224,0.0011107448980593208,0.0032671347726136446,0.032623082,0.057158854,0.9854979515075684,0.9575132727622986,0.023523544892668724,0.03960735723376274
1225,0.0011738749374423853,0.003037136048078537,0.033601858,0.05511022,0.9846146702766418,0.9605042338371277,0.023592501878738403,0.038908448070287704
1226,0.0012439758469223636,0.003262496553361416,0.035314813,0.057118267,0.9830060601234436,0.9575735926628113,0.023660894483327866,0.039442334324121475
1227,0.0010563035817044279,0.0031028620433062315,0.030595345,0.05570334,0.987244725227356,0.9596495032310486,0.021795237436890602,0.03906719386577606
1228,0.0013383978234328838,0.0033689322881400585,0.03606408,0.058042508,0.9822772741317749,0.9561894536018372,0.02551276609301567,0.04037991538643837
1229,0.0010686958723288792,0.0032061932142823935,0.03095961,0.05662326,0.9869391918182373,0.9583057761192322,0.02242254838347435,0.03965612128376961
1230,0.0026324078816370193,0.003819666337221861,0.05036753,0.061803453,0.9654314517974854,0.95032799243927,0.03233927860856056,0.041946686804294586
1231,0.00134213997410949,0.0031312701757997274,0.035538524,0.055957757,0.9827900528907776,0.9592800736427307,0.02495010755956173,0.039241403341293335
1232,0.0011251959499945356,0.003434537909924984,0.033046115,0.05860493,0.9851194024085999,0.955336332321167,0.02408064901828766,0.04028444364666939
1233,0.0011853444170397283,0.0032190922647714615,0.03409826,0.056737047,0.9841567277908325,0.9581380486488342,0.024036075919866562,0.039571620523929596
1234,0.000978089895480397,0.0031270526815205812,0.031150166,0.055920057,0.9867779016494751,0.9593349695205688,0.022596251219511032,0.03863191604614258
1235,0.0010936555984451181,0.0034486912190914154,0.032462005,0.05872556,0.9856407642364502,0.9551522731781006,0.02337244525551796,0.04089777171611786
1236,0.0010098630042524417,0.003170626936480403,0.031149546,0.05630832,0.9867784380912781,0.9587683081626892,0.02217496559023857,0.03891387954354286
1237,0.001212891162140295,0.003325930330902338,0.034066472,0.05767088,0.9841862916946411,0.9567486643791199,0.023640166968107224,0.039136216044425964
1238,0.0011067816680720584,0.003429005853831768,0.032773864,0.058557715,0.9853635430335999,0.9554082751274109,0.02337559685111046,0.040233924984931946
1239,0.0013628079012216238,0.0033774010371416807,0.03651847,0.05811541,0.9818279147148132,0.956079363822937,0.02487614005804062,0.03962510824203491
1240,0.0011002872660438616,0.0032665824983268976,0.031948525,0.057154026,0.9860914349555969,0.9575204849243164,0.022729594260454178,0.03899351507425308
1241,0.00115126328389372,0.0033438156824558973,0.033128556,0.057825737,0.9850450754165649,0.9565160870552063,0.02326609566807747,0.04047281667590141
1242,0.0009012445569334722,0.0031790861394256353,0.02966552,0.056383386,0.9880082011222839,0.9586582779884338,0.02184113673865795,0.039648883044719696
1243,0.0010296689936446703,0.0034586135298013687,0.031209644,0.058809977,0.9867273569107056,0.9550232291221619,0.02212979458272457,0.03953453153371811
1244,0.001102725216531491,0.0032665517646819353,0.03240262,0.057153754,0.9856932759284973,0.9575208425521851,0.02316414751112461,0.040059737861156464
1245,0.0012805970618501306,0.0032218731939792633,0.035050876,0.05676155,0.9832591414451599,0.9581018686294556,0.024200549349188805,0.039431001991033554
1246,0.0010795613409506834,0.0032205693423748016,0.03272615,0.056750063,0.9854061603546143,0.9581187963485718,0.023773768916726112,0.04008937627077103
1247,0.0012899146544937553,0.0031692138873040676,0.032663573,0.056295775,0.9854618906974792,0.95878666639328,0.023292483761906624,0.03810988739132881
1248,0.0014795596639900891,0.0032362560741603374,0.03855891,0.056888103,0.9797404408454895,0.9579148292541504,0.02709854021668434,0.03904758021235466
1249,0.0011304915361423891,0.0031068401876837015,0.033378787,0.05573904,0.9848182797431946,0.9595977663993835,0.02369854785501957,0.03872500732541084
1250,0.0011666630360361357,0.0034701491240411997,0.034021594,0.058907975,0.9842278957366943,0.9548732042312622,0.023682517930865288,0.03991850093007088
1251,0.000992928119640882,0.003266284940764308,0.031198682,0.05715142,0.9867366552352905,0.9575243592262268,0.022788988426327705,0.039364319294691086
1252,0.0011691731296278622,0.003235738957300782,0.031876523,0.056883555,0.9861540794372559,0.95792156457901,0.022455822676420212,0.039263512939214706
1253,0.0022721574615306135,0.003702223766595125,0.047424156,0.060845908,0.9693536162376404,0.9518552422523499,0.030732041224837303,0.040865782648324966
1254,0.0012964244339276445,0.0033250984270125628,0.03583905,0.057663668,0.9824978113174438,0.956759512424469,0.02546039968729019,0.03904474899172783
1255,0.0012637638812355528,0.0034913108684122562,0.03403892,0.05908731,0.9842118620872498,0.954598069190979,0.0238520335406065,0.03930031508207321
1256,0.0016028321062384005,0.0036094924435019493,0.039915156,0.060079053,0.9782902002334595,0.9530611634254456,0.025843344628810883,0.04193773865699768
1257,0.0009941701269285245,0.0034508202224969864,0.031509932,0.05874368,0.9864706993103027,0.9551246166229248,0.023072222247719765,0.0394916869699955
1258,0.0009663380465512587,0.00305681093595922,0.030669667,0.05528843,0.9871826767921448,0.9602484107017517,0.022097855806350708,0.03825666010379791
1259,0.0010630226143720474,0.003600216004997492,0.031695582,0.0600018,0.9863108396530151,0.953181803226471,0.02236287295818329,0.04295937344431877
1260,0.0010022975204099732,0.0030995849519968033,0.03104258,0.055673916,0.9868690371513367,0.959692120552063,0.02224046178162098,0.0391625240445137
1261,0.0009571442457275804,0.0031979817431420088,0.030705698,0.0565507,0.9871525168418884,0.9584125876426697,0.022335944697260857,0.03888431936502457
1262,0.00159101759808519,0.0036128652282059193,0.033773802,0.060107116,0.9844568371772766,0.9530172944068909,0.02325776219367981,0.04110035300254822
1263,0.0015029114226556637,0.0033569056540727615,0.03872839,0.05793881,0.979561984539032,0.9563458561897278,0.026105236262083054,0.03993288055062294
1264,0.0011729714837697843,0.0032028919085860252,0.031286083,0.056594096,0.9866622686386108,0.9583486914634705,0.022262178361415863,0.038685575127601624
1265,0.0013034948788117617,0.0032521833200007677,0.035353895,0.057027917,0.9829684495925903,0.9577077031135559,0.025050537660717964,0.0386352464556694
1266,0.0011607490159804001,0.0032715594861656427,0.032887183,0.05719755,0.9852621555328369,0.9574557542800903,0.023796869441866875,0.03878440335392952
1267,0.0012074022068356333,0.003107599914073944,0.03452872,0.05574585,0.9837542176246643,0.9595879316329956,0.023846108466386795,0.03890348970890045
1268,0.0010017068694155155,0.003143521025776863,0.031197311,0.05606711,0.986737847328186,0.9591208100318909,0.02238992415368557,0.0384841114282608
1269,0.001040707095605533,0.0032020630314946175,0.03030718,0.056586776,0.9874838590621948,0.9583594799041748,0.021993331611156464,0.03935191035270691
1270,0.0012106788701864637,0.003229554509744048,0.03276697,0.05682917,0.9853697419166565,0.958001971244812,0.023501407355070114,0.03807719051837921
1271,0.0013363404498456723,0.0033966857008635998,0.036597766,0.058281094,0.9817488789558411,0.9558285474777222,0.024744251742959023,0.04011848196387291
1272,0.0009604114390888506,0.0033132187090814114,0.030683605,0.057560567,0.9871709942817688,0.9569140076637268,0.022378647699952126,0.03899678960442543
1273,0.0009509894106568853,0.003107615979388356,0.030116105,0.055745997,0.9876411557197571,0.9595876932144165,0.021332796663045883,0.03811635822057724
1274,0.0009243532509902831,0.0030288759153336287,0.030360976,0.055035226,0.9874393939971924,0.9606116414070129,0.02234584651887417,0.03815752640366554
1275,0.0008562237225388261,0.0032537132501602173,0.028877871,0.05704133,0.9886365532875061,0.9576877951622009,0.02120904065668583,0.03889131546020508
1276,0.0009614236557602205,0.003195259952917695,0.030003663,0.05652663,0.9877332448959351,0.9584479331970215,0.021428097039461136,0.0382394902408123
1277,0.001139153076854365,0.003288442036136985,0.03209866,0.05734494,0.9859604239463806,0.9572361707687378,0.022312263026833534,0.04040440171957016
1278,0.001235561437418007,0.003111968981102109,0.03385894,0.05578503,0.9843783378601074,0.9595310688018799,0.023877281695604324,0.03845120966434479
1279,0.0010660101979738101,0.00314516993239522,0.031446077,0.056081813,0.9865254759788513,0.9590993523597717,0.02286062017083168,0.038542453199625015
1280,0.0014208726881241257,0.0035004799719899893,0.037518732,0.059164852,0.9808187484741211,0.9544788002967834,0.02554449811577797,0.04024897888302803
1281,0.0010616487548263235,0.0031492309644818306,0.03237592,0.05611801,0.9857168197631836,0.9590465426445007,0.02277844212949276,0.038947783410549164
1282,0.0019961430953117087,0.003738307161256671,0.03635627,0.0611417,0.9819889664649963,0.951386034488678,0.02404012903571129,0.04118424281477928
1283,0.001376423910683529,0.003286401741206646,0.036679175,0.057327148,0.9816676378250122,0.9572626948356628,0.025860480964183807,0.03988828882575035
1284,0.0013103844738163223,0.0034089693799614906,0.033239607,0.05838638,0.9849446415901184,0.9556688070297241,0.024018432945013046,0.03871820494532585
1285,0.0012874629074675877,0.003236051183193922,0.035452157,0.0568863,0.9828736186027527,0.9579175114631653,0.024732280522584915,0.03901481255888939
1286,0.0009353565275722013,0.003019600873813033,0.030267768,0.054950897,0.9875163435935974,0.9607322812080383,0.02248096466064453,0.03815438598394394
1287,0.0010132408179660242,0.0033047564793378115,0.029549882,0.05748701,0.9881015419960022,0.9570240378379822,0.021377984434366226,0.03959418833255768
1288,0.0010397919514533978,0.0034533189609646797,0.03190478,0.05876495,0.9861295223236084,0.9550920724868774,0.02338721789419651,0.03989730030298233
1289,0.0011901565237415277,0.003204559674486518,0.030812997,0.056608833,0.9870625734329224,0.9583269953727722,0.02179129049181938,0.03912623971700668
1290,0.0012466628812200559,0.0030054154340177774,0.03486119,0.05482167,0.9834398627281189,0.9609167575836182,0.02385875955224037,0.038039788603782654
1291,0.0010789293446578085,0.003286723280325532,0.032339063,0.057329953,0.985749363899231,0.9572585225105286,0.023286478593945503,0.03918590024113655
1292,0.00149493491996757,0.0031743901781737804,0.037495933,0.056341726,0.9808420538902283,0.9587193727493286,0.024807419627904892,0.039275988936424255
1293,0.0012476264462086626,0.003360169706866145,0.03492132,0.057966974,0.9833826422691345,0.9563034176826477,0.024393655359745026,0.0406874343752861
1294,0.0011461041596538218,0.003407638520002365,0.03318664,0.058374982,0.9849925637245178,0.9556861519813538,0.02308826707303524,0.04043732210993767
1295,0.000981944137575655,0.003138702129945159,0.030981459,0.056024123,0.9869207143783569,0.9591834545135498,0.022526850923895836,0.03851773589849472
1296,0.001585286559764592,0.004285430070012808,0.0394225,0.06546319,0.9788228273391724,0.9442710876464844,0.024515636265277863,0.043902426958084106
1297,0.0012860280998707326,0.002900969237089157,0.035720557,0.053860646,0.9826133251190186,0.9622750282287598,0.024636751040816307,0.03755420446395874
1298,0.0010816397162588228,0.0029977597296237946,0.032878987,0.054751802,0.9852695465087891,0.9610162973403931,0.02321440726518631,0.03837212547659874
1299,0.0009867810685219329,0.003135713515803218,0.030995065,0.05599744,0.9869092106819153,0.9592223167419434,0.022634048014879227,0.03877199441194534
1300,0.0009806385324654084,0.002936222357675433,0.031286944,0.05418692,0.9866614937782288,0.9618165493011475,0.02215469442307949,0.03761887177824974
1301,0.0014577301547185264,0.0032578795216977596,0.032689594,0.057077836,0.9854387640953064,0.9576336145401001,0.02237757109105587,0.03870205581188202
1302,0.0012046856414103372,0.002968062646687031,0.03427646,0.054479927,0.9839907288551331,0.9614024758338928,0.023723023012280464,0.03783278539776802
1303,0.0010949363349936903,0.003144501242786646,0.032813307,0.056075852,0.9853283166885376,0.9591080546379089,0.02223852090537548,0.03953796625137329
1304,0.0009256938051707534,0.0031110455747693777,0.030139701,0.05577675,0.9876217842102051,0.9595431089401245,0.021423649042844772,0.038382649421691895
1305,0.0009736751420529221,0.0034272160846740007,0.030958168,0.05854243,0.9869403839111328,0.9554315209388733,0.022249717265367508,0.03935291990637779
1306,0.0011978847224699248,0.0031981889624148607,0.030916816,0.056552533,0.9869752526283264,0.95840984582901,0.02200944349169731,0.038821250200271606
1307,0.0017073185233378106,0.0035827860701829195,0.04123331,0.059856378,0.9768326282501221,0.9534084796905518,0.02700444683432579,0.039893120527267456
1308,0.0010188686627026816,0.003206689143553376,0.031663373,0.05662764,0.9863386154174805,0.9582993388175964,0.022565606981515884,0.039398837834596634
1309,0.0009852993997893382,0.003279707860201597,0.031242277,0.057268735,0.9866995811462402,0.9573497772216797,0.02250318042933941,0.03917441517114639
1310,0.0012922275319314476,0.003283923724666238,0.035040364,0.05730553,0.9832691550254822,0.9572949409484863,0.023660778999328613,0.0381806418299675
1311,0.001332001731498167,0.0034943027421832085,0.036163107,0.05911263,0.9821798205375671,0.9545591473579407,0.02449624426662922,0.041084758937358856
1312,0.0011162359693447468,0.003354883985593915,0.032361608,0.05792136,0.985729455947876,0.9563721418380737,0.02269924432039261,0.0394592210650444
1313,0.002113576035216366,0.0037299608811736107,0.046120092,0.061073408,0.9710158705711365,0.951494574546814,0.030759988352656364,0.041437432169914246
1314,0.0015859495324548334,0.0034083789214491844,0.035220206,0.058381323,0.9830970168113708,0.9556764960289001,0.024304764345288277,0.0398593433201313
1315,0.0015210305831384505,0.0035514698829501867,0.038394164,0.059594214,0.9799132347106934,0.9538156986236572,0.0259980708360672,0.04108193516731262
1316,0.00109770063533109,0.003425686387345195,0.03284473,0.058529366,0.9853001832962036,0.9554514288902283,0.02307666838169098,0.04023212939500809
1317,0.0010635912383970042,0.003302431432530284,0.031850707,0.057466786,0.9861764907836914,0.9570542573928833,0.02257801592350006,0.0387919619679451
1318,0.0010221254620277746,0.0033337685745209455,0.031625804,0.057738796,0.9863710403442383,0.956646740436554,0.022601794451475143,0.040077563375234604
1319,0.0012084920771568168,0.003114314517006278,0.031864636,0.055806044,0.986164391040802,0.9595006108283997,0.022421976551413536,0.037887170910835266
1320,0.001256641482045366,0.0033103504683822393,0.03560238,0.057535645,0.9827281832695007,0.9569512605667114,0.02475362829864025,0.040525250136852264
1321,0.0009616162080254236,0.0031811443623155355,0.03035959,0.056401633,0.9874405264854431,0.9586315155029297,0.022509155794978142,0.03855843469500542
1322,0.00104740682317325,0.0032804100774228573,0.032194626,0.057274863,0.9858763813972473,0.957340657711029,0.02264099195599556,0.039845019578933716
1323,0.0009350466081576252,0.0029903356917202473,0.029190669,0.054683965,0.9883890151977539,0.9611128568649292,0.02101384662091732,0.037490349262952805
1324,0.0009649292908513664,0.003092569299042225,0.030379344,0.055610873,0.9874241352081299,0.9597833752632141,0.021832166239619255,0.03845059126615524
1325,0.0009573477450017394,0.0031787403859198093,0.030702284,0.05638032,0.9871553778648376,0.958662748336792,0.02256695181131363,0.03864452242851257
1326,0.0009601825930241665,0.0029922928661108017,0.030222472,0.054701857,0.9875537157058716,0.9610874056816101,0.021479466930031776,0.03716026619076729
1327,0.001036307941169732,0.002977485302835703,0.03165333,0.05456634,0.9863473176956177,0.9612799882888794,0.02257193624973297,0.0378836989402771
1328,0.000995660837030631,0.0029043087270110846,0.028990684,0.05389164,0.9885475635528564,0.9622315764427185,0.020976237952709198,0.03724702075123787
1329,0.0013704677191774615,0.003098512766882777,0.037087075,0.055664286,0.9812576174736023,0.9597060680389404,0.02495446428656578,0.038402196019887924
1330,0.0009935096207879144,0.003052077256143093,0.029824268,0.05524561,0.9878795146942139,0.9603099226951599,0.02139965631067753,0.03851122781634331
1331,0.0011699608783766796,0.00311694061383605,0.034092218,0.05582957,0.9841623306274414,0.9594664573669434,0.023717662319540977,0.038455065339803696
1332,0.0008862876969611865,0.003405878320336342,0.029177805,0.058359902,0.9883992671966553,0.9557090401649475,0.021045388653874397,0.03967522457242012
1333,0.001007933444105385,0.0030252845026552677,0.029501963,0.055002585,0.9881401062011719,0.9606583714485168,0.02097945660352707,0.03785724565386772
1334,0.00120727676469621,0.003195032710209489,0.034672093,0.05652462,0.9836190342903137,0.9584509134292603,0.02416439913213253,0.03826945275068283
1335,0.0012486937855349177,0.0032160624396055937,0.032625232,0.05671034,0.9854960441589355,0.9581774473190308,0.022923192009329796,0.039740804582834244
1336,0.0010165976167296651,0.0032948763109743595,0.031577393,0.057401013,0.9864127039909363,0.9571525454521179,0.02315848134458065,0.039195071905851364
1337,0.000857424729143862,0.0029371397104114294,0.029064488,0.054195385,0.9884892106056213,0.9618046283721924,0.020797591656446457,0.0375802107155323
1338,0.0010810461614958265,0.0032048409339040518,0.03279365,0.056611314,0.9853459000587463,0.9583233594894409,0.02235475182533264,0.03913947567343712
1339,0.0010402806477610614,0.0029120505787432194,0.032138884,0.053963423,0.9859251976013184,0.9621309041976929,0.02295776642858982,0.03728644549846649
1340,0.0008939017875077711,0.0031638273503631353,0.029532947,0.05624791,0.988115131855011,0.9588567018508911,0.021746158599853516,0.038416553288698196
1341,0.0008961650250553662,0.0030036165844649076,0.027818525,0.05480526,0.989454984664917,0.9609401226043701,0.020131021738052368,0.0381469801068306
1342,0.0009326794825028628,0.003409584751352668,0.02894736,0.058391653,0.9885817766189575,0.9556608200073242,0.021121785044670105,0.03989633545279503
1343,0.0009650322099332698,0.0031520812772214413,0.030509567,0.0561434,0.9873161315917969,0.9590094685554504,0.022933723405003548,0.03753310441970825
1344,0.0008501176978990605,0.0029863968957215548,0.027782112,0.054647937,0.9894825220108032,0.9611640572547913,0.020106784999370575,0.036728303879499435
1345,0.00086726026810621,0.0030019551049917936,0.029483601,0.054790102,0.9881548285484314,0.9609617590904236,0.02150152064859867,0.03774290159344673
1346,0.0007777057855326513,0.002945269225165248,0.027951822,0.054270335,0.9893536567687988,0.9616988897323608,0.02020338922739029,0.03724416345357895
1347,0.0008607553490120071,0.003182782791554928,0.028798545,0.056416158,0.9886988997459412,0.9586102366447449,0.020650984719395638,0.03895334526896477
1348,0.0010303357359424065,0.003266011830419302,0.03174609,0.057149034,0.9862671494483948,0.9575278759002686,0.02208353951573372,0.03808116540312767
1349,0.001588118947851895,0.00359364808537066,0.037657507,0.059947044,0.9806765913963318,0.9532672166824341,0.02436685375869274,0.041958149522542953
1350,0.0013114443916658108,0.003016832983121276,0.035986952,0.054925703,0.9823530316352844,0.9607682824134827,0.025742193683981895,0.03815265744924545
1351,0.0009185522305249998,0.0032208887860178947,0.030174745,0.05675287,0.9875929951667786,0.9581146836280823,0.0218269731849432,0.038645680993795395
1352,0.0016991242353635078,0.0033605757635086775,0.032832365,0.05797047,0.9853112697601318,0.9562981724739075,0.021794073283672333,0.03997305408120155
1353,0.0016108173890229823,0.003722608555108309,0.040199075,0.06101319,0.9779802560806274,0.9515901803970337,0.028440022841095924,0.04146493226289749
1354,0.0010179866909642112,0.003416134510189295,0.031575732,0.058447707,0.9864141345024109,0.9555756449699402,0.022870507091283798,0.03934580832719803
1355,0.0010824142412854019,0.0032481111120432615,0.031065114,0.056992207,0.9868500232696533,0.9577606916427612,0.022147102281451225,0.03898916020989418
1356,0.0008991467647402632,0.0031271353363990784,0.029796803,0.055920795,0.9879018664360046,0.9593338966369629,0.021691225469112396,0.03795637935400009
1357,0.0010470923688527282,0.0030420799739658833,0.029195348,0.055155054,0.9883853197097778,0.9604399800300598,0.02028930000960827,0.03819682449102402
1358,0.0008329371544691226,0.0030419263057410717,0.028606992,0.055153664,0.9888487458229065,0.9604419469833374,0.021069739013910294,0.03843802213668823
1359,0.0008305235195703889,0.003007861552760005,0.028514324,0.054843977,0.9889208674430847,0.9608849287033081,0.02087607979774475,0.038144003599882126
1360,0.0010353445501426574,0.0029883256647735834,0.029214913,0.05466558,0.9883697628974915,0.9611389636993408,0.0206027552485466,0.03762494772672653
1361,0.0011862489323406903,0.0032701874151825905,0.033310454,0.057185553,0.9848803877830505,0.9574735760688782,0.02339201606810093,0.03954194486141205
1362,0.0010860976286825132,0.0029785269871354103,0.032470755,0.054575887,0.9856330156326294,0.9612663984298706,0.022774266079068184,0.03783224895596504
1363,0.0009900258274600756,0.0029824397061020136,0.031216104,0.054611716,0.9867218732833862,0.9612155556678772,0.022543348371982574,0.03720176964998245
1364,0.0009702946699690074,0.003225461347028613,0.030578496,0.056793146,0.9872587323188782,0.9580551981925964,0.02203185111284256,0.038285139948129654
1365,0.0009600114161995324,0.002983245300129056,0.030913465,0.054619092,0.9869780540466309,0.9612050652503967,0.02243250608444214,0.03841443359851837
1366,0.0009379791656763039,0.0031045260839164257,0.029056964,0.05571827,0.9884951710700989,0.9596278667449951,0.02106080949306488,0.03759600594639778
1367,0.0010526778212145225,0.003450569463893771,0.032366287,0.05874155,0.9857253432273865,0.9551278352737427,0.02278299257159233,0.04024003446102142
1368,0.0010457540781565265,0.0038913541939109564,0.030753532,0.06238072,0.9871124625205994,0.9493957757949829,0.021464914083480835,0.04212338849902153
1369,0.002294799393646165,0.003462812164798379,0.048088316,0.05884566,0.9684892296791077,0.9549686312675476,0.03019598312675953,0.04023243859410286
1370,0.0008922264995900067,0.003099752590060234,0.029355705,0.05567542,0.9882573485374451,0.9596899747848511,0.021474625915288925,0.03820386901497841
1371,0.0031274539611662144,0.0035292739048600197,0.05593787,0.059407692,0.9573624730110168,0.9541043639183044,0.03509816527366638,0.0412980280816555
1372,0.0012875421962235123,0.0031146809924393892,0.03541653,0.055809326,0.9829080104827881,0.9594958424568176,0.024455523118376732,0.03939664363861084
1373,0.0011353375706345435,0.0029319399036467075,0.031979624,0.05414739,0.9860643744468689,0.9618722200393677,0.02274092473089695,0.03716178610920906
1374,0.001109494985113005,0.0032758612651377916,0.033017743,0.057235137,0.9851449131965637,0.9573997855186462,0.023596998304128647,0.03974723443388939
1375,0.0012891191098870795,0.003071109764277935,0.032065187,0.055417594,0.9859896898269653,0.9600624442100525,0.022163953632116318,0.03835766017436981
1376,0.0011061917261527428,0.003567485138773918,0.032721583,0.05972843,0.985410213470459,0.953607439994812,0.023476900532841682,0.039237819612026215
1377,0.0010328857474219562,0.0031260817777365446,0.031562477,0.055911373,0.9864255785942078,0.9593476057052612,0.022073598578572273,0.03893117234110832
1378,0.0009516589866093868,0.0028877623844891787,0.030930312,0.053737905,0.9869638681411743,0.9624467492103577,0.021873418241739273,0.03740981966257095
1379,0.0008024957027042877,0.0030469971243292093,0.028230099,0.055199612,0.9891406297683716,0.9603760242462158,0.02089454047381878,0.037845924496650696
1380,0.0008984242965446108,0.002895448822528124,0.029423043,0.053809375,0.9882034659385681,0.9623467922210693,0.02104046940803528,0.036628201603889465
1381,0.0009790299207617697,0.003225050400942564,0.030879768,0.05678953,0.987006425857544,0.9580605626106262,0.02211044915020466,0.03871919959783554
1382,0.0010427037936592983,0.0030681525822728872,0.03205692,0.055390906,0.9859969019889832,0.9601008892059326,0.023106981068849564,0.03847143054008484
1383,0.0009537349244717254,0.0033505833707749844,0.029984947,0.057884227,0.9877485632896423,0.9564281105995178,0.02152826637029648,0.04089760407805443
1384,0.0010372643327255819,0.002922575455158949,0.030833106,0.05406085,0.9870457053184509,0.9619939923286438,0.02189619466662407,0.03731868788599968
1385,0.001096162426454777,0.00311011984013021,0.03262528,0.05576845,0.9854959845542908,0.9595551490783691,0.023160025477409363,0.03827476128935814
1386,0.0009805468110822733,0.0030663653742522,0.031061832,0.05537477,0.986852765083313,0.960124135017395,0.022150376811623573,0.03779088333249092
1387,0.000820375071436336,0.003160796593874693,0.02857526,0.05622096,0.9888734817504883,0.9588961601257324,0.02072475664317608,0.037975575774908066
1388,0.0010311684249741534,0.00325575890019536,0.030117676,0.05705926,0.987639844417572,0.9576612114906311,0.020812001079320908,0.038268402218818665
1389,0.0012898123135197568,0.003463268978521228,0.03572487,0.058849543,0.9826091527938843,0.9549627304077148,0.023643432185053825,0.04035785794258118
1390,0.0009754172232615846,0.0030394750647246838,0.030181602,0.05513143,0.9875873327255249,0.9604738354682922,0.02111857943236828,0.03829945996403694
1391,0.0009004773376297883,0.0032416426111012697,0.029664071,0.056935426,0.9880093932151794,0.9578447937965393,0.021448440849781036,0.038147054612636566
1392,0.0007685942394098013,0.0030280028004199266,0.027691182,0.055027295,0.989551305770874,0.960623025894165,0.020277919247746468,0.03845221549272537
1393,0.0010069257094239053,0.002804133575409651,0.030475015,0.05295407,0.9873448610305786,0.9635342955589294,0.02160687930881977,0.03641572222113609
1394,0.000834640888073905,0.0030716315377503633,0.02885312,0.055422302,0.9886560440063477,0.9600556492805481,0.020816422998905182,0.036647383123636246
1395,0.0009474763183706356,0.0032355959992855787,0.02898795,0.056882303,0.9885497689247131,0.957923412322998,0.02062937803566456,0.038126301020383835
1396,0.0009547156064813448,0.003206763882189989,0.02975903,0.056628294,0.9879325032234192,0.95829838514328,0.021940482780337334,0.03917626664042473
1397,0.0009208930549158885,0.003123258473351598,0.028632155,0.05588612,0.9888290762901306,0.9593842625617981,0.020522618666291237,0.03918800130486488
1398,0.0008418234435587444,0.0028847975190728903,0.028758075,0.05371031,0.9887306094169617,0.9624853134155273,0.02146608754992485,0.037610214203596115
1399,0.0009930912214754658,0.0030377861112356186,0.029485947,0.055116117,0.9881529808044434,0.9604957699775696,0.02088303677737713,0.03823896870017052
1400,0.0016375898425890641,0.0036196711007505655,0.03549019,0.060163703,0.9828368425369263,0.9529287815093994,0.023765873163938522,0.040508933365345
1401,0.0012219066490863704,0.003187301568686962,0.034722824,0.056456193,0.9835710525512695,0.9585514664649963,0.024331390857696533,0.03894534707069397
1402,0.0010421277064861815,0.0029624691233038902,0.031639818,0.05442857,0.9863589406013489,0.9614752531051636,0.022405700758099556,0.03773718327283859
1403,0.001082149430162231,0.003360586240887642,0.03204188,0.05797057,0.9860100746154785,0.9562979936599731,0.022389769554138184,0.039999864995479584
1404,0.0017721138455354694,0.0031981519423425198,0.042318787,0.056552205,0.9755968451499939,0.958410382270813,0.026724625378847122,0.038167525082826614
1405,0.0008816488341174343,0.0030187407974153757,0.027941952,0.05494307,0.9893611669540405,0.9607434868812561,0.020398879423737526,0.03711394965648651
1406,0.0009705400271658701,0.003113261191174388,0.02988282,0.05579661,0.9878318905830383,0.9595142602920532,0.021404214203357697,0.03852934390306473
1407,0.0010360843033677984,0.003269835142418742,0.031672694,0.057182476,0.9863305687904358,0.9574781656265259,0.022079190239310265,0.03952809423208237
1408,0.0008590780291177163,0.003277692012488842,0.02857616,0.05725113,0.988872766494751,0.9573760032653809,0.020297465845942497,0.03841359168291092
1409,0.0009242101672994481,0.003034773049876094,0.028725667,0.055088773,0.988756000995636,0.9605349898338318,0.02106550708413124,0.03780420124530792
1410,0.0013830410223983397,0.003781293286010623,0.037004557,0.061492223,0.9813408851623535,0.9508270025253296,0.02484261430799961,0.04064350202679634
1411,0.0011170495847843333,0.0032077033538371325,0.032436576,0.05663659,0.9856632947921753,0.9582861661911011,0.022680815309286118,0.03842703625559807
1412,0.001707079109936868,0.0035987698938697577,0.040388264,0.059989747,0.9777725338935852,0.9532005786895752,0.027936948463320732,0.0421174056828022
1413,0.001212455876653125,0.0032206159085035324,0.034259237,0.05675047,0.9840068221092224,0.958118200302124,0.023991193622350693,0.03887796774506569
1414,0.0010012671568388628,0.003099917434155941,0.031450965,0.055676904,0.986521303653717,0.9596878290176392,0.023043213412165642,0.03834841027855873
1415,0.0008659669256303459,0.003022250020876527,0.02922665,0.054974996,0.9883604049682617,0.9606978297233582,0.02136773057281971,0.038047462701797485
1416,0.0010648094017100943,0.0036902313586324453,0.032107633,0.060747277,0.9859525561332703,0.952011227607727,0.021960891783237457,0.041610702872276306
1417,0.0011284625619406472,0.0033659127075225115,0.031345922,0.058016486,0.9866111874580383,0.9562287330627441,0.022328773513436317,0.03920670598745346
1418,0.0013305273909777911,0.0032547691371291876,0.03471513,0.057050586,0.9835783243179321,0.9576740860939026,0.02351006679236889,0.03915727138519287
1419,0.0011319076584186405,0.0032333608251065016,0.033441458,0.056862652,0.9847612380981445,0.9579524993896484,0.023563621565699577,0.039699506014585495
1420,0.0011255332170879808,0.0035145359579473734,0.033369295,0.059283525,0.984826922416687,0.9542959928512573,0.02218213677406311,0.041233129799366
1421,0.0015296819765353575,0.0030838113743811846,0.03293522,0.055532075,0.9852190613746643,0.9598972797393799,0.022622602060437202,0.03844573348760605
1422,0.0026426653256004847,0.004056253470480442,0.050789315,0.063688725,0.9648500680923462,0.9472513794898987,0.03397401049733162,0.04560212418437004
1423,0.001975183535250835,0.0034461815375834703,0.040115424,0.05870419,0.9780718088150024,0.9551848769187927,0.027280129492282867,0.041265182197093964
1424,0.0017347862951944328,0.0036807593423873186,0.039982095,0.06066926,0.9782173037528992,0.952134370803833,0.02744244784116745,0.042327579110860825
1425,0.006619909735904498,0.0053321137093007565,0.07944798,0.07302132,0.9139906167984009,0.9306597113609314,0.050538647919893265,0.0505443774163723
1426,0.004635943607850509,0.005485537927597761,0.06812778,0.07406442,0.9367546439170837,0.9286645650863647,0.04253779724240303,0.05017285794019699
1427,0.0035842334645249966,0.004632456228137016,0.058986884,0.06806215,0.9525877237319946,0.9397582411766052,0.037826284766197205,0.04713921621441841
1428,0.0023550860668447885,0.004254101775586605,0.047664553,0.06522348,0.9690421223640442,0.9446784853935242,0.03242271766066551,0.045412302017211914
1429,0.002132818719308654,0.0037607948761433363,0.045375984,0.06132532,0.9719436168670654,0.9510935544967651,0.030157579109072685,0.042071159929037094
1430,0.0019402976679636843,0.0038913036696612835,0.042800218,0.062380314,0.9750384092330933,0.9493964314460754,0.029093442484736443,0.04215916246175766
1431,0.001999110310200856,0.003932959400117397,0.044896793,0.06271331,0.9725330471992493,0.9488546848297119,0.028482459485530853,0.04346934333443642
1432,0.0015723619051806797,0.0037770576309412718,0.03969803,0.06145777,0.9785257577896118,0.950882077217102,0.027538806200027466,0.041698556393384933
1433,0.0012128574175717818,0.0034936326555907726,0.034594726,0.05910696,0.9836920499801636,0.9545678496360779,0.02446221001446247,0.04074491187930107
1434,0.0014515998005994004,0.0034012768883258104,0.03715081,0.05832047,0.9811931252479553,0.955768883228302,0.026116106659173965,0.040689047425985336
1435,0.0013303874597609552,0.0035422106739133596,0.036415126,0.059516475,0.9819306135177612,0.9539361000061035,0.02454373985528946,0.041252605617046356
1436,0.0012427898512793365,0.0033444524742662907,0.034945935,0.057831243,0.9833592176437378,0.9565078020095825,0.0244908444583416,0.040191225707530975
1437,0.0013408096988727762,0.003661632537841797,0.03567443,0.060511425,0.9826582074165344,0.9523831009864807,0.02423991449177265,0.041172437369823456
1438,0.0012451049392852424,0.0034110809210687876,0.0340461,0.05840446,0.9842051863670349,0.9556413888931274,0.024002769961953163,0.04077588766813278
1439,0.0027286517605799336,0.0034876286517828703,0.039592095,0.059056148,0.9786401987075806,0.9546459317207336,0.025065956637263298,0.041072044521570206
1440,0.001979891294137236,0.00346112297847867,0.044200465,0.05883131,0.9733784198760986,0.9549906253814697,0.030066456645727158,0.04032009094953537
1441,0.0012218293407138183,0.0036648670211434364,0.03472612,0.06053815,0.9835678935050964,0.9523410797119141,0.024000663310289383,0.041431497782468796
1442,0.0011479282997739078,0.003391216043382883,0.0336179,0.058234148,0.9846000075340271,0.955899715423584,0.023416420444846153,0.03940591588616371
1443,0.001107653896641833,0.0033030416816473007,0.03268804,0.057472095,0.9854401350021362,0.9570463299751282,0.023224687203764915,0.03895949199795723
1444,0.0011085408669631843,0.003246872453019023,0.033302452,0.056981333,0.9848876595497131,0.9577767848968506,0.022919688373804092,0.03895578905940056
1445,0.0011208459459753199,0.0033218394964933395,0.031798426,0.057635404,0.9862218499183655,0.9568018913269043,0.022410672158002853,0.03893696516752243
1446,0.0011765585698991674,0.0032910548616200686,0.032012675,0.057367716,0.9860355257987976,0.9572021961212158,0.02250419557094574,0.039220865815877914
1447,0.0012650472067021342,0.003382887225598097,0.035039887,0.05816259,0.9832696318626404,0.9560080170631409,0.024001380428671837,0.03931386023759842
1448,0.0010333191299154846,0.003363288938999176,0.03206077,0.05799387,0.9859935641288757,0.9562628865242004,0.02228114940226078,0.039685364812612534
1449,0.0010333098080908794,0.0032593614887446165,0.031412277,0.05709082,0.9865544438362122,0.9576143622398376,0.022182833403348923,0.03855865076184273
1450,0.0015298008934637023,0.003163679037243128,0.03387081,0.05624659,0.9843673706054688,0.9588586688041687,0.02236117608845234,0.03854716941714287
1451,0.0011408821387290532,0.0032984560821205378,0.033816934,0.057432186,0.9844170808792114,0.9571059942245483,0.023695556446909904,0.040269337594509125
1452,0.0011892796425275844,0.0032323584891855717,0.031728458,0.05685384,0.9862824082374573,0.9579654932022095,0.0225484911352396,0.0388290099799633
1453,0.0014670358690306205,0.0034555315505713224,0.038217586,0.058783766,0.9800975322723389,0.9550633430480957,0.026647038757801056,0.04125984385609627
1454,0.0010740539596140893,0.003486380912363529,0.03236326,0.059045583,0.9857280254364014,0.9546621441841125,0.022761350497603416,0.03993308171629906
1455,0.0010587824270425533,0.0034302514977753162,0.032401938,0.058568355,0.9856938719749451,0.955392062664032,0.022804666310548782,0.041154250502586365
1456,0.0009655344170327721,0.0031413869000971317,0.030610226,0.056048077,0.9872322678565979,0.9591485261917114,0.02153472788631916,0.03857704997062683
1457,0.000895255249237049,0.003219708101823926,0.029828217,0.05674247,0.987876296043396,0.9581300020217896,0.02158559486269951,0.03926140069961548
1458,0.001125092472648248,0.00291230296716094,0.030449124,0.05396576,0.9873663187026978,0.9621276259422302,0.021861111745238304,0.03723401576280594
1459,0.0011232026643648912,0.003247699234634638,0.033277802,0.05698859,0.9849100112915039,0.9577659964561462,0.02308144047856331,0.03956840559840202
1460,0.0010085658921690826,0.0033091697841882706,0.030912962,0.057525385,0.9869784712791443,0.9569666385650635,0.021870465949177742,0.0394633449614048
1461,0.0014242488753304563,0.002995519433170557,0.03488846,0.05473134,0.9834139347076416,0.9610454440116882,0.023101793602108955,0.03792053833603859
1462,0.0010693229771938852,0.003372065257281065,0.03216199,0.05806949,0.9859049916267395,0.9561487436294556,0.022134365513920784,0.03979399800300598
1463,0.0011269106630193578,0.0032926194835454226,0.033424236,0.057381354,0.9847769141197205,0.9571818709373474,0.02347235381603241,0.03953029587864876
1464,0.0009782803416865963,0.0029543270356953144,0.030920556,0.05435372,0.9869720935821533,0.9615811109542847,0.02193513698875904,0.03697889670729637
1465,0.0008544794499440203,0.003111430210992694,0.028962228,0.0557802,0.9885700345039368,0.9595381021499634,0.021055078133940697,0.03846672177314758
1466,0.0009577349800648252,0.0030871713533997536,0.03035656,0.05556232,0.9874430298805237,0.9598535895347595,0.0207056887447834,0.03780508413910866
1467,0.0011358839897597632,0.0035070821177214384,0.03265879,0.05922062,0.9854661822319031,0.9543929100036621,0.022233756259083748,0.04020516574382782
1468,0.0010051148750459436,0.003051730804145336,0.03160741,0.05524247,0.9863868951797485,0.9603144526481628,0.022551169618964195,0.038135889917612076
1469,0.0014193873437100344,0.003083631629124284,0.030644957,0.055530455,0.9872032999992371,0.9598996043205261,0.02105909213423729,0.038731493055820465
1470,0.0016193010530762629,0.0034156017936766148,0.039805423,0.058443148,0.9784094095230103,0.9555825591087341,0.025130609050393105,0.040493253618478775
1471,0.0012562188785523176,0.0033717539627104998,0.033822868,0.058066808,0.9844115972518921,0.9561527967453003,0.02308906801044941,0.04010038450360298
1472,0.0011300728550519455,0.003082278650254011,0.033486944,0.055518277,0.9847197532653809,0.9599171876907349,0.02269454300403595,0.03813938796520233
1473,0.0011527675854846495,0.0030601550824940205,0.030126845,0.055318665,0.9876323342323303,0.9602048993110657,0.020830363035202026,0.038706112653017044
1474,0.0010465136319081384,0.0033454347867518663,0.031469367,0.057839733,0.9865055084228516,0.9564950466156006,0.022371454164385796,0.039669498801231384
1475,0.0010889778998468748,0.0032991282641887665,0.03217981,0.057438042,0.9858893752098083,0.9570972323417664,0.023068485781550407,0.038896284997463226
1476,0.0011249337522630494,0.0034346904139965773,0.03282495,0.058606233,0.9853178858757019,0.9553343057632446,0.02300376631319523,0.04013870283961296
1477,0.0012670502778333189,0.0033783847466111183,0.035164982,0.05812387,0.9831499457359314,0.9560665488243103,0.02399023436009884,0.03981680050492287
1478,0.0015491645238150588,0.0033363085240125656,0.039498523,0.05776079,0.9787410497665405,0.9566137194633484,0.026731617748737335,0.0398375429213047
1479,0.0011434781732863155,0.0034113042056560516,0.03324541,0.05840637,0.9849393367767334,0.9556384682655334,0.023728618398308754,0.040145643055438995
1480,0.0012375620122342793,0.0032839577179402113,0.03321934,0.057305828,0.9849629402160645,0.9572945237159729,0.023872170597314835,0.039420485496520996
1481,0.0013017012335529382,0.0034139042254537344,0.036049575,0.058428623,0.982291579246521,0.9556046724319458,0.024596529081463814,0.03968719020485878
1482,0.001292037374779201,0.0033006444573402405,0.031315457,0.057451233,0.9866371750831604,0.9570775032043457,0.022171860560774803,0.03881428763270378
1483,0.0013426202812380243,0.0032697401475161314,0.03598267,0.057181645,0.9823572039604187,0.9574794173240662,0.024686969816684723,0.03990718349814415
1484,0.0011049849139949815,0.0034151056315749884,0.032932036,0.058438905,0.9852219223976135,0.9555889964103699,0.02351626381278038,0.039893437176942825
1485,0.0012830359271240675,0.003157777478918433,0.035283998,0.056194104,0.983035683631897,0.9589353799819946,0.024480566382408142,0.03910257667303085
1486,0.0009812797255687076,0.003209139918908477,0.030766143,0.05664927,0.9871019124984741,0.9582674503326416,0.021972987800836563,0.039059869945049286
1487,0.0009352468980730257,0.003267542691901326,0.030567596,0.057162423,0.9872678518295288,0.9575079679489136,0.021911611780524254,0.03943907842040062
1488,0.0008139586855329319,0.002823678543791175,0.02831055,0.053138297,0.9890786409378052,0.9632800817489624,0.020414983853697777,0.03766731917858124
1489,0.0009340396301757374,0.0030413412023335695,0.029449267,0.055148356,0.9881824254989624,0.9604495763778687,0.02115335687994957,0.03859536349773407
1490,0.0010316243080358784,0.00331092718988657,0.032132063,0.057540655,0.9859312176704407,0.9569438099861145,0.023239757865667343,0.039565376937389374
1491,0.0008415131947417235,0.0030094727408140898,0.028625663,0.05485866,0.9888341426849365,0.9608640074729919,0.02065937966108322,0.038025494664907455
1492,0.0008746228413656354,0.0032301549799740314,0.028925296,0.056834456,0.9885991811752319,0.9579941630363464,0.021032903343439102,0.03961935266852379
1493,0.0010493942390894517,0.003238482167944312,0.030149354,0.056907665,0.98761385679245,0.9578858613967896,0.021239224821329117,0.038806527853012085
1494,0.0012909045617561787,0.0033573221880942583,0.032726645,0.057942405,0.985405683517456,0.9563404321670532,0.022945301607251167,0.03997005149722099
1495,0.0011988576827041636,0.0030604649800807238,0.033700045,0.05532147,0.9845246076583862,0.960200846195221,0.02347729727625847,0.03809390589594841
1496,0.0008878783787209118,0.002995647955685854,0.028842963,0.054732516,0.9886640310287476,0.9610437750816345,0.021344328299164772,0.03733949735760689
1497,0.0012838039229708638,0.003340196330100298,0.031158375,0.057794433,0.9867709279060364,0.9565631747245789,0.021420186385512352,0.0396285206079483
1498,0.0013655919207270597,0.003347523743286729,0.036688793,0.057857793,0.9816579818725586,0.956467866897583,0.02498258277773857,0.03999539464712143
1499,0.0009527863519245082,0.0032948486041277647,0.030107645,0.057400774,0.9876481294631958,0.9571529030799866,0.021648747846484184,0.039044927805662155
1500,0.001229585289944556,0.003308533923700452,0.034527507,0.057519857,0.983755350112915,0.9569749236106873,0.024020085111260414,0.039591241627931595
1501,0.0008518848388286477,0.0030476560350507498,0.029109303,0.055205584,0.9884536862373352,0.9603674411773682,0.021244214847683907,0.03778981789946556
1502,0.0008721222548047081,0.003038979135453701,0.02873038,0.055126935,0.9887523055076599,0.960480272769928,0.020370792597532272,0.037721898406744
1503,0.0009592167963009243,0.0029423395171761513,0.028386785,0.054243337,0.9890197515487671,0.9617370367050171,0.020751580595970154,0.037204403430223465
1504,0.00079167715937894,0.003179663559421897,0.02769155,0.056388505,0.9895510077476501,0.9586507678031921,0.020515142008662224,0.038356393575668335
1505,0.0008537427572512322,0.003145364113152027,0.028564233,0.056083545,0.9888820648193359,0.9590967893600464,0.020584428682923317,0.03801528736948967
1506,0.000815089594900862,0.0029401294887065887,0.027411457,0.05422296,0.9897612929344177,0.9617657661437988,0.019950812682509422,0.03720029070973396
1507,0.0009021543625170704,0.0031536617316305637,0.029030383,0.056157473,0.9885162115097046,0.9589889049530029,0.02089330181479454,0.038438741117715836
1508,0.0008810693550251679,0.0034694350324571133,0.029142711,0.05890191,0.9884271621704102,0.9548825025558472,0.020544080063700676,0.03987777233123779
1509,0.000886343523399608,0.003197635058313608,0.029679572,0.056547634,0.9879968762397766,0.9584170579910278,0.02079963870346546,0.03847780078649521
1510,0.0008059701027708467,0.0031095140147954226,0.02791387,0.055763017,0.9893825650215149,0.9595630168914795,0.020110778510570526,0.03857484832406044
1511,0.000828477912529541,0.003074267180636525,0.028787067,0.055446073,0.9887079000473022,0.9600213766098022,0.020420964807271957,0.03864944726228714
1512,0.0008951260176466101,0.003133036894723773,0.029417837,0.05597354,0.9882076382637024,0.9592571258544922,0.020730571821331978,0.03780055046081543
1513,0.0009414877766341141,0.0029692056123167276,0.028252892,0.05449042,0.9891231060028076,0.9613876342773438,0.02042311616241932,0.03805037587881088
1514,0.0011479461483593861,0.002952620619907975,0.033018578,0.054338027,0.9851441979408264,0.9616032838821411,0.023291196674108505,0.03719975799322128
1515,0.001110675084584562,0.0031597346533089876,0.030313246,0.056211516,0.9874788522720337,0.9589099287986755,0.021320775151252747,0.0393255315721035
1516,0.0011422791457417506,0.003108589444309473,0.032591734,0.055754725,0.9855257868766785,0.9595750570297241,0.022462841123342514,0.03878248855471611
1517,0.0012794654176104814,0.003392011858522892,0.03359156,0.05824098,0.9846240878105164,0.9558893442153931,0.022619765251874924,0.04028761386871338
1518,0.0012271562075263566,0.0032817739993333817,0.034402512,0.05728677,0.9838727712631226,0.957322895526886,0.024556780233979225,0.040050312876701355
1519,0.0009723596456090243,0.0031832142267376184,0.029708412,0.056419976,0.9879735112190247,0.958604633808136,0.021077672019600868,0.039001382887363434
1520,0.0009973232048320244,0.0030867967288941145,0.029377045,0.05555895,0.9882403016090393,0.9598584175109863,0.02123837172985077,0.038684699684381485
1521,0.0011197806816198863,0.0031240866519510746,0.032984734,0.055893533,0.9851745963096619,0.9593735337257385,0.02261657454073429,0.03821099177002907
1522,0.001147586310583971,0.0031412660609930754,0.031488616,0.056047,0.9864889979362488,0.9591501355171204,0.022114470601081848,0.03803129121661186
1523,0.00110414960231124,0.003147662617266178,0.032808345,0.056104034,0.985332727432251,0.9590669274330139,0.02281196229159832,0.03889813646674156
1524,0.0008563077413286505,0.0030406357254832983,0.028818827,0.05514196,0.9886829853057861,0.9604587554931641,0.02083393931388855,0.03762517869472504
1525,0.0008492880283897234,0.0031349295750260353,0.028922226,0.055990443,0.9886016249656677,0.9592325091362,0.02091933973133564,0.03865322470664978
1526,0.0007883960557096129,0.0031271653715521097,0.027141813,0.055921063,0.9899617433547974,0.9593334794044495,0.01947963237762451,0.0388934500515461
1527,0.0008383779998191378,0.003056823741644621,0.028691767,0.05528855,0.988782525062561,0.9602482318878174,0.019967125728726387,0.03788035735487938
1528,0.0010054261894600297,0.0031998574268072844,0.03047578,0.05656728,0.9873442053794861,0.9583881497383118,0.021030845120549202,0.03855779767036438
1529,0.0009880109342206692,0.0029964507557451725,0.03040834,0.05473985,0.9874001741409302,0.9610333442687988,0.022145390510559082,0.03793454170227051
1530,0.0008243419817352498,0.003039752831682563,0.028350497,0.055133957,0.9890478253364563,0.9604701995849609,0.02038312330842018,0.038462791591882706
1531,0.001246879770240577,0.002904234454035759,0.031644724,0.05389095,0.9863547086715698,0.9622325301170349,0.022227693349123,0.0373353511095047
1532,0.001299160805171017,0.003017926588654518,0.03487601,0.05493566,0.9834257364273071,0.9607540369033813,0.023843178525567055,0.03879551589488983
1533,0.0010824817403441887,0.0029664256144315004,0.03211925,0.054464903,0.9859424233436584,0.9614237546920776,0.023125682026147842,0.03796664997935295
1534,0.0008384079165724953,0.003068947233259678,0.028671788,0.05539808,0.9887981414794922,0.9600905776023865,0.020696496590971947,0.03765058144927025
1535,0.0007575803286851045,0.002997921546921134,0.026932523,0.054753277,0.9901159405708313,0.9610142111778259,0.01961306296288967,0.0367293506860733
1536,0.0013045087973957627,0.0029701623134315014,0.031769704,0.054499194,0.9862467050552368,0.9613751769065857,0.02151704579591751,0.03731416165828705
1537,0.0014560684662269937,0.0033858967944979668,0.03674499,0.058188464,0.9816017746925354,0.9559688568115234,0.024214239791035652,0.03992360457777977
1538,0.0012532608274010602,0.0032637438271194696,0.035092924,0.057129182,0.9832189679145813,0.9575573801994324,0.02373630553483963,0.039949964731931686
1539,0.0011173941086533225,0.0030749381985515356,0.032028597,0.055452123,0.9860216379165649,0.960012674331665,0.02221747301518917,0.03758808597922325
1540,0.0009194731134233404,0.002901609055697918,0.03014134,0.053866584,0.9876204133033752,0.9622666835784912,0.021013643592596054,0.03676989674568176
1541,0.0008695060896570794,0.002921607345342636,0.028769726,0.0540519,0.988721489906311,0.9620066285133362,0.02033253200352192,0.03777218610048294
1542,0.0009748458899345926,0.003309856401756406,0.030238848,0.057531353,0.9875401854515076,0.9569576978683472,0.02112227864563465,0.039252087473869324
1543,0.0011728633180609904,0.003312453394755721,0.032969847,0.057553917,0.9851880073547363,0.9569239616394043,0.022292908281087875,0.038938090205192566
1544,0.000889979013167745,0.0028969740960747004,0.029298104,0.05382355,0.9883034229278564,0.9623269438743591,0.02070430852472782,0.0368557833135128
1545,0.0013012225840198384,0.00315288919955492,0.029507928,0.056150593,0.9881352782249451,0.95899897813797,0.02017834037542343,0.03830097243189812
1546,0.0014206049037800933,0.003257879987359047,0.037228055,0.05707784,0.9811148643493652,0.9576336145401001,0.025135228410363197,0.03921421989798546
1547,0.0014401451361746613,0.00327071500942111,0.03370578,0.057190165,0.984519362449646,0.957466721534729,0.023178527131676674,0.04028019309043884
1548,0.00114933470467804,0.003256959142163396,0.0338426,0.057069775,0.9843934178352356,0.9576455950737,0.023628775030374527,0.039200350642204285
1549,0.001206713236487386,0.0032697150018066168,0.030051997,0.05718142,0.987693727016449,0.95747971534729,0.02101880870759487,0.03900766745209694
1550,0.0010011322136216966,0.003291802480816841,0.03101715,0.05737423,0.9868905544281006,0.9571924805641174,0.022178852930665016,0.03910490870475769
1551,0.0009421000630192628,0.0029867999255657196,0.029092237,0.05465162,0.9884672164916992,0.961158812046051,0.020586377009749413,0.03711390495300293
1552,0.0007690262282267213,0.0029226213227957487,0.027477691,0.054061275,0.9897117614746094,0.9619934558868408,0.02032267488539219,0.03750208392739296
1553,0.0008465020761253651,0.0029675127007067204,0.029048165,0.054474883,0.9885021448135376,0.9614096283912659,0.02025584876537323,0.03718699887394905
1554,0.0008789016190514138,0.0031896503642201424,0.028046716,0.05647699,0.9892812371253967,0.9585208892822266,0.0200690645724535,0.03907899931073189
1555,0.000878675110553476,0.0031436437275260687,0.028596308,0.056068208,0.9888570308685303,0.9591192007064819,0.020639782771468163,0.03827740252017975
1556,0.0007323357164171863,0.0028542454820126295,0.02615271,0.05342514,0.9906800389289856,0.9628825783729553,0.019108949229121208,0.03722667694091797
1557,0.0008651175534892404,0.002879663836210966,0.029317783,0.053662498,0.9882876873016357,0.9625520706176758,0.020762747153639793,0.036219801753759384
1558,0.0008216890901993876,0.003108041128143668,0.028319893,0.055749808,0.9890714287757874,0.9595821499824524,0.019874539226293564,0.03831491619348526
1559,0.0010087436160326681,0.002994706155732274,0.0280808,0.05472391,0.9892551898956299,0.9610559940338135,0.019730696454644203,0.03716994822025299
1560,0.0009763109040002084,0.003196346340700984,0.03097762,0.05653624,0.9869239330291748,0.9584338068962097,0.022124111652374268,0.03894568607211113
1561,0.0008453283953713253,0.003104772651568055,0.028161827,0.055720486,0.9891930818557739,0.959624707698822,0.02041834406554699,0.03807755932211876
1562,0.0009355947642523626,0.003042460884898901,0.030361405,0.055158507,0.9874390363693237,0.9604349732398987,0.020985061302781105,0.037318386137485504
1563,0.0007994763569017364,0.0031880359165370464,0.027950628,0.056462698,0.9893545508384705,0.9585418701171875,0.02061496302485466,0.03902771323919296
1564,0.0010453069837901487,0.003083848860114813,0.028901784,0.055532414,0.9886177182197571,0.9598968029022217,0.020317960530519485,0.03775027021765709
1565,0.0015285404495609162,0.003575168317183852,0.03893357,0.059792712,0.9793448448181152,0.9535075426101685,0.025287611410021782,0.04103133827447891
1566,0.0009970118831419809,0.0032517502550035715,0.03123395,0.057024118,0.9867066740989685,0.9577133655548096,0.022691072896122932,0.03900003805756569
1567,0.0010689260181441734,0.003075617365539074,0.032846607,0.055458248,0.9852985143661499,0.9600038528442383,0.022285617887973785,0.037717439234256744
1568,0.0007341555663680828,0.0031198610085994005,0.026955044,0.055855718,0.9900994300842285,0.9594284892082214,0.01961466297507286,0.038755152374506
1569,0.0007752481086010283,0.003137561259791255,0.027292188,0.05601394,0.9898502230644226,0.9591982960700989,0.019375450909137726,0.03816177695989609
1570,0.0009991899258404208,0.0029474273324012756,0.030242056,0.054290216,0.9875375628471375,0.9616708159446716,0.020597167313098907,0.037942033261060715
1571,0.0009078678796702826,0.003259907243773341,0.029795693,0.0570956,0.9879027605056763,0.9576072692871094,0.021720105782151222,0.03893232345581055
1572,0.0009055080491552045,0.0033836043439805508,0.030119585,0.058168758,0.9876382946968079,0.9559986591339111,0.021244751289486885,0.04018443822860718
1573,0.0010289210721649315,0.00318966549821198,0.032031886,0.056477122,0.9860187768936157,0.9585207104682922,0.02171935699880123,0.03888743370771408
1574,0.0009395390106047588,0.0030566398054361343,0.029860256,0.055286888,0.9878502488136292,0.9602506160736084,0.02113158069550991,0.037978142499923706
1575,0.0008829283774089577,0.002987323561683297,0.029183757,0.054656412,0.988394558429718,0.9611520171165466,0.020848367363214493,0.037869639694690704
1576,0.0007958020300562071,0.003002928337082267,0.027744148,0.05479898,0.989511251449585,0.9609490633010864,0.01990703120827675,0.03746602311730385
1577,0.0007888493941705251,0.003089328994974494,0.027394183,0.055581734,0.989774227142334,0.9598255157470703,0.020122885704040527,0.03841429576277733
1578,0.0007999536557525227,0.002953787101432681,0.028063376,0.054348752,0.9892685413360596,0.9615881443023682,0.02036135457456112,0.038047950714826584
1579,0.0008468898515936664,0.00312243215739727,0.028817179,0.05587873,0.9886842370033264,0.9593950510025024,0.020751245319843292,0.0379829965531826
1580,0.0008530069846363568,0.0032300176098942757,0.028513031,0.05683324,0.9889218807220459,0.9579959511756897,0.020026931539177895,0.03796343505382538
1581,0.0009825666896755467,0.003112360369414091,0.029838573,0.055788536,0.9878678917884827,0.959526002407074,0.02114790678024292,0.03888577222824097
1582,0.001416262694957285,0.0032654895912855864,0.034005217,0.057144463,0.9842430949211121,0.957534670829773,0.022428080439567566,0.0391433946788311
1583,0.0018652989211576905,0.003301211865618825,0.042310074,0.057456173,0.9756068587303162,0.9570701122283936,0.028178445994853973,0.040097977966070175
1584,0.0011115357933290811,0.0031675174832344055,0.031376358,0.056280702,0.9865851402282715,0.9588087201118469,0.022283097729086876,0.0391724556684494
1585,0.001005288322630804,0.00312384613789618,0.031596463,0.05589138,0.986396312713623,0.9593766331672668,0.022163517773151398,0.038861874490976334
1586,0.0008460347036651166,0.0031536449678242207,0.02795203,0.056157324,0.9893534779548645,0.958989143371582,0.020503591746091843,0.03852831944823265
1587,0.0008436004487025043,0.0031103864312171936,0.02835273,0.05577084,0.9890460968017578,0.9595516920089722,0.0205962136387825,0.03864211216568947
1588,0.0007703650613124905,0.0031823820900171995,0.027210856,0.056412607,0.9899106025695801,0.9586154222488403,0.020035548135638237,0.03807296231389046
1589,0.0007345714389388872,0.0030930780339986086,0.026648719,0.055615447,0.9903231859207153,0.959776759147644,0.019740743562579155,0.03839736059308052
1590,0.0008289815377793275,0.0030043069273233414,0.026880613,0.054811563,0.9901540279388428,0.9609311819076538,0.0195214431732893,0.037194784730672836
1591,0.0009325234085818837,0.0031071125995367765,0.028592356,0.05574148,0.9888601303100586,0.9595942497253418,0.020538300275802612,0.038621366024017334
1592,0.0022089444259604948,0.0032336139120161533,0.0451837,0.056864873,0.9721808433532715,0.957949161529541,0.02845992147922516,0.03862999752163887
1593,0.001180525394870942,0.0032188270706683397,0.03417205,0.056734707,0.984088122844696,0.9581415057182312,0.023516343906521797,0.03986407071352005
1594,0.0009786115009443495,0.003095450345426798,0.031180007,0.055636775,0.9867525696754456,0.9597458839416504,0.02212202548980713,0.038641784340143204
1595,0.001080693289457651,0.0032459415961056948,0.031304568,0.056973167,0.9866464734077454,0.95778888463974,0.020932478830218315,0.03837775066494942
1596,0.001133694599213248,0.003214823082089424,0.03364648,0.056699414,0.9845737814903259,0.9581935405731201,0.02239973656833172,0.03846435248851776
1597,0.0010334379410117187,0.003115059807896614,0.029400077,0.05581272,0.9882218241691589,0.9594908952713013,0.020092858001589775,0.03879932686686516
1598,0.0010055538673027927,0.0031845401972532272,0.031609055,0.05643173,0.9863854646682739,0.9585873484611511,0.022189659997820854,0.03837473690509796
1599,0.0007451710420851173,0.003119786037132144,0.027383175,0.055855043,0.989782452583313,0.9594294428825378,0.020279791206121445,0.03752731531858444
1600,0.0008911994280589914,0.003267292631790042,0.028179733,0.05716024,0.9891793131828308,0.9575112462043762,0.020208582282066345,0.03786947578191757
1601,0.0010771971686732616,0.00337400333955884,0.032792866,0.05808617,0.9853465557098389,0.9561235308647156,0.021604588255286217,0.03952046483755112
1602,0.0008393530416387049,0.0032708593644201756,0.028583152,0.057191428,0.9888672828674316,0.9574648141860962,0.020537305623292923,0.038717761635780334
1603,0.0008931116839944893,0.0031456046272069216,0.029447494,0.05608569,0.988183856010437,0.9590936899185181,0.020814543589949608,0.03812292218208313
1604,0.0007910508740513416,0.003123178146779537,0.027980639,0.0558854,0.9893317222595215,0.959385335445404,0.019975993782281876,0.03827829286456108
1605,0.0007004725438574413,0.002935051219537854,0.02617834,0.054176114,0.9906617999076843,0.96183180809021,0.019022051244974136,0.03721382096409798
1606,0.000659732798918743,0.003036996815353632,0.02491107,0.055108953,0.9915440082550049,0.9605060815811157,0.018000537529587746,0.03749168664216995
1607,0.00075184561468301,0.0030075532849878073,0.027293285,0.054841164,0.9898493885993958,0.9608889222145081,0.019757263362407684,0.0374424122273922
1608,0.0008093295936388048,0.002969001419842243,0.02777666,0.054488543,0.9894866943359375,0.9613902568817139,0.020114503800868988,0.037720344960689545
1609,0.0006834671829975295,0.002839678665623069,0.025842065,0.053288635,0.9909001588821411,0.9630720615386963,0.019117003306746483,0.03687453642487526
1610,0.000672176933386998,0.0030214942526072264,0.025269555,0.05496812,0.9912988543510437,0.9607076644897461,0.018892627209424973,0.038177233189344406
1611,0.001411545917190696,0.003195306519046426,0.036602397,0.05652705,0.9817442893981934,0.9584473371505737,0.024466807022690773,0.037852223962545395
1612,0.001063333708523053,0.0031363891903311014,0.031454835,0.056003474,0.9865179657936096,0.9592135548591614,0.021867219358682632,0.03812968358397484
1613,0.0009793629228211516,0.003008808009326458,0.0296545,0.0548526,0.9880171418190002,0.9608726501464844,0.020609445869922638,0.03861527144908905
1614,0.0013546374592062255,0.002970797708258033,0.03615017,0.054505024,0.9821925759315491,0.9613669514656067,0.024680987000465393,0.03760300949215889
1615,0.0008895172465021129,0.003158817533403635,0.029443,0.05620336,0.9881874322891235,0.9589218497276306,0.020936699584126472,0.03851420059800148
1616,0.000844311913665892,0.00312024331651628,0.028968181,0.05585914,0.9885653853416443,0.9594234824180603,0.020892854779958725,0.03816317021846771
1617,0.0008144132271726531,0.003054011380299926,0.026833192,0.05526311,0.990188717842102,0.9602847695350647,0.019328301772475243,0.03781401365995407
1618,0.0007287357075256296,0.0029361576307564974,0.026588941,0.054186326,0.990366518497467,0.9618173837661743,0.019552726298570633,0.036933381110429764
1619,0.0007674877508014271,0.002992800436913967,0.02688513,0.054706495,0.9901507496833801,0.96108078956604,0.01962117850780487,0.037527114152908325
1620,0.0007301085061044432,0.0028700842522084713,0.02655236,0.05357317,0.9903930425643921,0.9626766443252563,0.019421912729740143,0.037867311388254166
1621,0.0007325881511364555,0.0030196572188287973,0.026767813,0.05495141,0.9902365207672119,0.960731565952301,0.01947079598903656,0.03841213509440422
1622,0.0006715118261953731,0.0030211627017706633,0.025064299,0.054965105,0.9914396405220032,0.9607119560241699,0.018242891877889633,0.03799692913889885
1623,0.0008967775588230738,0.0032386535312980413,0.027390946,0.05690917,0.989776611328125,0.9578836560249329,0.019789157435297966,0.038801826536655426
1624,0.0010242968796360815,0.0028826287016272545,0.030876245,0.05369012,0.9870094060897827,0.9625135064125061,0.021311184391379356,0.03758209943771362
1625,0.0009136277671628209,0.003244499210268259,0.029673109,0.05696051,0.9880020618438721,0.9578076601028442,0.02106107398867607,0.039695680141448975
1626,0.0007910738449109803,0.0027507408522069454,0.027883418,0.05244751,0.9894056916236877,0.964228630065918,0.019886968657374382,0.03631145879626274
1627,0.0007864322601976296,0.003047466976568103,0.027808115,0.055203866,0.9894628524780273,0.960369884967804,0.020219746977090836,0.03795627877116203
1628,0.0010739217362821694,0.003245375119149685,0.028979626,0.056968194,0.9885563254356384,0.9577962160110474,0.019901540130376816,0.03926211595535278
1629,0.0010998601660090076,0.0030526325572282076,0.033026658,0.055250634,0.9851369261741638,0.9603027105331421,0.02311086654663086,0.037828680127859116
1630,0.0011367433127650822,0.00303305103443563,0.032331403,0.055073142,0.9857560992240906,0.9605573415756226,0.021849406883120537,0.03759822994470596
1631,0.0009600497962144965,0.0030348917935043573,0.030639704,0.05508985,0.9872077107429504,0.9605334401130676,0.021349523216485977,0.037948787212371826
1632,0.0008448238983295265,0.0028813634999096394,0.027917271,0.053678334,0.9893799424171448,0.9625299572944641,0.019528208300471306,0.03596404194831848
1633,0.0008724946819711477,0.0030291848815977573,0.028220199,0.05503803,0.9891482591629028,0.960607647895813,0.020207347348332405,0.03787323459982872
1634,0.0009661752258332192,0.002937097568064928,0.029944157,0.054194998,0.9877818822860718,0.9618051648139954,0.021216202527284622,0.037233781069517136
1635,0.0010186550630764527,0.003113067476078868,0.031965185,0.05579487,0.9860769510269165,0.9595168232917786,0.021405164152383804,0.038002729415893555
1636,0.0007876878305317157,0.0031306107994168997,0.027773404,0.05595186,0.9894891381263733,0.9592886567115784,0.019748438149690628,0.03850994259119034
1637,0.0009436972924793901,0.002827571937814355,0.02996889,0.053174917,0.9877616763114929,0.9632294774055481,0.020769689232110977,0.036555707454681396
1638,0.0008788381918830881,0.0028501315973699093,0.028935056,0.053386625,0.9885914921760559,0.9629361033439636,0.020252469927072525,0.03734873980283737
1639,0.0009427638605385172,0.0032791991252452135,0.030326683,0.05726429,0.9874677062034607,0.9573563933372498,0.021085793152451515,0.03846278041601181
1640,0.0008039635735754432,0.0029210830107331276,0.028130833,0.054047048,0.9892168641090393,0.9620134234428406,0.019929539412260056,0.03744513541460037
1641,0.0007994308431410569,0.003137674182653427,0.02810068,0.056014948,0.9892399907112122,0.9591968059539795,0.019580600783228874,0.038280341774225235
1642,0.0010939585818877358,0.0028701052069664,0.028275792,0.053573363,0.9891054630279541,0.9626763463020325,0.01939447410404682,0.03654956817626953
1643,0.0009275610381419855,0.0028105396777391434,0.030075407,0.05301452,0.9876745343208313,0.9634509682655334,0.021929539740085602,0.03685586154460907
1644,0.0008499630666020411,0.0028694404754787683,0.027231263,0.05356716,0.9898954629898071,0.9626849889755249,0.01957670785486698,0.03731527924537659
1645,0.0010124212527774614,0.002687665866687894,0.029410025,0.0518427,0.9882138967514038,0.9650488495826721,0.020535200834274292,0.03556942194700241
1646,0.0009613881332122467,0.002920869505032897,0.03093101,0.05404507,0.9869632720947266,0.962016224861145,0.021518424153327942,0.03748121112585068
1647,0.0008626063096347604,0.0029062891844660044,0.028330026,0.053910013,0.9890636205673218,0.9622058272361755,0.020110780373215675,0.03702659532427788
1648,0.0010015809834426777,0.0030040882993489504,0.030622138,0.054809567,0.9872223734855652,0.9609339833259583,0.021476704627275467,0.03758382424712181
1649,0.0009144158790480684,0.0030443540308624506,0.029424608,0.055175666,0.9882022142410278,0.9604103565216064,0.02073654904961586,0.0368664413690567
1650,0.0007480255867862566,0.003226451575756073,0.026987473,0.056801863,0.9900755882263184,0.958042323589325,0.019254883751273155,0.039368290454149246
1651,0.0007264423514822159,0.0030238244216889143,0.02671797,0.05498931,0.9902728199958801,0.9606773257255554,0.019531341269612312,0.03770120441913605
1652,0.0008859040608513169,0.003716706531122327,0.029583761,0.060964797,0.9880742430686951,0.9516669511795044,0.019955728203058243,0.04144492745399475
1653,0.0008033748196215707,0.0031409552320837975,0.027986497,0.056044225,0.9893272519111633,0.9591541290283203,0.0199836827814579,0.03864371404051781
1654,0.0011470675797847268,0.003114609979093075,0.03379449,0.05580869,0.9844377636909485,0.9594967365264893,0.022654281929135323,0.03801346197724342
1655,0.0007908828635911711,0.00303930533118546,0.02793839,0.055129897,0.9893639087677002,0.9604760408401489,0.01988428458571434,0.03744756057858467
1656,0.0007437746727108871,0.002870702650398016,0.026079908,0.05357894,0.9907318949699402,0.9626685976982117,0.0191115140914917,0.036478519439697266
1657,0.0011471759968447839,0.0030432522762566805,0.033770327,0.055165682,0.9844599962234497,0.9604247212409973,0.022344553843140602,0.0377139113843441
1658,0.0009980724690566685,0.0031060525216162205,0.028806612,0.05573197,0.988692581653595,0.9596080183982849,0.020367423072457314,0.0380062535405159
1659,0.001280365874249996,0.003643784672021866,0.03531991,0.06036377,0.983001172542572,0.9526152014732361,0.02326401136815548,0.040018558502197266
1660,0.0011028767767129466,0.003251928137615323,0.032479648,0.05702568,0.985625147819519,0.9577110409736633,0.022480489686131477,0.03863983601331711
1661,0.0008821161510158246,0.0033040852285921574,0.02902024,0.057481173,0.9885241985321045,0.9570327401161194,0.020610850304365158,0.04004712402820587
1662,0.0008749904604469934,0.0027889180928468704,0.028705345,0.052810207,0.988771915435791,0.963732123374939,0.01989549584686756,0.03616316616535187
1663,0.0008977221739107997,0.003346962621435523,0.029210862,0.057852942,0.9883729815483093,0.9564751982688904,0.020412513986229897,0.03858243674039841
1664,0.0009990239546327343,0.0030362990219146013,0.02899248,0.055102624,0.9885461926460266,0.9605151414871216,0.020106732845306396,0.03691081702709198
1665,0.001150401936849283,0.003140612505376339,0.032240003,0.056041166,0.9858365058898926,0.9591585993766785,0.02223706617951393,0.039437469094991684
1666,0.0010274593395561997,0.0030495531391352415,0.031142427,0.05522276,0.9867844581604004,0.9603427648544312,0.021512923762202263,0.038106080144643784
1667,0.0008597941963340749,0.003083268878981471,0.029082455,0.05552719,0.98847496509552,0.9599043130874634,0.02093544416129589,0.038078539073467255
1668,0.0008634151057446037,0.002964355517178774,0.02931156,0.054445896,0.9882926940917969,0.9614506959915161,0.020296866074204445,0.037816375494003296
1669,0.0007982705283211544,0.0030155947897583246,0.028010035,0.054914434,0.9893092513084412,0.960784375667572,0.019736139103770256,0.036947835236787796
1670,0.0008791446472803892,0.002955805975943804,0.027173402,0.054367326,0.9899383783340454,0.9615618586540222,0.019485831260681152,0.03736167028546333
1671,0.0011202433551344175,0.002981859492138028,0.032674603,0.054606404,0.9854520559310913,0.9612230658531189,0.021548599004745483,0.03723203018307686
1672,0.0009530823398646052,0.0028687925077974796,0.030124873,0.05356111,0.9876339435577393,0.962693452835083,0.020973743870854378,0.0362958200275898
1673,0.000767334212882402,0.002786680357530713,0.027514078,0.05278902,0.989684522151947,0.9637612104415894,0.019909342750906944,0.036128006875514984
1674,0.0011202142188928767,0.0030137570574879646,0.031578645,0.054897696,0.9864116311073303,0.960808277130127,0.02117680385708809,0.03775433823466301
1675,0.0011453391992042518,0.00320961931720376,0.030318089,0.056653503,0.987474799156189,0.958261251449585,0.021288016811013222,0.03812677040696144
1676,0.0010587061353197153,0.0031742325518280268,0.03259588,0.05634033,0.9855220913887024,0.958721399307251,0.022675544023513794,0.03870421275496483
1677,0.0010037200534663332,0.002892902120947838,0.03007442,0.053785704,0.9876753687858582,0.9623799324035645,0.02089530974626541,0.03671370819211006
1678,0.0014922427614113656,0.003403836628422141,0.038412113,0.058342412,0.9798943996429443,0.9557355642318726,0.023047974333167076,0.039710044860839844
1679,0.001090231753054964,0.003354910993948579,0.0316591,0.057921592,0.9863423109054565,0.9563717842102051,0.021911991760134697,0.03936632722616196
1680,0.001010513203006915,0.0030134706757962704,0.03152271,0.054895084,0.9864597320556641,0.960811972618103,0.02234789729118347,0.03691469505429268
1681,0.0008146031111457639,0.0028820952866226435,0.02820696,0.05368515,0.9891583919525146,0.9625204205513,0.020382225513458252,0.037075579166412354
1682,0.0006929854141410694,0.002766608027741313,0.025633527,0.052598555,0.9910464286804199,0.9640222787857056,0.018868131563067436,0.03647535666823387
1683,0.0008529477755390955,0.0029017608612775803,0.029079035,0.053867996,0.9884777069091797,0.9622647166252136,0.020464597269892693,0.03709978982806206
1684,0.0012398939024106685,0.003048425540328026,0.031606693,0.05521255,0.9863874912261963,0.9603574275970459,0.021436726674437523,0.03693684563040733
1685,0.0013246288839251395,0.003038122784346342,0.034925293,0.055119168,0.9833788871765137,0.960491418838501,0.0239068903028965,0.038025327026844025
1686,0.0010803265745793892,0.0028492470737546682,0.029660782,0.05337834,0.9880120158195496,0.9629476070404053,0.021306471899151802,0.03734556958079338
1687,0.001312315206715456,0.0029839728958904743,0.036453985,0.054625753,0.9818919897079468,0.9611955881118774,0.023591162636876106,0.038035888224840164
1688,0.0009466201114595275,0.0031350755598396063,0.02978203,0.055991746,0.9879138469696045,0.9592306017875671,0.021070582792162895,0.03802710026502609
1689,0.0008551565532053991,0.0029661760199815035,0.028794618,0.05446261,0.9887019395828247,0.9614270329475403,0.020497625693678856,0.03746993839740753
1690,0.0007978498397278599,0.003036750014871359,0.028124137,0.055106714,0.98922199010849,0.9605092406272888,0.02067912369966507,0.03779282420873642
1691,0.0006872699258647943,0.003319792216643691,0.026123056,0.05761764,0.9907011985778809,0.9568284749984741,0.01922743022441864,0.03946059197187424
1692,0.000636997844346545,0.0030041246209293604,0.025134256,0.054809894,0.9913917779922485,0.9609335064888,0.019001450389623642,0.038175489753484726
1693,0.0006410364797127179,0.0029944463167339563,0.025188543,0.05472153,0.9913545846939087,0.9610593914985657,0.01855768822133541,0.03715066984295845
1694,0.0005836462422104722,0.0028295901138335466,0.024119392,0.053193893,0.9920729398727417,0.9632032513618469,0.018076343461871147,0.03654320538043976
1695,0.0010710836683177729,0.0030378643423318863,0.032052815,0.055116825,0.9860004782676697,0.9604947566986084,0.021964531391859055,0.03682650998234749
1696,0.0007996487302906727,0.0028555491007864475,0.028129384,0.053437337,0.98921799659729,0.9628656506538391,0.02023269049823284,0.0366220586001873
1697,0.0008006761444531466,0.0029738699086010456,0.027438244,0.0545332,0.9897412657737732,0.9613269567489624,0.01923271082341671,0.03769224137067795
1698,0.0007942179800011218,0.002999026095494628,0.027805915,0.054763366,0.989464521408081,0.9609998464584351,0.020079538226127625,0.037910375744104385
1699,0.0007941419528585604,0.0030172914266586304,0.027841425,0.05492988,0.9894375801086426,0.9607623219490051,0.019432470202445984,0.036588750779628754
1700,0.0009612644981561144,0.0032415087334811687,0.03026375,0.056934252,0.9875196814537048,0.9578465223312378,0.020454827696084976,0.03873380646109581
1701,0.0016525946908090687,0.0029442578088492155,0.03586026,0.054261018,0.982477068901062,0.9617120623588562,0.022619523108005524,0.03666695952415466
1702,0.0010403353894203478,0.0032238042913377285,0.031138903,0.056778558,0.9867874383926392,0.9580767750740051,0.02233230695128441,0.037695303559303284
1703,0.0008648183416384695,0.002923525869846344,0.027478617,0.05406964,0.9897111058235168,0.9619816541671753,0.019833456724882126,0.03697696700692177
1704,0.0008766796302304349,0.003038837807253003,0.029097455,0.055125654,0.9884630441665649,0.960482120513916,0.020784974098205566,0.038337599486112595
1705,0.0009052640380105004,0.0030055695679038763,0.028084006,0.054823074,0.9892527461051941,0.9609147310256958,0.019506758078932762,0.03727724775671959
1706,0.0008029030736493455,0.0028549705166369677,0.028195987,0.05343193,0.9891668558120728,0.9628731608390808,0.02033488266170025,0.03633715584874153
1707,0.0007670109262107871,0.0029777861200273037,0.027274417,0.05456909,0.9898634552955627,0.9612760543823242,0.018899571150541306,0.03735383227467537
1708,0.0009047789446247572,0.002965852851048112,0.028556585,0.054459643,0.9888879656791687,0.9614312052726746,0.01989866979420185,0.036927878856658936
1709,0.0009156519260035235,0.0029937652871012688,0.029963262,0.054715313,0.9877662658691406,0.9610682725906372,0.020769689232110977,0.037617556750774384
1710,0.0007532510135206394,0.0029204932507127523,0.027090658,0.054041587,0.989999532699585,0.9620211124420166,0.019736988469958305,0.0373021736741066
1711,0.0008951703976808031,0.0031757999677211046,0.029719811,0.05635424,0.9879642724990845,0.9587010145187378,0.020516030490398407,0.03756680339574814
1712,0.001168860895797314,0.002898934530094266,0.027935952,0.053841755,0.9893657565116882,0.9623014330863953,0.018874410539865494,0.03651313856244087
1713,0.0012068496018235403,0.003107077907770872,0.03358395,0.055741172,0.9846310615539551,0.9595947265625,0.021833723410964012,0.03872385248541832
1714,0.000839831206989898,0.003098051995038986,0.02875783,0.05566015,0.9887308478355408,0.9597120881080627,0.02072063833475113,0.03778336942195892
1715,0.0008468721273609183,0.0030190390534698963,0.028723381,0.054945786,0.9887577891349792,0.9607396125793457,0.01993567869067192,0.038005974143743515
1716,0.0008543504611059853,0.003065877826884389,0.02883968,0.055370368,0.9886665940284729,0.9601304531097412,0.019827669486403465,0.038079388439655304
1717,0.0007407263560294682,0.00301437359303236,0.026326157,0.05490331,0.990556001663208,0.9608002305030823,0.018985291942954063,0.03765018284320831
1718,0.0007139274920601482,0.0029105879366397858,0.025726018,0.053949866,0.9909816980361938,0.9621499180793762,0.018785685300827026,0.03688181936740875
1719,0.0009666918413131498,0.0032628527842462063,0.030891825,0.057121385,0.9869962930679321,0.9575689435005188,0.020472295582294464,0.03814978897571564
1720,0.0008117301073401574,0.0028644150588661432,0.028122254,0.053520232,0.9892234206199646,0.9627503752708435,0.01953435130417347,0.0361747071146965
1721,0.000746732922297352,0.0027747449930757284,0.02664713,0.05267585,0.9903243184089661,0.9639164209365845,0.019587097689509392,0.035955850034952164
1722,0.0008687509252922609,0.002906276611611247,0.027695525,0.053909894,0.9895480275154114,0.9622060060501099,0.01999155431985855,0.03702126070857048
1723,0.000719900012799454,0.0031403067987412214,0.025531821,0.05603844,0.9911172986030579,0.9591625928878784,0.01884591579437256,0.03681611642241478
1724,0.0008818505937762728,0.0029641848523169756,0.0278963,0.054444328,0.9893959164619446,0.9614529013633728,0.02016741782426834,0.0364275760948658
1725,0.0007531446522493338,0.0029019960202276707,0.026547845,0.053870175,0.9903963208198547,0.9622616767883301,0.019226372241973877,0.03624749928712845
1726,0.0006660281234706582,0.002960377372801304,0.025286466,0.05440935,0.9912872314453125,0.9615024328231812,0.018733816221356392,0.03699755668640137
1727,0.0006310812585235743,0.0029680116567760706,0.024789609,0.05447946,0.9916262626647949,0.9614031314849854,0.01835605502128601,0.03651957958936691
1728,0.000647803920649246,0.002964515471830964,0.025073195,0.054447364,0.9914335608482361,0.961448609828949,0.01830039732158184,0.036796391010284424
1729,0.0006966170006886717,0.0027301416266709566,0.024821779,0.052250758,0.9916045069694519,0.9644964933395386,0.018293021246790886,0.036157045513391495
1730,0.0007378070870551958,0.0027916855178773403,0.027050054,0.052836403,0.990029513835907,0.9636961221694946,0.019311459735035896,0.03581339120864868
1731,0.000651032542836302,0.0028134863823652267,0.025008895,0.05304231,0.9914774894714355,0.9634126424789429,0.018382173031568527,0.03643294423818588
1732,0.000704400773181326,0.0029095590580254793,0.026241811,0.05394033,0.9906164407730103,0.9621632695198059,0.018921805545687675,0.036865003407001495
1733,0.0006535592897721058,0.0028417266439646482,0.025339551,0.05330785,0.9912506341934204,0.9630454182624817,0.018793735653162003,0.03601977229118347
1734,0.0007265650657989846,0.00296178855933249,0.026288548,0.054422315,0.9905830025672913,0.9614840745925903,0.0186956487596035,0.037253737449645996
1735,0.0006642582692703317,0.0027743091341108084,0.02548094,0.052671712,0.9911527037620544,0.9639221429824829,0.018662597984075546,0.036032699048519135
1736,0.0005980426517040046,0.0029470163863152266,0.024057537,0.054286428,0.9921135306358337,0.9616761803627014,0.017928533256053925,0.03695329651236534
1737,0.0009745600658458319,0.003084193915128708,0.027137712,0.055535518,0.9899647831916809,0.9598922729492188,0.018396275117993355,0.037576787173748016
1738,0.0011584654857870191,0.0033024803269654512,0.03310313,0.05746721,0.9850679636001587,0.9570536613464355,0.02300565131008625,0.03877980262041092
1739,0.000773445093231699,0.0029780713375657797,0.027096955,0.054571707,0.9899948835372925,0.9612723588943481,0.019854577258229256,0.03651146590709686
1740,0.0007232211382043632,0.0028773266822099686,0.026456915,0.05364072,0.9904619455337524,0.9625824689865112,0.019173046573996544,0.03642987832427025
1741,0.0006381096444039775,0.0029163567814975977,0.025093498,0.054003306,0.9914196729660034,0.962074875831604,0.018667351454496384,0.0364806167781353
1742,0.0010271184715251861,0.0032622581347823143,0.030278169,0.05711618,0.9875078201293945,0.9575766921043396,0.019982872530817986,0.038490843027830124
1743,0.0010063819592522289,0.003191698342561722,0.031097513,0.05649512,0.9868225455284119,0.958494246006012,0.021456263959407806,0.037809908390045166
1744,0.003508089139359072,0.0037765000015497208,0.05928418,0.061453238,0.9521085619926453,0.9508893489837646,0.037026841193437576,0.042183615267276764
1745,0.001597155460992574,0.003178609302267432,0.039856166,0.056379158,0.9783543348312378,0.9586644768714905,0.026878125965595245,0.03875850513577461
1746,0.00108728408271087,0.0035147634334862232,0.032033395,0.05928544,0.9860174655914307,0.9542930722236633,0.022181227803230286,0.03953314572572708
1747,0.0010080986817642538,0.0031340329442173243,0.030081194,0.055982433,0.987669825553894,0.9592441916465759,0.021376105025410652,0.03886067122220993
1748,0.000883052938496059,0.0029302015900611877,0.029267607,0.054131337,0.9883277416229248,0.9618948698043823,0.021206513047218323,0.03752129152417183
1749,0.0008430537491221912,0.003088979050517082,0.027549459,0.055578586,0.9896579384803772,0.9598300457000732,0.01981082744896412,0.03777846693992615
1750,0.0009292598379860548,0.0032554909121245146,0.02989725,0.057056908,0.9878201484680176,0.9576647281646729,0.021522285416722298,0.03790272772312164
1751,0.0008158087320308285,0.0031920168548822403,0.026138036,0.056497943,0.9906905293464661,0.9584901332855225,0.0189189650118351,0.03825203701853752
1752,0.001089071374735795,0.003095872001722455,0.029680979,0.05564056,0.9879956841468811,0.959740400314331,0.021097896620631218,0.03718336671590805
1753,0.0010068876039109784,0.003396010957658291,0.031313486,0.05827531,0.9866389036178589,0.9558373093605042,0.022235067561268806,0.039174120873212814
1754,0.0007667212954732928,0.002835439518094063,0.027605444,0.05324885,0.9896158576011658,0.9631271362304688,0.019918808713555336,0.036575376987457275
1755,0.0009245991585141218,0.0031221795361489058,0.03009361,0.055876467,0.9876596331596375,0.9593983292579651,0.02136693336069584,0.03860002011060715
1756,0.0007881648892759007,0.0032579503022134304,0.02797146,0.05707846,0.9893386960029602,0.9576327204704285,0.020194390788674355,0.03805529698729515
1757,0.00080276310472982,0.0030746350530534983,0.027221378,0.055449396,0.9899027943611145,0.9600166082382202,0.019038023427128792,0.037667177617549896
1758,0.0006400982687905939,0.002920130966231227,0.024812512,0.054038238,0.9916107654571533,0.9620258212089539,0.018339361995458603,0.03698999062180519
1759,0.0007857549241056073,0.0028757466934621334,0.025980089,0.05362599,0.9908027052879333,0.962602972984314,0.018670856952667236,0.03672967478632927
1760,0.0008340894412619739,0.003249355126172304,0.02778859,0.057003114,0.9894776344299316,0.9577444791793823,0.020393753424286842,0.03895300254225731
1761,0.0008134191488021646,0.003223356092348695,0.028521962,0.056774605,0.9889149069786072,0.9580826163291931,0.01974123902618885,0.03853563964366913
1762,0.0007150978529931639,0.002649550326168537,0.026753362,0.05147378,0.9902470111846924,0.9655445218086243,0.01959075592458248,0.034985218197107315
1763,0.0006945035433587195,0.0031388832721859217,0.025979254,0.056025736,0.9908032417297363,0.9591810703277588,0.018326284363865852,0.038230542093515396
1764,0.0006767840406444685,0.0029885934200137854,0.02576824,0.054668028,0.9909520745277405,0.9611355066299438,0.01860038936138153,0.03699756786227226
1765,0.00097021454712376,0.002890551695600152,0.027897798,0.053763848,0.9893947839736938,0.9624104499816895,0.0193980373442173,0.03765231370925903
1766,0.0007881050908260725,0.0029975755605846643,0.02708078,0.05475012,0.9900068640708923,0.9610186815261841,0.02008921280503273,0.03678469359874725
1767,0.0007138173380305736,0.002971319481730461,0.02602778,0.054509815,0.9907689094543457,0.9613601565361023,0.019128182902932167,0.037769168615341187
1768,0.0006698226841928607,0.003069237107411027,0.024709484,0.0554007,0.9916803240776062,0.9600868225097656,0.018136411905288696,0.03808687627315521
1769,0.0006978802398820831,0.0029481102246791124,0.02569966,0.054296505,0.9910001754760742,0.9616619348526001,0.018866460770368576,0.03708118572831154
1770,0.000671524440721524,0.0028228084556758404,0.025644818,0.05313011,0.9910385012626648,0.9632914066314697,0.018567167222499847,0.036057695746421814
1771,0.0007844790366520597,0.003164868103340268,0.025170255,0.056257162,0.9913671016693115,0.9588431715965271,0.017983632162213326,0.03760236129164696
1772,0.0007570314840201966,0.0030583254992961884,0.027318481,0.05530213,0.9898306727409363,0.960228681564331,0.019711537286639214,0.036888085305690765
1773,0.001172518945002759,0.003514970187097788,0.03409317,0.059287183,0.9841614961624146,0.9542903900146484,0.022475648671388626,0.03875766322016716
1774,0.0008633164516967637,0.003370440099388361,0.027249409,0.058055487,0.9898819923400879,0.956169843673706,0.01892978511750698,0.039323024451732635
1775,0.0009255032749603164,0.002937804441899061,0.028381582,0.05420152,0.989023745059967,0.9617959856987,0.02018793672323227,0.03585072234272957
1776,0.0010041743953479454,0.003194516757503152,0.029735627,0.05652006,0.9879514575004578,0.9584576487541199,0.020846109837293625,0.038489941507577896
1777,0.001038262871258088,0.0032818142790347338,0.031666495,0.057287123,0.9863359332084656,0.957322359085083,0.0215400792658329,0.039300862699747086
1778,0.000947072234835518,0.0033392109908163548,0.030747589,0.057785906,0.9871174693107605,0.9565759897232056,0.020641187205910683,0.039763543754816055
1779,0.0007114918817850677,0.0030490632634609938,0.026431806,0.05521832,0.9904800653457642,0.9603491425514221,0.019208574667572975,0.03756087273359299
1780,0.0008304205978426828,0.002972555346786976,0.025926018,0.054521147,0.9908409118652344,0.9613440632820129,0.01819513365626335,0.037164296954870224
1781,0.0011075176232473248,0.0036113588139414787,0.033119284,0.060094584,0.9850534200668335,0.953036904335022,0.021622829139232635,0.03911534696817398
1782,0.0008311528422795659,0.002941584214568138,0.0288415,0.054236375,0.9886651635169983,0.9617468118667603,0.01992666721343994,0.03745424747467041
1783,0.0008115529199130833,0.0031422569882124662,0.027119642,0.056055836,0.9899781346321106,0.9591372013092041,0.019536763429641724,0.0388471819460392
1784,0.0009497441152978519,0.0031335402745753527,0.029214414,0.055978034,0.9883701205253601,0.9592505693435669,0.020258011296391487,0.037816017866134644
1785,0.0007076332999118181,0.0032357412856072187,0.026345659,0.056883577,0.9905420541763306,0.9579215049743652,0.01892789453268051,0.03761490806937218
1786,0.0007289192170984196,0.0029778105672448874,0.026885133,0.054569323,0.9901507496833801,0.9612757563591003,0.019085383042693138,0.03704134002327919
1787,0.0007952923611314459,0.0029792243149131536,0.027660757,0.05458227,0.9895742535591125,0.9612573385238647,0.01914200559258461,0.03662269562482834
1788,0.0009169994591502473,0.0033396955113857985,0.028272804,0.0577901,0.9891077280044556,0.9565696716308594,0.019704477861523628,0.03831177204847336
1789,0.00099835822700036,0.003019820200279355,0.030207051,0.05495289,0.9875664114952087,0.9607294201850891,0.02113940939307213,0.03779735788702965
1790,0.0007446272641325115,0.0030091109219938517,0.026363334,0.054855365,0.9905293583869934,0.9608687162399292,0.019381875172257423,0.03763429448008537
1791,0.0007315772884546525,0.003152152756229043,0.026780698,0.056144036,0.9902271032333374,0.959008514881134,0.019107772037386894,0.037181559950113297
1792,0.0010139040188567544,0.002935635857284069,0.03181553,0.05418151,0.9862070083618164,0.9618241786956787,0.02055470272898674,0.03713660314679146
1793,0.0006836381812304767,0.0027509673964232206,0.025238236,0.052449666,0.9913204312324524,0.9642256498336792,0.018481150269508362,0.03533501178026199
1794,0.0006617467231328853,0.0029058034997433424,0.02489674,0.053905506,0.9915537238121033,0.9622121453285217,0.018121473491191864,0.03673320636153221
1795,0.0005789043227030726,0.003120389999821782,0.024062626,0.055860452,0.9921101927757263,0.9594215750694275,0.0179575327783823,0.038154590874910355
1796,0.0006394221557209014,0.0030187179800122976,0.024591157,0.054942857,0.9917597770690918,0.96074378490448,0.01793491467833519,0.03696512058377266
1797,0.0006025351996702904,0.003074151696637273,0.024550412,0.055445034,0.9917870759963989,0.9600228667259216,0.017868462949991226,0.037748824805021286
1798,0.000663581234799825,0.003309845458716154,0.025005763,0.05753126,0.9914795756340027,0.9569578766822815,0.018061844632029533,0.038311202079057693
1799,0.0007702365559949117,0.0030475000385195017,0.027233813,0.055204168,0.9898936152458191,0.9603694677352905,0.019311804324388504,0.037091538310050964
1800,0.0007222703636877916,0.0031812831293791533,0.025696417,0.056402866,0.9910024404525757,0.9586297273635864,0.017652226611971855,0.03741027042269707
1801,0.0006466480005077425,0.0028420514427125454,0.025248626,0.053310897,0.9913132786750793,0.9630411863327026,0.018318738788366318,0.037085872143507004
1802,0.0006977129993505183,0.003116658655926585,0.025953459,0.055827044,0.9908215403556824,0.9594700932502747,0.018947651609778404,0.038104716688394547
1803,0.0007316480636787178,0.0028899810276925564,0.026975852,0.053758543,0.9900841116905212,0.9624179005622864,0.019248193129897118,0.037539031356573105
1804,0.0007896097079289823,0.003016136819496751,0.027285483,0.054919366,0.9898552298545837,0.9607773423194885,0.018751272931694984,0.03764187544584274
1805,0.000775585763304579,0.0029129080940037966,0.027566884,0.053971365,0.9896448850631714,0.9621197581291199,0.019272616133093834,0.036737315356731415
1806,0.0010713377262370407,0.0030070552602410316,0.027297458,0.054836627,0.9898462891578674,0.9608954191207886,0.018829554319381714,0.03738173469901085
1807,0.001104143138615076,0.0031015449203550816,0.033081472,0.055691518,0.985087513923645,0.9596666693687439,0.022666504606604576,0.03814494237303734
1808,0.0009622639832245609,0.0032329948153346777,0.02822234,0.05685943,0.9891465902328491,0.9579572677612305,0.020155994221568108,0.038085199892520905
1809,0.0008920182299334556,0.0030158122535794973,0.02965064,0.05491641,0.9880202412605286,0.9607815742492676,0.02150222472846508,0.03798314929008484
1810,0.000756539454662495,0.0028796300757676363,0.025296599,0.053662185,0.9912802577018738,0.9625524878501892,0.018235597759485245,0.036676716059446335
1811,0.0009341893495399166,0.0028212820179760456,0.029420158,0.05311574,0.9882057309150696,0.9633112549781799,0.020804468542337418,0.03635037690401077
1812,0.0007511170042562298,0.003089053789153695,0.027360016,0.05557926,0.9897996783256531,0.9598290920257568,0.019534535706043243,0.03763377666473389
1813,0.0006915842459420674,0.0032801800407469273,0.025099572,0.057272855,0.9914155602455139,0.9573436379432678,0.018239272758364677,0.038757238537073135
1814,0.0008468185002460483,0.002987449523061514,0.027286861,0.054657567,0.9898541569709778,0.9611504077911377,0.019536396488547325,0.03699381649494171
1815,0.0007208522868247449,0.0029889876022934914,0.026257996,0.054671634,0.9906048774719238,0.9611303806304932,0.01898934319615364,0.03737086430191994
1816,0.0008079907307877544,0.002938483841717243,0.027221654,0.054207783,0.9899026155471802,0.9617871642112732,0.019433774054050446,0.03662722930312157
1817,0.0006667032655307346,0.0028565966058522463,0.025515208,0.053447142,0.9911288619041443,0.9628520011901855,0.01887620985507965,0.03727478161454201
1818,0.0006429621723575772,0.0030516826082021,0.02378106,0.055242036,0.9922937750816345,0.9603151082992554,0.0175321064889431,0.037717368453741074
1819,0.0012694997666668232,0.003241549478843808,0.03556533,0.056934606,0.9827641248703003,0.9578459858894348,0.021449515596032143,0.03892719745635986
1820,0.0007361348900965161,0.0032488072756677866,0.026533678,0.05699831,0.9904065728187561,0.9577516317367554,0.018943307921290398,0.03802360221743584
1821,0.001014040355750529,0.003086090087890625,0.028932262,0.055552587,0.9885936975479126,0.9598676562309265,0.01993318274617195,0.037236813455820084
1822,0.0011437228095019236,0.003475914942100644,0.033513572,0.05895689,0.9846954345703125,0.9547982215881348,0.02326185815036297,0.03903678432106972
1823,0.0009280919720450501,0.003190059447661042,0.029674483,0.056480613,0.9880009889602661,0.9585155844688416,0.020696187391877174,0.03804969787597656
1824,0.0007472485601531596,0.003776964731514454,0.026607476,0.061457016,0.9903531074523926,0.9508833289146423,0.018986646085977554,0.040140267461538315
1825,0.0008284723629582335,0.0029460270889103413,0.02834822,0.054277316,0.9890495538711548,0.9616890549659729,0.019656244665384293,0.03616682067513466
1826,0.0006538798737561923,0.00304420106112957,0.025079723,0.05517428,0.9914290904998779,0.9604123830795288,0.01814347691833973,0.03731172904372215
1827,0.001174894693328745,0.0029701206367462873,0.029440321,0.054498814,0.9881895780563354,0.9613757133483887,0.01985253021121025,0.03715595230460167
1828,0.0007235457054445181,0.002959134057164192,0.026797974,0.054397922,0.990214467048645,0.9615185856819153,0.018944235518574715,0.03735629841685295
1829,0.0008406099302440205,0.0031072150450199842,0.026721554,0.055742398,0.99027019739151,0.9595929384231567,0.018496012315154076,0.037822287529706955
1830,0.001175561648613604,0.003053296124562621,0.0334789,0.05525664,0.9847270846366882,0.9602940678596497,0.022554975003004074,0.03791463002562523
1831,0.000761968956133139,0.0029168592300266027,0.027333844,0.054007955,0.9898192286491394,0.9620683789253235,0.019818857312202454,0.0370081327855587
1832,0.0008607613430781798,0.002896863268688321,0.028928746,0.053822517,0.988596498966217,0.9623283743858337,0.02029961533844471,0.036579277366399765
1833,0.0008110288895708932,0.0027004594448953867,0.027857715,0.051965944,0.9894252419471741,0.964882493019104,0.01928003691136837,0.035567935556173325
1834,0.0008109829359455034,0.0030268714763224125,0.027704902,0.05501701,0.9895409345626831,0.9606377482414246,0.020248806104063988,0.037976112216711044
1835,0.000981124607443979,0.0031730635091662407,0.029210038,0.056329954,0.9883736371994019,0.9587365984916687,0.019568197429180145,0.03799759969115257
1836,0.0011255708933194082,0.003068086225539446,0.03319633,0.05539031,0.9849838018417358,0.9601017832756042,0.021605700254440308,0.03835606947541237
1837,0.0009243411960514178,0.0028664604760706425,0.027593868,0.053539336,0.9896246194839478,0.9627237319946289,0.019529907032847404,0.037396859377622604
1838,0.001254262832596644,0.0032658521085977554,0.033406984,0.057147633,0.9847925901412964,0.9575299620628357,0.02259000390768051,0.03935103863477707
1839,0.001115936170787212,0.0030553285032510757,0.031875458,0.055275027,0.9861549735069275,0.9602676630020142,0.02144281566143036,0.037436529994010925
1840,0.0024935094208393075,0.003217585850507021,0.04981098,0.05672377,0.9661911725997925,0.9581575989723206,0.031856924295425415,0.038673512637615204
1841,0.0010263509625060992,0.0029594791121780872,0.030341996,0.054401096,0.9874550700187683,0.9615141153335571,0.021664729341864586,0.03781364485621452
1842,0.001017081466588107,0.0030100515577942133,0.03178444,0.054863937,0.9862339496612549,0.9608564376831055,0.021811746060848236,0.037544675171375275
1843,0.0008858549289553511,0.0031111189164221287,0.02877519,0.05577741,0.9887171983718872,0.9595421552658081,0.02039138413965702,0.038393862545490265
1844,0.0008275314255363562,0.0029253673274070024,0.028067498,0.054086667,0.9892653822898865,0.9619576930999756,0.020507490262389183,0.03735862299799919
1845,0.0007365067120355724,0.002893101191148162,0.026303735,0.053787556,0.9905720949172974,0.9623773097991943,0.018995173275470734,0.0373481884598732
1846,0.0008442977229027416,0.0029523801058530807,0.028773068,0.05433581,0.9887188673019409,0.9616064429283142,0.02024836279451847,0.03745199367403984
1847,0.0007935161351766014,0.002913428470492363,0.026305549,0.053976186,0.9905707836151123,0.9621129631996155,0.01866094581782818,0.03759804740548134
1848,0.0006967301570429382,0.0029457954224199057,0.025952253,0.05427518,0.9908223748207092,0.9616920948028564,0.018931815400719643,0.036850593984127045
1849,0.0006440103891443207,0.0033267077524214983,0.02440849,0.05767762,0.991881787776947,0.9567385911941528,0.01785469800233841,0.03799865022301674
1850,0.0007198349743372422,0.003042012918740511,0.026185693,0.055154443,0.9906565546989441,0.9604408144950867,0.018828924745321274,0.03786401078104973
1851,0.0006836814883916469,0.0028662763070315123,0.02544775,0.053537615,0.9911757111549377,0.9627261757850647,0.018487872555851936,0.0364854633808136
1852,0.0005755379332351202,0.002972895512357354,0.023578145,0.054524265,0.992424726486206,0.9613396525382996,0.017210520803928375,0.037238959223032
1853,0.0009347709360140884,0.003721810644492507,0.027687537,0.061006647,0.9895540475845337,0.9516005516052246,0.01922031305730343,0.04152313992381096
1854,0.0009033988297398372,0.003296817420050502,0.030052166,0.05741792,0.9876936078071594,0.9571272730827332,0.02141844853758812,0.03851065784692764
1855,0.0007288641195786608,0.0030242111533880234,0.026495684,0.05499283,0.9904339909553528,0.9606723189353943,0.018810853362083435,0.03736591339111328
1856,0.001495603227257644,0.003077856497839093,0.03864901,0.055478435,0.9796456694602966,0.9599747061729431,0.02511049248278141,0.038168516010046005
1857,0.0008627306431828237,0.0030993125401437283,0.027753474,0.05567147,0.9895042181015015,0.9596956968307495,0.019415218383073807,0.03832011669874191
1858,0.0008005344954488629,0.0030061821453273296,0.027997106,0.054828662,0.9893191456794739,0.9609068036079407,0.01916503719985485,0.037706952542066574
1859,0.0007222982061317783,0.0028977959882467985,0.025941096,0.05383118,0.9908302426338196,0.9623162746429443,0.01881195604801178,0.03744214400649071
1860,0.0010632981376891787,0.0034971851855516434,0.03276432,0.059137005,0.9853720664978027,0.954521656036377,0.02227683737874031,0.03872125223278999
1861,0.0008608952339272946,0.0030012137722223997,0.02879376,0.054783333,0.988702654838562,0.9609714150428772,0.020504554733633995,0.03744516521692276
1862,0.0008093229546582072,0.002748708240687847,0.0283702,0.052428126,0.9890325665473938,0.9642550349235535,0.020221969112753868,0.03608769550919533
1863,0.0007943952018236318,0.002718873554840684,0.027522901,0.052142818,0.989677906036377,0.9646430015563965,0.019366465508937836,0.036333538591861725
1864,0.0010168999287998304,0.0029699932783842087,0.029451892,0.054497644,0.9881802797317505,0.9613773822784424,0.020229162648320198,0.03710857033729553
1865,0.0010957955032195473,0.002872108481824398,0.032246783,0.053592056,0.985830545425415,0.9626502990722656,0.021325988695025444,0.0366957001388073
1866,0.0012851772077159364,0.0028533865697681904,0.03151411,0.0534171,0.9864671230316162,0.9628937840461731,0.021145422011613846,0.037297990173101425
1867,0.0008678715920806015,0.0029427146073430777,0.028980155,0.05424679,0.988555908203125,0.9617321491241455,0.021119199693202972,0.03661605715751648
1868,0.0013050894459328529,0.002855459228157997,0.030856801,0.053436495,0.9870257377624512,0.9628668427467346,0.01993834227323532,0.03705444186925888
1869,0.0017255183153214273,0.0030899764969944954,0.041589666,0.055587556,0.9764304757118225,0.959817111492157,0.026052406057715416,0.03862945735454559
1870,0.000991725804686377,0.0031398276332765818,0.029696535,0.056034166,0.9879831075668335,0.9591687917709351,0.020988935604691505,0.037652455270290375
1871,0.0007627414935003882,0.003210676135495305,0.027175615,0.05666283,0.9899367094039917,0.9582474827766418,0.01956421136856079,0.03793295845389366
1872,0.0006867581846150147,0.002752803498879075,0.026064197,0.052467167,0.9907430410385132,0.964201807975769,0.019029535353183746,0.03683791682124138
1873,0.0007684474661470052,0.0027212975546717644,0.025699405,0.052166056,0.9910003542900085,0.9646114706993103,0.018533477559685707,0.03663863241672516
1874,0.0007853990828152746,0.0030149221420288086,0.027268035,0.054908305,0.9898681640625,0.960793137550354,0.019490351900458336,0.03759170323610306
1875,0.0007178243924334475,0.0028576634358614683,0.026525019,0.05345712,0.9904128313064575,0.9628381729125977,0.019028328359127045,0.036973245441913605
1876,0.0006696297449790026,0.0026999623514711857,0.025621919,0.05196116,0.9910545349121094,0.9648889303207397,0.018735775724053383,0.035775408148765564
1877,0.0010117120426994834,0.003025326645001769,0.03135408,0.05500297,0.9866042137145996,0.9606578350067139,0.019912244752049446,0.03720177710056305
1878,0.0007095176168315282,0.0026460362132638693,0.025595022,0.051439635,0.9910733103752136,0.965590238571167,0.018641656264662743,0.03513495996594429
1879,0.000931135704873172,0.0030242998618632555,0.028056355,0.054993633,0.9892739057540894,0.9606711864471436,0.019522536545991898,0.037035152316093445
1880,0.0013241496337948113,0.003020636271685362,0.03642742,0.054960314,0.9819183945655823,0.9607188105583191,0.023718012496829033,0.03820095956325531
1881,0.000986991678391033,0.0030097514390945435,0.029705534,0.054861203,0.9879758358001709,0.9608603715896606,0.021146181970834732,0.03755109757184982
1882,0.0007800092194388112,0.003103596856817603,0.027695974,0.055709936,0.9895476698875427,0.9596399664878845,0.019589154049754143,0.03769925609230995
1883,0.0007150442867317576,0.002909332513809204,0.026107123,0.05393823,0.9907125234603882,0.9621662497520447,0.018878869712352753,0.03653191402554512
1884,0.0006510696826312183,0.0028780996799468994,0.025199786,0.053647924,0.9913468360900879,0.9625723958015442,0.01803862862288952,0.036428287625312805
1885,0.0006728696673896841,0.0029563335701823235,0.025331609,0.05437218,0.9912561178207397,0.961555004119873,0.018456492573022842,0.03708239272236824
1886,0.0009263208094952544,0.002833173843100667,0.026118023,0.05322757,0.9907047748565674,0.9631566405296326,0.01822059229016304,0.03643573075532913
1887,0.0008377257419686595,0.0029123045969754457,0.027047222,0.053965773,0.9900315999984741,0.9621275663375854,0.0195603147149086,0.036800771951675415
1888,0.0007772967292112298,0.0029191102366894484,0.026751544,0.054028794,0.9902483820915222,0.962039053440094,0.01934407837688923,0.03724979609251022
1889,0.0008426724360271527,0.002766032936051488,0.027715594,0.05259309,0.9895328283309937,0.9640297293663025,0.01931035704910755,0.03614426031708717
1890,0.0008701797189794227,0.002988470485433936,0.028967913,0.054666903,0.9885655641555786,0.9611371159553528,0.01941230706870556,0.03725919499993324
1891,0.0006895168480696157,0.002738664159551263,0.02542694,0.05233225,0.9911901354789734,0.9643856287002563,0.018315352499485016,0.03608976677060127
1892,0.0007925653507382693,0.0026116406079381704,0.026220677,0.051104214,0.9906315207481384,0.9660375118255615,0.018578028306365013,0.03576516732573509
1893,0.0006848903457549485,0.0027834828943014145,0.025606383,0.052758727,0.9910653829574585,0.9638028144836426,0.018586907535791397,0.03560541570186615
1894,0.0007226627951075153,0.00298922136425972,0.026459321,0.054673776,0.990460216999054,0.9611273407936096,0.018874594941735268,0.03699755668640137
1895,0.0007969496589132839,0.003029076848179102,0.027774768,0.05503705,0.9894881248474121,0.9606090784072876,0.01938607171177864,0.03790072351694107
1896,0.000742215159169229,0.003083000658079982,0.024236338,0.055524774,0.9919958710670471,0.9599078297615051,0.01729421317577362,0.03789163753390312
1897,0.0016204859103626486,0.003220276441425085,0.037720047,0.05674748,0.9806123971939087,0.9581226110458374,0.024733295664191246,0.03907512500882149
1898,0.0009324856470233168,0.0028136507607996464,0.030319748,0.053043857,0.9874734282493591,0.963410496711731,0.021172108128666878,0.036353129893541336
1899,0.000694747246267401,0.0027442998252809048,0.025803963,0.052386064,0.99092698097229,0.9643123745918274,0.018645914271473885,0.03606412932276726
1900,0.0007694069625524042,0.0028876776341348886,0.026862973,0.05373712,0.990166962146759,0.9624478220939636,0.01905496045947075,0.035888463258743286
1901,0.0007838659710779956,0.0028062553610652685,0.027543936,0.0529741,0.9896621108055115,0.9635066986083984,0.01918499730527401,0.03657214343547821
1902,0.00063252257413379,0.002696192590519786,0.024694426,0.05192488,0.991690456867218,0.9649379849433899,0.017890792340040207,0.03574184328317642
1903,0.0006078228894197805,0.002948451554402709,0.024100507,0.054299645,0.992085337638855,0.9616575241088867,0.0171970147639513,0.036673810333013535
1904,0.0005873780623501675,0.0029625017195940018,0.024145044,0.05442887,0.9920560717582703,0.9614747762680054,0.017701320350170135,0.037281110882759094
1905,0.0007232706709394486,0.0028092439752072096,0.025869034,0.053002298,0.9908811450004578,0.9634678363800049,0.018561623990535736,0.036172959953546524
1906,0.0010321927402401343,0.00305341393686831,0.028847374,0.055257704,0.9886605143547058,0.9602925777435303,0.019041307270526886,0.0372186042368412
1907,0.0010574821605008435,0.002825677627697587,0.032143548,0.053157106,0.9859211444854736,0.9632540941238403,0.021486734971404076,0.03703845292329788
1908,0.0007182010621446269,0.002939627505838871,0.025704041,0.05421833,0.9909970760345459,0.9617722630500793,0.0187517199665308,0.03691946342587471
1909,0.000636990279996429,0.0027885250747203827,0.024549956,0.052806485,0.9917873740196228,0.9637372493743896,0.01816900447010994,0.03596914932131767
1910,0.0006744738599412482,0.0027897211257368326,0.024521848,0.05281781,0.991806149482727,0.9637216925621033,0.017742376774549484,0.036393582820892334
1911,0.0006308339030841704,0.002906214678660035,0.02428018,0.05390932,0.9919669032096863,0.9622067809104919,0.01732398197054863,0.03655777499079704
1912,0.0006040616095891561,0.002805322175845504,0.024083354,0.05296529,0.9920966029167175,0.9635187983512878,0.01742842234671116,0.03574836999177933
1913,0.0007397766418183561,0.0029596646782010794,0.026689438,0.054402802,0.990293562412262,0.9615117311477661,0.018933692947030067,0.03661412373185158
1914,0.000729770209793721,0.0028204526752233505,0.025840268,0.053107936,0.9909014105796814,0.9633220434188843,0.01840977370738983,0.03632587566971779
1915,0.0007129268944316374,0.003085905918851495,0.026067516,0.05555093,0.9907406568527222,0.9598700404167175,0.018620526418089867,0.03689737990498543
1916,0.000629322664198381,0.002897255588322878,0.024996188,0.053826164,0.991486132144928,0.9623233079910278,0.01763773150742054,0.03660466521978378
1917,0.0005444897701222958,0.0028377550188452005,0.023074893,0.053270586,0.9927446246147156,0.9630970358848572,0.016979023814201355,0.03543136268854141
1918,0.0008488596749058078,0.0028405284974724054,0.028494192,0.05329661,0.9889364838600159,0.9630609750747681,0.018611786887049675,0.03614366054534912
1919,0.00100418187238657,0.002997936448082328,0.030903848,0.054753415,0.9869861602783203,0.9610140323638916,0.01937887631356716,0.03775664046406746
1920,0.000962718348918398,0.0031091002747416496,0.030359834,0.055759307,0.987440288066864,0.9595683813095093,0.019866321235895157,0.038152433931827545
1921,0.000808074510793879,0.00271044229157269,0.028261928,0.05206191,0.9891161322593689,0.9647526741027832,0.019803548231720924,0.03585870936512947
1922,0.0006933714208902198,0.0030065288301557302,0.024666777,0.054831825,0.9917090535163879,0.9609022736549377,0.017657313495874405,0.03690548613667488
1923,0.0015674827505294656,0.003145388560369611,0.03964185,0.056083765,0.9785864949226379,0.9590964913368225,0.02598266303539276,0.03785445913672447
1924,0.0010417143838077952,0.002949093235656619,0.03028261,0.054305553,0.9875041246414185,0.9616491794586182,0.021173113957047462,0.03758399933576584
1925,0.0008160189218787392,0.0029677634593099356,0.027657436,0.054477185,0.9895767569541931,0.961406409740448,0.020183749496936798,0.03686423972249031
1926,0.0008414502696144733,0.0030464325100183487,0.027227024,0.0551945,0.9898986220359802,0.9603833556175232,0.019116288051009178,0.037333641201257706
1927,0.0011517953376328064,0.002841208130121231,0.029656004,0.053302985,0.98801589012146,0.9630521535873413,0.020396403968334198,0.03604293242096901
1928,0.0010320478428515014,0.0030434688087552786,0.030724311,0.05516764,0.987136960029602,0.9604219198226929,0.02144121192395687,0.03801059350371361
1929,0.000798521200274329,0.0027868677861988544,0.028249668,0.0527908,0.9891255497932434,0.9637588262557983,0.020559096708893776,0.03694230690598488
1930,0.0006453026303047823,0.0028127627447247505,0.024568783,0.053035483,0.9917747974395752,0.9634220600128174,0.017995795235037804,0.03695182874798775
1931,0.0007496329232129607,0.0029389343690127134,0.027057236,0.05421194,0.990024209022522,0.9617812633514404,0.01934470795094967,0.037415746599435806
1932,0.0006849864466031166,0.002833059523254633,0.025304487,0.053226493,0.9912748336791992,0.963158130645752,0.018203657120466232,0.03668925538659096
1933,0.000621510213188065,0.0028201278764754534,0.024931498,0.053104877,0.9915301203727722,0.9633262753486633,0.01854732446372509,0.036104340106248856
1934,0.0007111863504343836,0.002815932733938098,0.023984497,0.05306536,0.9921613335609436,0.9633808135986328,0.017336202785372734,0.03647451475262642
1935,0.005102879398195496,0.004425836261361837,0.0714296,0.06652696,0.9304757118225098,0.9424452185630798,0.04082817956805229,0.043519917875528336
1936,0.0016955975959056311,0.0029635014943778515,0.040327106,0.05443805,0.9778397679328918,0.9614617824554443,0.026611918583512306,0.03779682517051697
1937,0.0012347508256260137,0.003269650274887681,0.03513974,0.057180855,0.9831741452217102,0.9574805498123169,0.023380717262625694,0.03869611397385597
1938,0.0010868636666352606,0.003089950419962406,0.032638486,0.055587325,0.98548424243927,0.9598174095153809,0.022012855857610703,0.038197748363018036
1939,0.000854221797701691,0.0031642380636185408,0.027462844,0.056251563,0.9897229075431824,0.9588513970375061,0.019629502668976784,0.03902287036180496
1940,0.0009368714189887131,0.003282572841271758,0.029620513,0.057293743,0.9880445599555969,0.9573125243186951,0.020224889740347862,0.03923431411385536
1941,0.001032746149576269,0.003085497533902526,0.031631585,0.055547256,0.9863660335540771,0.9598753452301025,0.02152274176478386,0.038193196058273315
1942,0.0007724192711810412,0.002992305438965559,0.027243454,0.05470197,0.9898864030838013,0.9610872268676758,0.01996813714504242,0.03763708844780922
1943,0.0008238820935895836,0.0029627899639308453,0.027808212,0.054431517,0.9894627928733826,0.9614710807800293,0.019754480570554733,0.037796102464199066
1944,0.0007553675492421131,0.0028473609127104282,0.026812222,0.053360667,0.9902040958404541,0.9629721641540527,0.019261976704001427,0.03620858117938042
1945,0.0007565244827260772,0.0031639221124351025,0.027049331,0.05624875,0.99003005027771,0.9588555097579956,0.019581368193030357,0.03856777027249336
1946,0.0007795847539620644,0.0029906313866376877,0.027307793,0.05468667,0.9898386001586914,0.9611089825630188,0.019821759313344955,0.037444330751895905
1947,0.0007891627948000943,0.0028326630126684904,0.026391314,0.053222768,0.9905092120170593,0.9631632566452026,0.01871589384973049,0.036235954612493515
1948,0.000735283127472609,0.00271075451746583,0.02691029,0.052064907,0.9901322722434998,0.9647486209869385,0.018922489136457443,0.035947058349847794
1949,0.0007656784304840999,0.0027815375942736864,0.026795704,0.052740283,0.9902161359786987,0.9638281464576721,0.018754195421934128,0.03675713762640953
1950,0.0006950264168236489,0.0027863522991538048,0.024769861,0.05278591,0.9916396141052246,0.9637655019760132,0.018038349226117134,0.035946089774370193
1951,0.000714719701632434,0.002979044569656253,0.02606284,0.054580625,0.9907439947128296,0.961259663105011,0.01912470906972885,0.03725546970963478
1952,0.0007643820354132913,0.002886877628043294,0.026744874,0.05372967,0.990253210067749,0.9624582529067993,0.01928570494055748,0.037370987236499786
1953,0.0008430009594038976,0.0028131844010204077,0.028608983,0.05303946,0.9888471961021423,0.963416576385498,0.019900400191545486,0.03682326152920723
1954,0.0006534506418657573,0.0027702362276613712,0.025348434,0.052633036,0.9912444949150085,0.9639750719070435,0.018198927864432335,0.036793965846300125
1955,0.000635591186437523,0.0027620873879641294,0.024761172,0.052555565,0.9916454553604126,0.9640810489654541,0.017741380259394646,0.036596786230802536
1956,0.0006515949135064147,0.002772483741864562,0.025500815,0.05265438,0.9911388754844666,0.9639458656311035,0.017406530678272247,0.036773186177015305
1957,0.0006964496496948414,0.0028317684773355722,0.025804421,0.053214364,0.9909266233444214,0.9631748795509338,0.018082397058606148,0.03647998347878456
1958,0.0006860821806846864,0.003024165751412511,0.025867756,0.054992415,0.9908820390701294,0.960672914981842,0.01851971261203289,0.037914764136075974
1959,0.0006252028615563177,0.0028811879456043243,0.024008434,0.053676695,0.9921457171440125,0.9625322222709656,0.017346926033496857,0.03565637394785881
1960,0.0006284363705410876,0.0028898618184030056,0.024779908,0.053757437,0.9916328191757202,0.9624194502830505,0.018546011298894882,0.037529539316892624
1961,0.0006486801132930188,0.0029003687668591738,0.024492456,0.053855073,0.9918258190155029,0.9622827768325806,0.018137210980057716,0.036747150123119354
1962,0.0005807233246741816,0.0027682434301823378,0.023935374,0.0526141,0.9921934008598328,0.9640009999275208,0.01746748574078083,0.03633781149983406
1963,0.0005671280867483637,0.002687138272449374,0.023499487,0.051837616,0.992475152015686,0.9650557041168213,0.01735452190041542,0.03549474477767944
1964,0.000590726777524899,0.0027040867134928703,0.02369741,0.05200084,0.9923478960990906,0.9648352861404419,0.016941774636507034,0.03543458506464958
1965,0.0006395454891555181,0.0025942078791558743,0.024692915,0.05093337,0.9916914701461792,0.9662641882896423,0.017739633098244667,0.03515196964144707
1966,0.0006558300579358315,0.0028052281122654676,0.024618534,0.052964404,0.991741418838501,0.9635200500488281,0.017572851851582527,0.035960666835308075
1967,0.0007746687895798294,0.0028136230539530516,0.02610293,0.053043593,0.990715503692627,0.9634108543395996,0.018349837511777878,0.03632618859410286
1968,0.0010455163574079052,0.003183445194736123,0.029188203,0.05642203,0.9883909821510315,0.9586015939712524,0.01934652589261532,0.0379192940890789
1969,0.0008973575412793169,0.0032278625294566154,0.029572377,0.05681428,0.9880834221839905,0.9580239653587341,0.020833639428019524,0.0382501520216465
1970,0.0007479626371853308,0.0027114981785416603,0.027110063,0.05207205,0.9899852275848389,0.9647389054298401,0.01951228454709053,0.0363374799489975
1971,0.0006677872535709122,0.0027796600479632616,0.024113137,0.05272248,0.9920770525932312,0.9638525247573853,0.017275139689445496,0.03576010465621948
1972,0.0007072213590039279,0.002767842495813966,0.026392084,0.05261029,0.9905086755752563,0.9640061855316162,0.018664691597223282,0.03637978062033653
1973,0.0007172017510377125,0.002888487419113517,0.025904518,0.05374465,0.9908561110496521,0.9624373316764832,0.018058519810438156,0.0366903617978096
1974,0.0007596938892013648,0.002866938943043351,0.026059512,0.053543802,0.9907463788986206,0.9627175331115723,0.018563713878393173,0.036003999412059784
1975,0.0008851901154478335,0.0032063473481684923,0.027353032,0.056624617,0.9898049235343933,0.9583037495613098,0.019399136304855347,0.03791824355721474
1976,0.0010570269871757112,0.0031302329152822495,0.03219352,0.05594849,0.9858773350715637,0.9592936038970947,0.02175958640873432,0.03810253366827965
1977,0.0006244793892785145,0.002802404575049877,0.024805864,0.05293774,0.9916152954101562,0.9635567665100098,0.01807365007698536,0.03553798422217369
1978,0.0006898486734082161,0.0026928840670734644,0.025601761,0.051893007,0.9910686016082764,0.9649810194969177,0.018781054764986038,0.03581185266375542
1979,0.0006324814868011427,0.002930647926405072,0.024619032,0.05413546,0.9917411208152771,0.9618890285491943,0.018105467781424522,0.03640960529446602
1980,0.0006583594467057,0.002800742629915476,0.02486764,0.052922044,0.9915734529495239,0.9635783433914185,0.01762586645781994,0.03624000772833824
1981,0.0006174146692501381,0.0030470951460301876,0.024821961,0.055200502,0.9916043877601624,0.9603747129440308,0.0180372167378664,0.03720255568623543
1982,0.0009059240665837107,0.0030504860915243626,0.025931122,0.055231206,0.9908373355865479,0.960330605506897,0.017973165959119797,0.03771180287003517
1983,0.0009863086498543535,0.0028219404630362988,0.030461997,0.053121943,0.987355649471283,0.963302731513977,0.020810391753911972,0.036316245794296265
1984,0.0008157040872240693,0.0028165136463940144,0.028089399,0.05307084,0.9892485737800598,0.9633733034133911,0.019085055217146873,0.03597730025649071
1985,0.0007086384906539355,0.0030621783807873726,0.026104694,0.055336956,0.9907142519950867,0.9601786136627197,0.017971515655517578,0.03757380321621895
1986,0.0007785406189875423,0.002892797812819481,0.027194923,0.053784736,0.9899224042892456,0.9623812437057495,0.01893695443868637,0.0368218794465065
1987,0.0006426743910362183,0.003095651976764202,0.025144845,0.055638585,0.9913845658302307,0.9597432613372803,0.018030067905783653,0.03730424866080284
1988,0.0005530724659117616,0.0027784586418420076,0.023266181,0.052711092,0.9926238656044006,0.9638681411743164,0.017298797145485878,0.0361061617732048
1989,0.0005631897458277473,0.0028996928595006466,0.02368036,0.053848796,0.9923588633537292,0.9622915983200073,0.01729799620807171,0.036280639469623566
1990,0.0005666078048472463,0.0028981270734220743,0.023587035,0.053834256,0.9924190044403076,0.9623119831085205,0.017052313312888145,0.03674829378724098
1991,0.0007494522816903719,0.002719555515795946,0.024978217,0.05214936,0.9914983510971069,0.9646341800689697,0.01712189055979252,0.03674083575606346
1992,0.0010568385531025176,0.002875927370041609,0.030613137,0.053627674,0.9872298836708069,0.9626006484031677,0.020072752609848976,0.03686367720365524
1993,0.0009107614029992626,0.003076963359490037,0.027888272,0.055470385,0.9894019961357117,0.9599863290786743,0.019903777167201042,0.03798557072877884
1994,0.0008314513549769551,0.0032804531510919333,0.028615497,0.05727524,0.9888420701026917,0.9573400616645813,0.020322538912296295,0.03888440877199173
1995,0.000814651653689163,0.003084021620452404,0.025390975,0.05553397,0.9912150502204895,0.9598945379257202,0.017966091632843018,0.037286028265953064
1996,0.0011559593628837981,0.003271597670391202,0.0321372,0.05719788,0.9859266877174377,0.9574552178382874,0.021848753094673157,0.038762275129556656
1997,0.0010878423398191278,0.0034331062342971563,0.032478154,0.05859271,0.9856265187263489,0.9553549289703369,0.021561933681368828,0.03859005123376846
1998,0.0007954762576528909,0.0029211482033133507,0.027450543,0.054047648,0.9897320866584778,0.9620125889778137,0.019472112879157066,0.036931779235601425
1999,0.0006999842364827848,0.0032127872109413147,0.025035067,0.05668145,0.9914596080780029,0.9582200050354004,0.018495969474315643,0.038612108677625656
2000,0.000819327326263936,0.003083134302869439,0.026660133,0.055525977,0.9903149008750916,0.9599061012268066,0.019281892105937004,0.03855237737298012
